index,published,extreme,topic,domain,language,valid,title,description,url,image,archive,content,en,de,la,country,ipcc,continent,feed
05df7d9a28f18b7ac02fcb7624d2a148,2025-12-01T23:58:49Z,Cold Wave,,36kr.com,zh,0.25,8点1氪丨香港大埔火灾已拘捕13人，罪名是误杀；明年起避孕药品和用具征收增值税；万科被冻结5.7亿元股权，冻结期限为3年,"今日热点导览
 DeepSeek发布两个正式版模型
 罗永浩否认给企业发产品比直播赚的多
 俞敏洪接任东方甄选公司法定代表人
 顺丰推出“超时赔付”服务：成本由公司承担，快递员无需承担
 《疯狂动物城2》创年内进口片内地票房冠军
 明年起新加坡中学生在校不能使用智能手机和手表
 TOP3大新闻
 警方就香港大埔火灾已拘捕13人，罪名是误杀
 香港特区政府12月1日下午介绍大埔宏福苑火灾搜救调查等最新情况。警方已拘捕13人，罪名是误杀。调查仍在进行中，不排除更多人被捕。经警方实地调查搜证，在着火大楼中采集到7个地方…",https://36kr.com/p/3577633686354824,"https://img.36krcdn.com/hsossms/20251202/v2_dbf6eda526bc44c6b82c368428b1bdf9@5667365_oswg82810oswg1053oswg495_img_jpg?x-oss-process=image/resize,m_mfit,w_600,h_400,limit_0/crop,w_600,h_400,g_center",,"DeepSeek
2
TOP3
13
121137
202611202611
202611
5.73
121APP5.73
199466
/
CEO
1130CEO 
19314423472011302 
45% 
150
 202611 1-6 
1-6JG1-615020261113.223.6320231.06 
DeepSeek
36121DeepS… [+986 chars]","8:1 Krypton丨13 people have been arrested in the Tai Po fire in Hong Kong on charges of manslaughter; value-added tax will be levied on contraceptives and appliances from next year; 570 million yuan of equity in Vanke has been frozen for a period of 3 years. Today's hot topics guide
 DeepSeek releases two official versions of models
 Luo Yonghao denies that he makes more money by distributing products to companies than by live broadcasting
 Yu Minhong takes over as the legal representative of Oriental Selection Company
 SF Express launches ""overtime compensation"" service: the cost is borne by the company, not the courier
 ""Zootopia 2"" becomes the box office champion among imported films in the Mainland this year
 Singaporean secondary school students will not be able to use smartphones and watches in school from next year
 TOP3 big news
 Police have arrested 13 people for manslaughter in connection with the Tai Po fire in Hong Kong
 The Hong Kong SAR Government introduced the latest status of the search and rescue investigation of the Wang Fook Court fire in Tai Po on the afternoon of December 1. Police have arrested 13 people on charges of manslaughter. The investigation is ongoing and more arrests have not been ruled out. After on-site investigation and evidence collection by the police, 7 places were collected in the burning building...",,"8:1 Krypton丨13 homines comprehensi in Tai Padum ignem in Hong Kong in criminibus caedis; taxatio valoris adiectae taxetur contraceptivis et adjumenta ab anno proximo; DLXX decies Yuan aequitatis in Vanke constringitur per spatium III annorum. Hodie calidum thema dux
 DeepSeek publica versiones exempla duo dimittit
 Luo Yonghao negat plus pecuniae se facere productis societatibus distribuendis quam vivendo evulgandis
 Yu Minhong occupat ut Patronus Orientalium Electio Company
 SF Express servitium ""subsicivum"" servitium immittit: sumptus societatis portatur, non tabellarii
 ""Zootopia 2"" fit archa officio assertoris in cinematographicis in continenti hoc anno
 Singaporean alumni scholae secundariae uti non poterunt Suspendisse potenti et vigiliis in schola ab anno proximo
 TOP3 magnum nuntium
 Aliquam comprehenderunt XIII homines ad homicidium in nexu cum Tai Padi ignis in Hong Kong
 In Hong Kong SAR Gubernatio novissimam inquisitionis statum induxit et inquisitionem Wang Fook Curiae ignis in Tai Padum post meridiem Decembris induxit. Aliquam XIII homines in criminibus caedes comprehenderunt. Investigatio continua est et plures evincit non exclusa. Post investigationes et probationes collectiones in-site per magistratus, 7 loca in aedificii incendio collecta sunt.",China,EAS,Asia,wmo
7186dacb53884b4b36286d9ff37b30f1,2025-12-02T00:30:00Z,Cold Wave,,www.toodaylab.com,zh,0.25,今日消费资讯：周星驰版《鹿鼎记》内地定档 12 月 5 日、Flexform 在杭州开出全新旗舰店,周星驰版《鹿鼎记》内地定档 12 月 5 日12 月 1 日消息，周星驰版《鹿鼎记》4K 修复版确认定档 12 月 5 日在内地上映，这将是这部影片首次在内地大银幕上映，届时将有国语版和粤语版可选。影片由王晶执导并编剧，周星驰、吴孟达、张敏、吴君如、邱淑贞、刘松仁、陈百祥、袁洁莹、温兆伦、徐锦江、陈德容等出演，影片 1992 年 7 月 30 日在香港上映，距今超过 33 年。虽然由金庸的《鹿鼎记》改编的影视作品很多，但周星驰在这部影片中的表现被粉丝称为了“影史第一韦小宝”，而值得一提的是，1992 年正是周星驰…,https://www.toodaylab.com/83819,,,"12 5 
12 1 4K 12 5 
1992 7 30 33 
1992 7 10 5 3
Flexform 
11 20 Flexform Flexform 2025 
Moncler 2026 
12 1 Moncler Moncler 2026 Moncler 
Moncler ··Lucas Pinheiro Braathen Moncler Grenoble 
S… [+305 chars]","Today’s consumer news: Stephen Chow’s version of “The Deer and the Cauldron” is scheduled to be released in the Mainland on December 5. Flexform opened a new flagship store in Hangzhou. It will be released in mainland China on July 1. This will be the first time that the film will be released on the big screen in mainland China. There will be Mandarin and Cantonese versions available. The film was directed and written by Wong Jing, starring Stephen Chow, Ng Mang-tat, Cheung Min, Sandra Ng, Yau Shu-jen, Liu Songyan, Chen Baixiang, Yuan Jieying, Wan Zhaolun, Xu Jinjiang, Chen Derong, etc. The film was released in Hong Kong on July 30, 1992, more than 33 years ago. Although there are many film and television works adapted from Jin Yong's ""The Deer and the Cauldron"", Stephen Chow's performance in this film was called ""Wei Xiaobao No. 1 in film history"" by fans. It is worth mentioning that in 1992, it was Stephen Chow...","Heutige Verbrauchernachrichten: Stephen Chows Version von „The Deer and the Cauldron“ soll am 5. Dezember auf dem Festland erscheinen. Flexform eröffnete einen neuen Flagship-Store in Hangzhou. Der Film wird am 1. Juli auf dem chinesischen Festland in die Kinos kommen. Dies ist das erste Mal, dass der Film auf dem chinesischen Festland auf die große Leinwand kommt. Es werden Mandarin- und Kantonesisch-Versionen verfügbar sein. Der Film wurde von Wong Jing inszeniert und geschrieben, mit Stephen Chow, Ng Mang-tat, Cheung Min, Sandra Ng, Yau Shu-jen, Liu Songyan, Chen Baixiang, Yuan Jieying, Wan Zhaolun, Xu Jinjiang, Chen Derong usw. Der Film wurde am 30. Juli 1992, vor mehr als 33 Jahren, in Hongkong veröffentlicht. Obwohl es viele Film- und Fernsehwerke gibt, die von Jin Yongs „Der Hirsch und der Kessel“ adaptiert wurden, wurde Stephen Chows Auftritt in diesem Film von den Fans als „Wei Xiaobao Nr. 1 in der Filmgeschichte“ bezeichnet. Es ist erwähnenswert, dass es 1992 Stephen Chow war ...","Hodiernae nuntium consumendi: Stephen Chow's versio ""Deer et Cauldron"" dimittenda in continenti die Decembris 5. Flexform nova copia praetoriae in Hangzhou aperuit. In continenti Sinis Kalendis Iuliis solvetur 1. Hoc primum erit quod cinematographicum e magno velo in continenti Sinis solvetur. Mandarin et Cantonese versiones in promptu erunt. Pellicula directa et scripta per Wong Jing, stellantes Stephen Chow, Ng Mang-tas, Cheung Min, Sandra Ng, Yau Shu-jen, Liu Songyan, Chen Baixiang, Yuan Jieying, Wan Zhaolun, Xu Jinjiang, Chen Derong, etc Velum dimisit in Hong Kong in July XXX, MCMXCII, plus quam XXXIII annos. Quamvis multa opera cinematographica et televisifica a Jin Yong accommodata ""Deer et aena"", Stephen Chow effectus in hoc cinematographico ""Wei Xiaobao No. 1 in historia cinematographica"" appellatus est. Dignum est quod in 1992, Stephen Chow... erat.",China,EAS,Asia,wmo
06bd36dbcf989e37a4eb1c8f3dcaff46,2025-12-02T02:13:04Z,Cold Wave,,tw.news.yahoo.com,zh,0.2,年底聚餐熱潮來了! 業者端特色招牌菜搶攻尾牙商機,"財經中心／陳孟暄　葉晏昇　台北報導隨著年底尾牙旺季，聚餐需求也跟著升溫，各大餐飲品牌以及飯店業者，紛紛推出招牌菜色搶攻年底商機，不論是小家庭圍爐，或是公司尾牙餐敘，餐飲品牌都推出一桌桌好料，讓市場更加白熱化。
軟殼蟹放入油鍋，瞬間變金黃，鍋巴炸到米粒膨脹，加入辣椒、甜豆莢、洋蔥拌炒，再撒上特製調味粉，這道椒香金蒜軟殼蟹就能端上桌。開飯川食堂主廚 蘇彥彰：「蒜酥跟油蔥酥，然後就是調製而成的獨門粉料，口感非常的豐富，然後還有就是特殊香氣 」。年底聚餐熱潮來了！　業者端特色招牌菜搶攻尾牙商機。(圖／民視財經網)
同樣帶…",https://tw.news.yahoo.com/%E5%B9%B4%E5%BA%95%E8%81%9A%E9%A4%90%E7%86%B1%E6%BD%AE%E4%BE%86%E4%BA%86-%E6%A5%AD%E8%80%85%E7%AB%AF%E7%89%B9%E8%89%B2%E6%8B%9B%E7%89%8C%E8%8F%9C%E6%90%B6%E6%94%BB%E5%B0%BE%E7%89%99%E5%95%86%E6%A9%9F-101304103.html,https://s.yimg.com/ny/api/res/1.2/yAJZatHslG_VR_5omT4UQA--/YXBwaWQ9aGlnaGxhbmRlcjt3PTEyMDA7aD02NzU-/https://media.zenfs.com/en/ftvn_finance_video_989/e741423d251453c62a1326319e3e55c5,,"1213193.603171.8221.7830165430319415401075.651069.396.267366673027639
 1","The craze for year-end dinner parties is here! Business operators are seizing on business opportunities with special signature dishes. Financial Center/Chen Mengxuan Ye Yansheng Taipei reported that with the peak season at the end of the year, the demand for dinner parties has also increased. Major catering brands and hotel operators have launched signature dishes to seize the business opportunities at the end of the year. Whether it is for small families around the fire or for company dinner parties, catering brands are launching tables of good ingredients, making the market even more intense.
Put the soft shell crab into the oil pan and it will turn golden instantly. Fry the rice until the rice grains swell. Add chili peppers, sweet pea pods and onions, stir fry, and then sprinkle with special seasoning powder. This spicy golden garlic soft shell crab dish is ready to serve. Su Yanzhang, the chef of Kaifanchuan Restaurant: ""It's made from garlic crisps, shallot crisps, and then a unique powder. It has a very rich taste and a special aroma."" The year-end dinner craze is here! Business operators are trying to seize business opportunities with special signature dishes. (Photo/FTV Finance)
Also bring…","Der Trend zu Dinnerpartys zum Jahresende ist da! Unternehmer nutzen Geschäftschancen mit besonderen Signature-Gerichten. Financial Center/Chen Mengxuan Ye Yansheng Taipei berichtete, dass mit der Hochsaison am Jahresende auch die Nachfrage nach Dinnerpartys gestiegen sei. Große Gastronomiemarken und Hotelbetreiber haben Signature Dishes auf den Markt gebracht, um die Geschäftschancen zum Jahresende zu nutzen. Ob für kleine Familien am Feuer oder für Firmenessen: Catering-Marken bringen Tische mit guten Zutaten auf den Markt und machen den Markt noch intensiver.
Geben Sie die Weichschalenkrabbe in die Ölwanne und sie wird sofort goldbraun. Den Reis anbraten, bis die Reiskörner aufquellen. Chilischoten, Erbsenschoten und Zwiebeln hinzufügen, unter Rühren anbraten und dann mit speziellem Gewürzpulver bestreuen. Dieses würzige Weichschalenkrabbengericht mit goldenem Knoblauch ist servierfertig. Su Yanzhang, der Chefkoch des Kaifanchuan Restaurants: „Es wird aus Knoblauchchips, Schalottenchips und dann einem einzigartigen Pulver hergestellt. Es hat einen sehr reichen Geschmack und ein besonderes Aroma.“ Der Dinner-Trend zum Jahresende ist da! Unternehmer versuchen, mit speziellen Signature-Gerichten Geschäftschancen zu nutzen. (Foto/FTV Finance)
Bringen Sie außerdem…","Insanabilis anni finis conviviis adest! Negotiatores negotiatores occasiones negotiationum cum acetabula speciali subscriptio arripiunt. Centrum Financial/Chen Mengxuan Ye Yansheng Taipei retulit quod in summo tempore in fine anni postulatio partium cenarum etiam aucta est. Maiores notae tincidunt et operariorum deversorium signatura acetabula ad occupandas res occasiones in fine anni immiserunt. Sive parvis familiis circa incendium sive in conviviis societatum est, notae obsonationes deductis mensas bonorum ingredientium, mercaturam etiam intensiorem efficiunt.
Cancrorum mollis testa in sartagine oleum pone et statim auream convertet. Fry rice dum oryza grana intumescant. Adde piperis purus, legumen siliquas et cepe dulce, fricta excita, et puluere condimento speciali asperge. Hoc conditum aureum allium molle testudinis cancrorum catino inservire paratum est. Su Yanzhang, archimagirus Kaifanchuan Restaurant: ""Fuit ex allium rigent, shallot rigent, et singularem pulverem. Habet gustum valde opulentum et odorem specialem."" Hic annus cenae-finis insanit! Negotiatores negotiatores occasiones mercaturae speciales acetabula signaturas occupare conantur. (Photo/FTV Finance)
Etiam deducere…",China,EAS,Asia,wmo
9e2a77c7eab5788a7fb3ecf0d7af2683,2025-12-02T05:32:00Z,Cold Wave,,tw.news.yahoo.com,zh,0.4,彰化榮家戶外公共藝術「田中組曲」　隆重舉辦感恩揭幔儀式,彰化榮家今日為戶外公共藝術彩繪畫作「田中組曲」，隆重舉辦感恩揭幔儀式，感謝熱心繪製的作者，也是彰化在地傑出的畫家曾永錫老師，以及慷慨捐助經費的住民林文照先生。這幅大型畫作，坐落於榮家中華路與中興路交會處，顯眼的大馬路旁，畫作裡將彰化榮家、彰化高鐵站、田中火車站、田中馬拉松、田中乾德宮媽祖廟、稻草人藝術節、八堡圳、陳羅蜜蜂公園、松柏嶺松嶺之星景觀塔及鼓山寺等十項田中地區代表性地景，巧妙地融合於繽紛和諧的畫面。榮家蘇再勝主任表示，非常感謝優秀的在地畫家曾永錫老師，以生花妙筆，化腐朽為神奇，將原來是榮家配置圖，因風化凋…,https://tw.news.yahoo.com/%E5%BD%B0%E5%8C%96%E6%A6%AE%E5%AE%B6%E6%88%B6%E5%A4%96%E5%85%AC%E5%85%B1%E8%97%9D%E8%A1%93-%E7%94%B0%E4%B8%AD%E7%B5%84%E6%9B%B2-%E9%9A%86%E9%87%8D%E8%88%89%E8%BE%A6%E6%84%9F%E6%81%A9%E6%8F%AD%E5%B9%94%E5%84%80%E5%BC%8F-133200414.html,https://media.zenfs.com/vi/taiwanhot.net.tw/e258f9fd218f4dd4b5373a54b83d80b6,http://web.archive.org/web/20251231105443/https://tw.news.yahoo.com/%E5%BD%B0%E5%8C%96%E6%A6%AE%E5%AE%B6%E6%88%B6%E5%A4%96%E5%85%AC%E5%85%B1%E8%97%9D%E8%A1%93-%E7%94%B0%E4%B8%AD%E7%B5%84%E6%9B%B2-%E9%9A%86%E9%87%8D%E8%88%89%E8%BE%A6%E6%84%9F%E6%81%A9%E6%8F%AD%E5%B9%94%E5%84%80%E5%BC%8F-133200414.html,"101103,006108,59512.46%75,6465,589.11,2924.3
Yahoo 1 
79","Changhua Rongjia's outdoor public art ""Tanaka Suite"" held a grand unveiling ceremony of thanksgiving. Today, Changhua Rongjia held a grand unveiling ceremony of thanksgiving for the outdoor public art painting ""Tanaka Suite"" to express its gratitude to the enthusiastic painter, Mr. Zeng Yongxi, an outstanding local painter in Changhua, and Mr. Lin Wenzhao, a resident who generously donated funds. This large-scale painting is located at the intersection of Rongzhonghua Road and Zhongxing Road, beside the conspicuous main road. In the painting, ten representative landscapes of the Tianzhong area, including Changhua Rongjia, Changhua High-Speed ​​Railway Station, Tianzhong Railway Station, Tianzhong Marathon, Tianzhong Conde Palace Mazu Temple, Scarecrow Art Festival, Babao Town, Chenluo Bee Park, Songbailing Songling Star Landscape Tower and Gushan Temple, are skillfully integrated into a colorful and harmonious picture. Director of the Rong Family, Su Zaisheng, said that he was very grateful to the outstanding local painter Zeng Yongxi, who used his wonderful brushwork to turn decay into magic, and transformed the original layout of the Rong Family, which had withered due to weathering...","Changhua Rongjias öffentliche Kunst im Freien „Tanaka Suite“ veranstaltete eine große Danksagungszeremonie. Heute veranstaltete Changhua Rongjia eine große Dankeszeremonie für das öffentliche Kunstgemälde „Tanaka Suite“, um dem begeisterten Maler, Herrn Zeng Yongxi, einem herausragenden lokalen Maler in Changhua, und Herrn Lin Wenzhao, einem Einwohner, der großzügig Geld gespendet hat, seinen Dank auszudrücken. Dieses großformatige Gemälde befindet sich an der Kreuzung der Rongzhonghua Road und der Zhongxing Road, neben der auffälligen Hauptstraße. In dem Gemälde sind zehn repräsentative Landschaften der Region Tianzhong, darunter Changhua Rongjia, der Hochgeschwindigkeitsbahnhof Changhua, der Bahnhof Tianzhong, der Tianzhong Marathon, der Mazu-Tempel Tianzhong Conde Palace, das Scarecrow Art Festival, die Stadt Babao, der Bienenpark Chenluo, der Songbailing Songling Star Landscape Tower und der Gushan-Tempel, gekonnt in ein farbenfrohes und harmonisches Bild integriert. Der Direktor der Familie Rong, Su Zaisheng, sagte, er sei dem hervorragenden lokalen Maler Zeng Yongxi sehr dankbar, der mit seiner wunderbaren Pinselführung den Verfall in Magie verwandelte und den ursprünglichen Grundriss der Familie Rong verwandelte, der aufgrund der Witterung verdorrt war ...","Changhua Rongjia artem publicam foris ""Tanaka Suite"" magnam gratiarum actionem detegentem tenuit. Hodie, Changhua Rongjia magnam habuit caerimoniam detegentem gratiarum pro foris publici artis picturae ""Tanaka Suite"" exprimere suam gratiam alacer pictor, Dominus Zeng Yongxi, egregius loci pictor in Changhua, et Dominus Lin Wenzhao, incola qui pecunia donata liberaliter. Haec pictura magna-scalae sita est ad intersectionem Rongzhonghua Road et Zhongxing Road, juxta insignem viam. In pictura, decem repraesentativa landscapes de Tianzhong area, inter Changhua Rongjia, Changhua High-Speed ​​Statio ferriviaria, Tianzhong Statio ferriviaria, Tianzhong Marathon, Tianzhong Conde Palatium Mazu Templum, Scarecrow Art Festum, Babao Oppidum, Chenluo Apis Park, Songbailing Canticorum Star Landscapeus, turrim et G. Director Familiae Rong, Su Zaisheng, valde gratus esse dixit egregio pictori locali Zeng Yongxi, qui mirabili penicillo usus est ad corruptionem in magicam convertendam, ac primas rationes familiae Rong, quae ob tempestatibus exaruit.",China,EAS,Asia,wmo
319d5f933c913c384bed61e51f7d7247,2025-12-02T08:00:23Z,Cold Wave,,36kr.com,zh,0.4,2025年二游：理想主义者的冲锋,"文丨果脯
 2025年的二次元游戏行业，给人一种明显的断层感。
 过去十年间，二次元游戏都被视为一个值得抓住的机遇。早期的《阴阳师》，以及后续《明日方舟》《原神》等产品的成功，为这片细分市场带来了巨大数量的用户，让所有人都看到这个所谓「小众品类」的影响力。
 
 《阴阳师》
 2016年《阴阳师》公测，距今已近十年
 然而随着众人前后入局，开发者们很快发现，二次元玩家的钱貌似并没有想象中好挣。紧随热潮而来的绝大多数二游，上线后都只持续了一段短暂的运营周期，后续便难以为继。大量二游项目要么被砍，要么上线即失业，可谓…",https://36kr.com/p/3578097926339716,"https://img.36krcdn.com/hsossms/20251202/v2_8f975fac4df14dde9b3823e1c0cb5fe9@000000_oswg84469oswg1080oswg459_img_000?x-oss-process=image/resize,m_mfit,w_600,h_400,limit_0/crop,w_600,h_400,g_center",,"2025
2016
20258%
20251-6
Varsapura
 01.
400OnlyBWCP
7-8CCGBWCJ81
IP
UP6
B
IPIP
 02.
B
EVA
1999 
1999PV
3D
VarsapuraPJSHUE4UE5AIVarsapura
VarsapuraPV
VtuberVtuber
RUA
 03.
2025… [+38 chars]","2025 Second Tour: The Charge of the Idealists. Text丨Preserved Fruit
 The two-dimensional game industry in 2025 gives people a clear sense of disconnection.
 Over the past decade, two-dimensional games have been viewed as an opportunity worth seizing. The success of the early ""Onmyoji"" and subsequent products such as ""Arknights"" and ""Genshin Impact"" brought a huge number of users to this market segment, allowing everyone to see the influence of this so-called ""niche category"".
 
 ""Onmyoji""
 The open beta of ""Onmyoji"" in 2016 has been nearly ten years ago
 However, as everyone entered the game one after another, the developers soon discovered that the money earned by 2D players did not seem to be as easy as imagined. Most of the second games that followed the craze only lasted a short operating period after being launched, and were difficult to sustain in the future. A large number of second-tier game projects have either been canceled or lost their jobs as soon as they were launched. It can be said that...","Zweites Spiel im Jahr 2025: Der Angriff der Idealisten. Text丨Guo Preserved Die zweidimensionale Spieleindustrie im Jahr 2025 vermittelt den Menschen ein klares Gefühl der Trennung. Im letzten Jahrzehnt galten zweidimensionale Spiele als Chance, die es zu nutzen lohnte. Der Erfolg des frühen „Onmyoji“ und nachfolgender Produkte wie „Arknights“ und „Genshin Impact“ brachte eine große Anzahl von Nutzern in dieses Marktsegment, sodass jeder den Einfluss dieser sogenannten „Nischenkategorie“ erkennen konnte. „Onmyoji“ Seit der offenen Beta von „Onmyoji“ im Jahr 2016 sind fast zehn Jahre vergangen. Als jedoch alle nacheinander dem Spiel beitraten, stellten die Entwickler schnell fest, dass das Geld, das 2D-Spieler verdienen, nicht so einfach zu sein schien, wie sie es sich vorgestellt hatten. Die meisten der zweiten Spiele, die dem Hype folgten, hielten nach ihrer Veröffentlichung nur kurze Zeit durch und waren in der Zukunft nur schwer aufrechtzuerhalten. Eine große Anzahl von Spieleprojekten der zweiten Reihe wurden entweder eingestellt oder verloren gleich nach ihrem Start ihren Job. Man kann sagen, dass...","2025 Secunda Tour: Praefectum Idealistarum. Text.Conservatus fructus
 Duo dimensiva ludo industria 2025 hominibus sensum disiunctionis clarum dat.
 Super praeteritum decennium, duo-dimensionales ludi pro opportunitate capiendi visi sunt. Successu veterum ""Onmyoji"" et productorum subsequentium ut ""Arknights"" et ""Genshin Impact"" ingentem numerum usorum ad hanc portionem mercati attulerunt, permittens omnes videre influentiam huius sic dicti ""nichi categoriae"".
 
 ""Saeculum""
 Aperta beta ""Onmyoji"" in 2016 abhinc prope decem annos fuit
 Tamen, cum omnes ludum unum post alium ingressi sunt, tincidunt mox deprehensi pecuniam ab histriones 2D quaesitam non tam facile quam fingi posse videntur. Plerique ludos secundos, qui post insaniam sequebatur, breve tempus operandi solum perduraverunt postquam deductae sunt, et in futurum sustinendo difficiles erant. Magnus numerus inceptis ludo secundo-terno vel abrogato vel amissa est opera sua quam primum deductae sunt. Dici potest quod...",China,EAS,Asia,wmo
bc303a2a762d1ef9548c5e21af83f5e7,2025-12-02T09:38:25Z,Thunderstorm,,www.protothema.gr,el,0.8,Δύο συστήματα καιρού φέρνουν τριήμερο με βροχές και καταιγίδες - Πέμπτη και Παρασκευή οι πιο δύσκολες ημέρες,Προειδοποίηση μετεωρολόγων για ισχυρά φαινόμενα - Ποιες περιοχές θα επηρεαστούν περισσότερο - Δείτε τους χάρτες | Θοδωρής Κολυδάς | Βροχοπτώσεις | Καταιγίδες | Κακοκαιρία | Χαλάζι | Γιώργος Τσατραφύλλιας | Καιρός | Ελλάδα,https://www.protothema.gr/greece/article/1736327/duo-sustimata-kairou-fernoun-triimero-me-vrohes-kai-kataigides-pebti-kai-paraskeui-oi-pio-duskoles-imeres/,https://www.protothema.gr/images/640x360share/jpg/files/2025-11-29/vroxi_dromos_athens.jpg,,"Toyota Lexus , Inchcape Hellas, , .",Two weather systems bring three days of rain and storms - Thursday and Friday the roughest days. Meteorologists warn of strong effects - Which areas will be most affected - See the maps | Thodoris Kolidas | Rainfall | Thunderstorms | Bad weather | Hail | Giorgos Tsatrafillias | Weather | Greece,Zwei Wettersysteme bringen drei Tage lang Regen und Stürme – Donnerstag und Freitag sind die härtesten Tage. Meteorologen warnen vor starken Auswirkungen - Welche Gebiete am stärksten betroffen sein werden - Sehen Sie sich die Karten an | Thodoris Kolidas | Niederschlag | Gewitter | Schlechtes Wetter | Hagel | Giorgos Tsatrafillias | Wetter | Griechenland,Duo systemata tempestatum tres dies pluviae et tempestatum afferunt - Iovis et Veneris dies asperrimos. Meteorologi monent effectus fortes - Qui areas maxime afficientur - Vide tabulas | Thodoris Kolidas | Pluvia | Procellae | Bad weather | Ave | Giorgos Tsatrafillias | Tempestas | Graecia,Greece,MED,Europe,wmo
7a86e03f193853a9d6825eff944f46a1,2025-12-02T14:41:35Z,Wildfire,,bajenny.com,zh,0.2,"♨️台東知本溫泉區最年輕的飯店 x 圍繞知本山谷悠閒泡湯 x 寒假泡湯旺季促銷價只需$3,888 x 寒假週日~五不加價 x 全面升等山水豪華家庭房(設有溫泉浴缸) x 長達半年宿期還有多達8週的週六不加價先搶先贏！好山好水好放鬆享受知本溫泉假期~台東知本金聯世紀飯店限時快閃！#寒假早鳥泡湯旺季想去台東知本溫泉泡湯放空的團員照過來！！","寒假和春季來趟暖呼呼的療癒泡湯之旅，台東知本平價溫泉泡湯放空首選~知本金聯世紀飯店，12/3(三)明天早上十點左右快閃開團預備備，有興趣的團員請用力按讚並留言+1支援，多留言互動也可以避免錯過開團通知XD，知本金聯世紀是知本街道上最年輕的飯店，卻有最道地的知本美人湯，飯店緊鄰知本溪、週邊圍繞山谷美景，之前陸續有團員追熱氣球順遊台東找平價住宿來許願這間。這次快閃團升等二大床家庭房寒假泡湯旺季只需3,888元起(較一般市區商務飯還CP值高)，入住二晚再升等高價日式塌塌米家庭房，每個房間內溫泉直送，館內附有超多DI…",https://bajenny.com/blog/post/48807512,https://pic.pimg.tw/bajenny/1682954245-3757085251-g.jpg,http://web.archive.org/web/20240919121238/https://bajenny.com/blog/post/48807512,寒假和春季來趟暖呼呼的療癒泡湯之旅，台東知本平價溫泉泡湯放空首選~知本金聯世紀飯店，12/3(三)明天早上十點左右快閃開團預備備，有興趣的團員請用力按讚並留言+1支援，多留言互動也可以避免錯過開團通知XD，知本金聯世紀是知本街道上最年輕的飯店，卻有最道地的知本美人湯，飯店緊鄰知本溪、週邊圍繞山谷美景，之前陸續有團員追熱氣球順遊台東找平價住宿來許願這間。這次快閃團升等二大床家庭房寒假泡湯旺季只需3… [+4969 chars],,,,China,EAS,Asia,wmo
bfee42eac694370b73046626565e8593,2025-12-03T07:20:00Z,Thunderstorm,,www.protothema.gr,el,0.9,"Live χάρτης δείχνει πώς θα κινηθεί η κακοκαιρία, προειδοποίηση Μαρουσάκη για αδιάκοπες βροχές, χοντρό χαλάζι και επικίνδυνους κεραυνούς","Σε Θεσσαλία, Κεντρική Μακεδονία και Δωδεκάνησα αναμένονται οι πιο έντονες βροχοπτώσεις, πότε επηρεάζεται η Αττική - Πέμπτη και Παρασκευή οι πιο δύσκολες ημέρες | Καιρός | Κακοκαιρία | Καταιγίδες | Χαλάζι | Κεραυνοί | Ελλάδα",https://www.protothema.gr/greece/article/1736801/live-hartis-deihnei-pos-tha-kinithei-i-kakokairia-proeidopoiisi-marousaki-gia-adiakopes-vrohes/,https://www.protothema.gr/images/640x360share/jpg/files/2025-11-09/xrwma-kairos.jpg,http://web.archive.org/web/20251203090709/https://www.protothema.gr/greece/article/1736801/live-hartis-deihnei-pos-tha-kinithei-i-kakokairia-proeidopoiisi-marousaki-gia-adiakopes-vrohes/,", 
, . « 72 », , . , , , , « ».
, , , . 
« , », , , 78 9 , . , , ,, ,, , , , , ,, , , , .
. , , , , , .
, , , , , , . .
, . . , , , .
. , . , , .
 , 
, , . . , - . ., , . 3 5, 5 6 7 .
12 15… [+392 chars]","Live map shows how the bad weather will move, Marousakis warning for incessant rain, thick hail and dangerous lightning. The heaviest rainfall is expected in Thessaly, Central Macedonia and the Dodecanese, when is Attica affected - Thursday and Friday the hardest days | Weather | Bad weather | Thunderstorms | Hail | Lightning | Greece","Die Live-Karte zeigt, wie sich das schlechte Wetter entwickeln wird. Marousakis warnt vor unaufhörlichem Regen, dichtem Hagel und gefährlichen Blitzen. Die stärksten Regenfälle werden in Thessalien, Zentralmakedonien und auf dem Dodekanes erwartet, während Attika betroffen ist – Donnerstag und Freitag sind die härtesten Tage | Wetter | Schlechtes Wetter | Gewitter | Hagel | Blitz | Griechenland","Tabula viva ostendit quomodo tempestates movebuntur, Marousakis monitus de imbre assiduo, grandine crasso et periculoso fulgure. Gravissimae pluviae in Thessalia, Media Macedonia et Dodecanese exspectantur, cum Attica afficitur - Iovis et Veneris dies durissimi | Tempestas | Bad weather | Procellae | Ave | Lightning | Graecia",Greece,MED,Europe,wmo
457035e6afa4caffb09723def4f8f502,2025-12-03T10:41:00Z,Thunderstorm,,www.protothema.gr,el,0.7,"Έκτακτο δελτίο της ΕΜΥ για κακοκαιρία από τη Μακεδονία μέχρι την Κρήτη: Οι κόκκινες περιοχές, προειδοποίηση και για την Αττική",Τριήμερο επικίνδυνων καταιγίδων από αύριο - Οι «κόκκινες» περιοχές | Έκτακτο δελτίο καιρού | Καιρός | Καταιγίδες | Χαλάζι | Υπουργείο Πολιτικής Προστασίας | Ελλάδα,https://www.protothema.gr/greece/article/1736945/ektakto-deltio-tis-emu-gia-kakokairia-apo-ti-makedonia-mehri-tin-kriti-oi-kokkines-periohes/,https://www.protothema.gr/images/640x360share/jpg/files/2025-12-03/vroxi-mak.jpg,,". . ( )
. ( . ) 
(05-12-2025) :
. 
. 
. ( ) 
. 
. 
. ( . ) .
( ): - - - , , , , .
(06-12-2025) .
Live , , 
 ., , -. , , .
, 6 7 , .   , .
, . , .
, , .
, .
Live 
: , , , 
, ECMWF I… [+774 chars]","EMY emergency bulletin for bad weather from Macedonia to Crete: The red areas, warning for Attica as well. Three days of dangerous storms from tomorrow - The ""red"" areas | Emergency weather report | Weather | Thunderstorms | Hail | Ministry of Civil Protection | Greece","EMY-Notfallbulletin für schlechtes Wetter von Mazedonien bis Kreta: Die roten Gebiete, Warnung auch für Attika. Ab morgen drei Tage lang gefährliche Unwetter – Die „roten“ Gebiete | Notfallwetterbericht | Wetter | Gewitter | Hagel | Ministerium für Katastrophenschutz | Griechenland","EMY subitis bulletin for tempestatibus ex Macedonia in Cretam: locis rubris, monens etiam Atticam. Tres dies tempestates periculosae a crastino - The ""ruber"" areas | Subitis tempestas fama | Tempestas | Procellae | Ave | Ministerio Civilis Protectionis | Graecia",Greece,MED,Europe,wmo
6772dca6a06cc0e9a4498199e0a48fb9,2025-12-03T13:04:37Z,Thunderstorm,,www.protothema.gr,el,0.7,"Χάρτης δείχνει πώς θα κινηθεί η κακοκαιρία με τις ισχυρές καταιγίδες, οι 8 περιοχές που είναι σε κόκκινο συναγερμό","Σε ισχύ το  έκτακτο δελτίο της ΕΜΥ για κακοκαιρία από τη Μακεδονία μέχρι την Κρήτη, προειδοποίηση και για την Αττική - Κρίσιμο το επόμενο 48ωρο | Καιρός | Εκτακτο δελτίο επιδείνωσης καιρού | Καταιγίδες | Χαλάζι | Καιρός αύριο | Κακοκαιρία | Περιοχές | Ελλάδα",https://www.protothema.gr/greece/article/1736989/erhetai-krisimo-48oro-me-ishures-kataigides-se-kokkino-sunagermo-9-periohes-live-i-poreia-tis-kakokairias/,https://www.protothema.gr/images/640x360share/2/jpg/files/2025-10-04/kairos-vroxi_2.jpg,http://web.archive.org/web/20251203213714/https://www.protothema.gr/greece/article/1736989/erhetai-krisimo-48oro-me-ishures-kataigides-se-kokkino-sunagermo-9-periohes-live-i-poreia-tis-kakokairias/,",   (6/12)., , (04-12-2025), (06-12-2025) .
 : 
. , (05-12-2025) 8 9 . : 
:
 (04-12-25) :
. 
. ( , , )
. ( )
. (, )
. ( )
. ( )
. 
. ( )
. ( . ) 
 (05-12-2025) :
. 
. 
. ( ) 
. 
. … [+1128 chars]","Map shows how the bad weather will move with strong storms, the 8 areas that are on red alert. The EMY's emergency bulletin is in effect for bad weather from Macedonia to Crete, warning for Attica as well - Critical in the next 48 hours | Weather | Emergency bulletin of worsening weather | Thunderstorms | Hail | Weather tomorrow | Bad weather | Areas | Greece","Die Karte zeigt, wie sich das schlechte Wetter mit starken Stürmen entwickeln wird, die 8 Gebiete, für die Alarmstufe Rot gilt. Das Notfallbulletin des EMY gilt für schlechtes Wetter von Mazedonien bis Kreta und warnt auch für Attika – Kritisch in den nächsten 48 Stunden | Wetter | Notfallmeldung über sich verschlechterndes Wetter | Gewitter | Hagel | Wetter morgen | Schlechtes Wetter | Bereiche | Griechenland","Tabula ostendit quomodo tempestatibus tempestatibus validis procellis movebuntur, in 8 areis quae rubrae sunt erectae. Subitis bulletin est effectus tempestatibus e Macedonia in Cretam, monens pro Attica tam - Critica in proximis 48 horis | Tempestas | Subitis bulletin de crescente tempestate | Procellae | Ave | Tempestas cras | Bad weather | Areas | Graecia",Greece,MED,Europe,wmo
8d5ad451d96fdfd055e15c6fe0f9e3a0,2025-12-03T13:39:11Z,Thunderstorm,,www.newsit.gr,el,0.9,Ακραία κακοκαιρία με χαλάζι και ισχυρές καταιγίδες στην Κεντρική Μακεδονία – «Καμπανάκι» Τσατραφύλλια προς τους αγρότες,"Νέο κύμα κακοκαιρίας «χτυπά» τη χώρα από σήμερα Τετάρτη (03.12.2025), κυρίως στα δυτικά τμήματα, ενώ τα φαινόμενα, με ισχυρές καταιγίδες και χαλάζι, αναμένεται να επιδεινωθούν ... 
To άρθρο Ακραία κακοκαιρία με χαλάζι και ισχυρές καταιγίδες στην Κεντρική Μακε…",https://www.newsit.gr/ellada/akraia-kakokairia-me-xalazi-kai-isxyres-kataigides-stin-kentriki-makedonia-kampanaki-tsatrafyllia-pros-tous-agrotes/4541951/,https://www.newsit.gr/wp-content/uploads/2025/12/trakter-agrotes-vroxi-1-1200x630.jpg,http://web.archive.org/web/20251203135335/https://www.newsit.gr/ellada/akraia-kakokairia-me-xalazi-kai-isxyres-kataigides-stin-kentriki-makedonia-kampanaki-tsatrafyllia-pros-tous-agrotes/4541951/,"«» (03.12.2025), , , , 24, .
, , , , , , , . , «» .
,   . , , , .
, . , , 65 , «» .
 Facebook, «» , . 
«” …»”
 , ( , , , ). » .","Extreme bad weather with hail and strong storms in Central Macedonia - ""Bell"" Tsatraphyllia to farmers. A new wave of bad weather ""hits"" the country from today Wednesday (03.12.2025), mainly in the western parts, while the phenomena, with strong storms and hail, are expected to worsen ... The article Extreme bad weather with hail and strong storms in Central Make...","Extrem schlechtes Wetter mit Hagel und starken Stürmen in Zentralmakedonien – „Glocke“ Tsatraphyllia an Landwirte. Eine neue Unwetterwelle „trifft“ ab heute Mittwoch (03.12.2025) das Land vor allem in den westlichen Teilen, wobei mit einer Verschärfung der Phänomene mit starken Stürmen und Hagel zu rechnen ist... 
Der Artikel Extrem schlechtes Wetter mit Hagel und starken Stürmen in Central Make...","Tempestates extremae cum grandine et validis procellis in Media Macedonia - ""Bell"" Tsatraphyllia agricolae sunt. Nova unda tempestatum ""hits"" patriae ab hodierna die Mercurii (03.12.2025), maxime in partibus occidentalibus, cum phaenomena, cum vehementibus procellis et grandine, exspectantur peiorationem ... Articulus extremae tempestatis cum grandine et validis procellis in Central Fac...",Greece,MED,Europe,wmo
5a296509cc6b747d51020800e1307371,2025-12-03T18:20:00Z,Earthquake,,www.protothema.gr,el,0.8,"Κύπρος: Σεισμός 4,1 Ρίχτερ ανοιχτά της Πάφου",Οι σεισμολόγοι αξιολογούν τα στοιχεία από τα δίκτυα καταγραφής για να διαπιστώσουν αν η δόνηση εντάσσεται στη γνωστή σεισμική δραστηριότητα της ευρύτερης περιοχής της Πάφου | Κύπρος | Σεισμός | Ελλάδα,https://www.protothema.gr/greece/article/1737264/kupros-seismos-41-rihter-anoihta-tis-pafou/,https://www.protothema.gr/images/640x360share/jpg/files/2025-12-03/seismos_kypros_xr.jpg,http://web.archive.org/web/20251203185458/https://www.protothema.gr/greece/article/1737264/kupros-seismos-41-rihter-anoihta-tis-pafou/,", Ford Explorer , , SUV , . Ford 0,9%!",Cyprus: 4.1 Richter earthquake off Paphos. Seismologists evaluate the data from the recording networks to determine if the tremor is part of the known seismic activity of the wider Pafos area | Cyprus | Earthquake | Greece,"Zypern: Erdbeben der Stärke 4,1 vor Paphos. Seismologen werten die Daten der Aufzeichnungsnetzwerke aus, um festzustellen, ob das Beben Teil der bekannten seismischen Aktivität im weiteren Gebiet von Pafos ist | Zypern | Erdbeben | Griechenland",Cyprum: 4.1 Turnebus terrae motus Paphi. Seismologi notitias e reticulis actis aestimant ut determinent si tremor est pars notae activitatis seismicae latioris Pafos regionis | Cyprum | Terrae motus | Graecia,Cyprus,MED,Europe,usgs
c8184e8f1f12b8a818ffc38d87a31df7,2025-12-03T21:56:00Z,Thunderstorm,,www.protothema.gr,el,0.7,"Προ των πυλών η κακοκαιρία Byron με βροχές, καταιγίδες, χαλάζι και ανέμους έως 9 μποφόρ: Ποιες περιοχές είναι σε «κόκκινο συναγερμό», πότε θα χτυπήσει την Αττική",Από την Πέμπτη μέχρι το πρωί του Σαββάτου τα έντονα καιρικά φαινόμενα - Η Παρασκευή η πιο δύσκολη μέρα για την Αττική - Από τη Δυτική Ελλάδα θα ξεκινήσει η κακοκαιρία και θα επεκταθεί σε όλη τη χώρα | Εθνική Μετεωρολογική Υπηρεσία | Καιρός | Πρόγνωση καιρού |…,https://www.protothema.gr/greece/article/1737358/pro-ton-pulon-i-kakokairia-byron-me-vrohes-kataigides-halazi-kai-anemous-eos-9-bofor-poies-periohes-se-kokkino-sunagermo/,https://www.protothema.gr/images/640x360share/jpg/files/2025-12-03/vroxi-eurokinissi-xrwma.jpg,http://web.archive.org/web/20251203222135/https://www.protothema.gr/greece/article/1737358/pro-ton-pulon-i-kakokairia-byron-me-vrohes-kataigides-halazi-kai-anemous-eos-9-bofor-poies-periohes-se-kokkino-sunagermo/,". . ( )
. ( . ) 
. BYRON (05-12-2025) .
, :
. 
. 
. ( ) 
. 
. 
. ( . ) .
( ): - - - , , , , , . (06-12-2025) .
: 70 
protothema.gr . 
, .
  , 60-70 
« 150 200 », , 60 70 .« , , , , », … [+133 chars]","Bad weather Byron is just around the corner with rain, storms, hail and winds up to 9 Beaufort: Which areas are on ""red alert"", when will it hit Attica. From Thursday to Saturday morning the severe weather phenomena - Friday the most difficult day for Attica - The bad weather will start from Western Greece and will spread throughout the country | National Meteorological Service | Weather | Weather forecast |…","Schlechtes Wetter Byron steht vor der Tür mit Regen, Stürmen, Hagel und Windstärken bis zu 9 Beaufort: In welchen Gebieten herrscht „Alarmstufe Rot“, wann trifft es Attika? Von Donnerstag bis Samstagmorgen die Unwetterphänomene - Freitag der schwierigste Tag für Attika - Das schlechte Wetter beginnt in Westgriechenland und breitet sich im ganzen Land aus | Nationaler Meteorologischer Dienst | Wetter | Wettervorhersage |…","Tempestates Byron iustus circa angulum cum pluviis, procellis, grandibus et ventis usque ad 9. Beaufort: Quae areae in ""rubrum erecti"" sunt, quando Atticam percutiet. A Iovis ad Saturni mane tempestatibus gravibus - Veneris dies difficillimus Atticae - tempestatibus tempestatibus ab occidentali Graecia incipiet et per totam regionem diffundetur | National Meteorological Service | Tempestas | Tempestas praenuntientur |…",Greece,MED,Europe,wmo
4f3206767251bfa7f40d1446c3f7597c,2025-12-04T00:01:00Z,Storm,,www.rte.ie,en,0.4,'Storm Éowyn' most Googled term of the year,Storm Éowyn was the most searched term on Google in Ireland this year.,https://www.rte.ie/news/2025/1204/1547174-google-most-searched/,https://www.rte.ie/images/0023937f-1600.jpg,http://web.archive.org/web/20251204014046/https://www.rte.ie/news/2025/1204/1547174-google-most-searched/,"Storm Éowyn was the most searched term on Google in Ireland this year.
People also turned to the search engine to find out how to pronounce the storm's name. ""How to pronounce Éowyn"" was the third m… [+1511 chars]",'Storm Éowyn' most Googled term of the year. Storm Éowyn was the most searched term on Google in Ireland this year.,„Storm Éowyn“ ist der meistgegoogelte Begriff des Jahres. Storm Éowyn war dieses Jahr der am häufigsten gesuchte Begriff bei Google in Irland.,'Tempestas Éowyn' terminus anni maxime Googled. Tempestas Éowyn erat exquisitissima terminus Google in Hibernia hoc anno.,Ireland,NEU,Europe,wmo
ca49ec92fcc1235a78dc127ffb323fd9,2025-12-04T00:09:13Z,Cold Wave,,www.ithome.com,zh,0.5,科技昨夜今晨 1204：“豆包助手”手机出现微信被动下线问题；朱雀三号重复使用运载火箭发射入轨；马航 370 客机残骸搜寻 12 月 30 日重启...,“科技昨夜今晨”时间，大家好，现在是 2025 年 12 月 4 日星期四，今天的重要科技资讯有：1、“豆包助手”手机出现微信被动下线问题，双方回应12 月 1 日，豆包与中兴合作的“豆包助手”手机开启体验。次日官方售罄，二手溢价。测试中出现微信登录异常、被动下线等问题。微信称或触发风控，豆包说明操作逻辑。>> 查看详情2、理想首款 AI 眼镜 Livis 发布：仅重 36 克、能控车、能听歌，国补后 1699 元起理想首款 AI 眼镜“Livis”12 月 3 日晚正式发布，该产品重量仅为 36 克，标配蔡司防…,https://www.ithome.com/0/902/317.htm,,http://web.archive.org/web/20251213023346/https://www.ithome.com/0/902/317.htm,"2025 12 4 
1
12 1 &gt;&gt; 
2 AI Livis 36 1699 
 AI Livis12 3 36 18.8 1999 1699 &gt;&gt; 
3 Ace 6T 2399 165Hz 8 Gen 5
 Ace 6T 8 Gen 5 165Hz 3D 8300mAh 100W &gt;&gt; 
4 MH370 12 30 
 12 30 370… [+314 chars]",,"Technologie gestern Abend und heute Morgen 1204: Das Mobiltelefon „Doubao Assistant“ hat ein passives WeChat-Offline-Problem; Zhuque-3 wird als Trägerrakete für den Start in die Umlaufbahn wiederverwendet; Die Suche nach den Trümmern der Malaysia Airlines 370 wird am 30. Dezember wieder aufgenommen. „Technologie letzte Nacht und heute Morgen“, hallo zusammen, es ist der 4. Dezember 2025. Am Donnerstag lauten die heutigen wichtigen technologischen Informationen wie folgt: 1. Das Mobiltelefon „Doubao Assistant“ hat ein passives WeChat-Offline-Problem. Beide Parteien antworteten. Am 1. Dezember kooperierten Doubao und ZTE mit dem Mobiltelefon „Doubao Assistant“, um das Erlebnis zu starten. Offiziell am nächsten Tag ausverkauft, Gebrauchtpreise im Übermaß. Während des Tests traten Probleme wie abnormale WeChat-Anmeldung und passives Offline-Verhalten auf. WeChat sagte, dass eine Risikokontrolle ausgelöst werden könnte, und Doubao erläuterte die Operationslogik. >> Details anzeigen 2. Die erste KI-Brille von Ideal, Livis, wurde veröffentlicht: Mit einem Gewicht von nur 36 Gramm kann sie Autos steuern und Lieder hören, ab 1.699 Yuan nach nationalen Subventionen. Ideals erste KI-Brille „Livis“ wurde am Abend des 3. Dezember offiziell veröffentlicht. Das Produkt wiegt nur 36 Gramm und wird standardmäßig mit Zeiss-Anti-… geliefert.","Technologia Last Nocte et Hoc Matutino 1204: The ""Doubao Assistant"" telephonicum mobile WeChat passivum prolem habet; Zhuque-3 palimpsestum est ut tabellarius erucae in orbem deducendae; percontatio naufragii Malaysia Airlines 370 repetet die 30 Decembris... ""Technology Last Night and Hoc Matutinum"" tempus, salve omnes, est December 4, 2025 Feria Quinta, hodie magni momenti notitia technologica talis est: 1. The ""Doubao Assistant"" telephonum mobile in WeChat offline passivum eventum habet. Utraque pars respondit. Kalendis Decembris I, Doubao et ZTE cooperati sunt cum ""Doubao Assistant"" telephono mobili ut experientiam inciperet. Postero die publice venditis, secundae manus praemio pretia. Per probationem, difficultates sicut abnormes WeChat login et passivum inciderunt. WeChat dixit periculum imperium Urguere potest, et Doubao operationem logicam explicavit. >> View details 2. Specimen primum AI specula, Livis, dimisit: appendens tantum XXXVI P., currus moderari potest, et carmina audire, incipiendo ab 1,699 Yuan post subsidia nationalia. Specimen primum AI specula ""Livis"" publice vespere Decembri dimissi sunt 3. Productum tantum 36 P. pendit et vexillum cum Zeiss anti-…",China,EAS,Asia,wmo
a798dc527137c606a7c5d9826909e920,2025-12-04T05:19:28Z,Thunderstorm,,www.skai.gr,el,0.8,"Κακοκαιρία Byron: Ισχυρές βροχές, καταιγίδες και χαλάζι - Σε κόκκινο συναγερμό 9 περιφέρειες","Ισχυρές βροχές και καταιγίδες προβλέπονται σε κεντρική Μακεδονία, Ιόνιο, Θεσσαλία, ανατολική Στερεά, Εύβοια, Πελοπόννησο, Κυκλάδες, Κρήτη, ανατολικό Αιγαίο",https://www.skai.gr/news/weather/kakokairia-byron-isxyres-vroxes-kataigides-kai-xalazi,https://cdn.skai.gr/sites/default/files/styles/article_16_9/public/2025-12/kakokairia-eurokin5.jpg?itok=VNHk6JRk,http://web.archive.org/web/20251229110404/https://www.skai.gr/news/weather/kakokairia-byron-isxyres-vroxes-kataigides-kai-xalazi,". , ( ), , , , , .
 5 6 7 8 . 4 5 5 6 7 .
 . 15 , 17 19 , 20 22 .
 :
. 
. ( , , )
. ( )
. ( , )
. ( )
. ( )
. 
. ( )
. ( . ) 
: .
: 4 5 .
: 10 19 .
: .
: 4 6 .
: 07 14 .
, 
: . ( … [+502 chars]","Severe Byron: Heavy rain, thunderstorms and hail - 9 districts on red alert. Heavy rains and storms are predicted in central Macedonia, Ionia, Thessaly, eastern Sterea, Evia, Peloponnese, Cyclades, Crete, eastern Aegean","Schweres Byron: Starker Regen, Gewitter und Hagel – 9 Bezirke in Alarmbereitschaft. Starke Regenfälle und Stürme werden in Zentralmakedonien, Ionien, Thessalien, Ost-Sterea, Euböa, Peloponnes, den Kykladen, Kreta und der östlichen Ägäis vorhergesagt","Gravis Byron: Imber gravis, tonitrua et grando - 9 regiones in rubra erecta. Imbres et imbres praedicuntur in media Macedonia, Ionia, Thessalia, Orientale Sterea, Evia, Peloponnesus, Cyclades, Creta, Aegaeum orientale.",Greece,MED,Europe,wmo
754f0fa554f169b71bcfd2fb1441ee23,2025-12-04T07:45:28Z,Thunderstorm,,www.naftemporiki.gr,el,0.8,"Επελαύνει η κακοκαιρία «Byron»: 48 ώρες με επικίνδυνες καταιγίδες – Αττική, Θεσσαλία και 7 ακόμη περιφέρειες στο «κόκκινο»","Σε 48ωρο έντονων και δυνητικά επικίνδυνων φαινομένων έχει εισέλθει η χώρα, καθώς η νέα κακοκαιρία «Byron» πλήττει μεγάλο μέρος της ανατολικής και νότιας Ελλάδας με ισχυρές βροχές, καταιγίδες, χαλάζι και…
Επελαύνει η κακοκαιρία «Byron»: 48 ώρες με επικίνδυνες …",https://www.naftemporiki.gr/society/2042074/epelaynei-i-kakokairia-byron-48-ores-me-epikindynes-kataigides-attiki-thessalia-kai-7-akomi-perifereies-sto-kokkino/,https://www.naftemporiki.gr/wp-content/uploads/2025/12/kakokairia.jpg,http://web.archive.org/web/20251204102310/https://www.naftemporiki.gr/society/2042074/epelaynei-i-kakokairia-byron-48-ores-me-epikindynes-kataigides-attiki-thessalia-kai-7-akomi-perifereies-sto-kokkino/,"48 , «Byron» , , .
 «Red Code» , , , 5 5 () .
48 
 , , .
 :
<ul><li> ( )</li><li> ( , , )</li><li> ( ) </li><li> , </li><li> ( )</li><li></li><li></li><li> ( )</li><li> ( ) .</li></ul> , , , .
… [+268 chars]","Bad weather ""Byron"" is advancing: 48 hours with dangerous storms - Attica, Thessaly and 7 more regions in the ""red"". The country has entered 48 hours of intense and potentially dangerous phenomena, as the new bad weather ""Byron"" affects a large part of eastern and southern Greece with heavy rains, storms, hail and...
Bad weather ""Byron"" is advancing: 48 hours with dangerous ...","Schlechtes Wetter „Byron“ rückt vor: 48 Stunden mit gefährlichen Stürmen – Attika, Thessalien und 7 weitere Regionen im „roten Bereich“. Das Land ist in 48 Stunden intensiver und potenziell gefährlicher Phänomene eingetreten, da das neue Unwetter „Byron“ einen großen Teil Ost- und Südgriechenlands mit heftigen Regenfällen, Stürmen, Hagel und... heimgesucht hat. Unwetter „Byron“ breitet sich aus: 48 Stunden gefährliches ...","Tempestas ""Byron"" progreditur: XLVIII horis cum tempestatibus periculosis - Attica, Thessalia et VII regiones in ""rubrum"". Patria XLVIII horas intensa et potentialiter phaenomena periculosa ingressus est, sicut nova tempestatibus ""Byron"" magnam partem Graeciae orientalis et meridionalis afficit magnis imbribus, procellis, grandibus ac...
Tempestas mala ""Byron"" progreditur: 48 horis cum periculosis ...",Greece,MED,Europe,wmo
7ab710dc1c21f81118c88611f2cb5055,2025-12-04T09:03:13Z,Earthquake,,www.newsit.gr,el,0.6,Google: «Σεισμός τώρα» η δημοφιλέστερη αναζήτηση στην Ελλάδα για το 2025,"Το Year in Search 2025 της Google παρουσιάζει τις αναζητήσεις με τη μεγαλύτερη αύξηση ενδιαφέροντος στην Ελλάδα, κάτι που αποτυπώνει μεταξύ άλλων το τι κέντρισε ... 
To άρθρο Google: «Σεισμός τώρα» η δημοφιλέστερη αναζήτηση στην Ελλάδα για το 2025 δημοσιεύτηκ…",https://www.newsit.gr/ellada/google-seismos-tora-i-dimofilesteri-anazitisi-stin-ellada-gia-to-2025/4542715/,https://www.newsit.gr/wp-content/uploads/2025/12/google-search-1-1200x630.jpg,http://web.archive.org/web/20251204092354/https://www.newsit.gr/ellada/google-seismos-tora-i-dimofilesteri-anazitisi-stin-ellada-gia-to-2025/4542715/,"Year in Search 2025 Google , .
 Google « », « 2025», « » « 2025», « 2025», , viral «Labubu».
 , , , , Ozzy Osbourne, David Lynch, . , Eurobasket , . « », « », «Squid Game», «Nosferatu» «Anora», , (… [+1191 chars]","Google: ""Earthquake now"" the most popular search in Greece for 2025. Google's Year in Search 2025 presents the searches with the greatest increase in interest in Greece, which captures, among other things, what sparked ... The article Google: ""Earthquake now"" the most popular search in Greece for 2025 was published…","Google: „Erdbeben jetzt“ ist die beliebteste Suchanfrage in Griechenland für 2025. Googles Jahr der Suche 2025 stellt die Suchanfragen mit dem größten Anstieg des Interesses in Griechenland dar und erfasst unter anderem, was ... 
Der Google-Artikel: „Erdbeben jetzt“, die beliebteste Suche in Griechenland für 2025, wurde veröffentlicht...","Google: ""Terrae motus"" nunc maxime popularis in Graecia pro anno 2025. Inquisitiones Googles anno 2025 percontationes exhibet cum maximo faenore in Graecia, quae capit, inter alia, quae commoverunt.",Greece,MED,Europe,usgs
6f8a314a631c4d8a54a5f6c39baf33ca,2025-12-04T09:04:00Z,Earthquake,,www.protothema.gr,el,0.2,"Google: Τι έψαξαν περισσότερο οι Έλληνες το 2025, σεισμοί, ελληνικές ομάδες, celebrities, ΕΝΦΙΑ",Η ετήσια ανασκόπηση της Google για το 2025 σκιαγραφεί δύο βασικές τάσεις που χαρακτήρισαν το ενδιαφέρον των χρηστών | Σεισμός τώρα | Google | Ελλάδα,https://www.protothema.gr/greece/article/1737518/google-gia-seismous-ellinikes-omades-celebrities-kai-enfia-epsaxan-perissotero-oi-ellines-to-2025/,https://www.protothema.gr/images/640x360share/jpg/files/2025-10-16/google.jpg,http://web.archive.org/web/20251204115420/https://www.protothema.gr/greece/article/1737518/google-gia-seismous-ellinikes-omades-celebrities-kai-enfia-epsaxan-perissotero-oi-ellines-to-2025/,"Year in Search 2025Google , -. , « », « 2025», « » « 2025». « 2025», «Labubu» .
, , . , , Ozzy Osbourne, David Lynch, ., Eurobasket , , . , « », « », «Squid Game», «Nosferatu» «Anora». , , « » « ».
… [+776 chars]","Google: What did Greeks search for the most in 2025, earthquakes, Greek groups, celebrities, ENFIA. Google's Annual Review to 2025 Outlines Two Key Trends That Characterized User Interest | Earthquake now | Google | Greece","Google: Wonach suchten die Griechen im Jahr 2025 am häufigsten: Erdbeben, griechische Gruppen, Prominente, ENFIA. Googles Jahresrückblick bis 2025 skizziert zwei wichtige Trends, die das Nutzerinteresse prägten | Erdbeben jetzt | Google | Griechenland","Google: Quid Graeci maxime anno 2025 quaesiverunt, terrae motus, coetus Graecorum, celebritates, ENFIA. Google's Annual Review to 2025 Outlines Two Key Trends That Characterized User Interest | Terrae motus nunc | Google | Graecia",Greece,MED,Europe,usgs
db69141684e3513086cfef836ec8c56d,2025-12-04T13:36:04Z,Precipitation,,tirol.orf.at,de,0.8,Wettersommer war abwechslungsreich,"Das Wetter in den Alpen war im heurigen Sommer von Hitzephasen im Juni und August und stark schwankenden Niederschlagsmengen gekennzeichnet. Im Alpenraum von Österreich, der Schweiz und Deutschland war das es das vierte Sommerhalbjahr, das im Vergleich zum vi…",https://tirol.orf.at/stories/3332754/,https://ibs.orf.at/tir?image=https%3A%2F%2Foekastatic.orf.at%2Fmims%2F2025%2F49%2F78%2Fcrops%2Fw%3D1200%2Ch%3D627%2Cq%3D75%2F2856468_master_1103078_111.jpg%3Fs%3D1b820ad7a0d677294e3d30c59acb64b9ce0f50a2,http://web.archive.org/web/20251204135608/https://tirol.orf.at/stories/3332754/,"Die Temperatur lag im Durchschnitt um 0,7 bis 0,8 Grad über dem Mittel der Jahre 1991 bis 2020. Allerdings war die Temperatur sehr unterschiedlich. Auf einen verbreitet kühlen Mai folgte ein heißer J… [+2145 chars]","Summer weather was varied. The weather in the Alps this summer was characterized by heat phases in June and August and strongly fluctuating amounts of precipitation. In the Alpine region of Austria, Switzerland and Germany, this was the fourth summer half of the year, which compared to the fourth…","Wettersommer war abwechslungsreich. Das Wetter in den Alpen war im heurigen Sommer von Hitzephasen im Juni und August und stark schwankenden Niederschlagsmengen gekennzeichnet. Im Alpenraum von Österreich, der Schweiz und Deutschland war das es das vierte Sommerhalbjahr, das im Vergleich zum vi…","Aestas tempestas varia erat. Tempestas in Alpibus aestatis huius aestatis tempore Iunio et Augusto insignita est ac valde fluctuans copiae praecipitationis. In regione Alpina Austriae, Helvetiae et Germaniae, haec erat quarta pars aestatis mediae anni, quae quarta ... comparatur.",Germany,WCE,Europe,wmo
1492fd1f3d423287b1bfaf809776d6e6,2025-12-04T15:16:00Z,Storm,,www.protothema.gr,el,0.8,"Ισχυρή καταιγίδα στην Αττική, πώς θα κινηθεί η κακοκαιρία Byron τις επόμενες ώρες","Μεγάλα ύψη βροχής στην Πελοπόννησο, την Πιερία και την Αττική - Διυπουργική σύσκεψη συγκάλεσε ο Κεφαλογιάννης: Η χώρα μπαίνει σε ένα διήμερο έντονης κακοκαιρίας | Καιρός | Καιρός αύριο | Αθήνα | Ελλάδα",https://www.protothema.gr/greece/article/1737774/ishuri-kataigida-stin-attiki-pos-tha-kinithei-i-kakokairia-tis-epomenes-ores/,https://www.protothema.gr/images/640x360share/jpg/files/2025-12-04/broxiattiki-xrm.jpg,http://web.archive.org/web/20251204185510/https://www.protothema.gr/greece/article/1737774/ishuri-kataigida-stin-attiki-pos-tha-kinithei-i-kakokairia-tis-epomenes-ores/,"«yron», 17:00. :
 : , , , BYRON . .
, , (......) , .
 :
, ., .. .
, , , 
, ., , , , , .
 « , , , , .  . , ».
 , 
, (4/12), , .
/ Meteo.gr , . 16:00 109.6 mm, 101.2 mm.","Strong storm in Attica, how the Byron storm will move in the next few hours. Heavy rain in the Peloponnese, Pieria and Attica - Interministerial meeting convened by Kefalogiannis: The country enters a two-day period of severe bad weather | Weather | Weather tomorrow | Athens | Greece","Starker Sturm in Attika, wie sich der Byron-Sturm in den nächsten Stunden entwickeln wird. Starker Regen auf dem Peloponnes, Pieria und Attika – Von Kefalogiannis einberufenes interministerielles Treffen: Das Land tritt in eine zweitägige Periode schweren Unwetters ein | Wetter | Wetter morgen | Athen | Griechenland","Tempestas valida in Attica, quomodo tempestas Byron paucis horis movetur. Pluviae graves in Peloponneso, Pieria et Attica - Congressus interministerialis a Kefalogiannis convocatus: Regionem intrat duorum dierum spatio tempestatibus gravibus | Tempestas | Tempestas cras | Athenae | Graecia",Greece,MED,Europe,wmo
bc9018b460ea0608f484e1719f05ca47,2025-12-04T16:58:00Z,Precipitation,,www.protothema.gr,el,1.0,Κακοκαιρία Byron στη Λακωνία: Σοβαρά προβλήματα στον δήμο Ευρώτα με πλημμύρες και κατολισθήσεις,Επιμένει το απόγευμα της Πέμπτης η βροχόπτωση με έντονα φαινόμενα στον δήμο Μονεμβασιάς | Κακοκαιρία | Λακωνία | Πλημμύρα | Ελλάδα,https://www.protothema.gr/greece/article/1737861/kakokairia-sti-lakonia-sovara-provlimata-ston-dimo-eurota-me-plimmures-kai-katolisthiseis/,https://www.protothema.gr/images/640x360share/jpeg/files/2025-12-04/lakonia_flood.jpeg,http://web.archive.org/web/20251206131626/https://www.protothema.gr/greece/article/1737861/kakokairia-sti-lakonia-sovara-provlimata-ston-dimo-eurota-me-plimmures-kai-katolisthiseis/,"To view this video please enable JavaScript, and consider upgrading to a
 web browser that supports HTML5 video",Bad weather Byron in Laconia: Serious problems in the municipality of Evrota with floods and landslides. Heavy rain persisted on Thursday afternoon in the municipality of Monemvasia Bad weather | Laconia | Flood | Greece,Schlechtes Wetter Byron in Lakonien: Ernsthafte Probleme in der Gemeinde Evrota mit Überschwemmungen und Erdrutschen. Am Donnerstagnachmittag kam es in der Gemeinde Monemvasia zu starken Regenfällen. Schlechtes Wetter | Lakonien | Überschwemmung | Griechenland,Tempestates Byron in Laconia: magnae difficultates in municipio Evrota cum inundationibus et prosternuntur. Imber gravis perstitit die Iovis post meridiem in municipio Monemvasia Tempestatibus | Laconia | Diluvium | Graecia,Greece,MED,Europe,wmo
58a519a0fb25a8252b8376d81226357c,2025-12-04T17:15:00Z,Precipitation,,www.protothema.gr,el,1.0,"Στη Βλυχάδα το μεγαλύτερο ύψος βροχής στην Αττική, στα 45 χιλιοστά έφτασε στο Γκάζι, δείτε τον χάρτη του Meteo","Στα 76 χιλιοστά η βροχή στα Βίλια, μέχρι τις 6 το απόγευμα - Πώς είχε διαμορφωθεί κατάσταση στην υπόλοιπη χώρα μέχρι τις 4 | Κακοκαιρία | Βροχόπτωση | Ύψος | Αττική | Ελλάδα",https://www.protothema.gr/greece/article/1737870/kakokairia-sti-vluhada-to-megalutero-upsos-vrohis-stin-attiki-deite-ton-harti-tou-meteo/,https://www.protothema.gr/images/640x360share/jpg/files/2025-12-04/vroxi-dromoi.jpg,http://web.archive.org/web/20251204185434/https://www.protothema.gr/greece/article/1737870/kakokairia-sti-vluhada-to-megalutero-upsos-vrohis-stin-attiki-deite-ton-harti-tou-meteo/,"To view this video please enable JavaScript, and consider upgrading to a
 web browser that supports HTML5 video","In Vlychada, the highest amount of rain in Attica, at 45 millimeters, reached Gazi, see the Meteo map. At 76 millimeters of rain in Villas, until 6 in the afternoon - How was the situation in the rest of the country until 4 | Bad weather | Precipitation | Height | Attica | Greece","In Vlychada erreichte Gazi mit 45 Millimetern die höchste Regenmenge Attikas, siehe Meteo-Karte. Bei 76 Millimetern Regen in Villas, bis 18 Uhr nachmittags – Wie war die Lage im Rest des Landes bis 16 Uhr | Schlechtes Wetter | Niederschlag | Höhe | Attika | Griechenland","In Vlychada, pluviae summae in Attica, ad 45 mm, Gazi perventum est, vide tabulam Meteorum. Ad 76 milliumtra pluviarum in Villas usque ad 6 meridiem - Quomodo in reliqua regione situm fuit usque ad 4 | Bad weather | Praecipitatio | Height | Attica | Graecia",Greece,MED,Europe,wmo
409f09ce7b2011ad1bf08228a41ff550,2025-12-05T00:01:34Z,Heat Wave,,www.abc.net.au,en,0.8,"Live: Fires, heatwaves strike across Australia with extreme warnings issued","A broad heatwave is expected to spread across Australia, with short and sharp bursts of heat throughout the southern states. Follow live.",https://www.abc.net.au/news/2025-12-05/heatwaves-fires-live-blog-december-5/106105352,https://live-production.wcms.abc-cdn.net.au/490292c53ec9097c1403757563ac55e0?impolicy=wcms_watermark_news&cropH=864&cropW=1536&xPos=0&yPos=592&width=862&height=485&imformat=generic,http://web.archive.org/web/20251205014359/https://www.abc.net.au/news/2025-12-05/heatwaves-fires-live-blog-december-5/106105352,"Hello I'm Tessa Flemming and I'll be joining you as Australia swelters.
A broad heatwave is expected to spread across the country.
Throughout southern states, the burst of heat is short and sharp, … [+322 chars]","Live: Fires, heatwaves strike across Australia with extreme warnings issued. A broad heatwave is expected to spread across Australia, with short and sharp bursts of heat throughout the southern states. Follow live.","Live: In ganz Australien kommt es zu Bränden und Hitzewellen, es werden extreme Warnungen ausgegeben. Es wird erwartet, dass sich eine breite Hitzewelle über ganz Australien ausbreitet, mit kurzen und heftigen Hitzeausbrüchen in den südlichen Bundesstaaten. Live verfolgen.","Vive: Ignes, aestus trans Australiam percutiunt cum monitis extremis editis. Lata aestus in Australiam diffundi expectatur, cum brevibus et acutis eruptionibus caloris per civitates meridionales. Vivamus sequere.",Australia,CAU,Oceania,acwe
ebfdaba527fa825c357bf7df0d559201,2025-12-05T05:36:29Z,Cold Wave,,www.cnbeta.com.tw,zh,0.25,蔡磊回应准备尝试脑机接口：并非一时兴起,"蔡磊在回应未来尝试脑机接口的计划时表示，这并非一时冲动，也非即将进行的手术，而是源于五年来对非侵入式脑机设备的持续接触与多次尝试。在他看来，脑机接口不仅为患者延续了生命，更赋予其存在的意义与尊严。
“我同样渴望拥有一个属于自己的‘具身智能分身’。”蔡磊说，“虽然身体被困在狭小的空间里，但我仍希望能‘走’出去——通过机器人分身陪伴家人、与他人交流。”他进一步强调，“科技不仅是工具，更是爱与责任、生命意义的延伸。”12月3日国际残疾人日当天，蔡磊通过眼控仪接受采访。他表示，如果未来眼控技术也无法满足工作需要，自己已…",https://www.cnbeta.com.tw/articles/tech/1539594.htm,https://static.cnbetacdn.com/article/2025/1205/d4fc48c0d6da419.webp,http://web.archive.org/web/20251212033503/https://www.cnbeta.com.tw/articles/tech/1539594.htm,"GoogleGemini 3 Deep ThinkUltra
2025-12-05 170","Cai Lei responded that he is planning to try a brain-computer interface: it is not a whim. When Cai Lei responded to his plan to try a brain-computer interface in the future, he said that this is not a spur of the moment, nor is it an upcoming surgery, but stems from five years of continuous exposure to and multiple attempts at non-invasive brain-computer devices. In his opinion, brain-computer interface not only extends the life of patients, but also gives their existence meaning and dignity.
""I also long to have an 'embodied intelligent clone' of my own."" Cai Lei said, ""Although my body is trapped in a small space, I still hope to be able to 'go' out - to accompany my family and communicate with others through the robot clone."" He further emphasized that ""technology is not only a tool, but also an extension of love, responsibility and the meaning of life."" On December 3, the International Day for Persons with Disabilities, Cai Lei was interviewed through an eye control device. He said that if eye control technology cannot meet work needs in the future, he will...","Cai Lei antwortete, dass er vorhabe, eine Gehirn-Computer-Schnittstelle auszuprobieren: Das sei keine Laune. Als Cai Lei auf seinen Plan reagierte, in Zukunft eine Gehirn-Computer-Schnittstelle auszuprobieren, sagte er, dass dies weder eine spontane Eingebung noch eine bevorstehende Operation sei, sondern das Ergebnis einer fünfjährigen kontinuierlichen Exposition und mehrfacher Versuche mit nicht-invasiven Gehirn-Computer-Geräten. Seiner Meinung nach verlängert die Gehirn-Computer-Schnittstelle nicht nur das Leben der Patienten, sondern verleiht ihrer Existenz auch Sinn und Würde.
„Ich sehne mich auch danach, einen eigenen ‚verkörperten intelligenten Klon‘ zu haben.“ Cai Lei sagte: „Obwohl mein Körper auf engstem Raum gefangen ist, hoffe ich immer noch, rausgehen zu können – um meine Familie zu begleiten und über den Roboterklon mit anderen zu kommunizieren.“ Er betonte weiter, dass „Technologie nicht nur ein Werkzeug, sondern auch eine Erweiterung der Liebe, der Verantwortung und des Sinns des Lebens ist.“ Am 3. Dezember, dem Internationalen Tag für Menschen mit Behinderungen, wurde Cai Lei mithilfe eines Augenkontrollgeräts interviewt. Er sagte, wenn die Augenkontrolltechnologie die Arbeitsanforderungen in Zukunft nicht erfüllen kann, werde er ...","Cai Lei respondit se agitat experiri interface interface cerebri: non est libido. Cum Cai Lei Lei consilium suum consilium respondit experiri interfacies interfaces in futurum, dixit hoc non esse stimulum temporis nec chirurgiae venturae, sed ex quinque annis continuis nuditate et multiplicibus conatibus in machinationibus cerebri non incursivis. In eius sententia, interface brain-computa non solum vitam aegrorum extendit, sed etiam suam exsistentiam significationem ac dignitatem tribuit.
""cupio etiam ""clone intelligentem incorporari"" de meo. Cai Lei dixit: ""Quamvis corpus meum in spatio parvo detinetur, spero tamen posse exire - meam familiam comitari et cum aliis per clonam robotam communicare"". Extulit praeterea ""technologiam non solum instrumentum esse, sed etiam extensionem amoris, responsabilitatis ac sensus vitae"". Pridie Nonas Decembres, Dies Internationalis pro Personis cum defectibus, Cai Lei per oculi fabricam adierunt. Dixit technologiam oculus moderari non posse necessitatem occurrere in futurum, se fore...",China,EAS,Asia,wmo
d5dffc53333568a27e05a56fb40df139,2025-12-05T05:54:20Z,Heat Wave,,www.abc.net.au,en,0.8,Are you affected by the extreme heatwave sweeping through Australia? Tell us your story,Extreme heat and bushfire warnings have been issued in several regions across the country. Share your story along with any videos or images you may have to help inform our weather coverage.,https://www.abc.net.au/news/2025-12-05/audience-callout-extreme-heat-warning/106108490,https://live-production.wcms.abc-cdn.net.au/dafe973626e9a4ab81df66b26d020154?impolicy=wcms_watermark_news&cropH=2088&cropW=3712&xPos=0&yPos=328&width=862&height=485&imformat=generic,http://web.archive.org/web/20251205225328/https://www.abc.net.au/news/2025-12-05/audience-callout-extreme-heat-warning/106108490,"Extreme weather warnings are popping up across the country as temperatures quickly rise over summer.
With a ""hotter than average"" forecast, heatwaves and bushfires can be expected in several regions… [+327 chars]",Are you affected by the extreme heatwave sweeping through Australia? Tell us your story. Extreme heat and bushfire warnings have been issued in several regions across the country. Share your story along with any videos or images you may have to help inform our weather coverage.,"Sind Sie von der extremen Hitzewelle in Australien betroffen? Erzählen Sie uns Ihre Geschichte. In mehreren Regionen des Landes wurden Warnungen vor extremer Hitze und Buschbränden ausgegeben. Teilen Sie Ihre Geschichte zusammen mit allen Videos oder Bildern, die Sie möglicherweise benötigen, um unsere Wetterberichterstattung zu informieren.",An extrema aestu fluctuante per Australiam vergente afficis? Narra nobis fabulam tuam. Extremi caloris et bushfire monita in pluribus regionibus per regionem edita sunt. Partis fabulam tuam una cum omnibus videos vel imaginibus iuvare potes certiorem nostrae tempestatis coverage.,Australia,CAU,Oceania,acwe
9086067b12920b01374ba3aea2f55a2a,2025-12-05T06:23:54Z,Precipitation,,www.protothema.gr,el,1.0,Κακοκαιρία Byron: Ο Κολυδάς εξηγεί γιατί δημιουργούνται «σιντριβάνια» στα φρεάτια μετά από έντονη βροχόπτωση,"«Σε κάθε βροχή με ραγδαιότητα, ξεκινά η κουβέντα για τα φρεάτια. Τα φρεάτια σε τέτοια φαινόμενα, απλά ΔΕΝ λειτουργούν» αναφέρει σε ανάρτησή του ο Θοδωρής Κολυδάς | Θοδωρής Κολυδάς | Φρεάτιο | Βροχή | Κακοκαιρία | Καλλιθέα | Ελλάδα",https://www.protothema.gr/greece/article/1738057/kakokairia-byron-o-koludas-exigei-giati-dimiourgoudai-sidrivania-sta-freatia-meta-apo-edoni-vrohoptosi/,https://www.protothema.gr/images/640x360share/jpg/files/2025-12-05/vroxi-kallithea-mak.jpg,http://web.archive.org/web/20251205075202/https://www.protothema.gr/greece/article/1738057/kakokairia-byron-o-koludas-exigei-giati-dimiourgoudai-sidrivania-sta-freatia-meta-apo-edoni-vrohoptosi/,"To view this video please enable JavaScript, and consider upgrading to a
 web browser that supports HTML5 video","Bad weather Byron: Kolydas explains why ""fountains"" are created in wells after heavy rain. ""In every rain with rapidity, the conversation about wells begins. The wells in such phenomena simply do NOT work"" says Thodoris Kolidas in his post | Thodoris Kolidas | Well | Rain | Bad weather | Kallithea | Greece","Schlechtes Wetter Byron: Kolydas erklärt, warum nach starkem Regen in Brunnen „Brunnen“ entstehen. „Mit jedem Regensturm beginnt das Gespräch über Brunnen. Die Brunnen in solchen Phänomenen funktionieren einfach NICHT“, sagt Thodoris Kolidas in seinem Beitrag | Thodoris Kolidas | Nun ja | Regen | Schlechtes Wetter | Kallithea | Griechenland","Tempestates Byron: Kolydas explicat cur ""fontes"" in puteis post pluviam creantur. ""Cum omni nimbo, sermo de puteis incipit. Putei in his phaenomenis simpliciter non laborant"" dicit Thodoris Kolidas in statione sua | Thodoris Kolidas | Bene | Pluvia | Bad weather | Kallithea | Graecia",Greece,MED,Europe,wmo
af1c94374eeecf83f831abdd2a778645,2025-12-05T07:05:13Z,Wildfire,,www.cnbeta.com.tw,zh,0.4,"购买“Mate 40”被拒扩容服务 ""鼎桥哥""火了","最近一位网名为“鼎先生”的博主火了，原因是他在2022年花3999元买了一部 “Mate 40”，结果用了两年后去华为门店扩容被拒绝。店员直言：“哥，这是鼎桥M40，不是华为，扩不了容！”之后他将自己的遭遇发到网络上，引发了巨大讨论，目前其本人抖音号点赞数已经超过41万。
有些人质疑他是故意搞流量，他本人发视频回应称，自己是在2022年买的这款手机，当时真的以为它是华为Mate 40的某一款型号买的。用了两年后，在2024年内存用满，想要扩容到店里咨询，才发现这个问题。实际上他手中的机型名为鼎桥M40并不是山寨…",https://www.cnbeta.com.tw/articles/tech/1539648.htm,https://static.cnbetacdn.com/article/2025/1205/c98aa3223bf0ecf.png,http://web.archive.org/web/20251212000143/https://www.cnbeta.com.tw/articles/tech/1539648.htm,"2022Mate 40
2024
M4020225G
M4020225Mate 40
6.568°OLED1000+5G4200mAh40W40W
2023TD TECH 5121.216
2024228
70%23.59%6.41%
Mate 70Mate 60nova 14","The ""Mate 40"" was rejected from the expansion service ""Brother Ding"". Recently, a blogger with the online name ""Mr. Ding"" became popular because he spent 3,999 yuan to buy a ""Mate 40"" in 2022, but after two years of use, he went to a Huawei store to expand the capacity and was rejected. The clerk said bluntly: ""Brother, this is TD Tech M40, not Huawei, and it can't be expanded!"" He then posted his experience on the Internet, which sparked a huge discussion. Currently, the number of likes on his Douyin account has exceeded 410,000. Some people questioned that he deliberately attracted traffic. He himself responded in a video saying that he bought this phone in 2022 and really thought it was a certain model of Huawei Mate 40. After using it for two years, the memory was full in 2024. I wanted to expand the capacity and went to the store for consultation, only to discover this problem. In fact, the model in his hand is called TD Qiao M40 and it is not a copycat...","Der „Mate 40“ wurde vom Erweiterungsdienst „Brother Ding“ abgelehnt. Kürzlich wurde ein Blogger mit dem Online-Namen „Mr. Ding“ populär, weil er 3.999 Yuan für den Kauf eines „Mate 40“ im Jahr 2022 ausgab, aber nach zwei Jahren der Nutzung ging er zu einem Huawei-Store, um die Kapazität zu erweitern, und wurde abgelehnt. Der Angestellte sagte unverblümt: „Bruder, das ist TD Tech M40, nicht Huawei, und es kann nicht erweitert werden!“ Anschließend veröffentlichte er seine Erfahrungen im Internet, was eine große Diskussion auslöste. Derzeit hat sein Douyin-Konto mehr als 410.000 Likes erhalten. Einige Leute stellten in Frage, dass er absichtlich den Verkehr angezogen habe. Er selbst antwortete in einem Video, dass er dieses Telefon im Jahr 2022 gekauft habe und wirklich dachte, es handele sich um ein bestimmtes Modell des Huawei Mate 40. Nach zwei Jahren Nutzung war der Speicher im Jahr 2024 voll. Ich wollte die Kapazität erweitern und ging zur Beratung in den Laden, nur um dieses Problem zu entdecken. Tatsächlich heißt das Modell in seiner Hand TD Qiao M40 und es ist kein Nachahmer ...","""Mate 40"" repudiata est ab expansione muneris ""Frater Ding"". Nuper, blogger cum nomine online ""Dominus Ding"" popularis factus est quia 3,999 Yuan emere ""Mate 40"" in 2022, sed post duos annos usus, Huawei copia accessit ad facultatem ampliandi et repudiatus est. Clericus obtuse dixit: ""Frater, hoc est TD Tech M40, non Huawei, et ampliari non potest!"" Ille deinde experientiam suam in interreti posuit, quae magnam disputationem commovit. In statu, numerus similium in ratione sua Douyin 410,000 excessit. Nonnulli interrogaverunt se de industria attractum esse negotium. Ipse respondit in video dicens se hoc telephonum 2022 emisse et re vera esse exemplar quoddam Huawei Mate 40. Post duos annos utens, memoria plena erat anno 2024. Facultatem ampliare volui et ad copiam consulendi veni, solum hanc quaestionem detegere. Exemplar enim in manu eius dicitur TD Qiao M40 et non est a copycat.",China,EAS,Asia,wmo
4d3e63d20539b9896179681b27ab5e2d,2025-12-05T07:56:00Z,Storm,,www.protothema.gr,el,0.9,"Κολυδάς: Ρεκόρ βροχόπτωσης στο κέντρο της Αθήνας, τα ύψη βροχής στη Δυτική Αττική εξηγούν τις πλημμύρες",Η κακοκαιρία Byron συνεχίζει να σαρώνει την Ελλάδα | Καιρός | Κακοκαιρία | Καταιγίδα | Καιρός τώρα | Meteo | Ελλάδα,https://www.protothema.gr/greece/article/1738128/kakokairia-byron-i-dutiki-attiki-dehtike-ta-megalutera-upsi-vrohis-rekor-vrohoptosis-kai-sto-kedro-tis-athinas/,https://www.protothema.gr/images/640x360share/1/png/files/2025-12-05/%CF%83%CF%84%CE%B9%CE%B3%CE%BC%CE%B9%CE%BF%CF%84%CF%85%CF%80%CE%BF_%CE%BF%CE%B8%CE%BF%CE%BD%CE%B7%CF%82_2025-12-05_095347.png,http://web.archive.org/web/20251205080739/https://www.protothema.gr/greece/article/1738128/kakokairia-byron-i-dutiki-attiki-dehtike-ta-megalutera-upsi-vrohis-rekor-vrohoptosis-kai-sto-kedro-tis-athinas/,"GPS Plotter, , , , , VHF, , , .","Kolidas: Record rainfall in the center of Athens, the height of rain in Western Attica explains the floods. Bad weather Byron continues to sweep Greece | Weather | Bad weather | Storm | Weather now | Meteo | Greece","Kolidas: Rekordniederschläge im Zentrum Athens, die Regenhöhe in West-Attika erklärt die Überschwemmungen. Schlechtes Wetter Byron fegt weiterhin über Griechenland | Wetter | Schlechtes Wetter | Sturm | Wetter jetzt | Meteo | Griechenland","Kolidas: Record pluuiae in medio Atheniensium, imbres alti- tudines Atticae occidentalis explicat. tempestatibus Byron pergit Graeciam verrere | Tempestas | Bad weather | Storm | Tempestas nunc | Meteo | Graecia",Greece,MED,Europe,wmo
4afd0096c48a7a74e6419a6940b25c2f,2025-12-05T11:26:56Z,Thunderstorm,,www.protothema.gr,el,0.2,Καταιγίδα προστίμων 350 ευρώ για αυτά τα αξεσουάρ των αυτοκινήτων,"Σε μια περίοδο όπου η καθημερινότητα των οδηγών αλλάζει διαρκώς, πολλοί εξακολουθούν να αγνοούν βασικούς κανόνες που αφορούν το ίδιο τους το αυτοκίνητο. Η άγνοια για το τι επιτρέπεται και τι όχι αποδεικνύεται συχνά πιο επικίνδυνη από την ίδια την παράβαση. | …",https://www.protothema.gr/greece/article/1738269/kataigida-prostimon-350-euro-gia-auta-ta-axesouar-ton-autokiniton/,https://www.protothema.gr/images/640x360share/jpeg/files/2025-12-05/251201105058_klisi-troxaia-astynomia-police-prostimo-1200-1.jpeg,,"GPS Plotter, , , , , VHF, , , .","Storm of 350 euro fines for these car accessories. In a period where the daily life of drivers is constantly changing, many are still unaware of basic rules concerning their own car. Ignorance of what is allowed and what is not is often more dangerous than the violation itself. | …","Sturm von 350 Euro Bußgeld für dieses Autozubehör. In einer Zeit, in der sich der Alltag der Autofahrer ständig verändert, sind vielen die Grundregeln für ihr eigenes Auto noch nicht bekannt. Unwissenheit darüber, was erlaubt ist und was nicht, ist oft gefährlicher als der Verstoß selbst. | …","Tempestas 350 euronis mulctarum ad has currus accessiones sunt. In periodo, ubi cotidiana vita rectorum perpetuo variatur, multi adhuc ignorant regulas fundamentales circa proprium currus. Ignorantia liciti et quod non, periculosior est quam ipsa violatio. | ...",Greece,MED,Europe,wmo
81530b4201811d6340ba32b6ddcf34f8,2025-12-05T19:10:25Z,Heat Wave,,www.abc.net.au,en,0.8,Sydney's west could crack 40 degrees as heatwave rolls across Australia,"The first heatwave of the summer will reach its peak across New South Wales today, with temperatures above 40 degrees Celsius likely to span from Western Australia's north-west all the way to Parramatta.",https://www.abc.net.au/news/2025-12-06/extreme-heatwave-brings-temperatures-in-40s-to-sydney/106105586,https://live-production.wcms.abc-cdn.net.au/dbca2f4c999cc67a9ee14273ef8bc29b?impolicy=wcms_watermark_news&cropH=2813&cropW=5000&xPos=0&yPos=0&width=862&height=485&imformat=generic,http://web.archive.org/web/20251205193947/https://www.abc.net.au/news/2025-12-06/extreme-heatwave-brings-temperatures-in-40s-to-sydney/106105586,"The first heatwave of the summer will reach its peak across New South Wales today, with temperatures above 40 degrees Celsius likely to span from Western Australia's north-west all the way to Parrama… [+5889 chars]","Sydney's west could crack 40 degrees as heatwave rolls across Australia. The first heatwave of the summer will reach its peak across New South Wales today, with temperatures above 40 degrees Celsius likely to span from Western Australia's north-west all the way to Parramatta.","Im Westen Sydneys könnten die 40-Grad-Marke knacken, wenn eine Hitzewelle über Australien rollt. Die erste Hitzewelle des Sommers wird heute in ganz New South Wales ihren Höhepunkt erreichen. Temperaturen über 40 Grad Celsius dürften sich vom Nordwesten Westaustraliens bis nach Parramatta erstrecken.","Sydney occidens 40 gradus resilire potuit sicut aestus aestus per Australiam volvitur. Prima aestus aestatis suum apicem trans Novam Australem Walliam hodie attinget, cum temperaturis supra 40 gradus Celsius usque ad occasum Australiae occidentis spatium usque ad Parramattam.",Australia,CAU,Oceania,acwe
5085aa77161d698e063169487d2e2f33,2025-12-06T06:37:36Z,Earthquake,,www.protothema.gr,el,0.8,"Σεισμός 4,3 βαθμών της κλίμακας Ρίχτερ ανοικτά της Λακωνίας","Η σεισμική δόνηση καταγράφτηκε στις 06:47 στον θαλάσσιο χώρο, σε απόσταση κάπου 113 χιλιομέτρων νοτιοδυτικά του Γερολιμένα Λακωνίας | Σεισμός | Λακωνία | Ελλάδα",https://www.protothema.gr/greece/article/1738684/seismos-43-vathmon-tis-klimakas-rihter-anoikta-tis-lakonias/,https://www.protothema.gr/images/640x360share/jpg/files/2025-12-06/seismografos-arthro.jpg,http://web.archive.org/web/20251206065833/https://www.protothema.gr/greece/article/1738684/seismos-43-vathmon-tis-klimakas-rihter-anoikta-tis-lakonias/,"GPS Plotter, , , , , VHF, , , .","4.3 magnitude earthquake off Laconia. The seismic tremor was registered at 06:47 in the sea area, at a distance of about 113 kilometers southwest of Gerolimenas in Laconia | Earthquake | Laconia | Greece","Erdbeben der Stärke 4,3 vor Laconia. Das seismische Beben wurde um 06:47 Uhr im Meeresgebiet registriert, etwa 113 Kilometer südwestlich von Gerolimenas in Lakonien | Erdbeben | Lakonien | Griechenland","4.3 magnitudine terrae motus Laconicae. Tremor seismic relatus ad 06:47 in area maris, ad spatium circiter 113 chiliometrorum inter meridiem et Gerolimenas in Laconia | Terrae motus | Laconia | Graecia",Greece,MED,Europe,usgs
032f2ec68718d3ea3cd72df4ab131d28,2025-12-06T09:17:20Z,Precipitation,,www.protothema.gr,el,1.0,Meteo: Έπεσαν 265 χιλιοστά βροχής μέσα σε τρεις ημέρες στην Βλυχάδα Αττικής,Το ύψος βροχής ξεπέρασε τα 100 χιλιοστά σε 110 σταθμούς του Εθνικού Αστεροσκοπείου στην Ελλάδα | Καιρός | Κακοκαιρία | Βροχή | Βροχόπτωση | Meteo | Ελλάδα,https://www.protothema.gr/greece/article/1738765/meteo-epesan-265-hiliosta-vrohis-mesa-se-treis-imeres-stin-vluhada-attikis/,https://www.protothema.gr/images/640x360share/jpg/files/2025-12-06/broxh-ermou-athina.jpg,http://web.archive.org/web/20251206105320/https://www.protothema.gr/greece/article/1738765/meteo-epesan-265-hiliosta-vrohis-mesa-se-treis-imeres-stin-vluhada-attikis/,"3 04-06/12., meteo.gr / , 100 110 , 80 179 60 266 . 
, 5 , 200 , 265 .meteo.gr .
 :","Meteo: 265 millimeters of rain fell in three days in Vlychada, Attica. The amount of rain exceeded 100 millimeters in 110 stations of the National Observatory in Greece | Weather | Bad weather | Rain | Precipitation | Meteo | Greece","Meteo: 265 Millimeter Regen fielen in drei Tagen in Vlychada, Attika. An 110 Stationen des Nationalen Observatoriums in Griechenland überschritt die Regenmenge 100 Millimeter | Wetter | Schlechtes Wetter | Regen | Niederschlag | Meteo | Griechenland","Meteo: in Vlychada Attica, Atticae, CCLXV millimetris pluviae tribus diebus ceciderunt. Copia pluviae 100 milliumtrorum in 110 stationes Nationalis Observatorii in Graecia exceditur | Tempestas | Bad weather | Pluvia | Praecipitatio | Meteo | Graecia",Greece,MED,Europe,wmo
11d5c528904b8a426705d6eddafaafd1,2025-12-06T11:14:32Z,Precipitation,,www.protothema.gr,el,0.3,Συνεδρίασε η Επιτροπή Εκτίμησης Κινδύνου: Μέχρι το απόγευμα θα συνεχιστούν τα φαινόμενα στη Θεσσαλία,Βροχοπτώσεις στην κεντρική και ανατολική Μακεδονία | Κακοκαιρία | Βροχόπτωση | Θεσσαλία | Ελλάδα,https://www.protothema.gr/greece/article/1738815/sunedriase-i-epitropi-ektimisis-kindunou-mehri-to-apogeuma-tha-sunehistoun-ta-fainomena-sti-thessalia/,https://www.protothema.gr/images/640x360share/jpg/files/2025-11-20/vroxi_autokinito.jpg,http://web.archive.org/web/20251206113824/https://www.protothema.gr/greece/article/1738815/sunedriase-i-epitropi-ektimisis-kindunou-mehri-to-apogeuma-tha-sunehistoun-ta-fainomena-sti-thessalia/,"To view this video please enable JavaScript, and consider upgrading to a



 web browser that supports HTML5 video",The Risk Assessment Committee met: until the afternoon the phenomena will continue in Thessaly. Rainfall in central and eastern Macedonia | Bad weather | Precipitation | Thessaly | Greece,Der Ausschuss für Risikobewertung tagte: Bis zum Nachmittag werden die Phänomene in Thessalien andauern. Niederschlag in Zentral- und Ostmakedonien | Schlechtes Wetter | Niederschlag | Thessalien | Griechenland,Risk Assessment Committee met: donec post meridiem phaenomena in Thessalia permanebunt. Pluvia in media Macedonia orientali et | Bad weather | Praecipitatio | Thessalia | Graecia,Greece,MED,Europe,wmo
a26ca889d95b09efbae310e623fe9e63,2025-12-06T20:51:00Z,Earthquake,,www.protothema.gr,el,0.9,"Σεισμός τώρα 4,7 Ρίχτερ στα Καλάβρυτα","Το επίκεντρο εντοπίζεται 6 χιλιόμετρα δυτικά - νοτιοδυτικά των Καλαβρύτων με εστιακό βάθος 24,3 χιλιόμετρα | Σεισμός | Σεισμός τώρα | Καλάβρυτα | Ελλάδα",https://www.protothema.gr/greece/article/1738944/seismos-tora-sta-kalavruta/,https://www.protothema.gr/images/640x360share/jpg/files/2025-12-06/xrwma-seismografos.jpg,,"To view this video please enable JavaScript, and consider upgrading to a
 web browser that supports HTML5 video",Earthquake now 4.7 Richter in Kalavryta. The epicenter is located 6 kilometers west-southwest of Kalavryta with a focal depth of 24.3 kilometers | Earthquake | Earthquake now | Kalavryta | Greece,"Erdbeben jetzt 4,7 Richter in Kalavryta. Das Epizentrum liegt 6 Kilometer westsüdwestlich von Kalavryta mit einer Fokustiefe von 24,3 Kilometern | Erdbeben | Erdbeben jetzt | Kalavryta | Griechenland",Terrae motus nunc 4.7 Richter in Kalavryta. Epicenter sita est 6 chiliometrorum occidentalis-meridiem Kalavrytae cum altitudine arx 24.3 chiliometrorum | Terrae motus | Terrae motus nunc | Kalavryta | Graecia,Greece,MED,Europe,usgs
a3b3bd64b9d61daafe233f7b5b097ffe,2025-12-06T21:50:34Z,Tsunami,,www.lalibre.be,fr,0.8,Séisme de magnitude 7 entre l’Alaska et le Canada : deux fortes répliques enregistrées,"Un séisme de magnitude 7 a frappé samedi soir une région montagneuse entre l’Alaska et le Yukon, suivi de deux fortes répliques, sans déclencher d’alerte au tsunami. ...",https://www.lalibre.be/international/amerique/elections-us/2025/12/06/seisme-de-magnitude-7-entre-lalaska-et-le-canada-deux-fortes-repliques-enregistrees-AHFS3CED6ZFHXMUDEZ4JBUWW5M/,https://www.lalibre.be/resizer/v2/ST4VGD7AL5FFVGIJ33YK4RXDDE.jpg?auth=ffac9bfb7fc126f60b7e39814ad5723b9be69a92138a71047b95a4286e1fecef&width=1200&height=630&quality=85&focal=2592%2C1728,http://web.archive.org/web/20251206235431/https://www.lalibre.be/international/amerique/elections-us/2025/12/06/seisme-de-magnitude-7-entre-lalaska-et-le-canada-deux-fortes-repliques-enregistrees-AHFS3CED6ZFHXMUDEZ4JBUWW5M/,"Un séisme de magnitude 7 a frappé samedi une région montagneuse et peu peuplée située entre l'Alaska et l'extrême ouest du Canada, selon l'Institut américain de géophysique (USGS), qui a également fa… [+322 chars]","Magnitude 7 earthquake between Alaska and Canada: two strong aftershocks recorded. A magnitude 7 earthquake struck a mountainous region between Alaska and the Yukon on Saturday evening, followed by two strong aftershocks, without triggering a tsunami warning. ...","Erdbeben der Stärke 7 zwischen Alaska und Kanada: Es wurden zwei starke Nachbeben registriert. Ein Erdbeben der Stärke 7 erschütterte am Samstagabend eine Bergregion zwischen Alaska und dem Yukon, gefolgt von zwei starken Nachbeben, ohne dass eine Tsunami-Warnung ausgelöst wurde. ...","Magnitudo 7 terrae motus inter Alaska et Canada: duo fortes aftershocks notata sunt. Magnitudo 7 terrae motus montanum inter Alaska et Yukon die sabbati vesperi percussit, cum duo fortes aftershocks secuti sunt, sine admonitione tsunami excitato. ...",Canada,NWN,North-America,usgs
22a251161427b456090cc7a99547da25,2025-12-07T03:11:52Z,Earthquake,,dailycaller.com,en,0.8,Alaska Blasted With Over 20 Aftershocks After Getting Rocked With Magnitude 7.0 Earthquake,"According to the United States Geological Survey (USGS), a magnitude 7.0 earthquake struck Alaska during the morning hours Saturday.",https://dailycaller.com/2025/12/06/alaska-20-aftershocks-magnitude-7-0-earthquake/,"https://images.dailycaller.com/image/width=1280,height=549,fit=cover,format=webp,f=auto/https://cdn01.dailycaller.com/wp-content/uploads/2025/12/GettyImages-1587622-scaled-e1765076733660.jpg",http://web.archive.org/web/20251208023607/https://dailycaller.com/2025/12/06/alaska-20-aftershocks-magnitude-7-0-earthquake/,"According to the United States Geological Survey (USGS), a magnitude 7.0 earthquake struck Alaska during the morning hours Saturday.

The earthquake struck at 11:41 a.m. local time northeast of Yakut… [+1963 chars]","Alaska Blasted With Over 20 Aftershocks After Getting Rocked With Magnitude 7.0 Earthquake. According to the United States Geological Survey (USGS), a magnitude 7.0 earthquake struck Alaska during the morning hours Saturday.","Alaska wurde von über 20 Nachbeben heimgesucht, nachdem es von einem Erdbeben der Stärke 7,0 erschüttert wurde. Nach Angaben des United States Geological Survey (USGS) ereignete sich am Samstag in den Morgenstunden ein Erdbeben der Stärke 7,0 in Alaska.","Alaska Blasted Cum Super 20 Aftershocks Post Questus Rocked Cum Magnitudine 7.0 Terraemotus. Secundum Civitates Foederatas Geological Survey (USGS), magnitudo 7.0 terrae motus Alaska horis matutinis Saturni percussit.",United States,NWN,North-America,usgs
718ef1477dbffbf170b394a7aeefab79,2025-12-07T09:57:21Z,Snow&Ice,,www.tagesspiegel.de,de,0.8,Mitgerissen und verschüttet: 19-Jähriger aus Deutschland stirbt bei Lawinenabgang in Tirol,Am Samstag wird ein 19-Jähriger von einer Lawine verschüttet. Der junge Mann sei bei dem Abgang ungesichert unterwegs gewesen. Sein 21 Jahre alter Begleiter war am Seil gesichert und überlebte.,https://www.tagesspiegel.de/gesellschaft/panorama/mitgerissen-und-verschuttet-19-jahriger-aus-deutschland-stirbt-bei-lawinenabgang-in-tirol-15026995.html,https://www.tagesspiegel.de/images/15027002/alternates/BASE_16_9_W1400/1765101340000/stubaier-gletscher.jpeg,,"Bei einem Lawinenabgang in Tirol ist ein 19-jähriger Deutscher ums Leben gekommen. Wie die österreichischen Behörden am Sonntag mitteilten, ereignete sich das Unglück am Samstagvormittag zwischen der… [+1174 chars]","Carried away and buried: 19-year-old from Germany dies in an avalanche in Tyrol. On Saturday, a 19-year-old was buried in an avalanche. The young man was unsecured when he left. His 21-year-old companion was secured to the rope and survived.",Mitgerissen und verschüttet: 19-Jähriger aus Deutschland stirbt bei Lawinenabgang in Tirol. Am Samstag wird ein 19-Jähriger von einer Lawine verschüttet. Der junge Mann sei bei dem Abgang ungesichert unterwegs gewesen. Sein 21 Jahre alter Begleiter war am Seil gesichert und überlebte.,Elatus et sepultus: XIX annos e Germania in Avalanche in Tyrolis moritur. Die Sabbati XIX annorum sepultus est in NIVIS. Insecuta est adulescens quando discessit. Socius eius XXI annorum funi factus est et supervixit.,Germany,WCE,Europe,wmo
75c214c0968ca3dff5aeb78b214deb16,2025-12-07T21:14:26Z,Earthquake,,biztoc.com,en,0.8,Over 160 Earthquakes Strike Alaska in 24 Hours Following Magnitude 7 Quake,The initial earthquake on Saturday sent tremors across southeastern Alaska and parts of Canada.,https://biztoc.com/x/c64777be357c63df,https://biztoc.com/cdn/955/og.png,,"The initial earthquake on Saturday sent tremors across southeastern Alaska and parts of Canada.
This story appeared on newsweek.com, 2025-12-07 21:10:02.",Over 160 Earthquakes Strike Alaska in 24 Hours Following Magnitude 7 Quake. The initial earthquake on Saturday sent tremors across southeastern Alaska and parts of Canada.,Über 160 Erdbeben erschüttern Alaska innerhalb von 24 Stunden nach dem Beben der Stärke 7. Das erste Erdbeben am Samstag löste Erschütterungen im Südosten Alaskas und in Teilen Kanadas aus.,Plus 160 terrae motus Percutite Alaska in 24 Horis Post Magnitude 7 Quake. Terrae motus initialis die Saturni misit tremores trans Alascam et partes Canadae australes.,Canada,NWN,North-America,usgs
1fb20e6d9f91c2ab82e44362b3bf8732,2025-12-08T05:30:37Z,Precipitation,,stadt-bremerhaven.de,de,0.8,Apple Wetter: Vorhersage „Niederschlag in der nächsten Stunde“ in Deutschland nutzbar,"Lange Zeit schon schielen Nutzer hierzulande neidisch in Richtung USA oder Großbritannien, wenn es um bestimmte Funktionen der Apple-Wetter-App geht. Besonders die präzisen Niederschlagsmitteilungen sind ein Feature, das viele vermissen. Immerhin hat sich ein…",https://stadt-bremerhaven.de/apple-wetter-vorhersage-niederschlag-in-der-naechsten-stunde-in-deutschland-nutzbar/,https://stadt-bremerhaven.de/wp-content/uploads/2025/12/apple-Wetter-App-Symbol-Blau.jpg,http://web.archive.org/web/20251208105452/https://stadt-bremerhaven.de/apple-wetter-vorhersage-niederschlag-in-der-naechsten-stunde-in-deutschland-nutzbar/,"Lange Zeit schon schielen Nutzer hierzulande neidisch in Richtung USA oder Großbritannien, wenn es um bestimmte Funktionen der Apple-Wetter-App geht. Besonders die präzisen Niederschlagsmitteilungen … [+2498 chars]","Apple Weather: “Precipitation in the next hour” forecast can be used in Germany. For a long time, users in this country have been looking enviously towards the USA or Great Britain when it comes to certain functions of the Apple weather app. The precise rainfall reports in particular are a feature that many miss. After all, there has been a…","Apple Wetter: Vorhersage „Niederschlag in der nächsten Stunde“ in Deutschland nutzbar. Lange Zeit schon schielen Nutzer hierzulande neidisch in Richtung USA oder Großbritannien, wenn es um bestimmte Funktionen der Apple-Wetter-App geht. Besonders die präzisen Niederschlagsmitteilungen sind ein Feature, das viele vermissen. Immerhin hat sich ein…","Lacus Tempestas: ""Praeceptio in hora proxima"" prospicere potest in Germania adhiberi. Diu usores in hac terra invidebant erga USA vel Magna Britanniam cum ad certa munera Apple tempestatis app. Imbribus accuratis relationes particulares sunt pluma quam multi fallunt. Post omnes, fuit…",Germany,WCE,Europe,wmo
fc6a309319500672ef9f047940fdc493,2025-12-08T21:18:35Z,Earthquake,,www.insurancejournal.com,en,0.8,Magnitude-7.0 Earthquake Hit Remote Area Along Alaska-Canada Border,"A powerful, magnitude-7.0 earthquake struck in a remote area near the border between Alaska and the Canadian territory of Yukon on Saturday. There was no tsunami warning, and officials said there were no immediate reports of damage or injury. The …",https://www.insurancejournal.com/news/west/2025/12/08/850301.htm,https://www.insurancejournal.com/img/social/opengraph/ij-social-default-1200x630.png,http://web.archive.org/web/20251208235305/https://www.insurancejournal.com/news/west/2025/12/08/850301.htm,"A powerful, magnitude-7.0 earthquake struck in a remote area near the border between Alaska and the Canadian territory of Yukon on Saturday. There was no tsunami warning, and officials said there wer… [+1128 chars]","Magnitude-7.0 Earthquake Hit Remote Area Along Alaska-Canada Border. A powerful, magnitude-7.0 earthquake struck in a remote area near the border between Alaska and the Canadian territory of Yukon on Saturday. There was no tsunami warning, and officials said there were no immediate reports of damage or injury. The …","Erdbeben der Stärke 7,0 erschütterte abgelegenes Gebiet entlang der Grenze zwischen Alaska und Kanada. Ein starkes Erdbeben der Stärke 7,0 ereignete sich am Samstag in einem abgelegenen Gebiet nahe der Grenze zwischen Alaska und dem kanadischen Territorium Yukon. Es gab keine Tsunami-Warnung und Beamte sagten, es gebe keine unmittelbaren Berichte über Schäden oder Verletzungen. Der …","Magnitude-7.0 Terrae motus Hit Longinquus Area Per Alaska-Canada Border. Terraemotus potens, magnitudine-7.0 concussus in area remota prope confinium inter Alaska et Canadensis territorium Yukon die Sabbati. Tsunami monitus non fuit, et magistratus dixerunt nullae proximi denuntiationes damni vel iniuriae esse. The ...",Canada,NWN,North-America,usgs
d1c3fa3003ec7896718ec42b777ec216,2025-12-09T06:00:00Z,Storm,,www.independent.ie,en,0.8,"Status Orange warnings as Storm Bram to bring strong winds to Ireland, forecasters warn of ‘very windy or stormy conditions’","{
 ""themeId"": ""lct_653b7fa7fed115003648bab8"",
 ""clientId"": ""64772ae4d1d7dec0c5b716af"",
 ""liveblogId"": ""6937bd39bcd16e9a09f660b8""
}",https://www.independent.ie/weather/status-orange-warnings-as-storm-bram-to-bring-strong-winds-to-ireland-forecasters-warn-of-very-windy-or-stormy-conditions/a1017141655.html,https://focus.independent.ie/thumbor/KnV96_J1ahBfTRZoRT-Kv0uofCg=/60x0:735x450/629x0/prod-mh-ireland/e5901dc1-659d-46be-9c27-257ab330c188/0b64c101-db4e-4aaa-985b-b35d5675324a/video/video.jpg,,Ireland is bracing for heavy winds and rain tonight as Storm Bram hits the country. Met Éireann has issued a Status Yellow wind warning for the whole country and two Status Orange wind warnings for 1… [+2814 chars],"Status Orange warnings as Storm Bram to bring strong winds to Ireland, forecasters warn of ‘very windy or stormy conditions’. {
 ""themeId"": ""lct_653b7fa7fed115003648bab8"",
 ""clientId"": ""64772ae4d1d7dec0c5b716af"",
 ""liveblogId"": ""6937bd39bcd16e9a09f660b8""
}","Status-Orange-Warnungen: Storm Bram bringt starke Winde nach Irland, Meteorologen warnen vor „sehr windigen oder stürmischen Bedingungen“. {
 „themeId“: „lct_653b7fa7fed115003648bab8“,
 „clientId“: „64772ae4d1d7dec0c5b716af“,
 „liveblogId“: „6937bd39bcd16e9a09f660b8“
}","Status Aurei admonitiones ut Storm Bram ut ventos validos in Hiberniam adferant, forecasters monent de conditionibus valde ventis vel tempestatibus. { ""themeId"": ""lct_653b7fa7fed115003648bab8"", ""clientId"": ""64772ae4d1d7dec0c5b716af"", ""liveblogId"": ""6937bd39bcd16e9a09f660b8"" }",Ireland,NEU,Europe,wmo
c1c13562c72356355833ff91d4430a5f,2025-12-09T06:45:36Z,Storm,,www.bbc.com,en,0.8,Flood and weather warnings in place across Wales as Storm Bram hits,"Eight flood warnings are in place, along with more than 50 flood alerts across the country.",https://www.bbc.com/news/articles/cx2dxk3nn54o,https://ichef.bbci.co.uk/news/1024/branded_news/3375/live/acc85350-d42a-11f0-a892-01d657345866.jpg,http://web.archive.org/web/20251209151354/https://www.bbc.com/news/articles/cx2dxk3nn54o,"Amy Mackrill,BBC Walesand
There were more than 50 flood alerts across Wales by 0600 GMT on Tuesday

Flood warnings and weather warnings for wind and rain are in place across Wales as Storm Bram hits… [+3889 chars]","Flood and weather warnings in place across Wales as Storm Bram hits. Eight flood warnings are in place, along with more than 50 flood alerts across the country.","Überschwemmungen und Wetterwarnungen gelten in ganz Wales, da der Sturm Bram zuschlägt. Es gibt acht Hochwasserwarnungen sowie mehr als 50 Hochwasserwarnungen im ganzen Land.","Diluvium et tempestas admonitiones in loco trans Walliam ut Storm Bram pervenit. Monitiones in diluvio octo in loco, una cum plus quam 50 summis montibus inundationis per regionem.",United Kingdom,NEU,Europe,wmo
aac340a7cb7801ba2d6423d41464b4a5,2025-12-09T07:37:40Z,Cold Wave,,hindi.moneycontrol.com,hi,0.8,"दिल्ली, राजस्थान और मध्य प्रदेश में 12 दिसंबर तक तेज ठंड का अलर्ट, IMD ने जारी शीत लहर की चतावनी","Cold Wave Alert: भारतीय मौसम विज्ञान विभाग (IMD) ने दिल्ली, मध्य प्रदेश और राजस्थान सहित भारत के उत्तरी राज्यों के लिए 12 दिसंबर तक शीत लहर की चेतावनी जारी की है। मौसम विभाग के अनुसार, उत्तर और मध्य भारत के अधिकांश हिस्सों में ठंड का प्रभाव देखने को मिलेगा और…",https://hindi.moneycontrol.com/india/severe-cold-wave-alert-issued-in-delhi-rajasthan-and-madhya-pradesh-till-december-12-imd-issues-cold-wave-warning-article-2305756.html,https://images.moneycontrol.com/static-hindinews/2025/12/Cold-wave-alert.jpg,,"Cold Wave Alert: (IMD) , 12 , 
IMD: 
IMD 2 - 2°C 2 3 2-4°C 
IMD 4 3 2-3 
IMD 
IMD , ""9 12 , "" - 10 12 
 , , , 
IMD 9 13 , 10 
IMD 9 , 12 
 : 
 , :
 : Delhi AQI: -NCR , , ''!","Severe cold alert till December 12 in Delhi, Rajasthan and Madhya Pradesh, IMD issues cold wave warning. Cold Wave Alert: The Indian Meteorological Department (IMD) has issued a cold wave warning till December 12 for the northern states of India including Delhi, Madhya Pradesh and Rajasthan. According to the Meteorological Department, the effect of cold will be seen in most parts of North and Central India and…","Schwere Kältewarnung bis zum 12. Dezember in Delhi, Rajasthan und Madhya Pradesh, IMD gibt Warnung vor Kältewelle heraus. Kältewellenwarnung: Das Indian Meteorological Department (IMD) hat bis zum 12. Dezember eine Kältewellenwarnung für die nördlichen Bundesstaaten Indiens, darunter Delhi, Madhya Pradesh und Rajasthan, herausgegeben. Nach Angaben der Meteorologischen Abteilung werden die Auswirkungen der Kälte in den meisten Teilen Nord- und Zentralindiens zu beobachten sein und…","Gravis frigus vigilat usque ad 12 Decembrem in Delhi, Rajasthan et Madhya Pradesh, IMD admonitio frigoris exit. Unda frigida erecti: Indicum Meteorologicum Department (IMD) monuit undam frigidam usque ad diem 12 Decembris denuntiavit pro civitatibus septentrionalibus Indiae inter Delhi, Madhya Pradesh et Rajasthan. Secundum Department Meteorologicum, effectus frigoris in plerisque Indiae Septentrionalis et Centralis partibus apparebit et…",India,SAS,Asia,wmo
217e04dc49a48ee81a3e16eae869e2de,2025-12-09T09:44:49Z,Earthquake,,www.secretchina.com,zh,0.8,311恶梦会重演吗？日本7.5强震触发史上首次“巨大地震预警”(图),"当地时间12月8日深夜，日本北部遭遇了一场规模7.5的强烈地震，这场发生在青森县外海的地震不仅造成数十人受伤和基础设施损坏，更重要的是触发了日本气象厅首次发布“北海道三陆冲后发地震注意情报”，警告未来可能发生类似311东日本大震灾级别的巨大地震。 新闻 日本 - 看中国》是总部设于美国、以复兴传统中华文化为理念的独立媒体。自2001年起，坚持报导最新社会焦点和传统文化专题，中文报纸已在北美、欧洲、澳洲、亚洲等17个国家发行。中国新闻,中国大陆新闻,内幕新闻,中文媒体,新闻评论,时事,财经,博谈,历史,文化,养生,…",https://www.secretchina.com/news/gb/2025/12/09/1091800.html,https://img6.secretchina.com/pic/2025/12-9/p3710992a672850564-ss.jpg,,"2025129GREG BAKER / AFP via Getty Images 
20251291287.5311 
1282315141580507.67.5 
675550 
1293522103 
7.53 
9J-Alert 
70129 
2700 
2011 
129 
31171% 
100 
1822011 
9201130040017 
33 
… [+40 chars]","Will the 311 nightmare happen again? Japan's 7.5 strong earthquake triggered the first ""huge earthquake warning"" in history (picture). Late at night on December 8, local time, northern Japan suffered a strong earthquake with a magnitude of 7.5. This earthquake off the coast of Aomori Prefecture not only caused dozens of injuries and damage to infrastructure, but more importantly, triggered the Japan Meteorological Agency to issue for the first time the ""Hokkaido Sanriku Earthquake Caution Information"", warning that huge earthquakes similar to the 311 Great East Japan Earthquake may occur in the future. News Japan - Looking at China is an independent media based in the United States with the concept of reviving traditional Chinese culture. Since 2001, it has insisted on reporting on the latest social focus and traditional cultural topics. Chinese newspapers have been published in 17 countries including North America, Europe, Australia, and Asia. China news, mainland China news, inside news, Chinese media, news commentary, current affairs, finance, talk, history, culture, health,…","Wird der Albtraum 311 noch einmal passieren? Das Erdbeben der Stärke 7,5 in Japan löste die erste „große Erdbebenwarnung“ in der Geschichte aus (Bild). Am späten Abend des 8. Dezember Ortszeit ereignete sich im Norden Japans ein starkes Erdbeben der Stärke 7,5. Dieses Erdbeben vor der Küste der Präfektur Aomori verursachte nicht nur Dutzende Verletzte und Schäden an der Infrastruktur, sondern, was noch wichtiger ist, veranlasste die Japan Meteorological Agency zum ersten Mal, die „Hokkaido Sanriku Earthquake Caution Information“ herauszugeben, in der sie davor warnte, dass es in Zukunft zu schweren Erdbeben ähnlich dem 311. Großen Ostjapan-Erdbeben kommen könnte. News Japan – Looking at China ist ein unabhängiges Medium mit Sitz in den Vereinigten Staaten und dem Konzept, die traditionelle chinesische Kultur wiederzubeleben. Seit 2001 legt es besonderen Wert auf die Berichterstattung über aktuelle gesellschaftliche Schwerpunkte und traditionelle Kulturthemen. Chinesische Zeitungen wurden in 17 Ländern veröffentlicht, darunter Nordamerika, Europa, Australien und Asien. China-Nachrichten, Nachrichten aus Festlandchina, Insider-Nachrichten, chinesische Medien, Nachrichtenkommentare, aktuelle Ereignisse, Finanzen, Gespräche, Geschichte, Kultur, Gesundheit, …","CCCXI visio rursum fiet? 7.5 terrae motus fortis Iaponia primum ""magnum terrae motum"" in historia ursit. Nuper nocte die 8. Decembris tempore locali Iaponia septentrionalis terrae motum validum cum magnitudine 7.5 passus est. Hic terrae motus a litore Praefecturae Aomori non solum justos iniuriarum et damni infrastructure effecit, sed potius in Iaponia Meteorologicum Agency movit ut primum ""Hokkaido Sanriku Terraemotus Caution Information"" moneret, ingentes terrae motus similes 311 Magno Oriente Iaponiae Terrae motus fieri in futurum. News Iaponia - Vultus in Sinis media independens est fundata in Civitatibus Foederatis cum notione culturae Sinicae traditionalis vivificandae. Ab anno MMI, inculcavit in nuntiandis proximis focus socialibus et traditis culturalibus argumentis. Ephemerides Sinenses in 17 regionibus inter septentrionales, Europam, Australiam et Asiam divulgata sunt. Sinae nuntium, continentem Sinarum nuntium, intus nuntium, media Sinica, nuntium commentarium, negotia current, rebus oeconomicis, disputatio, historia, cultura, valetudo,…",China,ECA,Asia,usgs
022709649baf669f7ae1a61270e4bd65,2025-12-09T10:42:55Z,Snow&Ice,,www.faz.net,de,0.8,Ärger vor Winter-Olympia: „Ich bin einfach nur sprachlos“,Wenige Wochen vor dem Beginn der Olympischen Winterspiele in Italien sorgen Eishallen und ihr Eis für Ärger. Ein deutscher Nationalspieler wird deutlich. Und aus der NHL ertönt sogar eine Drohung.,https://www.faz.net/aktuell/sport/wintersport/olympische-winterspiele-2026-nico-sturm-und-nhl-kritisieren-eis-und-hallen-accg-200339597.html,https://media0.faz.net/image/w1200h627/ce6a26ec72ac/w3306h1727x364y692o/202512/43601.0.1564595885/willkuerlich-deutschlands.webp,,Knapp zwei Monate vor dem Start der Olympischen Winterspiele in Mailand und Cortina d'Ampezzo sorgt das Eis in den Arenen für die Eishockey-Turniere für großen Wirbel. Wenn die Spieler das Eis für un… [+1947 chars],"Trouble before the Winter Olympics: “I’m just speechless”. A few weeks before the start of the Winter Olympics in Italy, ice rinks and their ice are causing trouble. A German national player becomes clear. And there is even a threat from the NHL.",Ärger vor Winter-Olympia: „Ich bin einfach nur sprachlos“. Wenige Wochen vor dem Beginn der Olympischen Winterspiele in Italien sorgen Eishallen und ihr Eis für Ärger. Ein deutscher Nationalspieler wird deutlich. Und aus der NHL ertönt sogar eine Drohung.,"Tribula ante Olympia Hiemalia: ""Mox mutus sum"". Aliquot septimanas ante initium Olympia hiemalis in Italia, glaciei rinks et glaciei molestiam faciunt. Clarum fit cereus nationalis Germanicus. Etiam ac metus ex NHL.",Italy,MED,Europe,wmo
b728afa5a1378b511c1ef59d17e6a036,2025-12-09T10:56:20Z,Cold Wave,,36kr.com,zh,0.2,氪星晚报｜鸿蒙智行问界、智界、享界、尊界、尚界宣布全面深化战略合作；中国贸促会会长率中国企业家代表团访美；我国成功发射遥感四十七号卫星,"大公司：
 山姆回应“麻薯盒内出现活鼠”：初步判断在取货点放置期间被偶然侵入
 12月9日，“深圳山姆极速达麻薯盒内出现活鼠”的消息引发热议。山姆回应称，收到相关反馈后，已第一时间联动专业虫害公司开展全链路核查。山姆一直执行严格的虫害消杀制度。经回溯商品制作、包装、仓库上架、拣货等环节的巡查记录与仓内监控视频，均未发现虫害痕迹或异常。综合商品制作、储运环节的虫害检查结果和第三方虫害技术人员鉴定结果，初步判断商品系在取货点放置期间，被周边虫害偶然侵入所致。目前，山姆已与消费者及时沟通并妥善解决。
 阿里成立千问C端…",https://36kr.com/p/3588167604584710,"https://img.36krcdn.com/hsossms/20251209/v2_10ac608516cb4718877d8d4484f1f6f7@5773172_oswg130557oswg1053oswg495_img_jpg?x-oss-process=image/resize,m_mfit,w_600,h_400,limit_0/crop,w_600,h_400,g_center",,"129
C
CAppAIUCCAppAIAIPCAI
36128
MINISO LAND 
362025MAPIC AwardsIPMINISO LAND MINISOMINISO FRIENDS2025
36
Relation17
129Relation TherapeuticsRelation5500Relation17
Blue Current8000
128Blue … [+326 chars]","Krypton Evening News｜Hongmeng Zhixing Wenjie, Zhijie, Xiangjie, Zunjie, and Shangjie announced a comprehensive deepening of strategic cooperation; the chairman of the China Council for the Promotion of International Trade led a delegation of Chinese entrepreneurs to visit the United States; my country successfully launched the Remote Sensing 47 satellite. Major companies: Sam's response to ""live mice appeared in the mochi box"": Preliminary judgment was that it was accidentally invaded during the pickup point. On December 9, the news that ""a live rat appeared in the mochi box of Shenzhen Sam's Express"" sparked heated discussion. Sam responded that after receiving relevant feedback, it immediately linked up with a professional pest company to carry out full-link verification. Sam has always implemented a strict pest control regime. After reviewing the inspection records and warehouse surveillance videos of product production, packaging, warehouse shelving, and picking, no traces of pests or abnormalities were found. Based on the inspection results of pests during the production, storage and transportation of the product and the identification results of third-party pest technicians, it was initially determined that the product was accidentally invaded by surrounding pests while being placed at the pick-up point. At present, Sam has communicated with consumers in a timely manner and properly resolved the issue. Alibaba established Qianwen C-side...","Krypton Evening News｜Hongmeng Zhixing Wenjie, Zhijie, Xiangjie, Zunjie und Shangjie kündigten eine umfassende Vertiefung der strategischen Zusammenarbeit an; der Vorsitzende des China Council for the Promotion of International Trade führte eine Delegation chinesischer Unternehmer zu einem Besuch in den Vereinigten Staaten; China hat den Satelliten Remote Sensing 47 erfolgreich gestartet. Große Unternehmen:
 Sams Antwort auf „Eine lebende Ratte tauchte in der Mochi-Box auf“: Nach vorläufiger Einschätzung wurde während der Platzierung am Abholpunkt versehentlich in sie eingedrungen.
 Am 9. Dezember löste die Nachricht, dass „eine lebende Ratte in der Mochi-Box von Sam's Speedy in Shenzhen aufgetaucht ist“, eine hitzige Diskussion aus. Sam antwortete, dass das Unternehmen nach Erhalt relevanter Rückmeldungen sofort Kontakt zu einem professionellen Schädlingsbekämpfungsunternehmen aufgenommen habe, um eine vollständige Linküberprüfung durchzuführen. Sam hat stets ein strenges Schädlingsbekämpfungssystem eingeführt. Nach Durchsicht der Inspektionsaufzeichnungen und Lagerüberwachungsvideos der Produktproduktion, der Verpackung, der Lagerregale und der Kommissionierung wurden keine Spuren von Schädlingen oder Anomalien gefunden. Basierend auf den Inspektionsergebnissen von Schädlingen während der Produktion, Lagerung und dem Transport des Produkts sowie den Identifizierungsergebnissen externer Schädlingstechniker wurde zunächst festgestellt, dass das Produkt versehentlich von umliegenden Schädlingen befallen wurde, während es am Abholpunkt platziert wurde. Derzeit hat Sam zeitnah mit den Verbrauchern kommuniziert und das Problem ordnungsgemäß gelöst.
 Alibaba gründete Qianwen C-Seite ...","Krypton Vespera News｜Hongmeng Zhixing Wenjie, Zhijie, Xiangjie, Zunjie, et Shangjie nuntiatum comprehensive altiorem cooperationem opportuna; praeses Consilii Sinarum ad Promotionem Internationalis Commercii delegationem lacus Sinensium ad Civitates Americae Unitas visitandas duxit; my country successfully launched the remote Sensing 47 satelles. Maiores societates: responsum Sam ""mures vivere in mochi arca apparuit"": Praeiudicium praevium fuit quod casu RAPINA punctum invasit. Die IX mensis Decembris nuntium ""ratem vivam"" apparuit in arca mochi Shenzhen Sam's Express"" disceptationem calefactam commovit. Sam respondit se, acceptis propositis pertinentibus, statim coniunctum cum societate pestis professionalis ad verificationem plenae paginae perficiendam. Sam severam pestem imperium regimen semper implevit. Post inspectis monumentis et horreis custodias productorum productorum, fasciculorum, horreorum devectorum, ac legendorum, nulla vestigia pestium aut abnormitatum inventa sunt. Ex inspectione proventuum pestium in productione, repositione et translatione producti et identificatio eventus tertiae factionis technicae pestis, initio statutum fuit, casualiter factum esse invasum a pestibus circumiacentibus, cum ad punctum pick-poneretur. Nunc, Sam cum usoribus opportune modo communicavit ac rite rem resolvit. Alibaba Qianwen C latere instituit ...",China,EAS,Asia,wmo
fe948605649e6787b5bd8566d44953b4,2025-12-09T12:31:15Z,Cold Wave,,hk.news.yahoo.com,zh,0.2,首批 Gemini AI 眼鏡預計 2026 年上市，Samsung、XREAL、Gentle Monster 搶攻 Android XR,"<ol><li>Yahoo新聞</li><li>Tech</li><li>首批 Gemini AI 眼鏡預計 2026 年上市，Samsung、XREAL、Gentle Monster 搶攻 Android XR</li></ol>
首批 Gemini AI 眼鏡預計 2026 年上市，Samsung、XREAL、Gentle Monster 搶攻 Android XR
Google 今日透過《The Android Show》XR 特輯展示了一系列未來 Android XR 裝置將搭載的新功能，根據其計畫，…",https://hk.news.yahoo.com/%E9%A6%96%E6%89%B9-gemini-ai-%E7%9C%BC%E9%8F%A1%E9%A0%90%E8%A8%88-2026-%E5%B9%B4%E4%B8%8A%E5%B8%82%EF%BC%8Csamsung%E3%80%81xreal%E3%80%81gentle-monster-%E6%90%B6%E6%94%BB-android-xr-123114690.html,https://s.yimg.com/ny/api/res/1.2/WxVvFps4kJzuFCW3VAeURg--/YXBwaWQ9aGlnaGxhbmRlcjt3PTEyMDA7aD02MzI-/https://s.yimg.com/os/creatr-uploaded-images/2025-12/b61e7fd0-d4fa-11f0-b7cb-fe1029a94484,,",(01810.HK),,,,,,;,,,,,;,,,,,,,,,,,,
infocast 1",,,"Prima Geminorum vitrum AI massa anno 2026 deducenda expectatur, et Samsung, XREAL, et Mitis Monstrum ad impetum Android XR ruunt. <ol><li>Yahoo Nuntii</li><li>Tech</li><li> Prima Geminorum AI specula speculatoria anno 2026 deducenda expectantur, et Samsung, XREAL et Benigna Monstrum ruunt ad impetum Android XR</li></ol>
Prima Geminorum batchrum AI specula exspectantur ut anno 2026, Samsung, XREAL, Benigna monstrum ruunt ad Android XR.
Google hodie usus ""The Android Show"" XR specialem ostendet seriem notarum novarum quae in futuris Android XR artibus instruentur. Iuxta consilia eius...",China,EAS,Asia,wmo
95a4967f963c3dbfc4af5b269fdf6121,2025-12-10T03:10:22Z,Cold Wave,,36kr.com,zh,0.2,哈工大技术成果转化，打破超隔热材料国际封锁，「埃尔默」完成数千万元天使轮融资 | 36氪首发,"文 | 张冰冰
 编辑 | 阿至
 36氪获悉，苏州埃尔默科技有限公司（以下简称「埃尔默」）近日宣布完成数千万元天使轮融资，投资方为纳川资本、陕西金控、吴中金控、苏州太旺，资金将主要用于产品研发及扩大产能。
 「埃尔默」成立于2024年8月，依托哈尔滨工业大学进行成果转化，主要产品为新型柔性纳米陶瓷纤维超隔热材料，在隔热性、热稳性、柔韧性及轻质性等方面具有优势，可应用于高温窑炉、新能源电池、航天航空等领域。
 「埃尔默」核心技术源于哈尔滨工业大学徐翔教授团队，组建了涵盖千人专家、国家级青年人才、博士的研发团队，产…",https://36kr.com/p/3589104354738435,https://img.36krcdn.com/hsossms/20251210/v2_ff534f7b230e4bd0a4e0e347273164b6@16805102_oswg30884oswg600oswg400_img_jpg,http://web.archive.org/web/20251219230735/https://36kr.com/p/3589104354738435,"| 
 | 
36
20248
1000°C
1400
140095%50%360°
14001000&lt;0.1W/mK
14001400 1200 
140010-100 mg/cm³
2025
14001600160018001800140016001800
20%-30%4-5
1kg
1-2mm2
2025712006002027
36
36wang… [+29 chars]","The transformation of Harbin Institute of Technology’s technological achievements broke the international blockade of super insulation materials, and “Elmer” completed tens of millions of yuan in angel round financing | 36 Krypton first release. Text | Zhang Bingbing
 Editor | A Zhi
 36Kr learned that Suzhou Elmer Technology Co., Ltd. (hereinafter referred to as ""Elmer"") recently announced the completion of tens of millions of yuan in angel round financing. The investors are Nachuan Capital, Shaanxi Financial Holdings, Wuzhong Financial Holdings, and Suzhou Taiwang. The funds will be mainly used for product research and development and expansion of production capacity.
 ""Elmer"" was established in August 2024, relying on Harbin Institute of Technology to transform its results. Its main product is a new type of flexible nano-ceramic fiber super insulation material, which has advantages in thermal insulation, thermal stability, flexibility and lightweight, and can be used in high-temperature kilns, new energy batteries, aerospace and other fields.
 The core technology of ""Elmo"" originated from the team of Professor Xu Xiang of Harbin Institute of Technology. It has established a research and development team consisting of thousands of experts, national-level young talents, and Ph.D.s. The product...","Die Transformation der technologischen Errungenschaften des Harbin Institute of Technology durchbrach die internationale Blockade von Superisolationsmaterialien und „Elmer“ schloss eine Angel-Runden-Finanzierung in Höhe von mehreren zehn Millionen Yuan ab | 36 Krypton erste Veröffentlichung. Text | Zhang Bingbing
 Herausgeber | Ein Zhi
 36Kr erfuhr, dass Suzhou Elmer Technology Co., Ltd. (im Folgenden „Elmer“ genannt) kürzlich den Abschluss einer Angel-Runden-Finanzierung in Höhe von mehreren zehn Millionen Yuan bekannt gegeben hat. Die Investoren sind Nachuan Capital, Shaanxi Financial Holdings, Wuzhong Financial Holdings und Suzhou Taiwang. Die Mittel werden hauptsächlich für die Produktforschung und -entwicklung sowie den Ausbau der Produktionskapazitäten verwendet.
 „Elmer“ wurde im August 2024 gegründet und verlässt sich bei der Transformation seiner Ergebnisse auf das Harbin Institute of Technology. Sein Hauptprodukt ist ein neuartiges flexibles Nanokeramikfaser-Superisolationsmaterial, das Vorteile in Bezug auf Wärmedämmung, thermische Stabilität, Flexibilität und geringes Gewicht bietet und in Hochtemperaturöfen, neuen Energiebatterien, der Luft- und Raumfahrt und anderen Bereichen eingesetzt werden kann.
 Die Kerntechnologie von „Elmo“ stammt vom Team von Professor Xu Xiang vom Harbin Institute of Technology. Es hat ein Forschungs- und Entwicklungsteam aufgebaut, das aus Tausenden von Experten, jungen Talenten auf nationaler Ebene und Doktoranden besteht. Das Produkt...",,China,EAS,Asia,wmo
3efe3cd0c104f7097d32fc1fc529195a,2025-12-10T05:30:00Z,Storm,,www.independent.ie,en,0.8,"Storm Bram brings misery as thousands hit by power cuts, flooding and travel disruption with gusts of up to 120kmh","Storm Bram caused misery across Ireland yesterday as almost 60,000 premises were left without power at the height of the storm and thousands of commuters were hit by cancelled flights, ferries and trains as well as road closures.",https://www.independent.ie/irish-news/storm-bram-brings-misery-as-thousands-hit-by-power-cuts-flooding-and-travel-disruption-with-gusts-of-up-to-120kmh/a133781220.html,https://focus.independent.ie/thumbor/5T-XRX-giZ_srO39lbXdStcgN8M=/60x0:735x450/629x0/prod-mh-ireland/0568b5ec-6c12-47d6-bdf4-de08d74a4f99/a5fc1263-3bdd-4f98-bbf4-63349ba7cc0d/video/video.jpg,http://web.archive.org/web/20251210054037/https://www.independent.ie/irish-news/storm-bram-brings-misery-as-thousands-hit-by-power-cuts-flooding-and-travel-disruption-with-gusts-of-up-to-120kmh/a133781220.html,"Storm Bram caused misery across Ireland yesterday as almost 60,000 premises were left without power at the height of the storm and thousands of commuters were hit by cancelled flights, ferries and tr… [+4743 chars]","Storm Bram brings misery as thousands hit by power cuts, flooding and travel disruption with gusts of up to 120kmh. Storm Bram caused misery across Ireland yesterday as almost 60,000 premises were left without power at the height of the storm and thousands of commuters were hit by cancelled flights, ferries and trains as well as road closures.","Sturm Bram bringt Elend mit sich, da Tausende von Stromausfällen, Überschwemmungen und Reiseunterbrechungen mit Böen von bis zu 120 km/h betroffen sind. Sturm Bram verursachte gestern in ganz Irland Elend, da auf dem Höhepunkt des Sturms fast 60.000 Gebäude ohne Strom blieben und Tausende Pendler von annullierten Flügen, Fähren und Zügen sowie Straßensperrungen betroffen waren.","Tempestas Bram miseriam affert quam mille ictus potentiae secat, inundans et iter discidium cum procellis usque ad 120kmh. Tempestas Bram trans Hiberniam miserrimam effecit heri cum fere 60.000 praemissis sine potestate in summa tempestatis relicti ac mille commutrarum volatus, vecturae et impedimenta necnon viarum clausuras elisae sunt.",Ireland,NEU,Europe,wmo
a4e2476292e2b3f0e56198ae9a5ac752,2025-12-10T06:30:37Z,Snow&Ice,,www.zeit.de,de,0.8,Italien: Zu wenig Neuschnee in Alpen: Schnee mit dem Hubschrauber,Hier finden Sie Informationen zu dem Thema „Italien“. Lesen Sie jetzt „Zu wenig Neuschnee in Alpen: Schnee mit dem Hubschrauber“.,https://www.zeit.de/news/2025-12/10/zu-wenig-neuschnee-in-alpen-schnee-mit-dem-hubschrauber,https://img.zeit.de/news/2025-12/10/zu-wenig-neuschnee-in-alpen-schnee-mit-dem-hubschrauber-image-group/wide__1300x731,,"Mangels Neuschnee ist in den italienischen Alpen Schnee mit dem Hubschrauber eingeflogen worden. Am Hausberg der norditalienischen Stadt Trient, dem Monte Bondone, wurde Schnee mit etwa 40 Flügen aus… [+1658 chars]",Italy: Too little fresh snow in the Alps: snow by helicopter. Here you will find information on the topic of “Italy”. Now read “Too little fresh snow in the Alps: snow by helicopter”.,Italien: Zu wenig Neuschnee in Alpen: Schnee mit dem Hubschrauber. Hier finden Sie Informationen zu dem Thema „Italien“. Lesen Sie jetzt „Zu wenig Neuschnee in Alpen: Schnee mit dem Hubschrauber“.,"Italia: Parum recens nix in Alpibus: nix helicopter. Hic informationes invenies in argumento ""Italiae"". Nunc lege ""Minima nix in Alpibus recens: nix per helicopterum"".",Italy,MED,Europe,wmo
4c38f9e609a0cea61a167c8e5f5d0f66,2025-12-10T06:31:45Z,Snow&Ice,,www.tagesspiegel.de,de,0.8,Italien: Zu wenig Neuschnee in Alpen: Schnee mit dem Hubschrauber,An Schneekanonen hat man sich in den Alpen gewöhnt. Mangels Neuschnee bringt ein Skigebiet in Italien jetzt auch Helikopter zum Einsatz. Umweltschützer sind empört.,https://www.tagesspiegel.de/gesellschaft/panorama/italien-zu-wenig-neuschnee-in-alpen-schnee-mit-dem-hubschrauber-15035920.html,https://www.tagesspiegel.de/images/15035919/alternates/BASE_16_9_W1400/1765348304000/hubschrauber-in-italien.jpeg,http://web.archive.org/web/20251210102003/https://www.tagesspiegel.de/gesellschaft/panorama/italien-zu-wenig-neuschnee-in-alpen-schnee-mit-dem-hubschrauber-15035920.html,"Mangels Neuschnee ist in den italienischen Alpen Schnee mit dem Hubschrauber eingeflogen worden. Am Hausberg der norditalienischen Stadt Trient, dem Monte Bondone, wurde Schnee mit etwa 40 Flügen aus… [+1710 chars]","Italy: Too little fresh snow in the Alps: snow by helicopter. People in the Alps have gotten used to snow cannons. Due to a lack of fresh snow, a ski resort in Italy is now using helicopters. Environmentalists are outraged.",Italien: Zu wenig Neuschnee in Alpen: Schnee mit dem Hubschrauber. An Schneekanonen hat man sich in den Alpen gewöhnt. Mangels Neuschnee bringt ein Skigebiet in Italien jetzt auch Helikopter zum Einsatz. Umweltschützer sind empört.,"Italia: Parum recens nix in Alpibus: nix helicopter. Homines in Alpibus tormentis nivalibus usi sunt. Ob defectum nivis recentis, ski in Italia helicopteris nunc utens est. Environmentalists violantur.",Italy,MED,Europe,wmo
cfa76e8cf091b29fe2a084dd496a9fec,2025-12-10T06:35:36Z,Snow&Ice,,orf.at,de,0.8,Italien fliegt für Alpen Schnee mit Hubschrauber ein,,https://orf.at/stories/3413954/,https://orf.at/mojo/1_4_1/storyserver//news/common/images/og-fallback-news.png,,"Mangels Neuschnee ist in den italienischen Alpen Schnee mit dem Hubschrauber eingeflogen worden. Am Hausberg der norditalienischen Stadt Trient, dem Monte Bondone, wurde Schnee mit etwa 40 Flügen aus… [+866 chars]",Italy flies in snow for the Alps by helicopter. None,Italien fliegt für Alpen Schnee mit Hubschrauber ein. None,Italia nix ad Alpes per helicopterum volat. Nullus,Italy,MED,Europe,wmo
62e620b4c7fb847da431db6eec829458,2025-12-10T07:16:32Z,Snow&Ice,,www.n-tv.de,de,0.8,Zu wenig Neuschnee: Italien fliegt Schnee per Helikopter auf die Pisten,Die Wintersport-Saison in den Alpen ist für viele Regionen eine der wichtigsten Einnahmequellen. Seit Jahren fällt aber zu wenig Schnee für weiße Pisten. In Trient greifen Betreiber deswegen zu ungewöhnlichen Mitteln. Die Methode stößt auf Kritik.,https://www.n-tv.de/panorama/Italien-fliegt-Schnee-per-Helikopter-auf-die-Pisten-id30125142.html,https://www.n-tv.de/img/30125177/1765353663/Img_16_9/1200/Ein-Hubschrauber-der-Bergrettung-fliegt-auf-der-Suche-nach-zwei-vermissten-Bergsteigern-vor-dem-mit-Schnee-bedeckten-Ortler-Gebirge-Nach-dem-Tod-von-mindestens-drei-deutschen-Bergsteigern-bei-einem-Lawinenunglueck-in-Suedtirol-ist-die-Suche-nach-zwei-Vermissten-wieder-aufgenommen-worden.jpg,http://web.archive.org/web/20251211045903/https://www.n-tv.de/panorama/Italien-fliegt-Schnee-per-Helikopter-auf-die-Pisten-id30125142.html,"In den italienischen Alpen wurde die Skisaison bereits im vergangenen Monat eröffnet. (Foto: picture alliance/dpa)
Die Wintersport-Saison in den Alpen ist für viele Regionen eine der wichtigsten Ein… [+1942 chars]","Too little fresh snow: Italy flies snow onto the slopes by helicopter. The winter sports season in the Alps is one of the most important sources of income for many regions. But for years there hasn't been enough snow for white slopes. In Trento, operators are resorting to unusual measures. The method is met with criticism.",Zu wenig Neuschnee: Italien fliegt Schnee per Helikopter auf die Pisten. Die Wintersport-Saison in den Alpen ist für viele Regionen eine der wichtigsten Einnahmequellen. Seit Jahren fällt aber zu wenig Schnee für weiße Pisten. In Trient greifen Betreiber deswegen zu ungewöhnlichen Mitteln. Die Methode stößt auf Kritik.,"Parum recens nix: Italia nix in devexa per helicopterum volat. Ludis hibernis tempore in Alpibus est unus ex maximis vectigalibus per multas regiones. Sed per annos nix alba clivis satis non fuit. In Tridento, operarii inusitatis remediis confluunt. Modus reprehensionis occurrit.",Italy,MED,Europe,wmo
3c97a30ea8bf04d3941fdd6d0418d208,2025-12-10T07:43:00Z,Cold Wave,,consent.yahoo.com,zh,0.2,新寒潮！壺口瀑布冬日限定 黃河現流淩冰掛,中國將迎來入冬以來的最強雨雪天，陝西黃河的壺口瀑布出現流淩跟冰掛的交織美景，在東北的戶外，如同大型冷凍庫，豆皮凍成「冰刀」，用來切水果。 滾滾瀑布奔騰直下濺起大量水霧在陽光照射下，形成彩虹高掛，但仔細看河面上已經出現冰晶流淩，這是中國陝西黃河的壺口瀑布，受到近日新一輪的寒潮影響，沿岸邊河水凍成冰掛層層堆疊，壯觀瀑布和晶瑩冰掛，組成壺口瀑布最美的冬日限定景致。 沿著黃河到內蒙古則是另外一番美景，流淩在河面上漂泊蕩漾隨著水流朝遠方推進，伴隨成群的赤麻鴨舞動翅膀飛越，展現冬日中大自然的生命力。 黑龍江民眾：「像不像壁紙…,https://consent.yahoo.com/v2/collectConsent?sessionId=1_cc-session_5eb11aa9-87c7-469d-9494-b1d61984a8b7,,,"If you click 'Accept all', we and our partners, including 241 who are part of the IAB Transparency &amp; Consent Framework, will also store and/or access information on a device (in other words, use … [+714 chars]",,,,China,EAS,Asia,wmo
0b02b842fb58cdbf4e68221bc9f5351e,2025-12-10T09:14:51Z,Earthquake,,www.secretchina.com,zh,0.7,上海天空惊现“地震云”？ 专家否定惹议(组图),"12月9日晚，中国社交媒体平台多名上海博主发布视频，指上海天空出现“地震云”，并担心会发生地震。江苏、浙江也有博主晒出“地震云”的视频，但专家否认是地震云并称“无稽之谈”，引发网民嘲讽。 新闻 上海 - 看中国》是总部设于美国、以复兴传统中华文化为理念的独立媒体。自2001年起，坚持报道最新社会焦点和传统文化专题，中文报纸已在北美、欧洲、澳洲、亚洲等17个国家发行。中国新闻,中国大陆新闻,内幕新闻,中文媒体,新闻评论,时事,财经,博谈,历史,文化,养生,娱乐,奇闻。",https://www.secretchina.com/news/gb/2025/12/10/1091852.html,https://img6.secretchina.com/pic/2025/12-10/p3711261a61937237-ss.jpg,http://web.archive.org/web/20251210101045/https://www.secretchina.com/news/gb/2025/12/10/1091852.html,Copyright © 2001 - Kanzhongguo.com All Rights Reserved.,"""Earthquake cloud"" appears in Shanghai sky? Experts deny the possibility (photo). On the evening of December 9, several Shanghai bloggers on Chinese social media platforms posted videos saying that ""earthquake clouds"" appeared in the sky over Shanghai, and they were worried that an earthquake would occur. There were also bloggers in Jiangsu and Zhejiang who posted videos of ""earthquake clouds"", but experts denied that it was an earthquake cloud and called it ""nonsense,"" which triggered ridicule from netizens. News Shanghai - See China is an independent media based in the United States with the concept of reviving traditional Chinese culture. Since 2001, it has insisted on reporting on the latest social focus and traditional cultural topics. Chinese newspapers have been published in 17 countries including North America, Europe, Australia, and Asia. China news, mainland China news, inside news, Chinese media, news commentary, current affairs, finance, talk, history, culture, health, entertainment, anecdotes.","„Erdbebenwolke“ erscheint am Himmel von Shanghai? Experten bestreiten die Möglichkeit (Foto). Am Abend des 9. Dezember veröffentlichten mehrere Shanghaier Blogger auf chinesischen Social-Media-Plattformen Videos, in denen es hieß, dass „Erdbebenwolken“ am Himmel über Shanghai auftauchten, und sie befürchteten, dass es zu einem Erdbeben kommen würde. Es gab auch Blogger in Jiangsu und Zhejiang, die Videos von „Erdbebenwolken“ veröffentlichten, aber Experten bestritten, dass es sich um eine Erdbebenwolke handelte, und nannten sie „Unsinn“, was bei den Internetnutzern Spott auslöste. News Shanghai – See China ist ein unabhängiges Medium mit Sitz in den Vereinigten Staaten und dem Konzept, die traditionelle chinesische Kultur wiederzubeleben. Seit 2001 legt es besonderen Wert auf die Berichterstattung über aktuelle gesellschaftliche Schwerpunkte und traditionelle Kulturthemen. Chinesische Zeitungen wurden in 17 Ländern veröffentlicht, darunter Nordamerika, Europa, Australien und Asien. China-Nachrichten, Nachrichten aus Festlandchina, Insider-Nachrichten, chinesische Medien, Nachrichtenkommentare, aktuelle Ereignisse, Finanzen, Gespräche, Geschichte, Kultur, Gesundheit, Unterhaltung, Anekdoten.","""Terrae motus nubes"" in Shanghai caelo apparet? Periti nega facultatem (photo). Vespere Decembris IX, complures Shanghai bloggers in Sinensium socialis instrumentis suggestis missis videos dicentes ""nubes terrae"" in caelo super Shanghai apparuisse, et solliciti sunt ne terrae motus fieret. Etiam bloggers in Jiangsu et Zhejiang erant qui imagines ""terrae motuum nubium"" missae sunt, sed periti negaverunt nubem terrae motus esse et eam ""nugias"" appellaverunt, quae ludibrium a reticulis urguebant. News Shanghai - Vultus in Sinis est media independentia fundata in Civitatibus Foederatis cum notione renovationis culturae traditae Sinicae. Ab anno MMI, inculcavit in nuntiandis proximis focus socialibus et traditis culturalibus argumentis. Ephemerides Sinenses in 17 regionibus inter septentrionales, Europam, Australiam et Asiam divulgata sunt. Sinae nuntium, continentem Sinarum nuntium, intus nuntium, media Sinensium, nuntium commentarium, negotia currentem, oeconomicum, sermonem, historiam, culturam, salutem, oblectationem, anecdota.",China,ECA,Asia,usgs
3eb1459dab2062470f2668de7545693f,2025-12-11T02:31:54Z,Cold Wave,,www.geekpark.net,zh,0.25,AI 时代的超级个体，正在小红书上寻找自己的绿洲,"整理｜徐珊 
编辑｜ 郑玄
2025 年，AI 浪潮带来的不只是技术奇点，更是一场深刻的、直击灵魂的个体觉醒。
我们曾以为，伟大的创新者总是那些孤独的探索者，一个人在冰冷的算法世界里艰难前行。但在这场宏大的变革中，一切似乎有些不同，我们发现了：超级个体的成长，从来不是一场孤立的硬核探索之路，而是创造者们与用户之间的「双向奔赴」。
AI 将生产要素变得极度低廉，一个人的力量足以顶替过去一个团队的效率。它推倒了曾经高耸的技术壁垒，同时也让所有创新者直面一个拷问灵魂的问题： 「在技术不设防的时代，我的价值，我的护城河，…",https://www.geekpark.net/news/357900,https://imgslim.geekpark.net/uploads/image/file/08/e2/08e21ad3c0b4218b50d58155928d2953.jpg,http://web.archive.org/web/20251215214613/https://www.geekpark.net/news/357900,"2025 AI 
AI 
Plan Coach AI APP 26 1000 
 AI APP
Macaron AI AI AI 
 Native 5 AI 
AI 
IF 2026 AI 
01 
Ask Me Anything 
Koji AMAAsk Me AnythingAMA 
i 
AMA Reddit 
Ask Me Anything AI AI 
 A… [+1280 chars]",,"Supermenschen im KI-Zeitalter suchen auf Xiaohongshu ihre eigene Oase. Organisiert | Xu Shan
Herausgeber | Zheng Xuan
Im Jahr 2025 wird die KI-Welle nicht nur eine technologische Einzigartigkeit mit sich bringen, sondern auch ein tiefgreifendes individuelles Erwachen, das die Seele direkt berührt.
Wir dachten einmal, dass große Innovatoren immer einsame Entdecker seien, die allein in der kalten Welt der Algorithmen kämpfen. Aber in dieser großen Transformation scheint alles ein wenig anders zu sein. Wir haben herausgefunden, dass das Wachstum von Super-Individuen nie eine isolierte Hardcore-Erkundung war, sondern ein „wechselseitiger Ansturm“ zwischen Schöpfern und Nutzern.
KI hat Produktionsfaktoren extrem billig gemacht und die Leistung einer Person reichte aus, um die Effizienz eines Teams in der Vergangenheit zu ersetzen. Es hat einst gewaltige technische Barrieren niedergerissen und gleichzeitig alle Innovatoren vor eine Frage gestellt, die ihnen in der Seele quält: „In einer Zeit, in der die Technologie nicht verteidigt wird, sind mein Wert, mein Burggraben …“",,China,EAS,Asia,wmo
e9587a3611233a0b5326497facecf85b,2025-12-11T06:19:48Z,Cold Wave,,www.geekpark.net,zh,0.25,2026 硬件觉醒：AI 硬件迎来「安卓时刻」,"作者｜汤一涛 
编辑｜ 靖宇
北京 798 艺术区，当《钢铁侠》中贾维斯的经典片段再次投射在巨幕上时，台下观众的眼神里既有对终极智能的向往，也有一丝熟悉的审慎——类似的场景在过去数年的科技发布会上反复上演，但现实中的 AI 硬件，似乎总与那个理想形态隔着一层无法逾越的技术冰墙。

在 IF 2026 的舞台上，无界方舟联合创始人小乔的分享，选择以攀登者的身份直面现实、解决行业难题。
她指出，尽管 2025 年被誉为 AI 硬件的「第二波浪潮元年」，各种形态的桌面机器人、陪伴硬件、可穿戴设备和具身智能层出不穷，但成…",https://www.geekpark.net/news/357920,https://imgslim.geekpark.net/uploads/image/file/72/82/7282d39ae3a30feba2a9b35294fabfd7.jpg,http://web.archive.org/web/20251219012425/https://www.geekpark.net/news/357920,"798 —— AI 
IF 2026 
 2025 AI PMF AI ——
AI 
EVA OS—— AI 
EVA OS —— 
01 
EVA OS 
EVA OS 
EVA OS AI 
EVA OS 
EVA OS —— 
EVA OS API/MCP Computer Use/Mobile Use GUI EVA OS AI 
 EVA OS APP 
E… [+538 chars]",,,,China,EAS,Asia,wmo
8d25851940dde91e45b863c98e7441c4,2025-12-11T14:09:38Z,Snow&Ice,,www.n-tv.de,de,0.8,Frühlingshafter Dezember: Weiße Weihnachten fallen voraussichtlich aus,"In Wintermontur kamen in Deutschland in den vergangenen Tagen viele ins Schwitzen. Bei dem vergleichsweise warmen Wetter wird es erst einmal bleiben, sagt ntv-Meteorologe Alexander. Und auch wenn es zu den Festtagen etwas abkühlen könnte: Mit Schnee rechnen d…",https://www.n-tv.de/panorama/Weisse-Weihnachten-fallen-voraussichtlich-aus-id30131964.html,https://www.n-tv.de/img/30131989/1765460863/Img_16_9/1200/07-12-2025-Baden-Wuerttemberg-Ertingen-Maenner-und-eine-Frau-mit-Nikolausmuetzen-baden-bei-einstelligen-Temperaturen-im-Schwarzachtalsee-Im-Hintergrund-schwimmt-ein-Weihnachtsbaum-auf-einer-Boje.jpg,http://web.archive.org/web/20251211213514/https://www.n-tv.de/panorama/Weisse-Weihnachten-fallen-voraussichtlich-aus-id30131964.html,"Für Dezember recht warm, ja. Aber eigentlich noch lange kein Grund, die Badehosen aus dem Schrank zu holen. (Foto: dpa)
In Wintermontur kamen in Deutschland in den vergangenen Tagen viele ins Schwit… [+3771 chars]","Spring-like December: White Christmas is expected to be cancelled. Many people in Germany have been sweating in winter gear over the past few days. The comparatively warm weather will remain for now, says ntv meteorologist Alexander. And even if it might cool down a bit during the holidays, expect snow...","Frühlingshafter Dezember: Weiße Weihnachten fallen voraussichtlich aus. In Wintermontur kamen in Deutschland in den vergangenen Tagen viele ins Schwitzen. Bei dem vergleichsweise warmen Wetter wird es erst einmal bleiben, sagt ntv-Meteorologe Alexander. Und auch wenn es zu den Festtagen etwas abkühlen könnte: Mit Schnee rechnen d…","Ver-sicut December: Nativitas Candidae expectatur cancellandae. Multi homines in Germania superiore paucos dies calces hiemales sudaverunt. Comparative tepidi temporis restabit, ntv astrologus dicit Alexander. Etiam si in diebus festis aliquid refrigeraret, nivem exspecta...",Germany,WCE,Europe,wmo
bde66067409a95428cd40595060648aa,2025-12-11T15:19:00Z,Cold Wave,,tw.news.yahoo.com,zh,0.2,新一波寒潮！ 陸立冬最強雨雪天 氣溫最多降16度,中國大陸迎來新一波寒潮，各地可能迎來立冬以來最強的雨雪天氣，預計部份地區氣溫最多驟降16度，河南已經出現暴雪，北京最高溫也只有零下3度，頤和園湖面提早結冰，新疆不僅整夜降雪，河面上也出現美麗冰花。 大風大霧的風吹雪天氣，讓道路的能見度降低，駕駛都必須減速慢行。中國新疆從10日開始大範圍雪，連續下了一整晚，影響各地交通出行。 新疆民眾：「這是咱們2025年裡面最大的一次（降雪），把帽子鞋子穿好，把手套戴好。」 央視新疆記者：「積雪厚度基本上超過了10公分，而路面的積雪又更厚了。」 大雪持續下，當地緊急出動十幾輛除雪…,https://tw.news.yahoo.com/%E6%96%B0-%E6%B3%A2%E5%AF%92%E6%BD%AE-%E9%99%B8%E7%AB%8B%E5%86%AC%E6%9C%80%E5%BC%B7%E9%9B%A8%E9%9B%AA%E5%A4%A9-%E6%B0%A3%E6%BA%AB%E6%9C%80%E5%A4%9A%E9%99%8D16%E5%BA%A6-151900768.html,https://media.zenfs.com/ko/ebc.net.tw/46d8251a89010f31144832a6dd2a42c3,http://web.archive.org/web/20251211155104/https://tw.news.yahoo.com/%E6%96%B0-%E6%B3%A2%E5%AF%92%E6%BD%AE-%E9%99%B8%E7%AB%8B%E5%86%AC%E6%9C%80%E5%BC%B7%E9%9B%A8%E9%9B%AA%E5%A4%A9-%E6%B0%A3%E6%BA%AB%E6%9C%80%E5%A4%9A%E9%99%8D16%E5%BA%A6-151900768.html,"[Newtalk] 13141610 1214182014172125 10Newtalk
 1 
1",,,,China,EAS,Asia,wmo
2642eb42577516a898f6fb32f7ea748e,2025-12-12T00:03:05Z,Flood,,www.lemonde.fr,fr,0.8,Des inondations aux Etats-Unis et au Canada conduisent des milliers d’habitants à évacuer,"Après des pluies diluviennes, des routes sont coupées, des quartiers résidentiels et des terres agricoles ont été submergés et la garde nationale a été mobilisée dans l’ouest de l’Amérique du Nord.",https://www.lemonde.fr/planete/article/2025/12/12/des-inondations-aux-etats-unis-et-au-canada-conduisent-des-milliers-d-habitants-a-evacuer_6656959_3244.html,https://img.lemde.fr/2025/12/11/0/312/3375/2250/1440/960/60/0/2eddfba_ftp-1-bfkahbxkzx1b-2025-12-11t205819z-342226891-rc2jeiaq2x4o-rtrmadp-3-north-america-weather.JPG,http://web.archive.org/web/20251212015715/https://www.lemonde.fr/planete/article/2025/12/12/des-inondations-aux-etats-unis-et-au-canada-conduisent-des-milliers-d-habitants-a-evacuer_6656959_3244.html,"Des zones inondées dans la ville de Sumas, dans lEtat de Washington, à la frontière entre les Etats-Unis et le Canada, le 11 décembre 2025. JESSE WINTER/REUTERS
Des dizaines de milliers de personnes… [+1696 chars]","Floods in the United States and Canada force thousands of residents to evacuate. After torrential rains, roads were cut, residential neighborhoods and farmland were submerged and the National Guard was mobilized across western North America.","Überschwemmungen in den USA und Kanada zwingen Tausende Einwohner zur Evakuierung. Nach heftigen Regenfällen wurden Straßen gesperrt, Wohnviertel und Ackerland überschwemmt und die Nationalgarde im gesamten Westen Nordamerikas mobilisiert.","Diluvia in Civitatibus Foederatis et in Canada vi milia incolarum decedere. Post imbres torrentes, viae abscissae, vicinitates residentiales et arvum demersae sunt, et custodia Nationalis trans Americam septentrionalem occidentalem conscribitur.",Canada,NEN,North-America,wmo
c78e5153e91e3e84add10297c125aaf2,2025-12-12T06:44:27Z,Flood,,www.lalibre.be,fr,0.8,D'importantes inondations aux Etats-Unis et au Canada: des milliers d'habitants évacués (VIDEOS),"Des dizaines de milliers de personnes étaient jeudi sous le coup d'un ordre d'évacuation dans l'ouest des Etats-Unis et du Canada, après plusieurs jours de fortes pluies qui ont fait déborder les cours d'eau. ...",https://www.lalibre.be/international/amerique/2025/12/12/dimportantes-inondations-aux-etats-unis-et-au-canada-des-milliers-dhabitants-evacues-videos-2ZVC2EJBHVDYRP3ELU43YWRCFU/,https://www.lalibre.be/resizer/v2/4M4W5HRJBZBGRCYDAUVIWQMYY4.jpg?auth=dc3f3abd6261e6ddcdec89d422f1f0caaf81dab39fd5559a32479e11a62c5926&width=1200&height=630&quality=85&focal=1926%2C1284,http://web.archive.org/web/20251212070328/https://www.lalibre.be/international/amerique/2025/12/12/dimportantes-inondations-aux-etats-unis-et-au-canada-des-milliers-dhabitants-evacues-videos-2ZVC2EJBHVDYRP3ELU43YWRCFU/,"Des dizaines de membres de la Garde nationale (un corps de réserve de l'armée) de l'Etat ont été mobilisés pour prêter main forte aux secours, et 200 autres étaient en route, a annoncé l'armée.
De l… [+731 chars]","Major floods in the United States and Canada: thousands of residents evacuated (VIDEOS). Tens of thousands of people were under evacuation orders in the western United States and Canada on Thursday, after several days of heavy rains which caused rivers to overflow. ...","Schwere Überschwemmungen in den USA und Kanada: Tausende Einwohner evakuiert (VIDEOS). Zehntausende Menschen standen am Donnerstag im Westen der USA und Kanadas unter Evakuierungsbefehl, nachdem mehrere Tage lang heftige Regenfälle stattgefunden hatten, die Flüsse über die Ufer traten. ...","Inundationes maiores in Civitatibus Foederatis et in Canada: milia incolarum excesserunt (VIDEOS). Decem milia hominum in Civitatibus Foederatis Americae occidentalis et die Iovis in Canada erant ordines decedere, post aliquot dies gravium imbrium quae flumina inundaverunt. ...",Canada,NEN,North-America,wmo
0c4a0a06622a4a85416bf370a0aa3cfa,2025-12-12T06:52:17Z,Flood,,www.bfmtv.com,fr,0.9,"D'importantes inondations aux États-Unis et au Canada, des dizaines de milliers d'habitants évacués","L'eau atteint les toits dans plusieurs villes de l'État de Washington, aux États-Unis, mais aussi dans l'ouest du Canada depuis ce jeudi 11 décembre en raison de fortes pluies.",https://www.bfmtv.com/international/amerique-nord/d-importantes-inondations-aux-etats-unis-et-au-canada-des-dizaines-de-milliers-d-habitants-evacues_AD-202512120205.html,https://images.bfmtv.com/rZr9fQCDQRjk5KTUCeLW2GL2wDQ=/0x0:2048x1152/2048x0/images/Les-images-des-inondations-dans-le-comte-de-Whatcom-dans-l-Etat-de-Washington-aux-Etats-Unis-2199749.jpg,http://web.archive.org/web/20251213104114/https://www.bfmtv.com/international/amerique-nord/d-importantes-inondations-aux-etats-unis-et-au-canada-des-dizaines-de-milliers-d-habitants-evacues_AD-202512120205.html,"L'eau atteint les toits dans plusieurs villes de l'État de Washington, aux États-Unis, mais aussi dans l'ouest du Canada depuis ce jeudi 11 décembre en raison de fortes pluies.
Des dizaines de milli… [+1819 chars]","Major floods in the United States and Canada, tens of thousands of residents evacuated. Water has reached the roofs in several cities in Washington State, in the United States, but also in western Canada since Thursday, December 11 due to heavy rain.","Schwere Überschwemmungen in den USA und Kanada, Zehntausende Einwohner wurden evakuiert. In mehreren Städten im US-Bundesstaat Washington, in den USA, aber auch im Westen Kanadas hat seit Donnerstag, dem 11. Dezember, aufgrund starker Regenfälle Wasser die Dächer erreicht.","Inundationes maiores in Civitatibus Foederatis et in Canada, decem milia incolarum emittuntur. Aqua tecta in compluribus urbibus Civitatis Washington in Civitatibus Foederatis attingit, sed etiam in Canada occidentali ab Iovis die 11 Decembris ob pluviam gravem.",Canada,NEN,North-America,wmo
8e7058f75d92e807297acf7ee2b3e821,2025-12-12T12:09:25Z,Snow&Ice,,www.tagesspiegel.de,de,0.8,Wetter im Advent: Dauergrau und mild: Von Winterwetter keine Spur,"Schnee ist nicht in Sicht, aber reichlich Nebel. Gibt es irgendwo in Deutschland die Chance auf Sonnenschein?",https://www.tagesspiegel.de/gesellschaft/panorama/wetter-im-advent-dauergrau-und-mild-von-winterwetter-keine-spur-15046019.html,https://www.tagesspiegel.de/images/15046018/alternates/BASE_16_9_W1400/1765541364000/wetter.jpeg,http://web.archive.org/web/20251214021113/https://www.tagesspiegel.de/gesellschaft/panorama/wetter-im-advent-dauergrau-und-mild-von-winterwetter-keine-spur-15046019.html,Auch am dritten Adventswochenende ist in Deutschland von winterlichem Wetter keine Spur zu entdecken. Der Deutsche Wetterdienst in Offenbach kündigte eine Fortsetzung der ungewöhnlich milden und über… [+894 chars],"Weather in Advent: Permanently gray and mild: no sign of winter weather. There is no snow in sight, but there is plenty of fog. Is there a chance of sunshine anywhere in Germany?","Wetter im Advent: Dauergrau und mild: Von Winterwetter keine Spur. Schnee ist nicht in Sicht, aber reichlich Nebel. Gibt es irgendwo in Deutschland die Chance auf Sonnenschein?","Tempestas in Adventu: Perpetuo cinerea et mitis: hiemis nulla tempestas. In conspectu nix nulla est, sed nebula multa est. Estne usquam solis in Germania facultas?",Germany,WCE,Europe,wmo
b629e69defc732a2f6e0017254f32869,2025-12-12T13:32:06Z,Fog,,www.tagesspiegel.de,de,0.8,Deutschland im Dauerherbst: Winter zeigt sich beim Wetter weiterhin nicht,"Deutschland erlebt weiter mildes Wetter statt Winterkälte. Allerdings prägen Nebel, Hochnebel und wenig Sonne die kommenden Tage. Zu Weihnachten sehen Experten derzeit zwei Optionen.",https://www.tagesspiegel.de/gesellschaft/panorama/deutschland-im-dauerherbst-winter-zeigt-sich-beim-wetter-weiterhin-nicht-15046314.html,https://www.tagesspiegel.de/images/15046243/alternates/BASE_16_9_W1400/1765544553000/sonne-in-munchen.jpeg,http://web.archive.org/web/20251212152703/https://www.tagesspiegel.de/gesellschaft/panorama/deutschland-im-dauerherbst-winter-zeigt-sich-beim-wetter-weiterhin-nicht-15046314.html,"Deutschland bleibt im Griff eines mächtigen Hochdruckgebiets, das milde Luftmassen heranführt und die typische Winterdynamik weitgehend blockiert. Das Resultat: ein Dezember, der vielerorts wie ein e… [+3133 chars]","Germany in constant autumn: Winter is still not evident in the weather. Germany continues to experience mild weather instead of winter cold. However, fog, high fog and little sun will characterize the coming days. Experts currently see two options for Christmas.","Deutschland im Dauerherbst: Winter zeigt sich beim Wetter weiterhin nicht. Deutschland erlebt weiter mildes Wetter statt Winterkälte. Allerdings prägen Nebel, Hochnebel und wenig Sonne die kommenden Tage. Zu Weihnachten sehen Experten derzeit zwei Optionen.","Germania perpetuo autumno: hiems adhuc tempestate non apparet. Germania leni tempestatem loco hiemis frigus experiri pergit. Sed caligo, altus nebula et parvus sol dies adventus designabit. Hodie periti duas optiones pro Nativitate Domini vident.",Germany,WCE,Europe,wmo
f6dfda548a278e53029975ed5ce6a984,2025-12-12T17:44:00Z,Earthquake,,www.protothema.gr,el,0.7,Διπλή σεισμική δόνηση στην Πάφο,"Η ένταση του πρώτου σεισμού ήταν 3,6 Ρίχτερ και του δεύτερου 4,1 Ρίχτερ, σημειώθηκαν με διαφορά ενάμισι λεπτού
 | Πάφος | Σεισμός | Κύπρος | Ελλάδα",https://www.protothema.gr/greece/article/1742215/dipli-seismiki-donisi-stin-pafo/,https://www.protothema.gr/images/640x360share/jpg/files/2025-12-06/xrwma-seismografos.jpg,http://web.archive.org/web/20251213005334/https://www.protothema.gr/greece/article/1742215/dipli-seismiki-donisi-stin-pafo/,3.7 9 . 18 .,"Double earthquake in Paphos. The intensity of the first earthquake was 3.6 Richter and the second 4.1 Richter, they occurred one and a half minutes apart
 | Paphos | Earthquake | Cyprus | Greece","Doppeltes Erdbeben in Paphos. Die Intensität des ersten Erdbebens betrug 3,6 Richter und das zweite 4,1 Richter, sie ereigneten sich mit einem Unterschied von eineinhalb Minuten | Paphos | Erdbeben | Zypern | Griechenland","Terre motus duplex in Papho. Intensio primi terrae motus 3.6 Richter et secundus 4.1 Richter, inciderunt cum differentia minutarum unius et dimidii | Paphos | Terrae motus | Cyprum | Graecia",Greece,MED,Europe,usgs
53ca27ce8bd21e9c91e425c4667988e3,2025-12-12T17:48:20Z,Earthquake,,www.skai.gr,el,0.8,Κύπρος: Διπλή σεισμική δόνηση στην Πάφο,"Ο πρώτος σεισμός ήταν στα 3,5 Ρίχτερ και είχε διάρκεια περίπου τέσσερα δευτερόλεπτα, ενώ ο δεύτερος μεγαλύτερος, στα 4,1 Ρίχτερ με διάρκεια δέκα δεύτερα",https://www.skai.gr/news/world/kypros-dipli-seismiki-donisi-stin-pafo,https://cdn.skai.gr/sites/default/files/styles/article_16_9/public/2025-12/pafos_x.png?itok=84P0HZoo,http://web.archive.org/web/20251212194110/https://www.skai.gr/news/world/kypros-dipli-seismiki-donisi-stin-pafo,"3,5 , , 4,1 
(19:20) . .
 3,5 4,1 . ' , .
 .Skai.gr Google News .
© 2025 skai.gr - All Rights Reserved","Cyprus: Double earthquake in Paphos. The first earthquake was at 3.5 Richter and lasted about four seconds, while the second largest, at 4.1 Richter and lasted ten seconds","Zypern: Doppeltes Erdbeben in Paphos. Das erste Erdbeben ereignete sich mit einer Stärke von 3,5 Richtern und dauerte etwa vier Sekunden, während das zweitstärkste mit einer Stärke von 4,1 Richtern zehn Sekunden dauerte","Cyprus: Geminus terrae motus in Papho. Primus terrae motus factus est ante 3.5 Richter et circiter quattuor secundis duravit, secunda cum maxima, ad 4.1 Richter et decem secundis perduravit.",Cyprus,MED,Europe,usgs
8649aa1082ecbe04acd9deacea1fad11,2025-12-12T17:56:35Z,Earthquake,,www.newsit.gr,el,0.8,"Κύπρος: Διπλός σεισμός 3,5 και 4,1 ρίχτερ στην Πάφο","Διπλός σεισμός έγινε αισθητός το απόγευμα της Παρασκευής (12/12) στην Πάφο, με την πρώτη να είναι 3,5 ρίχτερ και την δεύτερη 4,1. Ο πρώτος σεισμός ... 
To άρθρο Κύπρος: Διπλός σεισμός 3,5 και 4,1 ρίχτερ στην Πάφο δημοσιεύτηκε στο NewsIT .",https://www.newsit.gr/kosmos/kypros-diplos-seismos-3-5-kai-4-1-rixter-stin-pafo/4550675/,https://www.newsit.gr/wp-content/uploads/2025/12/pafos-1200x630.jpg,http://web.archive.org/web/20251212195719/https://www.newsit.gr/kosmos/kypros-diplos-seismos-3-5-kai-4-1-rixter-stin-pafo/4550675/,"19:56
12 2025
(12/12) , 3,5 4,1.
 3,5 , . 16 14 .
 , 4,1 . 13 8 .
 1 2 . 2,3 2,5 .","Cyprus: Double earthquake of 3.5 and 4.1 on the Richter scale in Paphos. A double earthquake was felt on Friday afternoon (12/12) in Paphos, with the first being 3.5 on the Richter scale and the second 4.1. The first earthquake ... The article Cyprus: Double earthquake of magnitude 3.5 and 4.1 in Paphos was published in NewsIT.","Zypern: Doppelbeben der Stärke 3,5 und 4,1 auf der Richterskala in Paphos. Am Freitagnachmittag (12.12.) war in Paphos ein doppeltes Erdbeben zu spüren, das erste hatte eine Stärke von 3,5 auf der Richterskala und das zweite eine Stärke von 4,1. Das erste Erdbeben... 
Der Artikel Zypern: Doppeltes Erdbeben der Stärke 3,5 und 4,1 in Paphos wurde in NewsIT veröffentlicht.","Cyprus: Double earthquake of 3.5 and 4.1 on the Richter scale in Paphos. Duplex terrae motus die Veneris post meridiem (12/12) in Papho sensit, cum prima 3.5 in scala Richter et secunda 4.1. Primus terrae motus ... Articulus Cypri : Duplex terrae motus magnitudinis 3.5 et 4.1 in Paphos divulgatus est in NewsIT.",Cyprus,MED,Europe,usgs
06eef4a1415f97fcf7623d31616b24a0,2025-12-12T20:28:38Z,Storm,,www.welt.de,de,0.8,"Festgesetzt, bis Russland zahlt – EU will Milliarden aus Moskau für Ukraine nutzen","Die EU macht den Weg frei, eingefrorene russische Staatsgelder zur Unterstützung der Ukraine einzusetzen. 25 Mitgliedstaaten stimmen zu – Ungarn und die Slowakei laufen Sturm, Belgien blockiert noch. Besonders brisant: Russland kündigt Klage an.",https://www.welt.de/politik/ausland/article693c5d03840050c4769116ee/festgesetzt-bis-russland-zahlt-eu-will-milliarden-aus-moskau-fuer-ukraine-nutzen.html,https://images.welt.de/693c5d03840050c4769116ee/c0b5dd6561ce48a8c61a12aebd7e2379-master/ci16x9-w1200/dpa-com-20090101-251211-935-1013455-jpg,http://web.archive.org/web/20251216023133/https://www.welt.de/politik/ausland/article693c5d03840050c4769116ee/festgesetzt-bis-russland-zahlt-eu-will-milliarden-aus-moskau-fuer-ukraine-nutzen.html,"Die EU macht den Weg frei, eingefrorene russische Staatsgelder zur Unterstützung der Ukraine einzusetzen. 25 Mitgliedstaaten stimmen zu Ungarn und die Slowakei dagegen. Belgien blockiert noch. Russla… [+5369 chars]","Fixed until Russia pays â€“ EU wants to use billions from Moscow for Ukraine. The EU is paving the way for frozen Russian state funds to be used to support Ukraine. 25 member states agree - Hungary and Slovakia are storming, Belgium is still blocking. Particularly explosive: Russia has announced a lawsuit.","Festgesetzt, bis Russland zahlt – EU will Milliarden aus Moskau für Ukraine nutzen. Die EU macht den Weg frei, eingefrorene russische Staatsgelder zur Unterstützung der Ukraine einzusetzen. 25 Mitgliedstaaten stimmen zu – Ungarn und die Slowakei laufen Sturm, Belgien blockiert noch. Besonders brisant: Russland kündigt Klage an.","Certum donec Russia solvat – EU billions Moscuae pro Ucraina uti vult. UE via sternit ad pecunias publicas Russiae congelatas ad Ucrainam sustinendam. 25 Socii civitatum concordant - Hungaria et Slovakia oppugnant, Belgium adhuc obsident. Praesertim explosivae: Russia lites denuntiavit.",Belgium,WCE,Europe,wmo
42a89180047383b3e247aeca104e8d1e,2025-12-13T16:25:23Z,Flood,,dialogos.com.cy,el,0.8,Καταστροφικές πλημμύρες πλήττουν την Ουάσινγκτον – Ολόκληρες κοινότητες σε κατάσταση έκτακτης ανάγκης (βίντεο),"Σφοδρή κακοκαιρία έπληξε το δυτικό τμήμα της πολιτείας Ουάσινγκτον στις Ηνωμένες Πολιτείες της Αμερικής. Παρατεταμένες βροχοπτώσεις προκάλεσαν πλημμύρες που δεν έχουμε ξαναδεί για πολύ καιρό στην Ουάσινγκτον, εξαιτίας των ποταμών που υπερχείλισαν. Σύμφωνα με …",https://dialogos.com.cy/katastrofikes-plimmyres-plittoyn-tin-oyasingkton-oloklires-koinotites-se-katastasi-ektaktis-anagkis-vinteo/,https://dialogos.com.cy/wp-content/uploads/2025/12/AP25346003114253-1200x806-1.jpg,http://web.archive.org/web/20251229123138/https://dialogos.com.cy/katastrofikes-plimmyres-plittoyn-tin-oyasingkton-oloklires-koinotites-se-katastasi-ektaktis-anagkis-vinteo/,"© Dialogos Media Group - , , , / , , , , ( ) , , , , , .",Catastrophic flooding hits Washington – Entire communities in state of emergency (video). Severe weather has hit the western part of the state of Washington in the United States of America. Prolonged rains have caused flooding that we haven't seen in a long time in Washington due to overflowing rivers. According to…,"Katastrophale Überschwemmungen treffen Washington – Ganze Gemeinden im Ausnahmezustand (Video). Unwetter haben den westlichen Teil des Bundesstaates Washington in den Vereinigten Staaten von Amerika heimgesucht. Anhaltende Regenfälle haben zu Überschwemmungen geführt, die wir in Washington aufgrund überlaufender Flüsse schon lange nicht mehr gesehen haben. Entsprechend…",Catastrophica inundatio Washington - Totae communitates in statu necessitatis (video). Gravis tempestas partem occidentalem civitatis Washington in Civitatibus Foederatis Americae Septentrionalis percussit. Imbres diutini inundationem effecerunt quod Washingtoniae ob flumina inundantia non diu vidimus. Secundum…,United States,CNA,North-America,wmo
096978a8d86977ca3ae4033eec67290a,2025-12-13T17:00:00Z,Snow&Ice,,www.newsit.gr,el,0.7,Καιρός αύριο: Βροχές με βοριάδες και θερμοκρασίες έως τους 19 βαθμούς – Παγετός στα βόρεια,"Βροχερός θα είναι ο καιρός αύριο Κυριακή (14.12.2025) στις περισσότερες περιοχές της χώρας. Οι άνεμοι θα είναι βόρειοι, ενώ η θερμοκρασία θα φτάσει σε υψηλά ... 
To άρθρο Καιρός αύριο: Βροχές με βοριάδες και θερμοκρασίες έως τους 19 βαθμούς – Παγετός στα βόρε…",https://www.newsit.gr/ellada/kairos-ayrio-vroxes-me-voriades-kai-thermokrasies-eos-tous-19-vathmous-pagetos-sta-voreia/4551213/,https://www.newsit.gr/wp-content/uploads/2025/12/kairos1-13122025-1200x630.jpg,,"(14.12.2025) . , .
 :  . , , , . .
 , .
 3 4 5 6 .
 13 14 , 15 18 19 . .
 , 
: . .: 3 4, 5 .: 08 17 .
: . .: 3 .: 05 13 .
  
, : .: 3 4 .: 03 14 . 4 5 .
 , , , : . .: 2 4 .: 08 18 . 3 4 .
… [+93 chars]","Weather tomorrow: Showers with northerlies and temperatures up to 19 degrees – Frost in the north. The weather will be rainy tomorrow Sunday (14.12.2025) in most areas of the country. The winds will be northerly, while the temperature will reach high ... The article Weather tomorrow: Rains with northerlies and temperatures up to 19 degrees - Frost in the north...","Wetter morgen: Schauer mit Nordwind und Temperaturen bis zu 19 Grad – Frost im Norden. Das Wetter wird morgen Sonntag (14.12.2025) in den meisten Teilen des Landes regnerisch. Der Wind wird aus Norden wehen, während die Temperatur hohe Werte erreichen wird ... 
Der Artikel Wetter morgen: Regen mit Nordwind und Temperaturen bis zu 19 Grad - Frost im Norden...","Tempestas cras: imber cum septentrionibus et temperaturis usque ad 19 gradus – Frons in aquilone. Tempestas pluviosa cras die Dominico (14.12.2025) in plerisque regionibus rus erit. Venti aquilones erunt, dum temperatus in altum ascendet.",Canada,NEN,North-America,wmo
9ecf99cee1950193016051e1fcdeaa5e,2025-12-14T08:36:51Z,Cold Wave,,www.cnbeta.com.tw,zh,0.25,100多国联合封杀 水银体温计为什么非死不可？,"到了下个月，就没人再生产水银温度计了？再不囤，以后就没得用了？就在这两天，世超的各个家族群突然就炸锅了。一条消息传得沸沸扬扬，说“ 水银温度计明年起就不再被允许生产了  ”。
很多人这不就傻眼了，从小用到大的东西，怎么突然就不让产了？在不少人心中，这玩意就代表了权威。那套“ 甩一甩，再扯开领口，夹在腋下冷冰冰 ”的流程，早已刻在几代中国人的肌肉记忆里。消息一出，不少人直奔楼下药店就开始扫货，不管烧没烧，先囤个七支八支的。囤货的热潮，直接把这消息干上热搜了。那国家为啥好端端的，非要禁了它呢？别急，世超掰开揉碎了和…",https://www.cnbeta.com.tw/articles/tech/1540932.htm,https://static.cnbetacdn.com/article/2025/1214/d390038c8d29a71.png,http://web.archive.org/web/20251218010949/https://www.cnbeta.com.tw/articles/tech/1540932.htm,"JEDECSPHBM4DDR5/GDDR7 HBM4
2025-12-14 320","More than 100 countries jointly banned mercury thermometers. Why must they be killed? . By next month, no one will be making mercury thermometers anymore? If you don’t stock up, you won’t have any use for it in the future? Just in the past two days, various family groups in Shichao suddenly exploded. A piece of news spread, saying that ""mercury thermometers will no longer be allowed to be produced starting next year.""
Aren't many people dumbfounded? How come something they have used since childhood is suddenly no longer available? In the minds of many people, this thing represents authority. The process of ""swinging it, then pulling open the collar, and holding it under the arm to keep it cold"" has long been engraved in the muscle memory of generations of Chinese people. As soon as the news came out, many people went straight to the drug store downstairs and started shopping. Regardless of whether they were burning or not, they first stocked up on seven or eight bottles. The craze for stocking up has made this news a hot search topic. So why does the country insist on banning it despite being so well behaved? Don't worry, Shichao broke it apart and crushed it...","Mehr als 100 Länder haben gemeinsam Quecksilberthermometer verboten. Warum müssen sie getötet werden? . Bis nächsten Monat wird niemand mehr Quecksilberthermometer herstellen? Wenn Sie keine Vorräte anlegen, haben Sie in Zukunft keine Verwendung mehr dafür? Erst in den letzten zwei Tagen explodierten verschiedene Familiengruppen in Shichao plötzlich. Es verbreitete sich die Nachricht, dass „ab dem nächsten Jahr keine Quecksilberthermometer mehr hergestellt werden dürfen“.
Sind nicht viele Leute sprachlos? Wie kommt es, dass etwas, das sie seit ihrer Kindheit verwendet haben, plötzlich nicht mehr verfügbar ist? In den Augen vieler Menschen repräsentiert dieses Ding Autorität. Der Vorgang, „es zu schwingen, dann den Kragen zu öffnen und es unter den Arm zu halten, um es kalt zu halten“, ist seit langem im Muskelgedächtnis von Generationen von Chinesen verankert. Sobald die Nachricht bekannt wurde, gingen viele Leute direkt in die Drogerie unten und begannen mit dem Einkaufen. Unabhängig davon, ob sie brannten oder nicht, deckten sie sich zunächst mit sieben oder acht Flaschen ein. Der Trend, Vorräte anzulegen, hat diese Nachricht zu einem heißen Suchthema gemacht. Warum besteht das Land also darauf, es zu verbieten, obwohl es sich so brav benimmt? Keine Sorge, Shichao hat es zerbrochen und zerquetscht ...",,China,EAS,Asia,wmo
239b1097cf7c2700fc0bedfe4116473b,2025-12-14T09:18:42Z,Fog,,www.bild.de,de,0.8,Wetter am Sonntag - Nebeldecke über Deutschland – mit Chancen auf Sonne,Wettervorhersage für den 3. Advent: Wo sich die Sonne heute zeigen könnte.,https://www.bild.de/news/wetter/wetter-am-sonntag-nebeldecke-ueber-deutschland-mit-chancen-auf-sonne-693d526df679420e000b36d4,"https://images.bild.de/693d526df679420e000b36d4/47930b2033ab66392663eb3a20761d73,d19367f9?w=1280",http://web.archive.org/web/20251214093841/https://www.bild.de/news/wetter/wetter-am-sonntag-nebeldecke-ueber-deutschland-mit-chancen-auf-sonne-693d526df679420e000b36d4,"Grauer Himmel statt Schneegestöber, Nebelschwaden statt Winterzauber der Advent zeigt sich in diesem Jahr von seiner trüben und vor allem milden Seite. Auch an diesem Sonntag? BILD fragte bei drei We… [+3294 chars]",Weather on Sunday - blanket of fog over Germany - with chances of sunshine. Weather forecast for the 3rd Advent: Where the sun could appear today.,Wetter am Sonntag - Nebeldecke über Deutschland – mit Chancen auf Sonne. Wettervorhersage für den 3. Advent: Wo sich die Sonne heute zeigen könnte.,Tempestas die Dominico - stragulum nebulae in Germania - cum solis casibus. Tempestas praenuntietur pro III Adventu: Ubi sol hodie apparere potuit.,Germany,WCE,Europe,wmo
7c0cef2d44cc27f33e01780fd5ac4c96,2025-12-14T14:25:31Z,Cold Wave,,tw.news.yahoo.com,zh,0.2,綠營高市長之爭4搶1白熱化 謝寒冰看好賴瑞隆勝出,高雄市長民進黨初選競爭進入白熱化階段，立委邱議瑩、賴瑞隆、林岱樺、許智傑4人競逐提名資格；國民黨方面則由立委柯志恩確定參選。媒體人謝寒冰在政論節目中分析，儘管賴瑞隆近期爭議不斷，但在新潮流與黨主席賴清德力挺下，他認為賴瑞隆出線機會較大。,https://tw.news.yahoo.com/%E7%B6%A0%E7%87%9F%E9%AB%98%E5%B8%82%E9%95%B7%E4%B9%8B%E7%88%AD4%E6%90%B61%E7%99%BD%E7%86%B1%E5%8C%96-%E8%AC%9D%E5%AF%92%E5%86%B0%E7%9C%8B%E5%A5%BD%E8%B3%B4%E7%91%9E%E9%9A%86%E5%8B%9D%E5%87%BA-142531440.html,https://media.zenfs.com/en/gotv_ctitv_com_tw_678/bd479b94905f6f15ce98e9e674f2ffa4,,"[NOWnews]JE15005L097RDX5.9...
NOWNEWS 1 
24","The battle for the mayor of Luyinggao is heating up. Xie Hanbing is optimistic that Lai Ruilong will win. The Democratic Progressive Party primary competition for Kaohsiung Mayor has entered a fierce stage. Legislators Qiu Yiying, Lai Ruilong, Lin Daihua, and Xu Zhijie are vying for nomination qualifications. For the Kuomintang, legislator Ke Zhien has confirmed his candidacy. Media person Xie Hanbing analyzed in a political commentary program that although Lai Ruilong has been controversial recently, with the support of New Trend and Party Chairman Lai Qingde, he believes that Lai Ruilong has a greater chance of qualifying.","Der Kampf um den Bürgermeister von Luyinggao verschärft sich. Xie Hanbing ist optimistisch, dass Lai Ruilong gewinnen wird. Der Vorwahlkampf der Demokratischen Fortschrittspartei um den Bürgermeister von Kaohsiung ist in eine heiße Phase eingetreten. Die Abgeordneten Qiu Yiying, Lai Ruilong, Lin Daihua und Xu Zhijie wetteifern um die Nominierungsqualifikationen. Für die Kuomintang hat der Abgeordnete Ke Zhien seine Kandidatur bestätigt. Der Medienvertreter Xie Hanbing analysierte in einer politischen Kommentarsendung, dass Lai Ruilong zwar in letzter Zeit kontrovers diskutiert wurde, aber mit der Unterstützung des Neuen Trends und Parteivorsitzenden Lai Qingde glaubt, dass Lai Ruilong eine größere Chance hat, sich zu qualifizieren.","Maiore Luyinggao pugnatum est torridam. Xie Hanbing est eu quod Lai Ruilong vincet. Progressivus factionis democraticae primariae certationis Kaohsiung Mayor atrox scaenam iniit. Legumlatores Qiu Yiying, Lai Ruilong, Lin Daihua, et Xu Zhijie certant nominationis industria. Pro Kuomintang, legislator Ke Zhien suam petitionem confirmavit. Media persona Xie Hanbing in programmatis politici commentarii explicavit quod quamvis Lai Ruilong nuper controversiam habuit, suffragantibus Novi Trend et Factionis Praesidis Lai Qingde, credit Lai Ruilong maiorem vim habere simpliciter.",China,EAS,Asia,wmo
a15b990de10f8a1fe2f0c2551ca9fd17,2025-12-14T21:05:00Z,Earthquake,,consent.yahoo.com,zh,0.2,新聞幕後／台股百兆巨獸僅靠5千億護盤？揭開國安基金「擴編一兆」秘辛,"隨著台股加權指數屢創新高，總市值已飆升至97兆元、逼近百兆大關，這頭資本市場的「巨獸」體型已是25年前的十倍大。然而，負責在危急時刻擔任救火隊的國安基金，手中的法定護盤額度卻仍停留在當年的5,000億元。面對「0.5% 的銀彈要救 100% 的市值」，日前的立法院財政委員會上，朝野立委為了是否將規模擴編至一兆元，展開了一場關於「安全感」與「代價」的激烈攻防。",https://consent.yahoo.com/v2/collectConsent?sessionId=1_cc-session_49953420-c430-46e6-b143-83607a03d49f,,,"If you click 'Accept all', we and our partners, including 241 who are part of the IAB Transparency &amp; Consent Framework, will also store and/or access information on a device (in other words, use … [+714 chars]","News Behind the Scenes/Taiwan stock market giant relies on only 500 billion to protect its market? Uncovering the secret of the National Security Fund’s “one trillion yuan expansion”. As the weighted index of Taiwan’s stocks hits new highs repeatedly, the total market value has soared to 97 trillion yuan, approaching the 100 trillion yuan mark. This “behemoth” in the capital market is ten times larger than it was 25 years ago. However, the National Security Fund, which is responsible for acting as a fire brigade in times of crisis, still has the legal protection limit of 500 billion yuan that year. Faced with the ""0.5% silver bullet to save 100% of the market value"", at the Legislative Yuan Finance Committee a few days ago, the ruling and opposition legislators launched a fierce attack and defense on ""security"" and ""cost"" over whether to expand the scale to 1 trillion yuan.","Nachrichten hinter den Kulissen/Der taiwanesische Börsenriese verlässt sich nur auf 500 Milliarden, um seinen Markt zu schützen? Das Geheimnis der „Erweiterung um eine Billion Yuan“ des Nationalen Sicherheitsfonds wird gelüftet. Da der gewichtete Index der taiwanesischen Aktien immer wieder neue Höchststände erreicht, ist der Gesamtmarktwert auf 97 Billionen Yuan gestiegen und nähert sich der 100-Billionen-Yuan-Marke. Dieser „Gigant“ am Kapitalmarkt ist zehnmal größer als vor 25 Jahren. Allerdings gilt für den Nationalen Sicherheitsfonds, der in Krisenzeiten als Feuerwehr fungiert, in diesem Jahr immer noch die gesetzliche Schutzgrenze von 500 Milliarden Yuan. Angesichts der „0,5-Prozent-Wunderwaffe zur Einsparung von 100 Prozent des Marktwerts“ starteten die regierenden und oppositionellen Gesetzgeber vor ein paar Tagen im Legislativ-Yuan-Finanzausschuss einen heftigen Angriff und eine Verteidigung zum Thema „Sicherheit“ und „Kosten“ bei der Frage, ob der Umfang auf 1 Billion Yuan ausgeweitet werden sollte.",,China,ECA,Asia,usgs
54c977de59d6b74f87a0824cb0fb4452,2025-12-14T23:55:21Z,Cold Wave,,36kr.com,zh,0.5,8点1氪丨被罗永浩指责收高价“祸害客人”，涉事酒店回应；全国劳动力人口平均年龄达39.66岁；马斯克或成全球首位万亿美元富豪,"今日热点导览
 华谊兄弟7年巨亏82亿，总市值不及巅峰时十分之一
 茅台将推出控量政策
 全球最大汽车安全试验中心投入使用
 消息人士称英伟达考虑提高H200芯片产量
 防止AI人才外流，OpenAI调整薪酬政策
 TOP3大新闻
 罗永浩炮轰凯悦逸扉酒店“祸害客人”，酒店工作人员回应 
 继炮轰西贝预制菜问题后，罗永浩又将矛头转向了一家酒店。近日，博主@烧饼炒面鸡蛋汤在社交平台发文称，自己以每日1300余元的价格预订了一家凯悦旗下逸扉酒店的客房。由于该房间存在空调无法调温、卫生间漏水、水管异响等多重问题，导致他…",https://36kr.com/p/3596032641679363,"https://img.36krcdn.com/hsossms/20251215/v2_735bb92d57ad49e8b833b26965be9a88@5667365_oswg82810oswg1053oswg495_img_jpg?x-oss-process=image/resize,m_mfit,w_600,h_400,limit_0/crop,w_600,h_400,g_center",,"782
H200
AIOpenAI
TOP3
@13007 
1214
39.66
12142025202339.6641.6039.0640.2638.071985202332.2539.6633.0339.2531.99 40.54
SpaceX
SpaceXSpaceX1.520191.7SpaceX42%
/
782 
11406259.5631.61%3946.… [+883 chars]",,"8:01 Luo Yonghao beschuldigte Krypton丨, hohe Preise zu verlangen, um „Gästen zu schaden“, und das betroffene Hotel reagierte; das Durchschnittsalter der Erwerbsbevölkerung des Landes erreichte 39,66 Jahre; Musk könnte der erste Billionen-Dollar-Milliardär der Welt werden. Der heutige Leitfaden zu aktuellen Themen
 Huayi Brothers erlitt in sieben Jahren enorme Verluste von 8,2 Milliarden, und sein Gesamtmarktwert beträgt weniger als ein Zehntel seines Höchstwertes
 Moutai wird eine Richtlinie zur Lautstärkeregelung einführen
 Das weltweit größte Prüfzentrum für Automobilsicherheit wird in Betrieb genommen
 Quellen zufolge erwägt Nvidia eine Steigerung der H200-Chipproduktion
 Um den Abfluss von KI-Talenten zu verhindern, passt OpenAI seine Gehaltspolitik an
 TOP3 große Neuigkeiten
 Luo Yonghao kritisierte das Hyatt Escape Hotel wegen „Gästeschädigung“, antwortete das Hotelpersonal
 Nachdem Luo Yonghao die vorgefertigten Gerichte von Xibei bombardiert hatte, wandte er seine Aufmerksamkeit einem Hotel zu. Kürzlich veröffentlichte der Blogger @Shaobing Fried Noodles and Egg Soup auf einer sozialen Plattform, dass er ein Zimmer in einem Hyatt-eigenen Yi Fei Hotel zu einem Preis von mehr als 1.300 Yuan pro Tag gebucht habe. Aufgrund mehrerer Probleme wie der Unfähigkeit der Klimaanlage, die Temperatur im Raum anzupassen, Wasserlecks im Badezimmer und ungewöhnlichen Geräuschen in den Wasserleitungen,...","8:01 Krypton丨 accusatus est a Luo Yonghao de pretia pretia ad ""hospitum laedendum"", et deversorium implicatum respondit; mediocris aetatis labores ad patriae suae 39,66 annos natus; MOSCHUS prima trillion pupa billionaire potest mundi fieri. Hodie calidum thema dux
 Huayi Fratres ingentes damna 8.2 miliardis in 7 annis passi sunt, et tota eius numerus mercatus minor est quam decima pars cacuminis eius.
 Moutai deducunt volumen imperium consilium
 Mauris eget salus mundi probatio centrum in usum ponatur
 Fontes dicunt Nvidia augere H200 chip productionis considerans
 Ad ne fluxum AI talentorum, OpenAI consilium salarium accommodat
 TOP3 magnum nuntium
 Luo Yonghao saevi Hyatt Effugere Hotel pro ""hospitibus laedere"", virgam deversorium respondit
 Post bombardas Xibei fercula prae-fecit, Luo Yonghao animum in deversorium convertit. Nuper, blogger @Shaobing fricta Noodles et Egg Soup in sociali suggestu missae se librum conclave in Hyatt-possessores Yi Fei Hotel pretio plus quam 1,300 Yuan per die. Ob multiplices difficultates ut inhabilitatem aeris conditioner temperiem accommodare in cella, lacus aquae in balneo, strepitus abnormes in fistulis aquae, he...",China,EAS,Asia,wmo
76e175d2a9f346647c94d765c954e35a,2025-12-15T04:44:52Z,Snow&Ice,,www.protothema.gr,el,0.7,"Καιρός: Ήπιος και μικρές μόνο μεταβολές μέχρι τα Χριστούγεννα, τι προβλέπουν οι μετεωρολόγοι για τις επόμενες ημέρες",Πού θα εκδηλωθούν τοπικές βροχές και πότε αναμένονται πιο οργανωμένα φαινόμενα - Παγετός χθες σε περιοχές των κεντρικών και βορείων ηπειρωτικών | Καιρός | Ελλάδα,https://www.protothema.gr/greece/article/1743115/kairos-ipios-kai-mikres-mono-metavoles-mehri-ta-hristougenna-ti-provlepoun-oi-meteorologoi-gia-tis-epomenes-imeres/,https://www.protothema.gr/images/640x360share/jpg/files/2025-12-15/athina_geniki.jpg,,", . Alpha , . , « », .
20 , , . , 24 31 . , , ., , . , , , .
14/12 . (-4. 3 °C) . 8 meteo.gr / 14/12.
A , , , , . , , , . . .-5 9 , -2 11, 1 14, 0 14, 1 10, 4 16, 7 16, 6 12, 9 14, 12 17 8 17 .
3… [+35 chars]","Weather: Mild and only minor changes until Christmas, what do forecasters predict for the next few days. Where will local rain occur and when more organized phenomena are expected - Frost yesterday in areas of the central and northern mainland | Weather | Greece","Wetter: Mild und nur geringfügige Änderungen bis Weihnachten, was prognostizieren die Meteorologen für die nächsten Tage. Wo werden lokale Schauer auftreten und wann sind stärker organisierte Phänomene zu erwarten? – Frost gestern in Gebieten des zentralen und nördlichen Festlandes | Wetter | Griechenland","Tempestas: Mitis et tantum mutationes minores usque ad Nativitatem Domini, quid forecasters praedicunt paucis diebus proximis. Ubi imbres locales occurrent et quando phaenomena magis ordinata expectantur - Frost heri in locis continentis centralis et septentrionalis | Tempestas | Graecia",Canada,NEN,North-America,wmo
24c6085438190bcc9728a3d3b4f9de69,2025-12-15T13:01:50Z,Snow&Ice,,researchbuzz.me,en,0.9,"Avalanche Canada, Snapscope, Reddit, More: Monday ResearchBuzz, December 15, 2025",NEW RESOURCES NTV: Avalanche Canada launches new database for fatal avalanche incidents. “Avalanche Canada has just launched a new site documenting every known avalanche fatality in Canada since 1792. In addition to […],https://researchbuzz.me/2025/12/15/avalanche-canada-snapscope-reddit-more-monday-researchbuzz-december-15-2025/,https://s0.wp.com/_si/?t=eyJpbWciOiJodHRwczpcL1wvczAud3AuY29tXC9pXC9ibGFuay5qcGciLCJ0eHQiOiJSZXNlYXJjaEJ1enoiLCJ0ZW1wbGF0ZSI6ImhpZ2h3YXkiLCJmb250IjoiIiwiYmxvZ19pZCI6NDMyODc1Nn0.BjdcPIDlw4ZG0Ki13B-quwxnrzAxn9iB5rJXagRMNlcMQ,http://web.archive.org/web/20251219114715/https://researchbuzz.me/2025/12/15/avalanche-canada-snapscope-reddit-more-monday-researchbuzz-december-15-2025/,"NEW RESOURCES 
NTV: Avalanche Canada launches new database for fatal avalanche incidents. “Avalanche Canada has just launched a new site documenting every known avalanche fatality in Canada since 17… [+5238 chars]","Avalanche Canada, Snapscope, Reddit, More: Monday ResearchBuzz, December 15, 2025. NEW RESOURCES NTV: Avalanche Canada launches new database for fatal avalanche incidents. “Avalanche Canada has just launched a new site documenting every known avalanche fatality in Canada since 1792. In addition to […]","Avalanche Canada, Snapscope, Reddit, Mehr: Montag ResearchBuzz, 15. Dezember 2025. NEUE RESSOURCEN NTV: Avalanche Canada startet neue Datenbank für tödliche Lawinenvorfälle. „Avalanche Canada hat gerade eine neue Website gestartet, die alle bekannten Lawinentoten in Kanada seit 1792 dokumentiert. Zusätzlich zu […]","Avalanche Canada, Snapscope, Reddit, More: Monday ResearchBuzz, December 15, 2025. NEW RESOURCES NTV: Avalanche Canada, nova datorum perniciosa incidentia inducit. ""Avalanche Canada modo novum locum documenting omnem notam NIVIS CASUS fatalem in Canada cum 1792 excussit. Praeter […]",Canada,NEN,North-America,wmo
d4ec0f41965fb3ec48af6006172142fc,2025-12-15T14:16:37Z,Cold Wave,,36kr.com,zh,0.25,年轻人的手机，比谁都更懂他们自己,"手机=生活入口？
 拿到新手机，要做的第一件事是什么？对于无数年轻人来说，一个充满仪式感的答案是：先把它设置成最“我”的样子。
 在小红书上，“手机设置”词条下有着超过5800万的浏览量。在这里，年轻人分享着如何排列图标才能既高效又简洁，如何用最独特的壁纸和小组件搭配，才能让桌面看起来个性、高级。功能配置的步骤，变成了一次把生活重新校准的动作——他们想在第一时间，将这部冰冷的机器，“驯化”成更懂自己、更适配自己生活节奏的伙伴。
 看似微小的动作，其实揭示了当下年轻人选择手机的核心逻辑——不想被工具支配，而是需要理…",https://36kr.com/p/3596875506728961,"https://img.36krcdn.com/hsossms/20251215/v2_9c2828e4bebb4aefa03d6df90e5c447f@000000_oswg69413oswg1276oswg543_img_000?x-oss-process=image/resize,m_mfit,w_600,h_400,limit_0/crop,w_600,h_400,g_center",,"=
5800
2025869.3%  
vivoSCanalysvivo202417%IDC2025vivosale out
SLivevivo S
vivo S 
1242026Cloud Dancer
vivo SS50 
ZLive
10
vivo6S30LiveS50
S50
vivo S 
24S50
vivoS508S50
S50
2025332020… [+47 chars]",,,,China,EAS,Asia,wmo
dc0426a2f6b27ec50db855a483c44fcf,2025-12-15T17:32:14Z,Earthquake,,www.newsit.gr,el,0.7,Αλμπέρτο Εσκενάζυ: Ο καθηλωτικός Λουκής από το «Φως του Αυγερινού» και ο τρομερός σεισμός του 1981,"Ήταν 24 Φεβρουαρίου 1981, σχεδόν μεσάνυχτα και όλη η Ελλάδα είναι στημένη μπροστά στους τηλεοπτικούς δέκτες παρακολουθώντας τη σειρά – σταθμό της εποχής, «Το Φως ... 
To άρθρο Αλμπέρτο Εσκενάζυ: Ο καθηλωτικός Λουκής από το «Φως του Αυγερινού» και ο τρομερός σ…",https://www.newsit.gr/ellada/almperto-eskenazy-o-kathilotikos-loukis-apo-to-fos-tou-aygerinou-kai-o-tromeros-seismos-tou-1981/4552684/,https://www.newsit.gr/wp-content/uploads/2025/12/lena-zevgara5-15122025-1-1200x630.jpg,http://web.archive.org/web/20251215192826/https://www.newsit.gr/ellada/almperto-eskenazy-o-kathilotikos-loukis-apo-to-fos-tou-aygerinou-kai-o-tromeros-seismos-tou-1981/4552684/,"24 1981, – , « ». , «» , .
 « » «» , , .
 , , 24 4 1981. 24 1981, , 6,7 , , , , , , , , , , , , .
 . , 04:35 , , 6,4 .
 , 23:58, , 6,3 . .
 1981, 20 , 85.000 .
 , , , «».
, « », .
 «» , : , ,… [+35 chars]","Alberto Eskenazi: The riveting Luke from ""The Light of Avgerino"" and the terrible earthquake of 1981. It was February 24, 1981, almost midnight, and all of Greece is tuned in to the TV receivers watching the series - station of the time, ""The Light ... 
The article Alberto Eskenazi: The captivating Luke from the ""Light of the Dawn"" and the terrible s...","Alberto Eskenazi: Der fesselnde Lukas aus „Das Licht der Morgenröte“ und das schreckliche Erdbeben von 1981. Es war der 24. Februar 1981, fast Mitternacht, und ganz Griechenland sitzt vor den Fernsehgeräten und schaut die damalige Serie „Das Licht“ ... Der Artikel Alberto Eskenazi: Der fesselnde Lukas aus „Das Licht von Avgerinou“ und das schreckliche Erdbeben von 1981.","Albertus Eskenazi: Rivus Lucam a ""Lumen Aurorae"" et terribilis terrae motus anni 1981. Erat dies 24 Februarii 1981, media fere nocte, et tota Graecia ponitur ante receptaculorum televisificam seriem - stationem temporis ""Lumen... Articulus Albertus Eskenazi: Lucam rivens a ""Lux Avgerinou"" et terribilia s.",Greece,MED,Europe,usgs
5365c94f0c1e4afcdda968ad648610bb,2025-12-15T23:46:00Z,Earthquake,,www.protothema.gr,el,0.9,"Σεισμός 5,1 βαθμών της κλίμακας Ρίχτερ στα ανοιχτά της Ζακύνθου",Το επίκεντρο της δόνησης εντοπίστηκε 53 χιλιόμετρα νοτιοδυτικά του Αγίου Λέοντα Ζακύνθου - Η δόνηση έγινε αισθητή σε Πάτρα και Πύργο | Ελλάδα,https://www.protothema.gr/greece/article/1743740/seismos-51-vathmon-tis-klimakas-rihter-sta-anoihta-tis-zakunthou/,https://www.protothema.gr/images/640x360share/jpg/files/2025-12-16/mixcollage-16-dec-2025-01-46-am-2967.jpg,,"5,1 2 .53 10 , . .",5.1 magnitude earthquake off Zakynthos. The epicenter of the tremor was located 53 kilometers southwest of Agios Leos Zakynthos - The tremor was felt in Patras and Pyrgos | Greece,"Erdbeben der Stärke 5,1 vor Zakynthos. Das Epizentrum des Bebens lag 53 Kilometer südwestlich von Agios Leos Zakynthos – Das Beben war in Patras und Pyrgos zu spüren | Griechenland",5.1 Magnitudo terrae motus Zakynthos interiit. Tremoris epicenter sita fuit 53 chiliometrorum inter meridiem et occidentem Agios Leos Zakynthos - tremor in Patras et Pyrgos sentiebatur | Graecia,Greece,MED,Europe,usgs
5cb83006812dfe12053912b04daa0ccd,2025-12-16T00:32:04Z,Cold Wave,,tw.news.yahoo.com,zh,0.2,美日想擺脫對大陸稀土依賴 謝寒冰曝10年布局「反效果」,美國國務院11日證實，已與日本、南韓、新加坡、澳洲及以色列簽署《矽土和平宣言》（Pax Silica Declaration），宣示將強化「矽」等關鍵戰略資源供應鏈合作，以因應人工智慧（AI）浪潮，同時反制中國大陸在稀土等關鍵原物料上的控管影響力。對此，資深媒體人謝寒冰表示，早在2010年釣魚台事件後，中國大陸曾對日本實施稀土出口管制，日本甚至為此向世界貿易組織（WTO）提出申訴，但十多年過去，相關目標始終未能真正實現，部分領域反而依賴更深。,https://tw.news.yahoo.com/%E7%BE%8E%E6%97%A5%E6%83%B3%E6%93%BA%E8%84%AB%E5%B0%8D%E5%A4%A7%E9%99%B8%E7%A8%80%E5%9C%9F%E4%BE%9D%E8%B3%B4-%E8%AC%9D%E5%AF%92%E5%86%B0%E6%9B%9D10%E5%B9%B4%E5%B8%83%E5%B1%80-%E5%8F%8D%E6%95%88%E6%9E%9C-003204295.html,https://s.yimg.com/cv/apiv2/social/images/yahoo_default_logo-1200x1200.png,,"11Pax Silica DeclarationAI2010WTO
12AIAIAI
15
2010WTO
20
AI",,"Die USA und Japan wollen ihre Abhängigkeit von Chinas seltenen Erden loswerden. Xie Hanbing gab bekannt, dass der 10-Jahres-Plan „kontraproduktiv“ sei. Das US-Außenministerium bestätigte am 11., dass es die „Silicon Peace Declaration“ (Pax Silica Declaration) mit Japan, Südkorea, Singapur, Australien und Israel unterzeichnet hat und erklärt, dass es die Zusammenarbeit in der Lieferkette für wichtige strategische Ressourcen wie „Silicium“ stärken werde, um der Welle der künstlichen Intelligenz (KI) zu begegnen und gleichzeitig Chinas Kontrolleinfluss auf wichtige Rohstoffe wie seltene Erden entgegenzuwirken. In diesem Zusammenhang sagte der hochrangige Medienvertreter Xie Hanbing, dass Festlandchina bereits 2010 nach dem Diaoyutai-Vorfall Exportkontrollen für seltene Erden gegen Japan eingeführt habe und Japan dafür sogar eine Beschwerde bei der Welthandelsorganisation (WTO) eingereicht habe. Doch mehr als zehn Jahre später wurden die entsprechenden Ziele nie wirklich erreicht und einige Bereiche sind stärker davon abhängig.","Americae et Iaponia suam dependentiam in raris terris Sinarum tollere volunt. Xie Hanbing patefecit consilium X annorum ""sponsorium"". US Department rem publicam confirmavit die 11 quod ""Declaratio Pax Silica"" (Declaratio Pax Silica) cum Iaponia, Corea Meridiana, Singapore, Australia et Israel, affirmans eam firmare copiam catenae cooperationis ad facultates opportunas ut ""pilic"" obire fluctum intelligentiae artificialis (AI), dum contra Sinarum imperium in clavibus clavibus rudis influentiam opponit. Hac de re senior media persona Xie Hanbing dixit se primo 2010 post Diaoyutai incidentem, continentem Sinis rare terrae imperium in Iaponiam exportare, et in Iaponia etiam querelam cum Mundus Trade Organizationis (WTO) factam. Tamen plus quam decem annos post proposita proposita numquam vere consecuta sunt, et nonnullae areas ab eis magis dependentes factae sunt.",China,EAS,Asia,wmo
3f280e5937ff2302be68156b99234643,2025-12-16T02:18:47Z,Storm,,www.fool.com.au,en,0.8,Seek shares tipped to storm 45% higher next year: Here's why,"Macquarie shares its view on the latest employment report for November.
The post Seek shares tipped to storm 45% higher next year: Here's why appeared first on The Motley Fool Australia.",https://www.fool.com.au/2025/12/16/seek-shares-tipped-to-storm-45-higher-next-year-heres-why/,https://www.fool.com.au/wp-content/uploads/2022/02/jobs-1-1200x675.jpg,,"Seek Ltd (ASX: SEK) shares are trading in the red again in Tuesday morning trade. At the time of writing, the job listing company's shares are down 1.51% to $22.50 a piece. 
The latest tumble means … [+2235 chars]","Seek shares tipped to storm 45% higher next year: Here's why. Macquarie shares its view on the latest employment report for November.
The post Seek shares tipped to storm 45% higher next year: Here's why appeared first on The Motley Fool Australia.","Seek-Aktien dürften im nächsten Jahr um 45 % steigen: Hier ist der Grund. Macquarie teilt seine Meinung zum neuesten Beschäftigungsbericht für November.
Der Beitrag Seek-Aktien dürften im nächsten Jahr um 45 % steigen: Aus folgenden Gründen erschien zuerst auf The Motley Fool Australia.",Quaere portiones 45% altioris anni sequentis ad expugnandam praefixa: Hic est cur. Macquarie sententiam suam communicat in relationibus Novembri Novembri. Postes quaerite communicat 45% superiore anno proximo expugnaturus: Hic primum apparuit cur in Australia Stulte Motley.,Australia,SAU,Oceania,aidr
ec2ac248b1f954ad9fc0c628e8d4082c,2025-12-16T03:45:26Z,Fog,,hindi.moneycontrol.com,hi,0.8,"Trains Cancelled List: कोहरे के चलते यूपी में ट्रेनें रद्द, सफर से पहले स्टेटस जरूर करें चेक",उत्तर प्रदेश से होकर गुजरने वाली ट्रेनों से सफर करने वाले यात्रियों के लिए एक महत्वपूर्ण सूचना है। उत्तर भारत में लगातार बढ़ रहे कोहरे का असर अब रेलवे संचालन पर भी स्पष्ट रूप से दिखने लगा है। मौसम विशेषज्ञों के अनुसार दिसंबर से फरवरी के बीच कोहरा सबसे ज्यादा …,https://hindi.moneycontrol.com/india/up-train-status-check-list-cancelled-express-passenger-article-2311762.html,https://images.moneycontrol.com/static-hindinews/2025/09/Train.jpg,,", 1 28 28 16 , 20 
, , 
<ul><li>14324</li><li>14014</li><li>14235</li><li>15012</li><li>14311</li></ul>
12207 : 9, 13, 20, 27 ; 3, 10, 17, 24 ; 7, 14, 21, 28 
12208 : 7, 14, 21, 28 ; 4, 11, 18, 2… [+169 chars]","Trains Canceled List: Trains canceled in UP due to fog, please check the status before travelling. There is an important information for the passengers traveling by trains passing through Uttar Pradesh. The effect of continuously increasing fog in North India is now clearly visible on railway operations. According to meteorologists, fog is highest between December and February.","Liste der ausgefallenen Züge: Züge in UP aufgrund von Nebel ausgefallen. Bitte überprüfen Sie den Status vor Reiseantritt. Es gibt wichtige Informationen für Passagiere, die mit Zügen reisen, die durch Uttar Pradesh fahren. Die Auswirkungen des kontinuierlich zunehmenden Nebels in Nordindien sind nun deutlich auf den Bahnbetrieb sichtbar. Meteorologen zufolge ist der Nebel zwischen Dezember und Februar am höchsten.","Impedimenta List Cancellata: Impedimenta in UP cancellata ob nebulam, statui ante peregrinationem reprehendo placet. Magna notitia est de viatoribus per impedimenta iter per Uttar Pradesh transeuntes. Effectus nebulae augendae continue in India septentrionali nunc clare in operationibus ferriviariis conspicuus est. Secundum astrologi, nebula altissima inter Decembrem et Februarium est.",India,SAS,Asia,wmo
96db4a7fe9bea64489ff286657d3aca0,2025-12-16T06:05:57Z,Cold Wave,,www.cnbeta.com.tw,zh,0.2857142857142857,得州惊现“幽灵车”让特斯拉股价一夜狂欢 却是在悬崖边跳舞？,"马斯克终于放手！这次，安全员真的“下岗”了。刚刚过去的周末，一段视频在社交媒体X上疯传：美国得州奥斯汀的街头，一辆特斯拉Model Y悄然驶过。没有司机，副驾驶没有安全员，方向盘在无人触碰的情况下自行转动，如同幽灵在驾驶。
随后马斯克亲自下场确认：“测试正在进行中，车内无乘员。”这句话瞬间引爆了资本市场。周一收盘，特斯拉股价飙升3.6%，站上475.31美元的高位，距离2024年12月18日创下的历史最高点仅一步之遥。信徒们高呼“机器人出租车已来”，仿佛那个画了十年的大饼终于成真。然而，狂欢之下暗流涌动。一边是…",https://www.cnbeta.com.tw/articles/tech/1541232.htm,https://static.cnbetacdn.com/article/2025/1216/1c768a42745fe6f.gif,,"3.6%475.3120241218
Waymo
20262807DMV
1. 
Slowly, then all at once.
AI·Ashok Elluswamy
20162025100
AI
PPT
6
2. 
·Brad Templeton
AI
AI
AI
AI5G
3. Waymo
AlphabetWaymo
RedditWaymo
·  2… [+344 chars]","A ""ghost car"" appears in Texas, causing Tesla's stock price to party all night long, but is it dancing on the edge of a cliff? . Musk finally lets go! This time, the security officer was really ""laid off"". This past weekend, a video went viral on social media X: a Tesla Model Y quietly drove past on the streets of Austin, Texas, USA. There is no driver, no safety officer on the passenger side, and the steering wheel turns on its own without anyone touching it, like a ghost driving. Then Musk personally came out and confirmed: ""The test is in progress and there are no passengers in the car."" This sentence instantly detonated the capital market. At the close of trading on Monday, Tesla's stock price soared 3.6%, reaching a high of $475.31, just one step away from the all-time high set on December 18, 2024. Believers chanted ""robot taxis have arrived"", as if the pie that had been planned for ten years had finally come true. However, there is an undercurrent beneath the carnival. On one side is…","In Texas taucht ein „Geisterauto“ auf, das den Aktienkurs von Tesla in eine wilde Nacht versetzt, aber tanzt es am Rande einer Klippe? . Musk lässt endlich los! Diesmal wurde der Sicherheitsbeamte wirklich „entlassen“. Am vergangenen Wochenende ging ein Video in den sozialen Medien X viral: Ein Tesla Model Y fuhr leise auf den Straßen von Austin, Texas, USA vorbei. Es gibt keinen Fahrer, keinen Sicherheitsbeauftragten auf der Beifahrerseite und das Lenkrad dreht sich von selbst, ohne dass jemand es berührt, wie bei einem Geisterfahren.
Dann kam Musk persönlich heraus und bestätigte: „Der Test läuft und es sind keine Passagiere im Auto.“ Dieser Satz sorgte augenblicklich für Aufruhr am Kapitalmarkt. Zum Handelsschluss am Montag stieg der Aktienkurs von Tesla um 3,6 % und erreichte einen Höchststand von 475,31 US-Dollar, nur einen Schritt vom Allzeithoch vom 18. Dezember 2024 entfernt. Die Gläubigen skandierten „Robotertaxis sind da“, als ob der seit zehn Jahren geplante Kuchen endlich wahr geworden wäre. Allerdings gibt es unter dem Karneval eine Unterströmung. Auf der einen Seite ist…","""Currus spiritus"" in Texas apparet, mittens pretium Teslae in fera nocte, sed estne in margine rupis saltans? . MOSCHUS tandem dimittit! Hoc tempore, praefectus securitatis vere ""dispositus est"". Praeterita weekend, video virales in instrumentis socialibus X: a Tesla Model Y tacite praeteritum in vias Augustini, Texas, USA egit. Non est exactor, nulla salus in transeunte parte magistratus, et rota gubernatrix in se volvitur sine aliquo tangente, sicut umbra incessus.
Tunc Musk personaliter exivit et confirmavit: ""Testamentum in cursu est et nullae vectores in autocineto sunt."" Haec sententia statim forum capitale detonavit. Fine mercaturae die Lunae, pretium stirpis Teslae movit 3.6%, altum attingens $475.31, unum gradum ab omni tempore in summo statuto die 18 mensis Decembris anno 2024. Fideles ""taxis roboti cantatum pervenerunt"", perinde ac si pica quae decem annos meditata erat tandem evenisset. Sed sub FESTUM est undercurrent. Ex una parte est…",China,EAS,Asia,wmo
808ee75c91efe5db15a9079f08c2d275,2025-12-16T07:26:02Z,Storm,,www.alphafreepress.gr,el,0.7,Βραζιλία: Καταιγίδα γκρέμισε αντίγραφο του Αγάλματος της Ελευθερίας στη Γκουαΐμπα,"Ριπές ανέμου άνω των 90 χλμ/ώρα ανέτρεψαν το Άγαλμα της Ελευθερίας στην πόλη Γκουαϊμπά στη Βραζιλία. Το Άγαλμα της Ελευθερίας των φτωχών, εγκ",https://www.alphafreepress.gr/2025/12/16/kosmos/vrazilia-kataigida-gkremise-antigrafo-tou-agalmatos-tis-eleytherias-sti-gkouaimpa/,https://www.alphafreepress.gr/wp-content/uploads/2025/12/replica6.jpg,,"90 / . , megastore Havan . , 90 /. . . , 35 , 24 . Havan 2020 .
 Strong wind gusts exceeding 90 km/h toppled a replica of the Statue of Liberty in Guaiba, in Brazils Porto Alegre metropolitan region… [+388 chars]","Brazil: Storm knocks down replica of Statue of Liberty in Guaiba. Wind gusts of more than 90 km/h toppled the Statue of Liberty in the city of Guaiba in Brazil. The Statue of Liberty of the Poor, ed","Brasilien: Sturm reißt Nachbildung der Freiheitsstatue in Guaiba nieder. Windböen von mehr als 90 km/h stürzten die Freiheitsstatue in der Stadt Guaiba in Brasilien. Die Freiheitsstatue der Armen, hrsg","Brazil: Tempestas imaginem pulsat Statuae Libertatis in Guaiba. Ventorum procellae plus quam 90 km/h statuam Libertatis in urbe Guaiba in Brasilia conciderunt. Statua Libertatis Pauperum, ed",Brazil,SAM,South-America,wmo
dcf0ac4309a6b4172ac2e04ec473f1a3,2025-12-16T11:33:05Z,Cold Wave,,www.aajtak.in,hi,0.8,"भारत का वो गांव जहां -60°C तक गिरता है पारा, खून भी जम जाता है...कैसे जीते हैं लोग","Coldest Village of India: भारत में सर्दियों की शुरुआत के साथ ठंड की चर्चा आम हो जाती है, लेकिन लद्दाख का द्रास इससे बिल्कुल अलग दुनिया है. कारगिल जिले में बसा यह इलाका भारत का सबसे ठंडा गांव माना जाता है, जहां सर्दियों में तापमान खतरनाक स्तर तक पहुंच जाता है.",https://www.aajtak.in/travel/photo/india-coldest-village-dras-minus-60-degree-temperature-life-in-ladakh-2414012-2025-12-16,https://akm-img-a-in.tosshub.com/aajtak/images/photo_gallery/202512/694120e7b2dcd-coldest-village-in-india-160537756-16x9.png,,", . - (NH1) . '-' , . , , , .
Photo: incredibleindia.gov.in","That village in India where the mercury falls to -60°C, even the blood freezes...how do people live. Coldest Village of India: With the onset of winter in India, discussion of cold becomes common, but Dras in Ladakh is a completely different world from it. This area situated in Kargil district is considered to be the coldest village in India, where the temperature reaches dangerous levels in winter.","Dieses Dorf in Indien, in dem die Quecksilbertemperatur auf -60 °C sinkt und sogar das Blut gefriert ... wie leben die Menschen? Kältestes Dorf Indiens: Mit Beginn des Winters in Indien wird immer häufiger über Kälte gesprochen, aber Dras in Ladakh ist eine völlig andere Welt. Dieses Gebiet im Distrikt Kargil gilt als das kälteste Dorf Indiens, wo die Temperaturen im Winter gefährliche Werte erreichen.","Vicus ille in India ubi Mercurius ad -60°C cadit, etiam sanguis constringitur quomodo homines vivunt. Frigidissima Indiae villa: Ingruente hiemis in India, disputatio frigorum communis fit, sed Dras in Ladakh mundus ab ea omnino diversus est. Haec regio in regione Kargil sita censetur vicus in India frigidissimus, ubi temperatura periculosas gradus hiemis attingit.",India,SAS,Asia,wmo
edcf87ffaa93af50a691edbeeeef3bf3,2025-12-16T12:36:00Z,Wildfire,,consent.yahoo.com,zh,0.2857142857142857,俄雅庫茨克世界最冷城市 氣溫零下45℃當地人習以為常,台灣前2天有最強冷氣團來襲，但是比起寒帶國家實在不夠看。在全世界最冷的城市之一，俄國西伯利亞的雅庫茨克，本週氣溫已經降到攝氏零下45度，比冰箱冷凍庫還要冷得多。不過，居民表示這種天氣「還算溫和」，零下快60°C他們也經歷過。,https://consent.yahoo.com/v2/collectConsent?sessionId=1_cc-session_c81a67ee-e564-46b2-935f-a11046e0508f,,,"If you click 'Accept all', we and our partners, including 242 who are part of the IAB Transparency &amp; Consent Framework, will also store and/or access information on a device (in other words, use … [+714 chars]","The coldest city in the world, Yakutsk, Russia, has a temperature of minus 45 degrees Celsius. The locals are used to it. The strongest cold air mass hit Taiwan in the past two days, but it is not enough compared to the cold zone countries. In one of the coldest cities in the world, Yakutsk in Siberia, Russia, the temperature has dropped to minus 45 degrees Celsius this week, which is much colder than a refrigerator or freezer. However, residents said that this kind of weather was ""fairly mild"" and they had also experienced temperatures reaching minus 60°C.","Die Temperatur in der kältesten Stadt der Welt, Jakutsk, Russland, beträgt minus 45 °C. Die Einheimischen sind daran gewöhnt. Taiwan hatte in den letzten zwei Tagen die stärkste Kaltluftmasse, aber im Vergleich zu Ländern in der Kaltzone war das wirklich nicht gut. In einer der kältesten Städte der Welt, Jakutsk in Sibirien, Russland, ist die Temperatur diese Woche auf minus 45 Grad Celsius gesunken, was viel kälter ist als in einem Kühl- oder Gefrierschrank. Anwohner sagten jedoch, dass das Wetter „ziemlich mild“ sei und sie auch Temperaturen von bis zu minus 60 °C erlebt hätten.","Frigidissima civitas in mundo, Yakutsk, Russia, temperatura minus 45 graduum Celsius habet. Prouinciales ad id usitatas. Validissima massa aeris frigidi in Taiwan biduo praeterito ledo, sed regionibus frigidis zonam non satis comparatum est. In una ex frigidissimis in mundo urbibus, Yakutsk in Sibiria, Russia, temperatura minus 45 gradus Celsius hac septimana decidit, quae multo frigidior est quam armarium vel freezer. Nihilominus incolae dixerunt hoc genus tempestatis ""satis mitem"" fuisse et temperaturas minus 60°C expertos fuisse.",China,EAS,Asia,wmo
5cfc99a2348e31672d397ffbc53404e6,2025-12-17T12:52:02Z,Snow&Ice,,www.morgenpost.de,de,0.8,Gibt es 2025 weiße Weihnachten? So stehen die Chancen auf Schnee,Weiße Weihnachten werden in Deutschland immer seltener. Doch wie hoch sind die Chancen dieses Jahr? Erste Prognosen deuten Überraschendes an.,https://www.morgenpost.de/panorama/article410574920/weihnachten-schnee-wetterprognose-weisser-winter-wetter.html,https://img.sparknews.funkemedien.de/410574358/410574358_1764341624_v16_9_1600.jpeg,http://web.archive.org/web/20251217134654/https://www.morgenpost.de/panorama/article410574920/weihnachten-schnee-wetterprognose-weisser-winter-wetter.html,Leise rieselt der Schnee aber leider nur im Weihnachtslied. Denn in Deutschland fallen die weißen Flocken immer seltener vom Himmel. Trotzdem hoffen viele Menschen Jahr für Jahr auf weiße Weihnachten… [+3693 chars],Will there be a white Christmas in 2025? So the chances of snow are there. White Christmas is becoming increasingly rare in Germany. But what are the chances this year? Initial forecasts suggest something surprising.,Gibt es 2025 weiße Weihnachten? So stehen die Chancen auf Schnee. Weiße Weihnachten werden in Deutschland immer seltener. Doch wie hoch sind die Chancen dieses Jahr? Erste Prognosen deuten Überraschendes an.,Nativitas alba anno MMXXV erit? Itaque casus nivis sunt. Nativitas alba magis magisque rara in Germania fit. Sed quae sunt casus hoc anno? Praenuntiationes initiales aliquid mirum suggerunt.,Germany,WCE,Europe,wmo
0fad8d47bf4721180aea10102fd55b04,2025-12-17T13:47:00Z,Snow&Ice,,www.gamekult.com,fr,0.9,"ARC Raiders affronte l’hiver avec Cold Snap, une mise à jour sous zéro degré","Speranza n’était déjà pas une terre d’accueil, mais Embark Studios a décidé de la rendre encore plus hostile. Depuis hier, 16 décembre, ARC Raiders s'est paré d’un manteau de givre avec Cold Snap, sa deuxième mise à jour majeure gratuite depuis le lancement. …",https://www.gamekult.com/actualite/arc-raiders-affronte-l-hiver-avec-cold-snap-une-mise-a-jour-sous-zero-degre-3050867549.html,https://cdn.gamekult.com/optim/images/news/30/3050867549/arc-raiders-affronte-l-hiver-avec-cold-snap-une-mise-a-jour-sous-zero-degre-af9cb017__w854.jpg,http://web.archive.org/web/20251217140805/https://www.gamekult.com/actualite/arc-raiders-affronte-l-hiver-avec-cold-snap-une-mise-a-jour-sous-zero-degre-3050867549.html,"Speranza nétait déjà pas une terre daccueil, mais Embark Studios a décidé de la rendre encore plus hostile. Depuis hier, 16 décembre, ARC Raiders s'est paré dun manteau de givre avec Cold Snap, sa de… [+2697 chars]","ARC Raiders takes on winter with Cold Snap, a sub-zero update. Speranza was already not a welcoming land, but Embark Studios decided to make it even more hostile. Since yesterday, December 16, ARC Raiders has been adorned with a coat of frost with Cold Snap, its second major free update since launch. …","ARC Raiders trotzen dem Winter mit Cold Snap, einem Minus-Update. Speranza war ohnehin kein einladendes Land, aber die Embark Studios beschlossen, es noch feindseliger zu machen. Seit gestern, dem 16. Dezember, ist ARC Raiders mit Cold Snap, dem zweiten großen kostenlosen Update seit der Veröffentlichung, mit einer frostigen Schicht geschmückt. …","ARC populatores hiemem accipit cum Snap frigida, sub-nulla renovatio. Speranza iam non erat terra hospita, sed Embark Studios etiam infestiores facere decrevit. Cum heri Decembris XVI, ARC populatores lorica frigoris cum Snap frigoris ornata est, secunda maior renovatio libera cum launch. ...",Canada,NEN,North-America,wmo
9948a3457194230cb319aed96814f154,2025-12-17T14:43:07Z,Storm,,www.cbc.ca,en,0.8,"Storm knocks out power for 120,000 homes across B.C.'s Lower Mainland",Environment Canada recommends people secure loose objects and stay away from fallen power lines.,https://www.cbc.ca/news/canada/british-columbia/storms-downs-power-b-c-south-coast-9.7019260,"https://i.cbc.ca/ais/d9dc255a-3844-408f-b598-c6b20a07cc4b,1765982917687/full/max/0/default.jpg?im=Crop%2Crect%3D%28165%2C0%2C1639%2C921%29%3BResize%3D620",http://web.archive.org/web/20251218000820/https://www.cbc.ca/news/canada/british-columbia/storms-downs-power-b-c-south-coast-9.7019260,"A wind and rainstorm has downed power for more than 100,000 B.C. Hydro customers across the Lower Mainland and Fraser Valley Wednesday morning. 

B.C. Hydro says its the third major weather-related o… [+1092 chars]","Storm knocks out power for 120,000 homes across B.C.'s Lower Mainland. Environment Canada recommends people secure loose objects and stay away from fallen power lines.","Durch den Sturm wird der Strom für 120.000 Haushalte im Lower Mainland von British Columbia unterbrochen. Environment Canada empfiehlt, lose Gegenstände zu sichern und sich von heruntergefallenen Stromleitungen fernzuhalten.",Tempestas potestatem per 120.000 domos per inferiorem continentem BC pulsat. Ambitus Canada homines commendat laxas res securas et a lineis potentiae lapsis discedite.,Canada,NEN,North-America,wmo
3de23964a3a4f47b56ec33be4d5f55bc,2025-12-17T17:23:37Z,Storm,,www.courrierinternational.com,fr,0.8,"Brésil : à São Paulo, une panne de courant géante et beaucoup de tensions","Une semaine après une violente tempête, la capitale économique du Brésil reste en partie plongée dans le noir. Le black-out a déclenché une passe d’armes politique entre les autorités locales et le gouvernement Lula, tout en exposant les fragilités du modèle …",https://www.courrierinternational.com/article/black-out-bresil-a-sao-paulo-une-panne-de-courant-geante-et-beaucoup-de-tensions_238644,https://focus.courrierinternational.com/2025/12/11/0/0/6192/4128/1200/630/60/0/288be44_ftp-1-sa40fw43o6yh-afp-87tz7jw.jpg,http://web.archive.org/web/20251217172905/https://www.courrierinternational.com/article/black-out-bresil-a-sao-paulo-une-panne-de-courant-geante-et-beaucoup-de-tensions_238644,"Une semaine après la violente tempête qui a provoqué une panne délectricité géante à São Paulo, le retour à la normale se fait toujours attendre. Sur les plus de 2 millions de foyers et détablissemen… [+1086 chars]","Brazil: In São Paulo, a giant power outage and a lot of tension. A week after a violent storm, Brazil's economic capital remains partly plunged into darkness. The blackout triggered a political skirmish between local authorities and the Lula government, while exposing the weaknesses of the model...",Brasilien: In São Paulo ein riesiger Stromausfall und viel Spannung. Eine Woche nach einem heftigen Sturm liegt Brasiliens Wirtschaftshauptstadt weiterhin teilweise in Dunkelheit. Der Stromausfall löste ein politisches Gefecht zwischen den lokalen Behörden und der Lula-Regierung aus und deckte gleichzeitig die Schwächen des Modells auf ...,"Brasilia: in São Paulo, euxus potentia ingens et multae contentionis sunt. Septimana post vehementem tempestatem capitis reliquiae oeconomicae Brasiliae partim in tenebras mersae sunt. Blackout velitatio politica inter auctoritates locales et regimen Lulae utitur, dum infirmitatibus exemplaris exponitur...",Brazil,SAM,South-America,wmo
d7ce26866696ffa492580b83c740c968,2025-12-17T19:29:50Z,Wildfire,,hk.news.yahoo.com,zh,0.2,固態電池+納米陶瓷塗層，极致安全「尿袋」MOVESPEED 香港上市,"<ol><li>Yahoo新聞</li><li>Tech</li><li>固態電池+納米陶瓷塗層，极致安全「尿袋」MOVESPEED 香港上市</li></ol>
文章來源：Qooah.com
在行動電源安全事故頻傳的時代，MOVESPEED 移速推出全新「小盾芯磁吸充電寶(流動充電器)」，以汽車級固態安全電芯與納米陶瓷塗層技術，打造業界領先的防爆防燃標準。
產品不僅通過針刺測試，更符合工信部即將實施的新國標《行動電源安全技術規範》及 3C 認證，完全可以內地帶上飛機、高鐵。即使在零下 10℃ 極寒或 60…",https://hk.news.yahoo.com/%E5%9B%BA%E6%85%8B%E9%9B%BB%E6%B1%A0-%E7%B4%8D%E7%B1%B3%E9%99%B6%E7%93%B7%E5%A1%97%E5%B1%A4-%E6%9E%81%E8%87%B4%E5%AE%89%E5%85%A8-%E5%B0%BF%E8%A2%8B-movespeed-192950855.html,https://media.zenfs.com/en/iloveapps.com/3348e3b72d7b749d7d92df16cafba030,http://web.archive.org/web/20251218002517/https://hk.news.yahoo.com/%E5%9B%BA%E6%85%8B%E9%9B%BB%E6%B1%A0-%E7%B4%8D%E7%B1%B3%E9%99%B6%E7%93%B7%E5%A1%97%E5%B1%A4-%E6%9E%81%E8%87%B4%E5%AE%89%E5%85%A8-%E5%B0%BF%E8%A2%8B-movespeed-192950855.html,"Qooah.com
MOVESPEED ()
 3C 10 60 
 16.4mm 186g PowerBank 10000mAh 7.5W 18W 
AI 6
LED iPhone18015N
MOVESPEED MSP08 10000mAh HK$299
:
: 2717 8131","Solid-state battery + nano-ceramic coating, the ultimate safe ""urine bag"" MOVESPEED is launched in Hong Kong. <ol><li>Yahoo News</li><li>Tech</li><li>Solid-state battery + nano-ceramic coating, the ultimate safe ""urine bag"" MOVESPEED is launched in Hong Kong</li></ol>
Article source: Qooah.com
In an era where power bank safety accidents occur frequently, MOVESPEED launches a new ""Small Shield Core Magnetic Power Bank (mobile charger)"", which uses automotive-grade solid-state safety batteries and nano-ceramic coating technology to create industry-leading explosion-proof and flame-proof standards.
The product has not only passed the acupuncture test, but also complies with the new national standard ""Safety Technical Specifications for Mobile Power Sources"" and 3C certification that will be implemented by the Ministry of Industry and Information Technology. It can be taken on planes and high-speed trains in the mainland. Even in the extreme cold of minus 10℃ or 60…","Festkörperbatterie + Nanokeramikbeschichtung, der ultimativ sichere „Urinbeutel“ MOVESPEED wird in Hongkong eingeführt. <ol><li>Yahoo News</li><li>Tech</li><li>Festkörperbatterie + Nanokeramikbeschichtung, der ultimativ sichere „Urinbeutel“ MOVESPEED wird in Hongkong eingeführt</li></ol>
Artikelquelle: Qooah.com
In einer Zeit, in der es häufig zu Sicherheitsunfällen bei Powerbanks kommt, bringt MOVESPEED eine neue „Small Shield Core Magnetic Power Bank (mobiles Ladegerät)“ auf den Markt, die Festkörper-Sicherheitsbatterien in Automobilqualität und Nanokeramik-Beschichtungstechnologie verwendet, um branchenführende Explosions- und Flammschutzstandards zu schaffen.
Das Produkt hat nicht nur den Akupunkturtest bestanden, sondern entspricht auch der neuen nationalen Norm „Sicherheitstechnische Spezifikationen für mobile Stromquellen“ und der 3C-Zertifizierung, die vom Ministerium für Industrie und Informationstechnologie umgesetzt wird. Es kann in Flugzeugen und Hochgeschwindigkeitszügen auf dem Festland mitgenommen werden. Selbst bei extremer Kälte von minus 10℃ oder 60…","Pugna solida-status + nano-ceramic vestitur, ultimum tutum ""peram urina"" MOVESPEED in Hong Kong emissa est. <ol><li>Yahoo Nuntii</li><li>Tech</li><li>Status solidae pugnae + nano-ceramic vestis, ultimum tutum ""peram urina"" MOVESPEED in Hong Kong</li></ol> immissa est.
Articulus fons: Qooah.com
In aetate qua potentia ripae tuta accidentia frequentius occurrunt, MOVESPEED novum ""Speculum Core Magneticae potentiae Bank (mobilis patinae) movet"", quo in automotivo-gradu solido-statu salutis gravida utitur et technologiam nano-ceramicam efficiens ut industriam ducentem explosionem probationem et signa flammea probandi adhibeat.
Productum non solum probationem acupuncturae transegit, sed etiam nova nationali norma obtemperat ""Salus Specifications technicae ad fontes mobiles Power"" et 3C certificationem quae per Ministerium Industry ac Information Technologiae erit effectum. Capi potest impedimenta plana et summa celeritate in continenti. Etiam in frigidissimo minus 10℃ vel 60…",China,EAS,Asia,wmo
d7baab4babaf91d6c14267dfca7aeb6a,2025-12-18T16:52:08Z,Snow&Ice,,www.n-tv.de,de,0.8,Temperaturen im Sturzflug: Der Winter reißt sich endlich zusammen,Jetzt wird es spannend. Die Wetterlage stellt sich um und so erreicht Deutschland in der Weihnachtswoche kalte Luft aus dem Osten. Für weiße Weihnachten fehlt aber noch eine wichtige Zutat: Schnee. Kommt der noch?,https://www.n-tv.de/panorama/Der-Winter-reisst-sich-endlich-zusammen-id30159981.html,https://www.n-tv.de/img/30160105/1766078171/Img_16_9/1200/16-12-2025-Baden-Wuerttemberg-Heiligkreuzsteinach-Schafe-stehen-auf-einer-von-Raureif-bedeckten-Wiese.jpg,http://web.archive.org/web/20251219032405/https://www.n-tv.de/panorama/Der-Winter-reisst-sich-endlich-zusammen-id30159981.html,"Es wird kalt. (Foto: dpa)
Jetzt wird es spannend. Die Wetterlage stellt sich um und so erreicht Deutschland in der Weihnachtswoche kalte Luft aus dem Osten. Für weiße Weihnachten fehlt aber noch ein… [+2175 chars]",Temperatures are plummeting: winter is finally coming together. Now it's getting exciting. The weather situation changes and cold air reaches Germany from the east during Christmas week. But there is still one important ingredient missing for a white Christmas: snow. Is he still coming?,Temperaturen im Sturzflug: Der Winter reißt sich endlich zusammen. Jetzt wird es spannend. Die Wetterlage stellt sich um und so erreicht Deutschland in der Weihnachtswoche kalte Luft aus dem Osten. Für weiße Weihnachten fehlt aber noch eine wichtige Zutat: Schnee. Kommt der noch?,Temperaturae gradarii sunt: ​​hiems tandem convenitur. Nunc tristique lorem suscipit. Tempestas condicio mutatur et frigus aeris Germaniam ab oriente in hebdomada Nativitatis attingit. Sed adhuc una medicamenta magna deest pro natalibus albis: nives. Adhuc venit?,Germany,WCE,Europe,wmo
80b66e7ca9001ace778dbea42f2284fb,2025-12-18T18:12:55Z,Snow&Ice,,www.bild.de,de,0.8,Hoffnung auf weiße Weihnachten - Wetter-Experten sagen Schnee voraus,Deutschland erwartet eisige Weihnachten mit Chancen auf Schnee bis ins Flachland.,https://www.bild.de/news/wetter/hoffnung-auf-weisse-weihnachten-wetter-experten-sagen-schnee-voraus-6943f1c530ed0ba32e70e5e9,"https://images.bild.de/6943f1c530ed0ba32e70e5e9/4207528accd9d4c7aaf5b49dc3ceb520,1505a8bc?w=1280",,Deutschland erlebt eine komplette Kehrtwende beim Wetter und plötzlich stehen die Chancen auf weiße Weihnachten ziemlich gut! Nach einer rekordmilden Adventszeit drehen die Temperaturen pünktlich zum… [+2994 chars],Hope for a white Christmas - weather experts predict snow. Germany is expecting an icy Christmas with chances of snow even in the lowlands.,Hoffnung auf weiße Weihnachten - Wetter-Experten sagen Schnee voraus. Deutschland erwartet eisige Weihnachten mit Chancen auf Schnee bis ins Flachland.,Spes albae Nativitatis - tempestatis periti nivem praedicunt. Germania gelidam Natalem exspectat casum nivis etiam in campestribus.,Germany,WCE,Europe,wmo
5b757e16c2ee286cfc3473be4a5d2ccf,2025-12-19T00:29:54Z,Earthquake,,tw.stock.yahoo.com,zh,0.4,行李在機場最容易被偷？專家揭5招防竊密技,生活中心／杜子心報導疫情後國人出國旅遊人潮暴增，每逢寒暑假機場都會出現滿滿排隊人潮，機場行李安全問題也跟著浮上檯面，近期國際機場接連傳出行李遭竊事件，讓不少旅客都很擔心在國外機場行李會遭小偷盯上。對此，Co-op Insurance 旅遊保險負責人格爾曼（Ellis German），就分享了5種機場行李防竊小技巧...,https://tw.stock.yahoo.com/news/%E8%A1%8C%E6%9D%8E%E5%9C%A8%E6%A9%9F%E5%A0%B4%E6%9C%80%E5%AE%B9%E6%98%93%E8%A2%AB%E5%81%B7-%E5%B0%88%E5%AE%B6%E6%8F%AD5%E6%8B%9B%E9%98%B2%E7%AB%8A%E5%AF%86%E6%8A%80-002954226.html,https://s.yimg.com/ny/api/res/1.2/3x4R.3TuEsLpd9NVNVAVpw--/YXBwaWQ9aGlnaGxhbmRlcjt3PTEyMDA7aD02NzU-/https://media.zenfs.com/ko/ftvn_finance_535/c9b8423b31019a183fbe978ebc28a014,http://web.archive.org/web/20251219055305/https://tw.stock.yahoo.com/news/%E8%A1%8C%E6%9D%8E%E5%9C%A8%E6%A9%9F%E5%A0%B4%E6%9C%80%E5%AE%B9%E6%98%93%E8%A2%AB%E5%81%B7-%E5%B0%88%E5%AE%B6%E6%8F%AD5%E6%8B%9B%E9%98%B2%E7%AB%8A%E5%AF%86%E6%8A%80-002954226.html,"Co-op Insurance Ellis German5
F1Jenson ButtonBrittny Button251AirTagTileSamsung SmartTag
5SOP
167%9","Which baggage is most likely to be stolen at the airport? Experts reveal 5 anti-theft tips. Life Center/Du Zixin reported that the number of Chinese people traveling abroad has increased sharply after the epidemic. Every winter and summer vacation, airports will be full of queues, and airport luggage security issues have also come to the fore. Recently, there have been a series of luggage theft incidents at international airports, making many passengers worried that their luggage will be targeted by thieves at foreign airports. In this regard, Ellis German, head of travel insurance at Co-op Insurance, shared 5 tips for preventing airport luggage theft...","Welches Gepäck wird am Flughafen am wahrscheinlichsten gestohlen? Experten verraten 5 Anti-Diebstahl-Tipps. Life Center/Du Zixin berichtete, dass die Zahl der ins Ausland reisenden Chinesen nach der Epidemie stark gestiegen sei. In jedem Winter- und Sommerurlaub sind die Flughäfen voller Warteschlangen, und auch Fragen der Gepäcksicherheit am Flughafen sind in den Vordergrund gerückt. In jüngster Zeit kam es auf internationalen Flughäfen zu einer Reihe von Gepäckdiebstählen, was bei vielen Passagieren die Befürchtung auslöste, dass ihr Gepäck auf ausländischen Flughäfen ins Visier von Dieben geraten könnte. In diesem Zusammenhang gab Ellis German, Leiter der Reiseversicherung bei Co-op Insurance, fünf Tipps zur Verhinderung von Gepäckdiebstahl am Flughafen …","Quae impedimenta fere auferri elit? Peritis 5 anti-furtum apicibus revelare. Vita Center/Du Zixin retulit numerum Sinensium peregrinantium post pestilentiam acriter auctum esse. Singulis hibernis et aestivis vacationibus, aliquet nisl plena Queues erunt, et aeriportus sarcinarum securitatis proventus etiam praeerunt. Nuper factae sunt series sarcinarum furti in aliquet nisl internationali, multi viatores anxium fecerunt ut sarcinas suas a furibus in nisl in externis aliquet iaculis iaculis. Hac de re Elias German, dux assecurationis itinerariorum apud Co-op Insurance, 5 tips communicavit ad impedimenta aeroportus furta prohibenda.",China,ECA,Asia,usgs
7b69227680a5eaf32e33b454c901a5ee,2025-12-19T12:11:04Z,Thunderstorm,,www.newsit.gr,el,0.8,Κατάρ και Σαουδική Αραβία «ντύθηκαν» στα λευκά: Εντυπωσιακές εικόνες με χιόνια και χαλάζι στους αμμόλοφους,"Σε ένα ασυνήθιστο και εντυπωσιακό καιρικό φαινόμενο, η αραβική έρημος ντύθηκε στα λευκά την Πέμπτη 18 Δεκεμβρίου, με χιονοπτώσεις να καταγράφονται σε περιοχές της Σαουδικής ... 
To άρθρο Κατάρ και Σαουδική Αραβία «ντύθηκαν» στα λευκά: Εντυπωσιακές εικόνες με …",https://www.newsit.gr/kosmos/katar-kai-saoudiki-aravia-ntythikan-sta-leyka-entyposiakes-eikones-me-xionia-kai-xalazi-stous-ammolofous/4556126/,https://www.newsit.gr/wp-content/uploads/2025/12/xioni-katar-1-1200x630.jpg,http://web.archive.org/web/20251219122219/https://www.newsit.gr/kosmos/katar-kai-saoudiki-aravia-ntythikan-sta-leyka-entyposiakes-eikones-me-xionia-kai-xalazi-stous-ammolofous/4556126/,", 18 , . , , , , . , , . , , ., , , . . , , .","Qatar and Saudi Arabia ""dressed"" in white: Impressive images of snow and hail in the sand dunes. In an unusual and spectacular weather phenomenon, the Arabian desert was dressed in white on Thursday, December 18, with snowfall recorded in areas of Saudi ... The article Qatar and Saudi Arabia ""dressed"" in white: Impressive images with ...","Katar und Saudi-Arabien „gekleidet“ in Weiß: Beeindruckende Bilder von Schnee und Hagel in den Sanddünen. Bei einem ungewöhnlichen und spektakulären Wetterphänomen war die arabische Wüste am Donnerstag, dem 18. Dezember, in Weiß gekleidet, wobei in Gebieten Saudi-Arabiens Schneefall registriert wurde ... Der Artikel Katar und Saudi-Arabien „in Weiß gekleidet“: Beeindruckende Bilder mit ...","Qatar et Arabia Saudiana ""induti"" in albis: imagines impressivae nivis et grandinis in arenosis. In phaenomenon tempestatum insolitum et spectaculum, desertum Arabum vestitum est albo die Iovis, XVIII mensis Decembris, nix nix in locis Saudi ... Articulus Qatar et Arabiae Saudianae ""ornatus"" in albis: imaginibus impressivis cum .",Qatar,ARP,Asia,wmo
a8a59a0dde5a0e749ca71a9234c9083c,2025-12-19T15:39:54Z,Flood,,www.20minutes.fr,fr,0.8,Intempéries : Le Gard placé en alerte orange pour pluie et inondations dès ce vendredi soir,"Météo-France a placé le Gard en vigilance orange pluie-inondation ce vendredi à partir de 20 heures, en raison d’un épisode pluvieux méditerranéen",https://www.20minutes.fr/planete/4192463-20251219-meteo-gard-place-alerte-orange-pluie-inondations,https://img.20mn.fr/O6HyXBVbRxedn-uMVthxKik/1444x920_thunderstorms-affect-the-mountainous-massif-of-the-cevennes-in-lozere-on-the-lower-part-of-the-massif-central-the-stormy-clouds-pass-around-the-mountains-view-from-the-mont-lozere-a-few-kilometers-from-the-pic-cassini-atmosphere-in-the-heart-of-nature-it-is-in-this-geographical-area-that-the-cevennes-and-mediterranean-episodes-occur-between-august-and-november-during-the-winter-of-2023-the-rain-did-not-fall-in-large-quantities-which-makes-the-locals-fear-the-risk-of-drought-photograph-of-benjamin-polge-hans-lucas-des-orages-touchent-le-massif-montagneux-des-cevennes-en-lozere-sur-la-partie-basse-du-massif-central-les-nuages-orageux-passent-autour-des-montagnes-prise-de-vue-depuis-le-mont-lozere-a-quelques-kilometres-du-pic-cassini-ambiance-au-c-ur-de-la-nature-c-est-dans-cette-zone-geographique-que-se-produisent-les-episodes-cevenols-et-mediterraneens-entre-aout-et-novembre-pendant-l-hiver-2023-la-pluie-n-est-pas-tombee-en-grande-quantite-ce-qui-fait-craindre-aux-locaux-le-risque-de-secheresse-photographie-de-benjamin-polge-hans-lucas-photo-by-benjamin-polge-hans-lucas-via-afp,http://web.archive.org/web/20251219161423/https://www.20minutes.fr/planete/4192463-20251219-meteo-gard-place-alerte-orange-pluie-inondations,"Soyez prudents. Météo-France a placé le Gard en vigilance orangepluie-inondation ce vendredi à partir de 20 heures. En cause, un épisode pluvieux méditerranéen durable, avec des averses qui vont nett… [+1192 chars]","Bad weather: Gard placed on orange alert for rain and flooding from this Friday evening. Météo-France has placed Gard on orange rain-flood alert this Friday from 8 p.m., due to a Mediterranean rainy episode",Schlechtes Wetter: Für Gard gilt ab diesem Freitagabend Alarmstufe Orange wegen Regen und Überschwemmungen. Météo-France hat Gard an diesem Freitag ab 20 Uhr aufgrund einer Regenepisode im Mittelmeerraum in den orangefarbenen Regen-Überschwemmungsalarm versetzt,"Tempestates malae: Gardus aurantiaco impositum pro pluvia et inundatione ab hac vespera Veneris. Météo-Gallia Gard in aurantiaco pluviali diluvio intenti hanc Veneris a 8 a.m. collocavit, ob res pluviae Mediterranei.",France,WCE,Europe,wmo
93cec7980d6fea08240cd83756925b20,2025-12-19T16:55:52Z,Wildfire,,consent.yahoo.com,zh,0.4,「黃仁勳把輝達帶進死胡同！」謝金河警告中國國家隊崛起：輝達難保領先優勢,在AI熱潮席捲下，全球產業格局正面臨重塑，中美兩國的競爭也逐漸轉移至AI戰場。對此，財信傳媒董事長謝金河在網路節目《老謝開講》表示，中國現在用國家力量打造新的AI陣營，中國半導體2026年展望，華為和寒武紀的AI半導體出貨量預計將超過100萬顆。而美國現在將AI產業當成一門生意，當商人碰到國家隊時，未必會打勝仗。謝金河說明，2023年5月AI賽道開始奔馳，至...,https://consent.yahoo.com/v2/collectConsent?sessionId=1_cc-session_9fd8e0b7-225d-4994-98a2-b48e8ff0786c,,,"If you click 'Accept all', we and our partners, including 242 who are part of the IAB Transparency &amp; Consent Framework, will also store and/or access information on a device (in other words, use … [+714 chars]","""Huida has been led into a dead end by Jen-Hsun Huang!"" Xie Jinhe warned the rise of the Chinese national team: Huida cannot maintain its lead. Sweeping by the AI ​​craze, the global industrial landscape is facing reshaping, and the competition between China and the United States has gradually shifted to the AI ​​battlefield. In this regard, Xie Jinhe, chairman of Caixin Media, said in the online program ""Lao Xie Talks"" that China is now using national power to build a new AI camp. China's semiconductor outlook for 2026 shows that Huawei and Cambrian's AI semiconductor shipments are expected to exceed 1 million units. The United States now regards the AI ​​industry as a business. When businessmen meet the national team, they may not win the battle. Xie Jinhe explained that the AI ​​track will start running in May 2023 and will...","„Huida wurde von Jen-Hsun Huang in eine Sackgasse geführt!“ Xie Jinhe warnte vor dem Aufstieg der chinesischen Nationalmannschaft: Huida kann seinen Vorsprung nicht halten. Unter dem Einfluss der KI-Begeisterung steht die globale Industrielandschaft vor einer Umgestaltung, und der Wettbewerb zwischen China und den Vereinigten Staaten hat sich allmählich auf das KI-Schlachtfeld verlagert. Diesbezüglich sagte Xie Jinhe, Vorsitzender von Caixin Media, in der Online-Sendung „Lao Xie Talks“, dass China nun die nationale Macht nutzt, um ein neues KI-Lager aufzubauen. Chinas Halbleiterausblick für 2026 zeigt, dass die KI-Halbleiterlieferungen von Huawei und Cambrian voraussichtlich über 1 Million Einheiten betragen werden. Die Vereinigten Staaten betrachten die KI-Industrie mittlerweile als Geschäft. Wenn Geschäftsleute auf die Nationalmannschaft treffen, werden sie den Kampf möglicherweise nicht gewinnen. Xie Jinhe erklärte, dass der KI-Track im Mai 2023 in Betrieb gehen wird und...","""Huida in finem mortuum Jen-Hsun Huang ducta est!"" Xie Jinhe monuit quadrigis nationalis Sinensium ortum: Huida suum plumbum tenere non potest. Verrens ab AI insania, Orbis industrialis globalis ratiocinationem respicit, et certamen inter Sinas et Civitates Foederatas sensim ad AI proelium movit. Hac de re Xie Jinhe, praeses Mediae Caixin, dixit in programmate programmatis ""Lao Xie Talki"", Sinas nunc nationali potestate utens ad nova AI castra aedificanda. Sinarum prospectus semiconductor 2026 ostendit Huawei et Cambriani scriptor AI semiconductor portarentur expectari ut 1 decies centena millia excederet. Civitatibus Foederatis Americae nunc AI industriam ut negotium spectat. Negotiatores cum quadrigis nationalibus occurrent, pugnam non vincunt. Xie Jinhe explicavit vestigia AI currentis in May 2023 incipiet et voluntatem...",China,EAS,Asia,wmo
91c3efddf157263eca49c892a660c550,2025-12-19T19:50:45Z,Storm,,www.abc.net.au,en,0.8,"Extreme heat, humidity and storms ahead of Christmas Day","Australia is experiencing a smorgasbord of wild weather in the lead-up to Christmas, featuring extreme heat, humidity, severe thunderstorms, and tropical storms all on the cards.",https://www.abc.net.au/news/2025-12-20/bom-christmas-weather-forecast/106163070,https://live-production.wcms.abc-cdn.net.au/edddf099b3cc436a435c32c3b0c8a1fe?impolicy=wcms_watermark_news&cropH=658&cropW=1170&xPos=0&yPos=121&width=862&height=485&imformat=generic,http://web.archive.org/web/20251219205415/https://www.abc.net.au/news/2025-12-20/bom-christmas-weather-forecast/106163070,"Australia is getting a smorgasbord of extreme weather over the next few days, featuring heat and humidity, severe thunderstorms and tropical storms.
It all comes ahead of a Christmas Day scorcher in… [+7625 chars]","Extreme heat, humidity and storms ahead of Christmas Day. Australia is experiencing a smorgasbord of wild weather in the lead-up to Christmas, featuring extreme heat, humidity, severe thunderstorms, and tropical storms all on the cards.","Extreme Hitze, Feuchtigkeit und Stürme vor dem Weihnachtstag. Australien erlebt in der Vorweihnachtszeit ein wildes Wettermeer mit extremer Hitze, hoher Luftfeuchtigkeit, heftigen Gewittern und tropischen Stürmen.","Extremus calor, humiditas et procellae ante diem natalem Domini. Australia experitur smorgasbord tempestates silvestres in plumbo usque ad Nativitatem Domini, in agendo calorem extremum, humiditatem, procellas graves, et procellas tropicas omnibus in charta.",Australia,SAU,Oceania,aidr
4b5231c0ea314e0caba7a7fb34c07d6e,2025-12-20T05:30:05Z,Snow&Ice,,www.stern.de,de,0.8,Tourismus: Warten auf Winter: Kunstschnee rettet Skipisten,"Schneekanonen statt Schneewolken: Wenig Niederschlag und hohe Temperaturen in Wintersportorten. Was Skifahrer in Österreich, der Schweiz, Bayern, Italien und Tschechien jetzt erwartet.",https://www.stern.de/panorama/tourismus--warten-auf-winter--kunstschnee-rettet-skipisten-36980730.html,https://image.stern.de/36980732/t/hi/v1/w1440/r1.7778/-/20--yt3dwmoe2vv11axs2048jpeg---aa800626bb35e25b.jpg,http://web.archive.org/web/20251220055228/https://www.stern.de/panorama/tourismus--warten-auf-winter--kunstschnee-rettet-skipisten-36980730.html,"Kopiere den aktuellen Link
Zur Merkliste hinzufügen
Schneekanonen statt Schneewolken: Wenig Niederschlag und hohe Temperaturen in Wintersportorten. Was Skifahrer in Österreich, der Schweiz, Bayern,… [+3945 chars]","Tourism: Waiting for winter: artificial snow saves ski slopes. Snow cannons instead of snow clouds: Little precipitation and high temperatures in winter sports resorts. What skiers in Austria, Switzerland, Bavaria, Italy and the Czech Republic can now expect.","Tourismus: Warten auf Winter: Kunstschnee rettet Skipisten. Schneekanonen statt Schneewolken: Wenig Niederschlag und hohe Temperaturen in Wintersportorten. Was Skifahrer in Österreich, der Schweiz, Bayern, Italien und Tschechien jetzt erwartet.","Voluptuaria similesve: Exspecto hiemem: artificialis nix salvet declivia ski. Nives tormenta pro nubibus nivis: Parva praecipitatio et summae temperaturae in ludis hiemalibus frequentat. Quid nartatores in Austria, Helvetia, Bavaria, Italia et Res publica Bohemica nunc expecto.",Italy,MED,Europe,wmo
e6983d7ec1c427811690ac41d38174a1,2025-12-20T05:31:39Z,Precipitation,,www.tagesspiegel.de,de,0.8,Tourismus: Warten auf Winter: Kunstschnee rettet Skipisten,"Schneekanonen statt Schneewolken: Wenig Niederschlag und hohe Temperaturen in Wintersportorten. Was Skifahrer in Österreich, der Schweiz, Bayern, Italien und Tschechien jetzt erwartet.",https://www.tagesspiegel.de/gesellschaft/panorama/tourismus-warten-auf-winter-kunstschnee-rettet-skipisten-15069274.html,https://www.tagesspiegel.de/images/15069273/alternates/BASE_16_9_W1400/1766208699000/schneemangel-in-der-schweiz.jpeg,http://web.archive.org/web/20251220055318/https://www.tagesspiegel.de/gesellschaft/panorama/tourismus-warten-auf-winter-kunstschnee-rettet-skipisten-15069274.html,Die Zeit um Weihnachten und den Jahreswechsel gilt in den Bergen als erster Höhepunkt der Wintersport-Saison. Doch es liegt vielerorts weniger Schnee als sonst. Worauf können sich Skifahrer einstelle… [+3799 chars],"Tourism: Waiting for winter: artificial snow saves ski slopes. Snow cannons instead of snow clouds: Little precipitation and high temperatures in winter sports resorts. What skiers in Austria, Switzerland, Bavaria, Italy and the Czech Republic can now expect.","Tourismus: Warten auf Winter: Kunstschnee rettet Skipisten. Schneekanonen statt Schneewolken: Wenig Niederschlag und hohe Temperaturen in Wintersportorten. Was Skifahrer in Österreich, der Schweiz, Bayern, Italien und Tschechien jetzt erwartet.","Voluptuaria similesve: Exspecto hiemem: artificialis nix salvet declivia ski. Nives tormenta pro nubibus nivis: Parva praecipitatio et summae temperaturae in ludis hiemalibus frequentat. Quid nartatores in Austria, Helvetia, Bavaria, Italia et Res publica Bohemica nunc expecto.",Switzerland,WCE,Europe,wmo
bc771fa8db147aae5491e5f4c9e0a784,2025-12-20T07:35:34Z,Flood,,www.lemonde.fr,fr,0.8,Levée de la vigilance orange pluies et inondations dans le Gard,"Météo-France évoque cependant un « temps durablement perturbé sur le Languedoc ».
« Les pluies peuvent être à nouveau marquées sur le Gard et l’Hérault, avec quelques coups de tonnerre », précisé également l’organisme météorologique.",https://www.lemonde.fr/planete/article/2025/12/20/levee-de-la-vigilance-orange-pluies-et-inondations-dans-le-gard_6658886_3244.html,https://img.lemde.fr/2025/06/26/0/0/3000/2000/1440/960/60/0/1de69bf_upload-1-yj2nqx8xrdsm-modei-le-1.jpg,http://web.archive.org/web/20251220081652/https://www.lemonde.fr/planete/article/2025/12/20/levee-de-la-vigilance-orange-pluies-et-inondations-dans-le-gard_6658886_3244.html,"Météo-France a levé, samedi 20 décembre à 6 heures, la vigilance orange pluie-inondation sur le Gard, traversé par un phénomène pluvio-orageux qui a conduit à lannulation de plusieurs événements. Lor… [+1405 chars]","Lifting of orange vigilance for rains and floods in the Gard. Météo-France, however, mentions “permanently disturbed weather in Languedoc”.
“The rains can be marked again in Gard and Hérault, with a few thunderclaps,” also specified the meteorological organization.","Aufhebung der orangefarbenen Wachsamkeit bei Regen und Überschwemmungen im Gard. Météo-France erwähnt jedoch „permanent gestörtes Wetter im Languedoc“. „In Gard und Hérault kann es erneut zu Regenfällen kommen, mit einigen Donnerschlägen“, erklärte auch die Wetterorganisation.","Aurei vigilantia elevatio ad imbres et inundationes in Garda. Météo-Gallia autem meminit ""tempestates in Languedoc perpetuo turbatas"".
Pluviae iterum in Gard et Hérault notari possunt, cum paucis tonitruis, etiam ordinationem meteorologicam denotare.",France,WCE,Europe,wmo
000b0534921d0fb779a80b28b3a74704,2025-12-20T09:35:00Z,Earthquake,,www.protothema.gr,el,0.6,Σεισμός 2 Ρίχτερ στη Νέα Φιλαδέλφεια,O σεισμός έγινε αισθητός στην Αττική | Σεισμός | Σεισμός τώρα | Νέα Φιλαδέλφεια | Ελλάδα,https://www.protothema.gr/greece/article/1746319/seismos-2-rihter-sti-nea-filadelfeia/,https://www.protothema.gr/images/640x360share/png/files/2025-12-20/seismos11.png,http://web.archive.org/web/20251220095420/https://www.protothema.gr/greece/article/1746319/seismos-2-rihter-sti-nea-filadelfeia/,,Magnitude 2 earthquake in New Philadelphia. The earthquake was felt in Attica Earthquake | Earthquake now | New Philadelphia | Greece,Erdbeben der Stärke 2 in New Philadelphia. Das Erdbeben war im Attika-Erdbeben zu spüren | Erdbeben jetzt | Neues Philadelphia | Griechenland,Magnitudo 2 terrae motus in Nova Philadelphia. Terrae motus in Attica Terraemotus | Terrae motus nunc | Nova Philadelphia | Graecia,Greece,MED,Europe,usgs
c1bfc003bca3ee1af25165f509aac088,2025-12-20T20:09:34Z,Snow&Ice,,www.bild.de,de,0.8,Schneemangel in Italien - Ski-Boss schlägt Olympia-Alarm,Kunstschnee-Probleme gefährden Winterspiele in Livigno. Verzögerungen bei der Vorbereitung auf das Mega-Event.,https://www.bild.de/sport/mehr-sport/olympia-schnee-sorgen-in-livigno-fis-boss-schlaegt-alarm-6946e272ba368aa01269f371,"https://images.bild.de/6946e272ba368aa01269f371/645d012e8ab74ab94c2c8aa52a1e282c,4d92ed67?w=1280",http://web.archive.org/web/20251221002320/https://www.bild.de/sport/mehr-sport/olympia-schnee-sorgen-in-livigno-fis-boss-schlaegt-alarm-6946e272ba368aa01269f371,"Schnee-Sorgen in Italien  und das nur 48 Tage vor Beginn der Olympischen Winterspiele!
Am 6. Februar steigt in Mailand die Eröffnungsfeier. Aber jetzt schlägt FIS-Präsident Johan Eliasch (63/verantw… [+1291 chars]",Lack of snow in Italy - ski boss sounds Olympic alarm. Artificial snow problems endanger Winter Games in Livigno. Delays in preparation for the mega event.,Schneemangel in Italien - Ski-Boss schlägt Olympia-Alarm. Kunstschnee-Probleme gefährden Winterspiele in Livigno. Verzögerungen bei der Vorbereitung auf das Mega-Event.,Imminuta nivis in Italia - ski bulla sonat terrorem Olympicum. Quaestiones artificiales nives in Livigno ludi hiemales periclitantur. Moras in apparando eventu mega.,Italy,MED,Europe,wmo
4c31936099e5ed074dabe5bfdfe0cb5c,2025-12-20T23:29:00Z,Earthquake,,www.protothema.gr,el,0.8,"Σεισμός 3,8 Ρίχτερ στη Σαντορίνη",Το επίκεντρο ήταν μεταξύ της Θήρας και της Αμοργού | Ελλάδα,https://www.protothema.gr/greece/article/1746500/seismos-38-rihter-sti-sadorini/,https://www.protothema.gr/images/640x360share/jpg/files/2025-12-06/xrwma-seismografos.jpg,,"To view this video please enable JavaScript, and consider upgrading to a
 web browser that supports HTML5 video",3.8 Richter earthquake in Santorini. The focus was between Thira and Amorgos Greece,"Erdbeben der Stärke 3,8 auf Santorini. Der Schwerpunkt lag zwischen Thira und Amorgos Griechenland",3.8 Turnebus terrae motus in Santorinis. Focus erat inter Thiram et Amorgos Graeciam,Greece,MED,Europe,usgs
b2133bf1071c94a8e033ef64f35455dd,2025-12-21T03:53:16Z,Flood,,economictimes.indiatimes.com,en,0.8,"Widespread storm system to sweep South Australia, Victoria, and NSW as heatwave and extreme fire danger persist, extending into Tasmania and southern Queensland","South-east Australia braces for a severe weather onslaught, with thunderstorms, large hail, and damaging winds set to strike alongside extreme heat. Meteorologists warn of flash flooding and a slight tornado risk across New South Wales and Victoria. Despite t…",https://economictimes.indiatimes.com/news/international/australia/widespread-storm-system-to-sweep-south-australia-victoria-and-nsw-as-heatwave-and-extreme-fire-danger-persist-extending-into-tasmania-and-southern-queensland/articleshow/126101087.cms,"https://img.etimg.com/thumb/msid-126101099,width-1200,height-630,imgsize-172671,overlay-economictimes/articleshow.jpg",http://web.archive.org/web/20251222123701/https://economictimes.indiatimes.com/news/international/australia/widespread-storm-system-to-sweep-south-australia-victoria-and-nsw-as-heatwave-and-extreme-fire-danger-persist-extending-into-tasmania-and-southern-queensland/articleshow/126101087.cms,"A volatile mix of severe thunderstorms, large hail and extreme heat is set to batter south-east Australia, as a significant storm outbreak moves across multiple states already sweltering under stifli… [+2856 chars]","Widespread storm system to sweep South Australia, Victoria, and NSW as heatwave and extreme fire danger persist, extending into Tasmania and southern Queensland. South-east Australia braces for a severe weather onslaught, with thunderstorms, large hail, and damaging winds set to strike alongside extreme heat. Meteorologists warn of flash flooding and a slight tornado risk across New South Wales and Victoria. Despite t…","Ausgedehntes Sturmsystem, das Südaustralien, Victoria und NSW erfasst, da weiterhin Hitzewellen und extreme Brandgefahr bestehen und sich bis nach Tasmanien und Süd-Queensland ausdehnt. Der Südosten Australiens bereitet sich auf eine Unwetterkatastrophe vor, bei der es neben extremer Hitze auch zu Gewittern, großem Hagel und schädlichen Winden kommen wird. Meteorologen warnen vor Sturzfluten und einer leichten Tornadogefahr in New South Wales und Victoria. Trotz d…","Systema tempestatis divulgatum Australium Australiam, Victoriam, et NSW evertendi ut periculum caloris et ignis extremi perseuerent, in Tasmania et Queenslandia australi extenduntur. Australis-orientalis Australia gravibus tempestatum incursibus adstringit, cum procellis, grandinibus, et ventis damnosis ad extremum caloris e regione percutiendum. Meteorologi monent de inundatione emicare et leve turbo periculum trans Novam Walliam et Victoriam. Quamvis t…",Australia,EAU,Oceania,aidr
d0f6f78a4c948a75c9cdf4deb1519d54,2025-12-21T05:28:36Z,Fog,,www.ndtvprofit.com,en,0.8,"Fog Disrupts Flight Operations Across Northern India, Passengers Advised To Check Updates",Dense fog in parts of Northern India is impacting visibility and causing potential delays or changes in flight schedules at several airports. Authorities have urged passengers to confirm flight status with airlines and allow extra time for travel and formalit…,https://www.ndtvprofit.com/business/fog-disrupts-flight-operations-across-northern-india-passengers-advised-to-check-updates,https://media.assettype.com/bloombergquint%2F2025-12-16%2Fbz4b87pq%2FPTI12152025000062A.jpg?w=1200&auto=format%2Ccompress&ogImage=true,http://web.archive.org/web/20251221080707/https://www.ndtvprofit.com/business/fog-disrupts-flight-operations-across-northern-india-passengers-advised-to-check-updates,Dense fog in parts of Northern India is impacting visibility and causing potential delays or changes in flight schedules at several airports. Authorities have urged passengers to confirm flight statu… [+1079 chars],"Fog Disrupts Flight Operations Across Northern India, Passengers Advised To Check Updates. Dense fog in parts of Northern India is impacting visibility and causing potential delays or changes in flight schedules at several airports. Authorities have urged passengers to confirm flight status with airlines and allow extra time for travel and formalit…","Nebel stört den Flugbetrieb in ganz Nordindien. Passagieren wird empfohlen, sich über Aktualisierungen zu informieren. Dichter Nebel in Teilen Nordindiens beeinträchtigt die Sicht und führt an mehreren Flughäfen zu möglichen Verspätungen oder Änderungen der Flugpläne. Die Behörden haben Passagiere aufgefordert, den Flugstatus bei den Fluggesellschaften zu bestätigen und zusätzliche Zeit für Reise und Formalitäten einzuplanen …","Nebula Disrupts fuga Operations Trans Septentrionalem Indiam, Viatorum Admonitus ad Reprimendam Updates. Nebula densa in partibus Indiae septentrionalis visibilitatem impactus est et causat moras potentiales vel mutationes in cedulas volandi in pluribus nisl. Auctoritates viatores suaserunt ut statum fugae cum airlines confirmare et tempus extra tempus peregrinatione et formalit permitterent.",India,SAS,Asia,wmo
e31f8c408847f721a0dbfa754e542ead,2025-12-21T06:02:00Z,Drought,,arabic.cnn.com,ar,0.8,العراق.. خبراء يبينون المخاوف بصفقة مقايضة النفط بالماء مع تركيا وسط أسوأ موجة جفاف منذ قرن,"يواجه العراق، ""أرض الرافدين"" التاريخية، أزمةً تُهدد هويته، مع الانخفاض الحاد في منسوب نهري دجلة والفرات جراء الجفاف الشديد وتزايد تأثير السدود المقامة في دول المنبع، ما أدى إلى أسوأ نقص في المياه تشهده البلاد منذ عقود",https://arabic.cnn.com/middle-east/article/2025/12/21/grappling-with-its-worst-drought-in-a-century-iraq-bets-on-a-controversial-oil-for-water-deal,"https://cnn-arabic-images.cnn.io/cloudinary/image/upload/x_0,y_713,w_6795,h_3822,c_crop/w_1920,h_1008,c_fill,q_auto,g_center/t_cnnarabic_watermark_logo_v5/cnnarabic/2025/12/21/images/318356.jpg",,,"Iraq: Experts express concerns about the oil-water swap deal with Türkiye amid the worst drought in a century. Iraq, the historic “Land of Mesopotamia,” is facing a crisis that threatens its identity, with a sharp decline in the levels of the Tigris and Euphrates rivers due to severe drought and the increasing impact of dams built in upstream countries, which has led to the worst water shortage the country has witnessed in decades.","Irak: Experten äußern Bedenken hinsichtlich des Öl-Wasser-Austauschabkommens mit Türkiye inmitten der schlimmsten Dürre seit einem Jahrhundert. Der Irak, das historische „Land Mesopotamien“, steht vor einer Krise, die seine Identität bedroht, da der Pegel der Flüsse Tigris und Euphrat aufgrund schwerer Dürre und der zunehmenden Auswirkungen von Staudämmen in den flussaufwärts gelegenen Ländern stark sinkt, was zu der schlimmsten Wasserknappheit geführt hat, die das Land seit Jahrzehnten erlebt hat.","Iraq: Periti curas exprimunt circa permuto aquae oleum tractatum cum Türkiye inter pessimam siccitatem in saeculo. Iraq, historica ""terra Mesopotamiae"", respicit discrimen quod identitatis suae imminet, cum acuto declinatione in gradibus fluminum Tigris et Euphratis ob gravem siccitatem et impulsum matrimoniarum in adverso flumine aedificatae, quod pessimum aquarum penuriam in decenniis regionibus adduxit.",Iraq,WCA,Asia,edo
78c450265763b88641d82f3fbb013d9f,2025-12-21T07:59:54Z,Snow&Ice,,www.protothema.gr,el,0.7,"Παγετός στη βόρεια Ελλάδα το πρωί της Κυριακής, πού καταγράφηκαν οι χαμηλότερες θερμοκρασίες",Δείτε τους 8 σταθμούς με τις χαμηλότερες ελάχιστες το πρωί της Κυριακής  | Παγετός | Βόρεια Ελλάδα | Ελλάδα,https://www.protothema.gr/greece/article/1746563/pagetos-sti-voreia-ellada-to-proi-tis-kuriakis-pou-katagrafikan-oi-hamiloteres-thermokrasies/,https://www.protothema.gr/images/640x360share/jpg/files/2025-12-21/pagetos2.jpg,http://web.archive.org/web/20251221081655/https://www.protothema.gr/greece/article/1746563/pagetos-sti-voreia-ellada-to-proi-tis-kuriakis-pou-katagrafikan-oi-hamiloteres-thermokrasies/,"Nova PADU exclusive Nova Deals brands, 1000 .","Frost in northern Greece on Sunday morning, where the lowest temperatures were recorded. See the 8 stations with the lowest Sunday morning lows | Frost | Northern Greece | Greece","Frost in Nordgriechenland am Sonntagmorgen, wo die niedrigsten Temperaturen gemessen wurden. Sehen Sie sich die 8 Stationen mit den niedrigsten Tiefstwerten am Sonntagmorgen an | Frost | Nordgriechenland | Griechenland","Pruina in Graecia septentrionali die Dominico mane, ubi infimae temperaturae scripti sunt. Vide in 8 stationes dominicales infimo mane mugit | Frontinus | Northern Greece | Graecia",Canada,NEN,North-America,wmo
6cdb4295bab65b8293e551cbbba2c0ca,2025-12-21T12:04:00Z,Cold Wave,,hk.finance.yahoo.com,zh,0.2,港私募迎「立春」 復甦待觀察 海天創投：今年投資金額項目俱倍增,新股市場火熱，私募市場亦呈現回暖趨勢。海闊天空創投（Beyond Ventures）聯合創辦人及管理合夥人文立接受本報訪問表示，今年投資節奏有所加快，投資額相比去年倍增，項目數量也接近翻倍；倘去年私募市場屬「大寒」，今年則迎來「立春」，但不少投資者資金尚未回籠，復甦情況需再觀察一年。 投資者持股未解凍 等資金回籠 他認為，作為香港創投公司，海闊天空創投（簡稱：海天創投）定位需區別於內地、美國等基金，將更加聚焦具「出海」概念的投資項目，中國公司「出海」屬長期趨勢，料將「產生大量中國全球化公司」。 回顧過去一年，文立…,https://hk.finance.yahoo.com/news/%E6%B8%AF%E7%A7%81%E5%8B%9F%E8%BF%8E-%E7%AB%8B%E6%98%A5-%E5%BE%A9%E7%94%A6%E5%BE%85%E8%A7%80%E5%AF%9F-%E6%B5%B7%E5%A4%A9%E5%89%B5%E6%8A%95-%E4%BB%8A%E5%B9%B4%E6%8A%95%E8%B3%87%E9%87%91%E9%A1%8D%E9%A0%85%E7%9B%AE%E4%BF%B1%E5%80%8D%E5%A2%9E-200400021.html,https://s.yimg.com/cv/apiv2/cv/apiv2/social/images/yahoo-finance-default-logo.png,http://web.archive.org/web/20251222003254/https://hk.finance.yahoo.com/news/%E6%B8%AF%E7%A7%81%E5%8B%9F%E8%BF%8E-%E7%AB%8B%E6%98%A5-%E5%BE%A9%E7%94%A6%E5%BE%85%E8%A7%80%E5%AF%9F-%E6%B5%B7%E5%A4%A9%E5%89%B5%E6%8A%95-%E4%BB%8A%E5%B9%B4%E6%8A%95%E8%B3%87%E9%87%91%E9%A1%8D%E9%A0%85%E7%9B%AE%E4%BF%B1%E5%80%8D%E5%A2%9E-200400021.html,"Oops, something went wrong","Hong Kong private equity welcomes the ""beginning of spring"" and recovery remains to be seen. Haitian Venture Capital: Investment projects have doubled this year. The new stock market is hot, and the private equity market is also showing a recovery trend. Wen Li, co-founder and managing partner of Beyond Ventures, said in an interview with this newspaper that the pace of investment has accelerated this year, with the amount of investment doubling compared to last year and the number of projects nearly doubling. If the private equity market was in a ""big cold"" last year, this year is ushering in the ""beginning of spring"", but many investors have not yet withdrawn their funds, and the recovery needs to be observed for another year. Investors’ shareholdings have not been unfrozen and funds are being withdrawn. He believes that as a Hong Kong venture capital company, Ocean Sky Ventures (hereinafter referred to as Haitian Ventures) needs to be positioned differently from funds in the mainland and the United States. It will focus more on investment projects with the concept of ""going overseas"". ""Going overseas"" by Chinese companies is a long-term trend and is expected to ""generate a large number of Chinese global companies."" Looking back on the past year, Wen Li…","Hong Kong Private Equity begrüßt den „Anfang des Frühlings“ und eine Erholung bleibt abzuwarten. Haitianisches Risikokapital: Investitionsprojekte haben sich in diesem Jahr verdoppelt. Der neue Aktienmarkt ist heiß und auch der Private-Equity-Markt zeigt einen Erholungstrend. Wen Li, Mitbegründer und geschäftsführender Gesellschafter von Beyond Ventures, sagte in einem Interview mit dieser Zeitung, dass sich das Investitionstempo in diesem Jahr beschleunigt habe, wobei sich die Investitionssumme im Vergleich zum Vorjahr verdoppelt und die Anzahl der Projekte nahezu verdoppelt habe. Während sich der Private-Equity-Markt letztes Jahr in einer „großen Erkältung“ befand, läutet dieses Jahr den „Anfang des Frühlings“ ein, aber viele Anleger haben ihre Mittel noch nicht abgezogen, und die Erholung muss noch ein Jahr lang beobachtet werden. Die Aktienbestände der Anleger wurden nicht freigegeben und Gelder werden abgezogen. Er glaubt, dass Ocean Sky Ventures (im Folgenden als Haitian Ventures bezeichnet) als Risikokapitalgesellschaft in Hongkong anders positioniert werden muss als Fonds auf dem Festland und in den Vereinigten Staaten. Der Schwerpunkt wird stärker auf Investitionsprojekte mit dem Konzept „ins Ausland gehen“ gelegt. „Die Auswanderung chinesischer Unternehmen ins Ausland“ ist ein langfristiger Trend und es wird erwartet, dass „eine große Anzahl chinesischer globaler Unternehmen entstehen wird“. Rückblickend auf das vergangene Jahr sagte Wen Li…","Hong Kong aequitas privata ""principium veris"" recipit et eius recuperatio restat ut videatur. Haitian Venture Capital: Investment incepta hoc anno duplicarunt. Novae stirpis mercatus calidus est, et aequitas privata mercatus etiam recuperationem flecte ostendens. Wen Li, co-conditor et socius administrandi Ultra Ventures, in colloquio cum hoc ephemeride dixit passum obsidionis hoc anno accelerasse, cum copia obsidionis duplicatio comparatur ad annum et numerum inceptorum paene duplicatio. Si aequitas privata mercatus fuit in ""magno frigore"" proximo anno, hic annus in ""principio veris"" inhaeret, sed multi investientes suas pecunias nondum recesserunt et recuperatio servanda est in alium annum. Societates investientes non gelu et pecunia subductae sunt. Credit in Hong Kong caput societatis audere, Haitian Venture Capital (infra ad Haitian Venture Capital) aliter ponendam esse a pecunia in continenti et Civitatibus Foederatis Americae. Plus erit in inceptis collocandis conceptus ""ire transmarinas"". Societates Sinenses ""transmarinas ire"" longum tempus est et expectatur ""magnum numerum societatum globalis Sinensium generare"". Respiciens anno praeterito, Wen Li ...",China,EAS,Asia,wmo
2d1839c5674e0bb51abec799b43ab908,2025-12-22T05:21:25Z,Fog,,www.skai.gr,el,0.5,Χωρίς αξιόλογη μεταβολή η θερμοκρασία σήμερα - Παροδικές νεφώσεις με τοπικές βροχές,Η ορατότητα τις πρωινές ώρες στα ηπειρωτικά θα είναι τοπικά περιορισμένη και πιθανώς στα δυτικά ηπειρωτικά και τη Θεσσαλία να σχηματιστεί κατά τόπους ομίχλη,https://www.skai.gr/news/weather/xoris-aksiologi-metavoli-i-thermokrasia-simera,https://cdn.skai.gr/sites/default/files/styles/article_16_9/public/2022-04/synnefia-astatos-kairos-nafplio-ape.jpg?itok=CEV94gEo,http://web.archive.org/web/20251222070822/https://www.skai.gr/news/weather/xoris-aksiologi-metavoli-i-thermokrasia-simera,"14 , 16 17 18 .
 , . , .
 3 5 6 .
 .
: .
: 3 4 5 .
: 10 16 .
: .
: 2 3 .
: 04 14 .
, 
: .
: 3 4 5 6 .
: 02 14 . 4 5 .
 , , , 
: .
: 4 5 6 .
: 07 17 . 4 6 .
, , , 
: , , .
: 4 5 6 … [+361 chars]",No significant change in temperature today - Partly cloudy with local rain. Visibility in the morning hours in the continental areas will be locally limited and fog may form in places in the western continental areas and Thessaly,Keine nennenswerte Temperaturveränderung heute - Teilweise bewölkt mit örtlichem Regen. In den Kontinentalgebieten ist die Sicht in den Morgenstunden örtlich eingeschränkt und in den westlichen Kontinentalgebieten und Thessalien kann es stellenweise zu Nebelbildung kommen,Nulla significativa mutatio in temperie hodie - Plerumque nubilum cum pluvia locali. Visibilis horis matutinis in locis continentibus localiter limitatur et nebula in locis continentibus occidentis et Thessaliae formetur.,Greece,MED,Europe,wmo
16b4aac6870e9cec592e984b1b5a90c5,2025-12-22T06:17:21Z,Flood,,www.20minutes.fr,fr,0.8,"Neige, verglas, inondations, crues… Six départements placés en vigilance orange","Météo-France lance ce lundi des alertes pour le Tarn, l’Aveyron, l’Hérault, la Lozère, l’Ardèche et le Var",https://www.20minutes.fr/societe/4192757-20251222-neige-verglas-inondations-crues-six-departements-places-vigilance-orange,https://img.20mn.fr/NXHoin7RQHqF2Td4cAbh7yk/1444x920_russia-moscow-october-14-2024-a-woman-shields-herself-with-an-umbrella-against-snow-in-victory-park-the-fobos-weather-centre-forecasts-up-to-15-of-a-month-s-worth-of-rain-and-wet-snow-for-the-russian-capital-mikhail-tereshchenko-tass-sipa-usa-56619090-bf-2410141501,http://web.archive.org/web/20251223013823/https://www.20minutes.fr/societe/4192757-20251222-neige-verglas-inondations-crues-six-departements-places-vigilance-orange,"Une partie du sud de la France va devoir faire attention aux intempéries ce lundi. Du Tarn au Var, six départements sont placés en vigilance orange par Météo-France pour crues ou pluie-inondation.
L… [+1999 chars]","Snow, ice, floods, floods… Six departments placed on orange alert. Météo-France launches alerts this Monday for Tarn, Aveyron, Hérault, Lozère, Ardèche and Var","Schnee, Eis, Überschwemmungen, Überschwemmungen … Sechs Abteilungen sind in Alarmbereitschaft. Météo-France startet diesen Montag Warnungen für Tarn, Aveyron, Hérault, Lozère, Ardèche und Var","Nix, glacies, flumina, inundationes… Sex Dicasteria posita in aurantiaco erecti sunt. Météo-Gallia hoc Lunae in Tarn, Aveyron, Hérault, Lozère, Ardèche et Var.",France,WCE,Europe,wmo
92be840951e404d39092d6d5667495b5,2025-12-22T10:34:06Z,Snow&Ice,,www.faz.net,de,0.8,Etwas Schnee erwartet: Wetterdienst sieht örtliche Chancen auf weiße Weihnachten,Zu Heiligabend wird es kalt in Deutschland. Einige Regionen können laut Prognose des Deutschen Wetterdienstes auch auf etwas Schnee hoffen.,https://www.faz.net/aktuell/gesellschaft/wetterdienst-2025-sind-oertliche-weisse-weihnachten-moeglich-accg-200380639.html,https://media0.faz.net/image/w1200h627/1abec389b995/w3000h1567x0y209o/202512/43601.0.1604908535/schnee-liegt-auf-einem-baum.webp,http://web.archive.org/web/20251222112500/https://www.faz.net/aktuell/gesellschaft/wetterdienst-2025-sind-oertliche-weisse-weihnachten-moeglich-accg-200380639.html,Der Deutsche Wetterdienst (DWD) hat zum Heiligabend zarte Hoffnungen auf zumindest örtlich begrenzte weiße Weihnachten gemacht. Pünktlich zu Heiligabend komme ein Kaltlufteinbruch mit örtlichen Schne… [+853 chars],"Some snow expected: Weather service sees local chances of a white Christmas. It gets cold in Germany on Christmas Eve. According to the German Weather Service forecast, some regions can also hope for some snow.",Etwas Schnee erwartet: Wetterdienst sieht örtliche Chancen auf weiße Weihnachten. Zu Heiligabend wird es kalt in Deutschland. Einige Regionen können laut Prognose des Deutschen Wetterdienstes auch auf etwas Schnee hoffen.,"Quaedam nix exspectanda est: Tempestas ministerium localem casum natalium albae videt. In Germania Nativitatis Evae frigescit. Secundum Providentiam Tempestatis Germanicae, regiones aliquas etiam nives sperare possunt.",Germany,WCE,Europe,wmo
e46f9c8a4e63473b5e2a105f0e09ee76,2025-12-22T14:19:16Z,Snow&Ice,,www.zeit.de,de,0.8,"Wetter an Heiligabend: Deutscher Wetterdienst sieht Chance auf ""angezuckerte"" Weihnachten",In manchen Teilen Deutschlands könnte an Heiligabend Schnee fallen. Eine Kältefront lässt die Temperaturen deutlich sinken und bringt im Süden auch ein paar Flocken mit.,https://www.zeit.de/gesellschaft/zeitgeschehen/2025-12/wetter-weisse-weihnachten-chancen-deutschland,https://img.zeit.de/gesellschaft/zeitgeschehen/2025-12/wetter-weisse-weihnachten-chancen-deutschland-bild/wide__1300x731,http://web.archive.org/web/20251222195416/https://www.zeit.de/gesellschaft/zeitgeschehen/2025-12/wetter-weisse-weihnachten-chancen-deutschland,"Im Süden Deutschlands könnte sich mancherorts der Traum von einer ""weißen Weihnacht"" erfüllen zumindest ein bisschen. Laut dem Deutschen Wetterdienst kommt dort pünktlich zu Heiligabend ein Kaltlufte… [+2426 chars]",Weather on Christmas Eve: German Weather Service sees a chance for a “sweetened” Christmas. Snow could fall in some parts of Germany on Christmas Eve. A cold front causes temperatures to drop significantly and also brings a few flakes in the south.,"Wetter an Heiligabend: Deutscher Wetterdienst sieht Chance auf ""angezuckerte"" Weihnachten. In manchen Teilen Deutschlands könnte an Heiligabend Schnee fallen. Eine Kältefront lässt die Temperaturen deutlich sinken und bringt im Süden auch ein paar Flocken mit.","Tempestas in Vigilia Nativitatis Domini: Ministerii Tempestatis Germanicae casu quodam ""dulcis"" Nativitatis videt. Nix in aliquibus Germaniae partibus in vigilia Nativitatis Domini cadere potuit. Anterius frigoris temperaturas signanter guttatim facit et etiam paucas tunsulas in australi affert.",Germany,WCE,Europe,wmo
d28adca42d4faa7e5f11512833930091,2025-12-22T17:59:31Z,Snow&Ice,,www.bild.de,de,0.8,"Wetter - Brrrrr, ist das plötzlich kalt in Deutschland!",In drei Regionen wird es Weihnachten ganz besonders eisig. Die Chancen auf Schnee steigen.,https://www.bild.de/news/wetter/wetter-brrrrr-ist-das-ploetzlich-kalt-in-deutschland-694917a020abd237ff7762b7,"https://images.bild.de/694917a020abd237ff7762b7/d45d38976ed9d1f698be6375894bfec1,db5e9135?w=1280",http://web.archive.org/web/20251222181917/https://www.bild.de/news/wetter/wetter-brrrrr-ist-das-ploetzlich-kalt-in-deutschland-694917a020abd237ff7762b7,"Berlin Mit dichtem Nebel und spürbar kälter ist Deutschland in die Weihnachtswoche gestartet. Ein Wetter-Profi sagt bei BILD, wo uns an den Feiertagen die Kälte voll erwischt.
Bereits in der Nacht z… [+1874 chars]","Weather - Brrrrr, it's suddenly cold in Germany! Christmas will be particularly icy in three regions. The chances of snow are increasing.","Wetter - Brrrrr, ist das plötzlich kalt in Deutschland!. In drei Regionen wird es Weihnachten ganz besonders eisig. Die Chancen auf Schnee steigen.","Tempestas - Brrrrr, subito frigus est in Germania! Nativitas erit maxime glacialis in tribus regionibus. Casus nivis augentur.",Germany,WCE,Europe,wmo
37c9615243ca72c37bed12f177e0acb0,2025-12-23T07:33:46Z,Flood,,www.nouvelobs.com,fr,0.8,"L’Hérault maintenu en vigilance rouge pour les crues, trois autres départements en orange","Après les précipitations exceptionnelles causant des inondations dans le sud de la France, le Tarn, l’Aveyron et la Lozère sont placés en vigilance orange pour les crues. L’Hérault, lui, reste en vigilance rouge ce mardi.",https://www.nouvelobs.com/societe/20251223.OBS110914/l-herault-maintenu-en-vigilance-rouge-pour-les-crues-trois-autres-departements-en-orange.html,https://focus.nouvelobs.com/2025/12/23/0/0/3937/2624/1200/800/0/0/c7ab5de_upload-1-jx2xfikvjjzs-000-88ux3zq.jpg,http://web.archive.org/web/20251223110232/https://www.nouvelobs.com/societe/20251223.OBS110914/l-herault-maintenu-en-vigilance-rouge-pour-les-crues-trois-autres-departements-en-orange.html,"Des piétons marchent le long des rues inondées de Montpellier après la crue du Lez, due aux fortes pluies, le 22 décembre 2025. SYLVAIN THOMAS / AFP
Commenter
 Lire plus tard 
Google Actualités
P… [+3649 chars]","Hérault kept on red alert for floods, three other departments in orange. After exceptional rainfall causing flooding in the south of France, Tarn, Aveyron and Lozère are placed on orange alert for floods. Hérault remains on red alert this Tuesday.","Hérault blieb wegen Überschwemmungen in Alarmstufe Rot, drei weitere Departements in Orange. Nachdem außergewöhnliche Regenfälle im Süden Frankreichs zu Überschwemmungen geführt haben, gilt für Tarn, Aveyron und Lozère die Alarmstufe Orange wegen Überschwemmungen. Hérault bleibt an diesem Dienstag in Alarmbereitschaft.","Hérault in diluviis erectus rubris conservatus est, tres aliae rei in aurantiaco. Post pluviae eximiae inundationem inundationem in Francia, Tarn, Aveyron et Lozère in inundatione aurantiaca posita sunt. Hérault in rubris vigil hodie Martis manet.",France,WCE,Europe,wmo
4fcfba4db30e042407179e197bb257aa,2025-12-23T09:35:14Z,Cold Wave,,www.cnbeta.com.tw,zh,0.2,华大集团CEO晒出蔡磊血样：将会测序组装成“完美”基因组,"昨晚，华大集团CEO尹烨在微博晒出蔡磊的血液样本。他表示：“蔡磊兄的这份样本，将会测序组装成‘完美’基因组，为破冰继续并肩作战。一晃三年了，我们争取早日浮一大白。”
2019年，前京东副总裁蔡磊不幸确诊渐冻症，而这种罕见病目前“无药可医”。蔡磊曾表示：“渐冻症自第一例被人类发现和描述，近200年来没有重大突破，目前依然是病因不明、靶点不清，没有任何药物和办法能够阻止病情的发展，治愈率为零，平均2-5年走向死亡。”然而作为渐冻症患者，蔡磊却多年来一直持续投身于药物研发与患者数据平台建设。2023年初，尹烨与蔡磊初…",https://www.cnbeta.com.tw/articles/tech/1542360.htm,https://static.cnbetacdn.com/article/2025/1223/5a3548bc53f8350.png,http://web.archive.org/web/20251227194659/https://www.cnbeta.com.tw/articles/tech/1542360.htm,"IntelUltra 5 335/325E4.6GHz
2025-12-22 2771",,"Yin Ye, CEO der BGI Group, hat gestern Abend die Blutprobe von Cai Lei auf Weibo gepostet: Sie werde sequenziert und zu einem „perfekten“ Genom zusammengesetzt. Er sagte: „Die Probe von Bruder Cai Lei wird sequenziert und zu einem ‚perfekten‘ Genom zusammengesetzt, und wir werden weiterhin Seite an Seite kämpfen, um das Eis zu brechen. Drei Jahre sind vergangen und wir bemühen uns, so schnell wie möglich ans Licht zu kommen.“
Im Jahr 2019 wurde bei dem ehemaligen JD.com-Vizepräsidenten Cai Lei leider ALS diagnostiziert, eine seltene Krankheit, für die es derzeit „keine Heilung“ gibt. Cai Lei sagte einmal: „Seitdem der erste Fall von ALS von Menschen entdeckt und beschrieben wurde, gab es in den letzten 200 Jahren keinen großen Durchbruch. Ursache und Ziel sind immer noch unklar. Es gibt keine Medikamente oder Methoden, die die Entwicklung der Krankheit verhindern können. Die Heilungsrate liegt bei Null und der Tod dauert durchschnittlich 2 bis 5 Jahre.“ Als ALS-Patient widmet sich Cai Lei jedoch seit vielen Jahren der Arzneimittelforschung und -entwicklung sowie dem Aufbau von Patientendatenplattformen. Anfang 2023 werden Yin Ye und Cai Lei...",,China,EAS,Asia,wmo
e3b6da0ece20cb42f9bc164c740d2fde,2025-12-23T10:18:10Z,Snow&Ice,,www.morgenpost.de,de,0.8,Weiße Weihnachten? Wo Sie an Heiligabend tatsächlich mit Schnee rechnen können,Weiße Weihnachten werden in Deutschland immer seltener. Doch wie hoch sind die Chancen dieses Jahr? Manchen Regionen steht ein Zauber ins Haus.,https://www.morgenpost.de/panorama/article410574920/weisse-weihnachten-2025-chancen-prognose-schnee-wo.html,https://img.sparknews.funkemedien.de/410780926/410780926_1766484886_v16_9_1600.jpeg,,Leise rieselt der Schnee aber leider nur im Weihnachtslied. Denn in Deutschland fallen die weißen Flocken immer seltener vom Himmel. Trotzdem hoffen viele Menschen Jahr für Jahr auf weiße Weihnachten… [+4574 chars],White Christmas? Where you can actually expect snow on Christmas Eve. White Christmas is becoming increasingly rare in Germany. But what are the chances this year? Some regions have magic in store for them.,Weiße Weihnachten? Wo Sie an Heiligabend tatsächlich mit Schnee rechnen können. Weiße Weihnachten werden in Deutschland immer seltener. Doch wie hoch sind die Chancen dieses Jahr? Manchen Regionen steht ein Zauber ins Haus.,Alba Nativitatis Domini? Ubi actu expectare potes nivem in Vigilia Nativitatis Domini. Nativitas alba magis magisque rara in Germania fit. Sed quae sunt casus hoc anno? Quaedam regiones magicae thesaurum eis habent.,Germany,WCE,Europe,wmo
8c487369589eee7451c83b414b957a97,2025-12-23T11:36:51Z,Precipitation,,www.cbc.ca,en,0.8,"Snow, freezing rain expected in Toronto Tuesday morning","Snow and freezing rain could affect morning commutes on Tuesday, according to a special weather statement issued by Environment Canada.",https://www.cbc.ca/news/canada/toronto/snow-freezing-rain-toronto-weather-statement-9.7026102,"https://i.cbc.ca/ais/eea63663-e533-4017-b8cf-fdbd7d5c8f08,1766487035794/full/max/0/default.jpg?im=Crop%2Crect%3D%280%2C243%2C4663%2C2622%29%3BResize%3D620",http://web.archive.org/web/20251223125948/https://www.cbc.ca/news/canada/toronto/snow-freezing-rain-toronto-weather-statement-9.7026102,"Snow and freezing rain could affect morning commutes on Tuesday, according to a special weather statement issued by Environment Canada.
Toronto can expect between five and ten centimetres of snow wi… [+649 chars]","Snow, freezing rain expected in Toronto Tuesday morning. Snow and freezing rain could affect morning commutes on Tuesday, according to a special weather statement issued by Environment Canada.","Am Dienstagmorgen wird in Toronto Schnee und Eisregen erwartet. Schnee und Eisregen könnten sich am Dienstag auf den morgendlichen Pendelverkehr auswirken, heißt es in einer speziellen Wettererklärung von Environment Canada.","Nix, glacians, in Toronto Martis mane expectata est. Nix et imbres rigentes mane die Martis commutationes afficere potuerunt, secundum peculiarem tempestatem enuntiationem ab Environment Canadam editam.",Canada,NEN,North-America,wmo
de7db0c70e29643f3b186def4c227f9e,2025-12-23T12:07:25Z,Cold Wave,,tw.news.yahoo.com,zh,0.4,2026的第一道光從蘭嶼升起！ 全台日出日沒時間一次掌握,氣象署指出，除了蘭嶼與龍坑，還有多處觀賞元旦日出的熱門景點。例如，新北市金山跳石海岸適合觀賞日出從基隆嶼升起的畫面；宜蘭縣外澳火車站以北的雙獅海灘，可見太陽自龜山島後方升起；台東縣的加路蘭遊憩區可望見日出從綠島躍出；而東南部的大武濱海公園則可見太陽從蘭嶼...,https://tw.news.yahoo.com/2026%E7%9A%84%E7%AC%AC-%E9%81%93%E5%85%89%E5%BE%9E%E8%98%AD%E5%B6%BC%E5%8D%87%E8%B5%B7-%E5%85%A8%E5%8F%B0%E6%97%A5%E5%87%BA%E6%97%A5%E6%B2%92%E6%99%82%E9%96%93-%E6%AC%A1%E6%8E%8C%E6%8F%A1-120725717.html,https://media.zenfs.com/ko/ctwant_com_582/52a82303571bd1990b54a02d47209108,http://web.archive.org/web/20251223130944/https://tw.news.yahoo.com/2026%E7%9A%84%E7%AC%AC-%E9%81%93%E5%85%89%E5%BE%9E%E8%98%AD%E5%B6%BC%E5%8D%87%E8%B5%B7-%E5%85%A8%E5%8F%B0%E6%97%A5%E5%87%BA%E6%97%A5%E6%B2%92%E6%99%82%E9%96%93-%E6%AC%A1%E6%8E%8C%E6%8F%A1-120725717.html,"Donald TrumpTaiwan Assurance Implementation Act100
 9 
265","The first light of 2026 rises from Orchid Island! There is no time to master the sunrise in Taiwan at once. The Meteorological Administration pointed out that in addition to Orchid Island and Longkeng, there are many popular scenic spots to watch the New Year's Day sunrise. For example, New Taipei City's Jinshan Jumping Stone Coast is suitable for watching the sunrise rising over Keelung Island; at Shuangshi Beach north of Waiao Train Station in Yilan County, you can see the sun rising from behind Guishan Island; at Jialulan Recreation Area in Taitung County, you can see the sun rising over Green Island; and in Dawu Coastal Park in the southeast, you can see the sun rising over Orchid Island...","Das erste Licht des Jahres 2026 geht von Orchid Island auf! Es bleibt keine Zeit, den Sonnenaufgang in Taiwan sofort zu meistern. Die Meteorologische Behörde wies darauf hin, dass es neben Orchid Island und Longkeng viele beliebte Aussichtspunkte gibt, an denen man den Sonnenaufgang am Neujahrstag beobachten kann. Beispielsweise eignet sich die Jinshan Jumping Stone Coast in New Taipei City hervorragend, um den Sonnenaufgang über der Insel Keelung zu beobachten. Am Shuangshi-Strand nördlich des Waiao-Bahnhofs im Kreis Yilan können Sie die Sonne hinter der Insel Guishan aufgehen sehen. Im Erholungsgebiet Jialulan im Landkreis Taitung können Sie den Sonnenaufgang über Green Island beobachten. und im Dawu Coastal Park im Südosten können Sie die Sonne über Orchid Island aufgehen sehen ...","Prima lux 2026 ab Orchid Island oritur! Nulla tempus solis in Taiwan dominandi simul. Administratio Meteorologica ostendit praeter Insulam Orchid et Longkeng multae maculae populares scenicae ad exortum anni diem observandum. Pro exemplo, Novae Taipei urbis Jinshan Saliens Lapis Coast est aptus ad orientem solem orientem spectans super Keelung Island; ad Shuangshi Litus septentrionalis Waiao Train Station in Comitatu Yilan, solem orientem a tergo Guishan Islandiam videre potes; ad Jialulan Recreation Area in Comitatu Taitung, solem orientem super Islandiam Viridis videre potes; et in Dawu Coastal Park in orientem versus, solem orientem super Orchidam Islandiam videre potes...",China,EAS,Asia,wmo
657b7c5a66b10cde5d65a43a13b30530,2025-12-23T23:25:47Z,Snow&Ice,,www.newsit.gr,el,0.9,Καιρός Χριστουγέννων: Βροχές και καταιγίδες το γιορτινό τριήμερο – Χιόνια στα ορεινά και 8 μποφόρ στο Αιγαίο,"Βροχές και καταιγίδες αναμένονται τις ημέρες των Χριστουγέννων σε όλη τη χώρα. Στα ορεινά, μάλιστα, θα πέσουν χιόνια και τις μικρές ώρες θα υπάρχει παγετός. ... 
To άρθρο Καιρός Χριστουγέννων: Βροχές και καταιγίδες το γιορτινό τριήμερο – Χιόνια στα ορεινά και…",https://www.newsit.gr/ellada/kairos-xristougennon-vroxes-kai-kataigides-to-giortino-triimero-xionia-sta-oreina-kai-8-mpofor-sto-aigaio/4559372/,https://www.newsit.gr/wp-content/uploads/2025/12/kairos-vroxi-xristougenna-eurok-1200x630.jpg,http://web.archive.org/web/20251224000738/https://www.newsit.gr/ellada/kairos-xristougennon-vroxes-kai-kataigides-to-giortino-triimero-xionia-sta-oreina-kai-8-mpofor-sto-aigaio/4559372/,". , , . . , .
 , .
 (24.12.2025) (25.12.2025), , , .
 (26.12.2025), , , … .
 , , .
 , , , . , , .
  : 
 , .
 MEGA, , - .
 1400m 1500-1800m .
 . 8 -17 .
, 8- 13 .
 , , .
 , .
: O 24 ( )
… [+502 chars]","Christmas weather: Rains and storms during the festive three days - Snow in the mountains and 8 Beaufort in the Aegean. Rain and storms are expected on Christmas Day across the country. In the mountains, in fact, snow will fall and there will be frost in the small hours. ... 
The article Christmas weather: Rains and storms during the festive three days - Snow in the mountains and...","Weihnachtswetter: Regen und Stürme während der drei Feiertage – Schnee in den Bergen und 8 Beaufort in der Ägäis. Am Weihnachtstag werden im ganzen Land Regen und Stürme erwartet. In den Bergen wird es tatsächlich schneien und in den frühen Morgenstunden wird es Frost geben. ... 
Der Artikel Weihnachtswetter: Regen und Stürme während der drei Feiertage – Schnee in den Bergen und...","Tempestas natalicia: Pluviae et tempestates tribus diebus festivis - Nix in montibus et Beaufort in Aegaeo VIII. Imber et procellae in congue Nativitatis per patriam expectata sunt. In montibus enim nix cadunt et in parvis horis gelu erit. ... 
Articulus Tempestatis Nativitatis: Pluviae et tempestates tribus diebus festivis - Nix in montibus et ...",Canada,NEN,North-America,wmo
8a33229e5e16cd2b53a59e45d6eb6e9a,2025-12-24T03:48:49Z,Snow&Ice,,www.stern.de,de,0.8,Wetter: Kältestes Weihnachten seit 15 Jahren möglich - kaum Schnee,Offenbach - Die Hoffnung auf weiße Weihnachten dürfte sich in den meisten Regionen Deutschlands nicht erfüllen. Laut Deutschem Wetterdienst (DWD) gibt,https://www.stern.de/panorama/wetter--kaeltestes-weihnachten-seit-15-jahren-moeglich---kaum-schnee-36989222.html,https://image.stern.de/36989224/t/wR/v1/w1440/r1.7778/-/24--bbx5y72y55v4axs2048jpeg---8c3380afa1411605.jpg,,"Kopiere den aktuellen Link
Zur Merkliste hinzufügen
Sind weiße Weihnachten Schnee von gestern? Wo es weiß werden könnte - und wie kalt es in Deutschland wird.
Die Hoffnung auf weiße Weihnachten dü… [+3568 chars]",Weather: Coldest Christmas possible in 15 years - hardly any snow. Offenbach - The hope for a white Christmas is unlikely to come true in most regions of Germany. According to the German Weather Service (DWD).,Wetter: Kältestes Weihnachten seit 15 Jahren möglich - kaum Schnee. Offenbach - Die Hoffnung auf weiße Weihnachten dürfte sich in den meisten Regionen Deutschlands nicht erfüllen. Laut Deutschem Wetterdienst (DWD) gibt,Tempestas: Coldissima Nativitas Domini per 15 annos fieri potest - vix ulla nix. Offenbach - Spes Nativitatis albae in plerisque Germaniae regionibus veri simile est. Secundum Germanica Tempestas Service (DWD).,Germany,WCE,Europe,wmo
cb71392e4338a09002490617b73b4749,2025-12-24T06:39:32Z,Tropical Cyclone,,tw.news.yahoo.com,zh,0.4,違規小學大火釀13死！58歲女師救156人慘判重刑6年 網嘆：變替罪羊,綜合陸媒報導，河南省南陽市方城縣人民法院通報，這場火災發生在去年1月19日於獨樹鎮硯山鋪社區的英才學校。法院認定，校方長期存在嚴重安全隱患，包括宿舍超額使用、消防栓無水、煙霧警報器失效等問題，卻未依法整改，構成「教育設施重大安全事故罪」。最終分別判學校創辦人...,https://tw.news.yahoo.com/%E9%81%95%E8%A6%8F%E5%B0%8F%E5%AD%B8%E5%A4%A7%E7%81%AB%E9%87%8013%E6%AD%BB-58%E6%AD%B2%E5%A5%B3%E5%B8%AB%E6%95%91156%E4%BA%BA%E6%85%98%E5%88%A4%E9%87%8D%E5%88%916%E5%B9%B4-%E7%B6%B2%E5%98%86-%E8%AE%8A%E6%9B%BF%E7%BD%AA%E7%BE%8A-063932718.html,https://media.zenfs.com/ko/ctwant_com_582/2a2e2587bcd0807738bc93fa4c6da952,http://web.archive.org/web/20251224075410/https://tw.news.yahoo.com/%E9%81%95%E8%A6%8F%E5%B0%8F%E5%AD%B8%E5%A4%A7%E7%81%AB%E9%87%8013%E6%AD%BB-58%E6%AD%B2%E5%A5%B3%E5%B8%AB%E6%95%91156%E4%BA%BA%E6%85%98%E5%88%A4%E9%87%8D%E5%88%916%E5%B9%B4-%E7%B6%B2%E5%98%86-%E8%AE%8A%E6%9B%BF%E7%BD%AA%E7%BE%8A-063932718.html,"114/12/15~114/12/198,765.7610,474.711,708.951141219344,206.4235526.776,320.3542686.0846.63%1212433,375.3312,689.25
 setn.com 10","13 dead in illegal elementary school fire! A 58-year-old female teacher was sentenced to six years in prison for saving 156 people. Net lamented: Becoming a scapegoat. According to comprehensive mainland media reports, the People’s Court of Fangcheng County, Nanyang City, Henan Province reported that the fire occurred at Yingcai School in Yanshanpu Community, Dushu Town, on January 19 last year. The court found that the school had long-term serious safety hazards, including overuse of dormitories, no water in fire hydrants, and ineffective smoke alarms, but failed to rectify them in accordance with the law, which constituted the crime of ""major safety accidents in educational facilities."" In the end, the school founders were sentenced...","13 Tote bei illegalem Grundschulbrand! Eine 58-jährige Lehrerin wurde zu sechs Jahren Gefängnis verurteilt, weil sie 156 Menschen gerettet hatte. Net beklagte: Zum Sündenbock werden. Umfangreichen Medienberichten auf dem Festland zufolge berichtete das Volksgericht des Kreises Fangcheng der Stadt Nanyang in der Provinz Henan, dass sich am 19. Januar letzten Jahres der Brand in der Yingcai-Schule in der Gemeinde Yanshanpu in der Stadt Dushu ereignet habe. Das Gericht stellte fest, dass die Schule langfristig ernsthafte Sicherheitsrisiken aufwies, darunter eine Überbeanspruchung der Schlafsäle, fehlendes Wasser in den Hydranten und unwirksame Rauchmelder, versäumte es jedoch, diese im Einklang mit dem Gesetz zu beheben, was den Straftatbestand „schwerer Sicherheitsunfälle in Bildungseinrichtungen“ darstellte. Am Ende wurden die Schulgründer verurteilt...","13 turpis prima schola ignis mortuus est! Vir femina magistra annorum 58, quae 156 homines liberaverat, in carcere sex annos damnatus est. Penitus lamentatur: Factus emissarius. Secundum ad comprehensivam continentis instrumentorum relationes, Curiam Populi Fangcheng comitatus, Nanyang urbem, Provinciam Henan nuntiaverunt incendium factum esse apud Yingcai Scholam in Yanshanpu Communitatis, Dushu Oppidum, die 19 Ianuarii anno proximo. Aula invenit scholas iam diuturnum grave periculum salutis, inclusa dormitoriis accensa, nulla aqua in igne hydrantia, et fumi terrores inefficaces, sed non emendare secundum legem, quae crimen ""maioris salutis accidentibus in facultates scholasticas constituebat."" In fine, ludi fundatores damnati sunt...",China,EAS,Asia,wmo
af3d538224142d1c9d046f979c229a9b,2025-12-24T13:56:00Z,Thunderstorm,,www.protothema.gr,el,0.9,"Καταιγίδα τώρα στην Αττική, πού υπάρχουν προβλήματα","Πυρήνες καταιγίδων πλήττουν την Αττική, πρόβλημα στην Αττική Οδό μετά από φωτιά σε ΙΧ μετά τον κόμβο Ασπροπύργου | Κακοκαιρία | Κίνηση στους δρόμους | Ελλάδα",https://www.protothema.gr/greece/article/1748260/kataigida-tora-stin-attiki-pou-uparhoun-provlimata/,https://www.protothema.gr/images/640x360share/jpg/files/2024-12-06/kataigida-attki.jpg,http://web.archive.org/web/20251224155916/https://www.protothema.gr/greece/article/1748260/kataigida-tora-stin-attiki-pou-uparhoun-provlimata/,"To view this video please enable JavaScript, and consider upgrading to a
 web browser that supports HTML5 video","Storm now in Attica, where there are problems. Cores of storms hit Attiki, problem on Attiki Odos after a fire in a car after the Aspropyrgos interchange | Bad weather | Traffic on the streets | Greece","Sturm jetzt in Attika, wo es Probleme gibt. Sturmkerne treffen Attiki, Problem auf Attiki Odos nach einem Brand in einem Auto nach dem Aspropyrgos-Verkehrsknotenpunkt | Schlechtes Wetter | Verkehr auf den Straßen | Griechenland","Tempestas nunc in Attica, ubi sunt problemata. Cores tempestatum Attiki feriunt, problema de Attiki Odos post ignem in curru post Aspropyrgos confluentes | Bad weather | Negotiatio in plateis | Graecia",Greece,MED,Europe,wmo
4c72a149ce40b01b6e71a40439145769,2025-12-24T14:14:34Z,Thunderstorm,,www.newsit.gr,el,0.7,Καιρός: Ισχυρή καταιγίδα πλήττει την Αττική,"Νωρίς το απόγευμα της Τετάρτης (24/1/25) άνοιξαν οι ουρανοί ξανά στην Αττική, με ισχυρή καταιγίδα ενώ σε κάποιες περιοχές έπεσε και χαλάζι στο πλαίσιο αυτή ... <a title=""Καιρός: Ισχυρή καταιγίδα πλήττει την Αττική"" class=""read-more"" href=""https://www.newsit.g…",https://www.newsit.gr/ellada/kairos-isxyri-kataigida-plittei-tin-attiki-2/4559848/,https://www.newsit.gr/wp-content/uploads/2025/12/vroxi-10-1200x630.jpg,,"16:14
24 2025
(24/1/25) , . 
 , , .
 . 
 , 16.05 :
 , ( ), ( , ) , .
 , . . .
 .
 , 4 6, 7 8 .
 3 5 .
 10 12 , , 14 16 17 19 .
15:51 
 24.12.25
Protergia, METLEN Energy &amp; Metals, , … [+66 chars]","Weather: A strong storm hits Attica. In the early afternoon of Wednesday (24/1/25), the skies opened again in Attica, with a strong storm, while in some areas hail also fell in this context...","Wetter: Ein starker Sturm trifft Attika. Am frühen Mittwochnachmittag (24.01.25) öffnete sich der Himmel über Attika erneut mit einem starken Sturm, in einigen Gebieten fiel in diesem Zusammenhang auch Hagel ... <a title=""Wetter: Starker Sturm trifft Attika"" class=""read-more"" href=""https://www.newsit.g…","Tempestas: Fortis tempestas Atticam ferit. Die Mercurii mane post meridiem (24/1/25), caelum iterum in Attica tempestate valida reclusum est, cum in nonnullis locis grando etiam hoc loco cecidit.",Greece,MED,Europe,wmo
a57ac94f9524b3d9977a62c10f38cda4,2025-12-24T17:32:50Z,Drought,,hindi.moneycontrol.com,hi,0.8,"'जब तक आतंक रहेगा, तब तक हम अपने बारूद को सूखा रखेंगे', ऑक्सफोर्ड में मुंबई के लड़के ने पाकिस्तान को दिखाया आईना","Oxford Union Debate: कहते हैं जब सच्चाई और तर्क एक साथ हों, तो भारी-भरकम शब्दों की जरूरत नहीं पड़ती। कुछ ऐसा ही नजारा दुनिया की मशहूर डिबेटिंग सोसाइटी 'ऑक्सफोर्ड यूनियन' में देखने को मिला। वहां बहस का मुद्दा था 'क्या भारत की पाकिस्तान नीति केवल चुनावी लोकप्रि…",https://hindi.moneycontrol.com/world/viraansh-bhanushali-student-from-mumbai-exposed-pakistan-s-terror-narrative-at-oxford-union-society-watch-article-2320236.html,https://images.moneycontrol.com/static-hindinews/2025/12/viraansh-bhanushali-Oxford-Union-society.jpg,http://web.archive.org/web/20251224192036/https://hindi.moneycontrol.com/world/viraansh-bhanushali-student-from-mumbai-exposed-pakistan-s-terror-narrative-at-oxford-union-society-watch-article-2320236.html,"Oxford Union Debate: , - ' ' ' ?' - , 
' , '
 - , '' , ' ' , '' 
1993 RDX 257 , ' ? , 3 , ISI '' '
 26/11 CSMT , ' , '
 2008 , ? , ! ' '' , , '
 , ' ' , ' , '' , '' '
 , ' , '' ? '-' !'
' '
… [+362 chars]","'As long as there is terror, we will keep our gunpowder dry', Mumbai boy shows mirror to Pakistan in Oxford. Oxford Union Debate: It is said that when truth and logic are together, there is no need for heavy words. A similar scene was seen in the world's famous debating society 'Oxford Union'. The issue of debate there was 'Is India's Pakistan policy only for electoral popularity?","„Solange es Terror gibt, werden wir unser Schießpulver trocken halten“, zeigt ein Junge aus Mumbai Pakistan in Oxford den Spiegel. Oxford Union Debate: Es heißt, wenn Wahrheit und Logik zusammenkommen, seien keine schweren Worte nötig. Eine ähnliche Szene gab es im weltberühmten Debattierclub „Oxford Union“. Das dortige Debattenthema lautete: „Ist Indiens Pakistan-Politik nur auf Wahlpopularität ausgerichtet?“","""Quamdiu pavor est, pulveris pyrii nostri aridam servabimus"", Mumbai puer speculum ad Pakistan in Oxonia ostendit. Oxoniensis Unio Altercatio: Cum veritas et logica simul sint, non opus est verbis gravibus. Similis scaena visa est in clarissima mundi societate ""Oxford Union"". Quaestio disputationis facta est 'Num Indiae Pakistan consilium tantum ad comitia popularis?",India,SAS,Asia,edo
082c3560c1037cebdf779406f8bebac7,2025-12-25T02:19:24Z,Cold Wave,,36kr.com,zh,0.2,「2025是海洋科技元年」，智能船舶与水中装备正在爆发前夜｜OpenTalk回顾,"文 | 刘婧琼 
 编辑 | 阿至 
 2025年12月17日，36氪举办了以「从水上到水下：海洋装备开辟新航道」为主题的OpenTalk直播活动，特别邀请欧卡智舶创始人&CEO朱健楠、昊野科技集团创始人&董事&CEO高万良作为本场分享嘉宾，两位就智能船舶、水面无人驾驶系统、水中装备、水下推进器、新能源船舶动力系统等热点话题展开了深入分享，并与观众进行了在线互动。
 以下是本场直播的干货总结，欢迎阅读、分享与收藏。
 
  
 水面具身、智能船舶的AI技术与产业化落地逻辑
 
 分享嘉宾：朱健楠，欧卡智舶CEO，…",https://36kr.com/p/3610328679498752,"https://img.36krcdn.com/hsossms/20251225/v2_64154f65853d40c49e31fb96b3805fbd@000000_oswg48044oswg900oswg382_img_000?x-oss-process=image/resize,m_mfit,w_600,h_400,limit_0/crop,w_600,h_400,g_center",,"|  
 |  
2025121736OpenTalk&amp;CEO&amp;&amp;CEO
AI
CEOFalling Walls100Microflown2017CEO40under3536X36/U30U3030 U405211
####
Founder
805000
&amp;&amp;CEO4380%2114050
###
Founder
ABB011/
3… [+115 chars]","""2025 is the first year of marine technology"", smart ships and underwater equipment are on the eve of the explosion | OpenTalk review. Text | Liu Jingqiong
 Editor | A Zhi
 On December 17, 2025, 36 Krypton held an OpenTalk live broadcast with the theme of ""From Water to Underwater: Marine Equipment Opens Up New Channels"". Zhu Jiannan, founder & CEO of Oka Smart Ship, and Gao Wanliang, founder & director & CEO of Haoye Technology Group, were specially invited to be the sharing guests. The two conducted in-depth sharing on hot topics such as smart ships, surface unmanned driving systems, underwater equipment, underwater propellers, and new energy ship power systems, and interacted with the audience online.
 The following is a summary of this live broadcast. Welcome to read, share and collect.
 
  
 AI technology and industrialization implementation logic of surface masks and smart ships
 
 Sharing guest: Zhu Jiannan, CEO of Oka Zhibo,…",,"""2025 primus annus technologiae marinae"", captiosus naves et instrumenti underwater, in vigilia explosionis sunt | OpenTalk recensio. Text | Liu Jingqiong
 Editor | A Zhi
 Die 17 mensis Decembris anno 2025, 36 Krypton tenuit OpenTalk vivam emittere cum argumento ""Ab aqua ad Underwater: Marine Equipment nova canales aperit"". Zhu Jiannan, conditor & CEO of Oka Smart Navis, et Gao Wanliang, conditor & director & CEO of Haoye Technologiae Group, nominatim invitati sunt ut hospites communicarent. Duae in profundis communicatio argumentorum calidis ducti sunt ut naves callidi, superficialis inanibus systematis pulsis, apparatu aquae summersus, propellers aquae summersus, et nova energiae systematis potentiae navis, et cum audientibus online interacted.
 The following is a summary of this live passim. Grata legere, communicare et colligere.
 
  
 AI technologiam et industrialem exsecutionem logica personarum superficierum et navium captiorum
 
 Socius hospes: Zhu Jiannan, CEO de Oka Zhibo, ...",China,EAS,Asia,wmo
94bc0d13fe03537326659131d12cd1eb,2025-12-25T11:04:53Z,Storm,,www.naftemporiki.gr,el,0.8,Άλιμος: Ζημιές από την κακοκαιρία σε πολυκατοικία – Η καταιγίδα διέλυσε την είσοδο,"Σοβαρές ζημιές προκάλεσε η κακοκαιρία που έπληξε το απόγευμα της Τετάρτης την Αττική, με τα νότια προάστια να δέχονται τον μεγαλύτερο όγκο νερού.
Ενδεικτική της κατάστασης είναι μία πολυκατοικία στην…
Άλιμος: Ζημιές από την κακοκαιρία σε πολυκατοικία – Η κατα…",https://www.naftemporiki.gr/society/2051293/alimos-zimies-apo-tin-kakokairia-se-polykatoikia-i-kataigida-dielyse-tin-eisodo/,https://www.naftemporiki.gr/wp-content/uploads/2025/12/alimos-1.jpg,,,"Alimos: Bad weather damage to an apartment building – The storm destroyed the entrance. Severe damage was caused by the bad weather that hit Attica on Wednesday afternoon, with the southern suburbs receiving the largest volume of water. Indicative of the situation is an apartment building in... Alimos: Damage from bad weather in an apartment building - The...","Alimos: Unwetterschaden an einem Mehrfamilienhaus – Der Sturm zerstörte den Eingang. Das schlechte Wetter, das Attika am Mittwochnachmittag heimsuchte, verursachte schwere Schäden, wobei die südlichen Vororte die größte Wassermenge erhielten.
Bezeichnend für die Situation ist ein Mehrfamilienhaus in...
Alimos: Unwetterschaden in einem Mehrfamilienhaus - Die...","Alimos: Tempestas damnum in diaetam aedificium – Tempestas introitum delevit. Gravis noxa causata est tempestatibus, qui Atticam die mercurii post meridiem pulsaverunt, cum suburbanis meridionalibus maximum volumen aquae recipiebant.
Indicativus condicionis aedificium est diaetam in...
Alimos: Damnum tempestatum in diaetam aedificatum - The...",Greece,MED,Europe,wmo
0618dfc97711ebe3399b645cca9eec93,2025-12-25T17:05:09Z,Snow&Ice,,dialogos.com.cy,el,0.9,"Βουτιά της θερμοκρασίας απόψε: Στους 2 βαθμούς στα ορεινά, παγετός κατά τόπους","Σημαντική πτώση καταγράφει απόψε η θερμοκρασία, με τον υδράργυρο να κατρακυλά μέχρι τους 2 βαθμούς Κελσίου στα ψηλότερα ορεινά, ενώ στο εσωτερικό αναμένεται να φτάσει τους 8 βαθμούς. Το καιρικό σκηνικό παραμένει άστατο και τις επόμενες ημέρες, σύμφωνα με τη Μ…",https://dialogos.com.cy/tsoychtero-kryo-apopse-synechizetai-i-kakokairia-tis-epomenes-meres/,https://dialogos.com.cy/wp-content/uploads/2025/12/kavala-kataigida-keravnoi-04-1200x800-21.webp,http://web.archive.org/web/20251225172049/https://dialogos.com.cy/tsoychtero-kryo-apopse-synechizetai-i-kakokairia-tis-epomenes-meres/,", 2 , 8 .
 , , . , , .
 .
, , . , , 3 . . 8 , 11 2 , .
, , , , . , , 3 4 , 5 . . 18 , 20 10 .
 , . , 3 , 4 . .
 , , .
 , .
 . , .","Plunge in temperature tonight: At 2 degrees in the mountains, frost in places. A significant drop is recorded in the temperature tonight, with the mercury falling to 2 degrees Celsius in the highest mountains, while in the interior it is expected to reach 8 degrees. The weather scene remains unstable in the coming days as well, according to the M...","Temperatursturz heute Nacht: Bei 2 Grad in den Bergen stellenweise Frost. Heute Nacht ist ein deutlicher Temperaturrückgang zu verzeichnen, wobei die Quecksilbertemperatur in den höchsten Bergen auf 2 Grad Celsius sinkt, während sie im Landesinneren voraussichtlich 8 Grad erreichen wird. Auch in den kommenden Tagen bleibt die Wetterlage nach Angaben des M... instabil.","Demitte in temperatus hac nocte: Ad 2 gradus in montibus, frigora in locis. Gutta notabilis commemoratur in hac nocte temperaturae, cum mercurialis cadens ad 2 gradus Celsius in altissimis montibus, cum expectatur in interiori ad 8 gradus pervenire. Tempestas scena instabilis in adventu dierum tam, secundum M...",Canada,NEN,North-America,wmo
f55ffb072800527e976e3448b1cde017,2025-12-26T00:06:08Z,Cold Wave,,www.cnbeta.com.tw,zh,0.2,极简创新还是致命隐患？特斯拉隐藏式车门面临拷问,"隐藏式门把手设计，原本是特斯拉引以为傲的标志性设计，如今正在面临监管机构和公众前所未有的质疑。这项前卫炫酷的极简设计，究竟是必要的创新，还是致命的隐患？
    监管调查步步推进本周一，美国国家公路交通安全管理局（NHTSA）宣布对特斯拉Model 3的紧急车门释放机制展开缺陷调查，此次调查约涉及18万辆2022款Model 3汽车。需要强调的是，按照NHTSA的流程，这起调查目前还处在接到投诉，进行缺陷调查的阶段。未来3到6个月时间，NHTSA将进行技术评估，收集和审查与问题相关的数据，确定问题发生频率，评估…",https://www.cnbeta.com.tw/articles/tech/1542768.htm,https://n.sinaimg.cn/finance/transform/55/w550h305/20251226/e9b0-801a63909e85ba5f599ebe23b0f4d19f.png,,"NHTSAModel 3182022Model 3
NHTSA36NHTSA
15
NHTSA·Kevin Clouse2023Model 3
NHTSA
NHTSAModel 39Model Y1612
NHTSA2017-2022Model 3Model Y122.71.39
12251%1.6
NHTSA2012-2023202420259111215
202411Mod… [+458 chars]","Minimalist innovation or fatal hazard? Tesla’s hidden door is facing torture. The hidden door handle design was originally an iconic design that Tesla was proud of, but now it is facing unprecedented doubts from regulatory agencies and the public. Is this avant-garde and cool minimalist design a necessary innovation or a fatal hazard?
Regulatory investigation advances step by step On Monday, the U.S. National Highway Traffic Safety Administration (NHTSA) announced a defect investigation into the emergency door release mechanism of Tesla Model 3. This investigation involves approximately 180,000 2022 Model 3 vehicles. It should be emphasized that according to NHTSA's procedures, this investigation is still in the stage of receiving complaints and conducting defect investigations. Over the next three to six months, NHTSA will conduct a technical assessment, collect and review data related to the problem, determine the frequency of the problem, and evaluate...","Minimalistische Innovation oder tödliche Gefahr? Teslas versteckte Tür steht vor Folter. Das Design des versteckten Türgriffs war ursprünglich ein ikonisches Design, auf das Tesla stolz war, doch nun stößt es auf beispiellose Zweifel seitens der Aufsichtsbehörden und der Öffentlichkeit. Ist dieses avantgardistische und coole minimalistische Design eine notwendige Innovation oder eine tödliche Gefahr?
Die behördliche Untersuchung schreitet Schritt für Schritt voran. Am Montag kündigte die US-amerikanische National Highway Traffic Safety Administration (NHTSA) eine Defektuntersuchung des Nottür-Entriegelungsmechanismus des Tesla Model 3 an. Diese Untersuchung betrifft etwa 180.000 Fahrzeuge des Model 3 2022. Es sollte betont werden, dass sich diese Untersuchung gemäß den Verfahren der NHTSA noch in der Phase des Eingangs von Beschwerden und der Durchführung von Mängeluntersuchungen befindet. In den nächsten drei bis sechs Monaten wird die NHTSA eine technische Bewertung durchführen, Daten im Zusammenhang mit dem Problem sammeln und überprüfen, die Häufigkeit des Problems ermitteln und bewerten ...","Minimalis innovatio vel aleam exitiale? Teslae ostium absconditum tormentum spectat. Ansam ansam portae occultae primitus consilium iconicum fuit quod Tesla superbiebat, nunc autem inaudita dubia ab institutis moderantibus et in publico versatur. Estne hic primarius et frigidus minimus maximus innovationem necessariam vel aleam fatalem designare?   Investigatio regulatoriae gradatim progressus Die Lunae, US National Highway Traffic Salutis Administration (NHTSA) denuntiavit defectum investigationis in subitis ostium emissionis mechanismi Teslae Model 3. Haec quaestio circiter 180,000 2022 exemplum 3 vehiculorum implicat. Animadvertendum est secundum rationes NHTSA, investigationem adhuc esse in recipiendis querelis et defectibus inquisitionibus faciendis. Per tres proximos ad sex menses, NHTSA technicam aestimationem aget, notitias colligendas et retractationes ad quaestionem pertinentes, frequentiam problematum determinare ac aestimare...",China,EAS,Asia,wmo
ee2f1aec571b8121f1476474b684ff22,2025-12-26T03:11:04Z,Cold Wave,,www.ithome.com,zh,0.2,【IT之家评测室】小米 17 Ultra 徕卡版手机体验：当「徕卡」成为一个形容词,2026 年春季的“Ultra 大战”比往年来得更早一些，作为这场大战中来得最早的选手，小米 17 Ultra 比以往提早了两个月就交出了答卷。与往年不同的是，今年的小米 17 Ultra 在产品阵列上更细分，推出了标准版与徕卡版两个版本。小米 17 Ultra 徕卡版、小米 17 Ultra如果说 Ultra 标准版延续了往年小米超旗舰堆料的传统，那么小米 17 Ultra 徕卡版则更像是“Ultra 中的 Pro”。除了设计上那枚醒目的红色“可乐标”外，徕卡版还拥有独占的“徕卡一瞬”拍摄模式，以及一个极具辨识…,https://www.ithome.com/0/908/142.htm,,http://web.archive.org/web/20251226032938/https://www.ithome.com/0/908/142.htm,"2026 Ultra 17 Ultra 
 17 Ultra 
17 Ultra 17 Ultra
 Ultra 17 Ultra Ultra Pro
IT 17 Ultra 
17 Ultra 
17 Ultra 
17 Ultra Xiaomi 17 Ultra by Leica M 
LEICA CAMERA GERMANY
M 
iPhone4 
17 Ultra … [+1492 chars]","[IT House Evaluation Room] Xiaomi Mi 17 Ultra Leica Edition Mobile Phone Experience: When ""Leica"" becomes an adjective. The ""Ultra War"" in the spring of 2026 comes earlier than in previous years. As the earliest player in this war, Xiaomi Mi 17 Ultra handed in its answer sheet two months earlier than before. Different from previous years, this year’s Xiaomi Mi 17 Ultra is more subdivided in the product array, launching two versions: standard version and Leica version. Xiaomi Mi 17 Ultra Leica Edition, Xiaomi Mi 17 Ultra If the Ultra Standard Edition continues the tradition of Xiaomi super flagships in previous years, then the Xiaomi Mi 17 Ultra Leica Edition is more like the “Pro in Ultra”. In addition to the eye-catching red ""Coke logo"" on the design, the Leica version also has the exclusive ""Leica Instant"" shooting mode, as well as a highly recognizable...","[Bewertungsraum des IT-Hauses] Xiaomi Mi 17 Ultra Leica Edition-Handyerlebnis: Wenn „Leica“ zum Adjektiv wird. Der „Ultra War“ im Frühjahr 2026 kommt früher als in den Vorjahren. Als erster Teilnehmer in diesem Krieg gab das Xiaomi Mi 17 Ultra seinen Antwortbogen zwei Monate früher als zuvor ab. Anders als in den Vorjahren ist das diesjährige Xiaomi Mi 17 Ultra in der Produktpalette stärker unterteilt und bringt zwei Versionen auf den Markt: die Standardversion und die Leica-Version. Xiaomi Mi 17 Ultra Leica Edition, Xiaomi Mi 17 Ultra Wenn die Ultra Standard Edition die Tradition der Xiaomi-Super-Flaggschiffe der vergangenen Jahre fortsetzt, dann ist das Xiaomi Mi 17 Ultra Leica Edition eher das „Pro in Ultra“. Neben dem auffälligen roten „Coke-Logo“ auf dem Design verfügt die Leica-Version auch über den exklusiven Aufnahmemodus „Leica Instant“ sowie ein gut erkennbares...","[IT Domus Aestimationis Room] Xiaomi Mi 17 Ultra Leica Edition Mobile Phone Usus: Cum ""Leica"" fit adiectivum. ""Bellum Ultrapositum"" in vere anni 2026 maturius venit quam superioribus annis. Ut primum lusor in hoc bello, Xiaomi Mi 17 Ultra tradidit in responsionis scheda duobus mensibus ante quam ante. Diversa ab annis superioribus, huius anni Xiaomi Mi 17 Ultra subdividitur in apparatu producto, duas versiones deductis: versionem vexillum et versionem Leica. Xiaomi Mi XVII Ultra Leica Edition, Xiaomi Mi XVII Ultra Si ultra Latin Edition pergit traditionem Xiaomi super praetoriam in superioribus annis, Xiaomi Mi XVII Ultra Leica Edition est magis sicut ""Pro in Ultra"". Praeter oculum rubrum ""Coke logo in consilio captans"", versio Leica etiam exclusivum ""Leica Instant"" modum figendi habet, ac notabilem...",China,EAS,Asia,wmo
9b740a9d94af548dc59b8f89541025bb,2025-12-26T04:21:09Z,Cold Wave,,www.toodaylab.com,zh,0.4,从极地科考站到国民衣橱，波司登重新定义冬日御寒,12 月初，参与中国第 42 次南极考察的“雪龙 2”号抵达中山站。差不多同一时间，一座全长 42 米、宽 10 米、高 11 米的“雪龙 2”号雪雕亮相哈尔滨太阳岛景区，成为哈尔滨冰雪景观中的新地标。“雪龙 2”号是我国首艘自主建造的极地科学考察破冰船，它代表着中国极地科考的进步与雄心。这件雪雕作品由波司登携手哈尔滨本土雪雕师与千万级粉丝非遗文化博主江寻千一同打造，邀请来到现场的游客了解波司登与中国科考的故事。1998 年波司登首次随中国北极科考队出征格林兰豪威德岛，由此开启了长达 28 年的极地温暖守护之旅，…,https://www.toodaylab.com/83854,,http://web.archive.org/web/20251226053853/https://www.toodaylab.com/83854,"12 42 2 42 10 11 2 2
1998 28 
1975 
1998 2017 
2.0 60 
GORE-TEX 500 10%
B UP zettaranc buff 800 95% 180 404 
 GORE-TEX Windstopper
@ 30 8 
@ 20 T 20 
Pro 
2017 1000 
@ 40 
@ 
@Coach 30 … [+16 chars]","From a polar scientific research station to a national wardrobe, Bosideng redefines winter protection. In early December, the ""Snow Dragon 2"" participating in China's 42nd Antarctic expedition arrived at Zhongshan Station. At about the same time, a ""Snow Dragon 2"" snow sculpture with a total length of 42 meters, a width of 10 meters and a height of 11 meters was unveiled at the Sun Island Scenic Area in Harbin, becoming a new landmark in Harbin's ice and snow landscape. ""Xuelong 2"" is my country's first self-built polar scientific expedition icebreaker. It represents the progress and ambition of China's polar scientific expeditions. This snow sculpture was created by Bosideng, a local snow sculptor from Harbin, and Jiang Xunqian, an intangible cultural heritage blogger with tens of millions of fans, inviting visitors to the site to learn about the story of Bosideng and China’s scientific research. In 1998, Bosideng went to Greenland Howed Island for the first time with the Chinese Arctic scientific expedition team, thus starting a 28-year journey to protect polar warmth,…","Von einer polaren wissenschaftlichen Forschungsstation zu einer nationalen Garderobe: Bosideng definiert Winterschutz neu. Anfang Dezember traf die „Snow Dragon 2“, die an Chinas 42. Antarktisexpedition teilnahm, in der Zhongshan-Station ein. Etwa zur gleichen Zeit erschien in Harbins Sun Island Scenic Area eine Schneeskulptur „Snow Dragon 2“ mit einer Gesamtlänge von 42 Metern, einer Breite von 10 Metern und einer Höhe von 11 Metern und wurde zu einem neuen Wahrzeichen in Harbins Eis- und Schneelandschaft. „Xuelong 2“ ist der erste selbstgebaute Eisbrecher für polare wissenschaftliche Expeditionen meines Landes. Es repräsentiert den Fortschritt und die Ambitionen der wissenschaftlichen Polarexpeditionen Chinas. Diese Schneeskulptur wurde von Bosideng, einem lokalen Schneebildhauer aus Harbin, und Jiang Xunqian, einem Blogger über immaterielles Kulturerbe mit zig Millionen Fans, geschaffen und lädt Besucher auf die Website ein, mehr über die Geschichte von Bosideng und Chinas wissenschaftliche Forschung zu erfahren. Im Jahr 1998 reiste Bosideng zum ersten Mal mit dem chinesischen Arktis-Expeditionsteam zur grönländischen Howed-Insel und begann damit eine 28-jährige Reise zum Schutz der Polarwärme.","Ex statione scientifica inquisitionis polaris usque ad custodiam nationalis, Bosideng redefines hiemalis custoditur. Primo Decembri, ""Nvis Draco II"" participating in expeditione Sinarum 42nd Antarcticam ad stationem Zhongshan pervenit. Eodem fere tempore ""Nive Draco II"" sculptura nivis cum tota longitudine 42 metrorum, latitudo 10 metrorum et altitudo 11 metrorum apparuit in Area Harbin's Sol Island scaenica et novus terminus factus est in landscape Harbin glacie et nivis. ""Xuelong 2"" est patria mea prima expeditionis scientificae polaris auto-structae icebreaker. Significat progressum et ambitionem in expeditionibus scientificis polaris Sinarum. Haec sculptura nix facta est a Bosideng, sculptor loci nivei Harbin, et Jiang Xunqian, intangibilis patrimonium culturae blogger cum decem myriades fanorum, hospites ad locum ad discendum invitans de historia de Bosideng et Sinis investigationibus scientificis. Anno 1998, Bosideng ad Groenlandiam Howed Island primum profectus est cum biga expeditione arctica Sinensi scientificae, sic incipiens iter XXVIII annorum ad calorem polarem tuendum,…",China,EAS,Asia,wmo
20f40a2fa071f85cb0aedb9fbf1c9fa9,2025-12-26T13:55:00Z,Fog,,www.protothema.gr,el,0.7,Σε εξέλιξη επιχείρηση για τον εντοπισμό των τριών ορειβατών που αγνοούνται στο χωριό Αθανάσιος Διάκος στη Φθιώτιδα,"«Τα Βαρδούσια είναι το δεύτερο δυσκολότερο βουνό στην Ελλάδα. Επικρατεί πολύ ομίχλη στο βουνό» δήλωσε ο πρόεδρος του χωριού Αθανάσιος Διάκος, Κωνσταντίνος Μαστροκωστοπουλος | ΕΜΑΚ | Επιχείρηση διάσωσης | Φθιώτιδα | Βουνό | Ορειβάτες | Ομίχλη | Χιονοστιβάδα | …",https://www.protothema.gr/greece/article/1748968/agonia-gia-ton-edopismo-ton-trion-oreivaton-pou-agnooudai-sto-horio-athanasios-diakos-sti-fthiotida/,https://www.protothema.gr/images/640x360share/1/jpg/files/2025-12-26/photo_1766738830745.jpg,http://web.archive.org/web/20251226163629/https://www.protothema.gr/greece/article/1748968/agonia-gia-ton-edopismo-ton-trion-oreivaton-pou-agnooudai-sto-horio-athanasios-diakos-sti-fthiotida/,"Avis Skroutz , 100% online ,","An ongoing operation to locate the three climbers who are missing in the village of Athanasios Diakos in Fthiotida. ""Vardousia is the second most difficult mountain in Greece. There is a lot of fog on the mountain"" said the president of the village of Athanasios Diakos, Konstantinos Mastrokostopoulos | EMAK | Rescue operation | Fthiotida | Mountain | Climbers | Fog | Avalanche | …","Eine laufende Operation zur Suche nach den drei vermissten Bergsteigern im Dorf Athanasios Diakos in Fthiotida. „Vardousia ist der zweitschwerste Berg Griechenlands. Auf dem Berg liegt viel Nebel“, sagte der Präsident des Dorfes Athanasios Diakos, Konstantinos Mastrokostopoulos | EMAK | Rettungsaktion | Fthiotida | Berg | Kletterer | Nebel | Lawine | …","Permanens operatio tres viverra tellus collocandi qui desunt in pago Athanasios Diakos in Fthiotida. ""Vardousia est alter mons difficillimus in Graecia. Multa nebula in monte est"" praeses pagi Athanasios Diakos, Constantinos Mastrokostopoulos | EMAK | Eripe operationem | Fthiotida | Mons | Climbers | Nebula | Avalanche | ...",Greece,MED,Europe,wmo
63f90d457081bde0adb1945c0d0dde64,2025-12-27T12:04:29Z,Cold Wave,,www.ithome.com,zh,0.25,2025 年度央企十大超级工程开启投票：神舟二十二号飞船、世界最大跨度斜拉桥等入围,IT之家 12 月 27 日消息，“国资小新”公众号综合媒体报道和网友推荐，从 2025 年中央企业建设的重点项目中精心选出 20 项既有传播“热度”又有创新“力度”的超级工程。12 月 26 日，2025 年度央企十大超级工程开启投票。IT之家整理入围项目如下：1、“国铀一号”示范工程2025 年 7 月 12 日，位于内蒙古自治区鄂尔多斯市的中核集团“国铀一号”示范工程顺利生产出第一桶铀产品。“国铀一号”是中国规模最大的天然铀产能项目，关键技术指标位居世界前列，建成后将成为中国产能规模最大、建设标准最高，集绿…,https://www.ithome.com/0/908/519.htm,,,"IT 12 27 2025 20 12 26 2025 
1
2025 7 12 
2
2025 11 25 12 11 F 15 50 1 
3 1 
2025 2 20 1 10910 1 2023 5 30 1 
4
2025 3 22 1.4 1135.99 105 
5
2025 6 25 45 
6 
2025 6 26 
7 ±800 
2025 5 8… [+466 chars]","Voting is open for the top ten super projects of central enterprises in 2025: Shenzhou 22 spacecraft, the world's largest span cable-stayed bridge, etc. are shortlisted. IT House reported on December 27 that the ""State-owned Assets Xiaoxin"" public account integrated media reports and recommendations from netizens to carefully select 20 super projects from the key projects of central enterprise construction in 2025 that have both ""heat"" and ""intensity"" of innovation. On December 26, voting began for the top ten super projects of central enterprises in 2025. IT House has compiled the shortlisted projects as follows: 1. ""National Uranium No. 1"" Demonstration Project On July 12, 2025, the CNNC ""National Uranium No. 1"" demonstration project located in Ordos City, Inner Mongolia Autonomous Region successfully produced the first barrel of uranium products. ""National Uranium No. 1"" is China's largest natural uranium production capacity project. Its key technical indicators rank among the best in the world. Upon completion, it will become China's largest production capacity and highest construction standard, integrating green...",,,China,EAS,Asia,wmo
445d7157cc425daaee1db0ae9d2ea1a2,2025-12-27T15:43:33Z,Snow&Ice,,www.dhnet.be,fr,0.9,Prudence si vous prenez le volant ce samedi soir: l'IRM lance une mise en garde,Risque de brouillard et de plaques de givre ce soir et cette nuit. ...,https://www.dhnet.be/actu/belgique/2025/12/27/prudence-si-vous-prenez-le-volant-ce-samedi-soir-lirm-lance-une-mise-en-garde-JDJMZKRK35AQZJV5RQ7FFVSXRY/,https://www.dhnet.be/resizer/v2/267M5B5HVZGBLOZ35KCBYZL7D4.JPG?auth=ccb3fd95434a6b63f4a58b90f8899e4e9b812af1a3a1cd312701ce9f53f2e03d&width=1200&height=630&quality=85&focal=4028%2C2685,http://web.archive.org/web/20251227235452/https://www.dhnet.be/actu/belgique/2025/12/27/prudence-si-vous-prenez-le-volant-ce-samedi-soir-lirm-lance-une-mise-en-garde-JDJMZKRK35AQZJV5RQ7FFVSXRY/,"L'Institut royal météorologique (IRM) a lancé samedi un avertissement au brouillard et aux conditions glissantes sur le réseau routier en soirée et dans la nuit, essentiellement au sud du pays.
De l… [+308 chars]",Be careful if you get behind the wheel this Saturday evening: the MRI is issuing a warning. Risk of fog and patches of frost this evening and tonight. ...,"Seien Sie vorsichtig, wenn Sie sich an diesem Samstagabend ans Steuer setzen: Das MRT gibt eine Warnung aus. Heute Abend und heute Nacht besteht Nebel- und Frostgefahr. ...",Cave si hoc vespere Sabbati post rotam invenias: MRI monendum est. Periculum nebulae et sarturas pruinae hac vespera et hac nocte. ...,Canada,NEN,North-America,wmo
6da3c57799296d81d571626ec2b52543,2025-12-27T16:41:14Z,Snow&Ice,,www.rtbf.be,fr,0.9,L'IRM émet une alerte au risque de brouillard et de plaques de givre ce soir et cette nuit,"De l'air plus humide est attendu en soirée et dans la nuit en provenance du nord. ""Au contact de l'air froid encore...",https://www.rtbf.be/article/l-irm-emet-une-alerte-au-risque-de-brouillard-et-de-plaques-de-givre-ce-soir-et-cette-nuit-11653832,https://ds.static.rtbf.be/article/image/1920x1080/e/5/c/ec2678d10233bb7e9e7b36e6b193c240.jpg,http://web.archive.org/web/20251227164943/https://www.rtbf.be/article/l-irm-emet-une-alerte-au-risque-de-brouillard-et-de-plaques-de-givre-ce-soir-et-cette-nuit-11653832,"De l'air plus humide est attendu en soirée et dans la nuit en provenance du nord. ""Au contact de l'air froid encore présent sur nos régions, cela pourra favoriser la formation de brouillard givrant e… [+441 chars]","The IRM issues an alert for the risk of fog and patches of frost this evening and tonight. More humid air is expected in the evening and overnight from the north. ""In contact with cold air again...",Das IRM warnt heute Abend und heute Nacht vor Nebel und Froststellen. Abends und über Nacht wird aus dem Norden feuchtere Luft erwartet. „Wieder Kontakt mit kalter Luft...“,"IRM evigilans in periculo nebulae et inaequalis frigoris hac vespera et hac nocte exit. Aer humidior expectatur in vespere et pernoctare a septentrione. ""In contactu aeris frigidi iterum...",Canada,NEN,North-America,wmo
a76ac094ee715e075734ac6a031c629f,2025-12-28T05:01:01Z,Wildfire,,consent.yahoo.com,zh,0.2,寒流讓大霸尖山白頭 竹縣府啟動低溫關懷街友措施,強烈寒流來襲，全台變成大冰箱，新竹縣境內的大霸尖山山頭，今天一早就有網友甩出猶如冷凍庫的雪白照片，新竹縣政府社會處考慮多處地區清晨與夜間氣溫偏低，對長時間露宿在外的街友不利，近日持續啟動低溫關懷機制，委託社團法人新竹市竹安公益慈善服務協會於寒流期間採取主動深入各鄉鎮，提供即時且貼近需求的關懷服務。,https://consent.yahoo.com/v2/collectConsent?sessionId=1_cc-session_86dbc0a2-1b2b-4861-b621-fe20c8a8534d,,,"If you click 'Accept all', we and our partners, including 244 who are part of the IAB Transparency &amp; Consent Framework, will also store and/or access information on a device (in other words, use … [+714 chars]","The cold snap has prompted the Baitouzhu County Government in Dabajianshan to launch low-temperature care measures for street residents. A strong cold wave is coming, and the whole Taiwan has turned into a big refrigerator. Early this morning, netizens posted pictures of the snow-white mountains of Dabajianshan in Hsinchu County, which look like a freezer. The Social Affairs Department of the Hsinchu County Government considers that the temperatures in many areas are low in the early morning and night, which is detrimental to street residents who sleep outdoors for long periods of time. Recently, it has continued to activate the low-temperature care mechanism and entrusted the Hsinchu City Zhu'an Charity Service Association to take the initiative to go to various towns and villages during the cold wave to provide immediate and close-to-need care services.","Der Kälteeinbruch hat die Bezirksregierung Baitouzhu in Dabajianshan dazu veranlasst, Maßnahmen zur Pflege der Straßenbewohner bei niedrigen Temperaturen einzuführen. Eine starke Kältewelle steht bevor und ganz Taiwan hat sich in einen großen Kühlschrank verwandelt. Heute früh haben Internetnutzer Bilder der schneeweißen Berge von Dabajianshan im Kreis Hsinchu gepostet, die wie eine Gefriertruhe aussehen. Die Sozialabteilung der Bezirksregierung Hsinchu geht davon aus, dass die Temperaturen in vielen Gegenden am frühen Morgen und in der Nacht niedrig sind, was sich nachteilig auf Straßenbewohner auswirkt, die lange Zeit im Freien schlafen. Kürzlich hat das Unternehmen den Pflegemechanismus bei niedrigen Temperaturen weiter aktiviert und die Zhu'an Charity Service Association der Stadt Hsinchu damit beauftragt, die Initiative zu ergreifen und während der Kältewelle in verschiedene Städte und Dörfer zu gehen, um sofortige und bedarfsnahe Pflegedienste bereitzustellen.","Frigora franguntur, Dabajianshan Montem senescere fecit, et Zhu Comitatus Regimen humilis temperaturas mensuras in viis habitantibus curandas fecit. Fortis unda frigida venit, totum Taiwan in magnum leo. Mane hoc mane, reticulatae imagines missae albae nivalis montis Dabajianshan in Comitatu Hsinchu, quae quasi freezer spectat. Negotiis Socialis Department of Regimen Comitatus Hsinchu censet temperaturas in multis locis primo mane et nocte esse humiles, quae habitant vicum alienum, qui diu foris dormiunt. Nuper continuavit curam mechanismum humilem temperatura movere et Societati caritatis Hsinchu urbem Zhu'an Societati caritatis inceptum ire ad varia oppida et villas per undam frigidam ut immediata et propinqua necessaria operas curas praebere.",China,EAS,Asia,wmo
5d0c9b55d851af4fa59e9edf4a0baa03,2025-12-28T06:33:53Z,Drought,,www.aljazeera.net,ar,0.8,مع تراجع منسوبه.. نهر دجلة في العراق معرّض لخطر الاختفاء,يعاني نهر دجلة أزمة جفاف متفاقمة بسبب بناء السدود في دول المنبع (تركيا وإيران) وقلة الإطلاقات المائية، مما أدى إلى انخفاض منسوب المياه بشكل خطير، وتجفيف الأهوار، إضافة إلى التلوث في ما بقي من مياهه.,https://www.aljazeera.net/climate/2025/12/28/%d8%ac%d9%81%d8%a7%d9%81-%d8%ba%d9%8a%d8%b1-%d9%85%d8%b3%d8%a8%d9%88%d9%82-%d9%86%d9%87%d8%b1-%d8%af%d8%ac%d9%84%d8%a9-%d9%81%d9%8a-%d8%a7%d9%84%d8%b9%d8%b1%d8%a7%d9%82,https://www.aljazeera.net/wp-content/uploads/2025/12/AP22148384606220-1766908053.jpg?resize=1920%2C1440,,"/ 2022 ( )
. .
 . . 18   .
list of 4 items<ul><li>list 1 of 4</li><li>list 2 of 4</li><li>list 3 of 4</li><li>list 4 of 4 .. </li></ul>end of list
"" . . "" "" "" .
 1991. .
 30% . 1.7% .
   .

  … [+128 chars]","With its level declining, the Tigris River in Iraq is at risk of disappearing. The Tigris River is suffering from a worsening drought crisis due to the construction of dams in the upstream countries (Turkey and Iran) and the lack of water releases, which has led to a dangerous drop in water levels, the drying up of the marshes, in addition to pollution in what remains of its water.","Da sein Pegel sinkt, besteht die Gefahr, dass der Tigris im Irak verschwindet. Der Tigris leidet unter einer sich verschlimmernden Dürrekrise aufgrund des Baus von Staudämmen in den flussaufwärts gelegenen Ländern (Türkei und Iran) und der mangelnden Wasserableitung, was zu einem gefährlichen Absinken des Wasserspiegels, der Austrocknung der Sumpfgebiete und einer Verschmutzung der Reste seines Wassers geführt hat.","Cum suo gradu inclinante, Tigris flumen in Iraquia periculum non est. Tigris Flumen graviore siccitate discriminis laborat ob constructionem matrum in regionibus fluminis (Turcia et Irania) et defectum aquae emittit, quae ad guttam periculosam aquae gradus adduxit, in siccitate paludum, praeter pollutionem in reliquiis aquae eius.",Iraq,WCA,Asia,edo
0fed3de9a4845427a9fba1eb504a3a70,2025-12-28T16:00:00Z,Cold Wave,,www.ftchinese.com,zh,0.2,香港靠边站？ 北交所将成为中国IPO新枢纽,"更新于2025年12月29日 17:58
咏竹坊




今年香港新股市场热度高企，上市热潮让其成为全球最火热的新股市场。不过在中国首都北京，一股相对低调、却同样不容忽视的热潮，正于北京证券交易所逐渐成形，该交易所过去一度被视为资本市场的边缘角色。这股低调的上市潮，正吸引大批有意挂牌的企业与投资者。

这家由国家主席习近平于四年前推动成立、为创新型中小企业提供融资渠道的平台，2025年已完成38宗新股上市，较去年增加逾50%。按新上市数量计，北交所有望超越同样主打初创企业的上海科创板及深圳创业板。

受投资…",https://www.ftchinese.com/story/001108564,https://d1sh1cgb4xvhl.cloudfront.net/unsafe/1200x630/picture/1/000316231_piclink.jpg,http://web.archive.org/web/20251229100909/http://ftchinese.com/story/001108564,"20253850%
2026
2025721036840%
38920124.BJE920009.BJE920158.BJE30
1724434
2024
5040%30018%30%3001,0002024760
50100
354%222%206%
6543
2026ETF
2021920252029","Hong Kong stands aside? Beijing Exchange will become China's new IPO hub. Updated on December 29, 2025 17:58
Yongzhufang




Hong Kong's new stock market has become very popular this year, and the boom in listings has made it the hottest new stock market in the world. However, in Beijing, the capital of China, a relatively low-key but equally important craze is gradually taking shape at the Beijing Stock Exchange, which was once regarded as a marginal player in the capital market. This low-key listing trend is attracting a large number of companies and investors interested in listing.

This platform, promoted by President Xi Jinping four years ago to provide financing channels for innovative small and medium-sized enterprises, has completed 38 new stock listings in 2025, an increase of more than 50% from last year. In terms of the number of new listings, Beijing Exchange is expected to surpass the Shanghai Science and Technology Innovation Board and Shenzhen GEM, which also focus on start-ups.

Invested…","Hongkong steht daneben? Beijing Exchange wird Chinas neuer IPO-Hub werden. Aktualisiert am 29. Dezember 2025 um 17:58 Uhr
Yongzhufang




Hongkongs neuer Aktienmarkt erfreut sich in diesem Jahr großer Beliebtheit und der Boom bei den Notierungen hat ihn zum heißesten neuen Aktienmarkt der Welt gemacht. Doch in Peking, der Hauptstadt Chinas, nimmt an der Pekinger Börse, die einst als marginaler Akteur auf dem Kapitalmarkt galt, nach und nach eine relativ zurückhaltende, aber ebenso wichtige Begeisterung Gestalt an. Dieser zurückhaltende Börsennotierungstrend zieht eine große Anzahl von Unternehmen und Investoren an, die an einer Börsennotierung interessiert sind.

Diese Plattform, die vor vier Jahren von Präsident Xi Jinping gefördert wurde, um Finanzierungskanäle für innovative kleine und mittlere Unternehmen bereitzustellen, hat im Jahr 2025 38 neue Börsennotierungen abgeschlossen, was einem Anstieg von mehr als 50 % gegenüber dem Vorjahr entspricht. Es wird erwartet, dass die Beijing Exchange hinsichtlich der Anzahl neuer Notierungen das Shanghai Science and Technology Innovation Board und Shenzhen GEM übertreffen wird, die sich ebenfalls auf Start-ups konzentrieren.

Investiert…","Hong Kong secedit? Beijing Exchange nova IPO centrum Sinarum fiet. Renovata die 29 Decembris 2025 17:58
Yongzhufang




Hong Kong novae stirpis mercatus hoc anno valde populare factus est, et bombum in schedulis novum mercatum in mundo mercatum calidissimum fecit. Autem, in Beijing, caput Sinarum, relative humilis sed aeque magnae dementiae est sensim figurans in Beijing Stock Exchange, quae olim in foro capitis marginalis lusor habebatur. Haec humilis-key enumeratis trend allicit magnum numerum societatum et investors interest in enumeratione.

Hoc suggestum, a Praeside Xi Jinping quattuor abhinc annis promotum ut canales imperdiet pro parvis et mediocribus inceptis promovendis, 38 novos generis indices in 2025 confecit, augmentum plusquam 50% ab anno priore. Secundum numerum novarum tabularum, Beijing Exchange expectatur Shanghai Scientiam et Technologiam Innovationis Tabulam et Shenzhen GEM superare, quod etiam in initio -ups intendunt.

Investitura…",China,EAS,Asia,wmo
38012481ceab883c4c1da73d9acbd7a3,2025-12-28T16:00:00Z,Cold Wave,,www.ftchinese.com,zh,0.2,2025年国际时政大事盘点,"叶胜舟：特朗普伤害世界；俄乌战争进入收官阶段；中美形成G2但未共治全球；灾害严重威胁小国穷国人民；中庸之道渐进解决气候变化难题……











更新于2025年12月29日 15:17
叶胜舟为FT中文网撰稿




一、特朗普伤害美国和世界

特朗普再次登上全球权力巅峰，自认为竞选优势明显，代表多数民意，羽翼已丰，于是更放肆张狂，恃强凌弱凌友，掀起极右翼新浪潮。美国更加分裂，世界更加动荡，盟友纷纷仆街，“让美国更伟大”实质就是“孤立主义”、“美国优先”、“美国至上”。

盲目激进排外。特朗…",https://www.ftchinese.com/story/001108560,https://d1sh1cgb4xvhl.cloudfront.net/unsafe/1200x630/picture/1/000317231_piclink.jpg,,"800064121619201127
2305%7.52.513001.765%
905
218FBI22151224
101111243351.545Hands Off606142505001018No Kings700
42510%94114%-49%421114
G20APEC
GDP5%124
2062139212182510471F-35CV-2212102011219… [+1209 chars]","An inventory of major international political events in 2025. Ye Shengzhou: Trump is hurting the world; the Russia-Ukraine war has entered its final stage; China and the United States have formed G2 but have not jointly governed the world; disasters seriously threaten the people of small and poor countries; the golden mean gradually solves the problem of climate change...











Updated at 15:17 on December 29, 2025
Ye Shengzhou writes for FT Chinese website




1. Trump harms the United States and the world

Trump has once again reached the pinnacle of global power. He believes that he has a clear electoral advantage and represents the majority of public opinion. He has become more powerful, so he is even more unbridled and arrogant, bullying the weak and friends, setting off a new wave of the far right. The United States is more divided, the world is more turbulent, and allies are on the streets. The essence of ""making America greater"" is ""isolationism,"" ""America first,"" and ""America supremacy.""

Blind radical xenophobia. Tron…","Eine Bestandsaufnahme der wichtigsten internationalen politischen Ereignisse im Jahr 2025. Ye Shengzhou: Trump schadet der Welt; der Krieg zwischen Russland und der Ukraine ist in seine letzte Phase eingetreten; China und die Vereinigten Staaten haben die G2 gebildet, aber die Welt nicht gemeinsam regiert; Katastrophen bedrohen die Menschen in kleinen und armen Ländern ernsthaft; Die goldene Mitte löst nach und nach das Problem des Klimawandels ...











Aktualisiert am 29. Dezember 2025 um 15:17 Uhr
Ye Shengzhou schreibt für die FT Chinese-Website




1. Trump schadet den Vereinigten Staaten und der Welt

Trump hat erneut die Spitze der globalen Macht erreicht. Er glaubt, einen klaren Wahlvorteil zu haben und die Mehrheit der öffentlichen Meinung zu vertreten. Er ist mächtiger geworden, deshalb ist er noch ungezügelter und arroganter, schikaniert die Schwachen und Freunde und löst eine neue Welle der extremen Rechten aus. Die Vereinigten Staaten sind gespaltener, die Welt ist unruhiger und Verbündete sind auf der Straße. Die Essenz von „Amerika größer machen“ ist „Isolationismus“, „Amerika zuerst“ und „Amerika-Vorherrschaft“.

Blinde radikale Fremdenfeindlichkeit. Tron…","Inventarium rerum politicarum maioris internationalis anno 2025. Vos Shengzhou: Trump mundum laedere; bellum Russiae-Ucrainae ultimum suum iniit; Sinae et Americae Foederatae G2 formaverunt sed mundum non coniunctim administraverunt; clades nationum parvae et pauperculae graviter minantur; medium aureum gradatim problema solvit de mutatione climatis... Renovata 15:17 die 29 mensis Decembris anno 2025 Vos Shengzhou scribit pro FT Chinese pagina 1. Trump nocet Civitatibus Foederatis et mundo. BUCINUM semel iterumque ad virtutis globalis culmen ascendit. Luculentum se comitiorum commodum habere credidit et maiorem opinionem publicam repraesentavit. Ille iam plenus erat, adeoque magis indomitus et arrogans factus, truculentas et debiles amicosque, novam longe recti fluctus proponens. Civitates Americae magis divisae sunt, mundus turbulentior, et socii in viis sunt. Essentia ""facere Americam maiorem"" est ""isolationismus,"" ""America prima"" et ""America primatus"". Cecum radicale Xenophobia. Tron…",China,EAS,Asia,wmo
67bc1848de1ec4207ab64e0b3857cf15,2025-12-28T17:14:11Z,Snow&Ice,,www.mensjournal.com,en,0.8,National Weather Service Issues 'Stay Inside' Warning as 36 Inches of Snow Approach,"The United States has already been hit with quite a few winter storms over the past several weeks, bringing heavy snow and high winds to parts of the country...",https://www.mensjournal.com/news/national-weather-service-issues-stay-inside-warning-as-36-inches-of-snow-approach,https://media.zenfs.com/en/men_s_journal_718/7e2671cafe828b766082e81b9d89d550,http://web.archive.org/web/20251230015205/https://www.mensjournal.com/news/national-weather-service-issues-stay-inside-warning-as-36-inches-of-snow-approach,"The United States has already been hit with quite a few winter storms over the past several weeks, bringing heavy snow and high winds to parts of the country. Now, another major winter storm is appro… [+4511 chars]","National Weather Service Issues 'Stay Inside' Warning as 36 Inches of Snow Approach. The United States has already been hit with quite a few winter storms over the past several weeks, bringing heavy snow and high winds to parts of the country...","Nationaler Wetterdienst gibt Warnung „Bleiben Sie drinnen“ heraus, da sich 36 Zoll Schnee nähern. Die Vereinigten Staaten wurden in den letzten Wochen bereits von zahlreichen Winterstürmen heimgesucht, die in Teilen des Landes starken Schneefall und starke Winde mit sich brachten...","Nationalis Tempestatis Service Exitus 'Mane Intus' Admonitio ut 36 Unciarum Nivis Accessus. Civitates Americae Unitae iam compluribus tempestatibus hiemalibus per past aliquot septimanas percussae sunt, graves nives et ventos altos ad partes regionis afferentes.",United States,CNA,North-America,wmo
93738b1ba763130264844447fa826dee,2025-12-28T19:12:27Z,Snow&Ice,,www.lavenir.net,fr,0.9,Nouvelle alerte jaune aux conditions glissantes dès ce dimanche soir à cause du froid: deux provinces wallonnes et Bruxelles sont concernés,Il pourrait y avoir du givre sur une partie des routes ce dimanche 28 décembre 2025 et cette nuit sur une partie de la Belgique. ...,https://www.lavenir.net/actu/societe/meteo/2025/12/28/nouvelle-alerte-jaune-aux-conditions-glissantes-des-dimanche-soir-a-cause-du-froid-deux-provinces-wallonnes-et-bruxelles-sont-concernes-WXZOX4R5TVAGDKSQAOCJ6CEU5Q/,https://www.lavenir.net/resizer/v2/IS2CDUJUMFARZCZNRK7LOKLAF4.jpg?auth=33c806ebe72574c6ccd2b1c604c67c998e4034eb9e904e88904a1ceb17df743d&width=1200&height=630&quality=85&focal=2760%2C1840,http://web.archive.org/web/20251228232806/https://www.lavenir.net/actu/societe/meteo/2025/12/28/nouvelle-alerte-jaune-aux-conditions-glissantes-des-dimanche-soir-a-cause-du-froid-deux-provinces-wallonnes-et-bruxelles-sont-concernes-WXZOX4R5TVAGDKSQAOCJ6CEU5Q/,"""La combinaison du refroidissement nocturne, amenant les températures vers des valeurs négatives, et de l'humidité résiduelle présente dans les basses couches de l'atmosphère pourra conduire à la for… [+133 chars]","New yellow alert for slippery conditions from this Sunday evening due to the cold: two Walloon provinces and Brussels are affected. There could be frost on part of the roads this Sunday, December 28, 2025 and tonight in part of Belgium. ...","Ab diesem Sonntagabend gilt aufgrund der Kälte eine neue gelbe Warnung vor Glätte: Betroffen sind zwei wallonische Provinzen und Brüssel. An diesem Sonntag, dem 28. Dezember 2025, und heute Nacht kann es in Teilen Belgiens zu Frost auf einem Teil der Straßen kommen. ...","Novus flavus vigilat ad condiciones lubricas ab hac vespera dominica ob frigus: duae provinciae Walloon et Bruxellae afficiuntur. Pruina esse potest in parte viarum hac dominica, die 28 mensis Decembris, anno 2025 et hac nocte in parte Belgii. ...",Canada,NEN,North-America,wmo
b4c8859b354b033b211dc8ae125b5e9f,2025-12-29T03:57:07Z,Cold Wave,,36kr.com,zh,0.3333333333333333,年轻人都在怎么定义「家」？,"文｜深海
 家，一个复杂的名词。随着居住地变得复杂，“家”承载了太多意义——它绝不止于一个简单的落脚空间。有的人住在200平的三室一厅里也觉得没有归属感，也有人住在20平的一居室开间，却觉得一回屋，心里的大石就落下了，人也变得轻盈了。
 年轻人总在追求一种说不清道不明的“家”的感觉，这是所有都市青年的刚需。
 生活的常态是无序的，它仿佛一场不确定的冒险，每个人都在其中寻找属于自己的轨道。但偶尔，他们也需要一些有序的时光，让疲劳的躯体暂时歇息。
 “家”的感觉就诞生于此：对朝九晚五的人来说，家是日复一日中的存档点；…",https://36kr.com/p/3616086073509128,https://img.36krcdn.com/hsossms/20251229/v2_c2a43cbdf38a44a08674dd6e53e04c4a@39566_oswg376124oswg600oswg400_img_png,,,,"Wie definieren junge Menschen „Heimat“? . Text | Tiefsee
 Heimat ist ein komplexer Begriff. Da Wohnungen immer komplexer werden, hat „Zuhause“ viele Bedeutungen – es ist viel mehr als ein einfacher Ort zum Verweilen. Manche Menschen leben in einer 200-Quadratmeter-Wohnung mit drei Schlafzimmern und haben das Gefühl, kein Zugehörigkeitsgefühl zu haben. Es gibt auch Menschen, die in einer 20-Quadratmeter-Wohnung mit einem Schlafzimmer wohnen, aber das Gefühl haben, dass ihnen, sobald sie ins Haus zurückkehren, ein großer Stein vom Herzen fällt und sie leichter werden.
 Junge Menschen streben immer nach einem unerklärlichen Gefühl von „Heimat“, das für alle städtischen Jugendlichen ein dringendes Bedürfnis ist.
 Der Normalzustand des Lebens ist Unordnung, es ist wie ein ungewisses Abenteuer, in dem jeder seinen eigenen Weg sucht. Gelegentlich brauchen sie aber auch eine ordentliche Auszeit, um ihrem müden Körper eine vorübergehende Erholung zu gönnen.
 Hier entsteht das Gefühl von „Zuhause“: Für Menschen, die von neun bis fünf arbeiten, ist das Zuhause Tag für Tag der Archivpunkt;…","Quomodo iuvenes definiunt ""domum""? . Text | Mare altum
 Domus est terminus complexus. Cum residentiae magis implicatae fiunt, ""domus"" multas significationes fert - multo plus est quam locus simplex manere. Nonnulli homines in trecentis quadratis metri cubiculi conclavibus habitant et sensum nullum esse sentiunt. Sunt etiam homines, qui unum cubiculi metrum quadrangulum habitant, sed sentiunt se cum primum domum redeunt, magnus lapis e corde cadit et leviores fiunt.
 Iuvenes semper inexplicabilem ""domum"" secuti sunt affectum, qui urget necessitatem pro omni iuventute urbana.
 Status vitae normalis est inordinatio, est quasi casus incertus, in quo quisque suum semitam quaerit. Nonnumquam autem etiam aliquo tempore ordinato indigent ut fessa corpora ad temporalem quietem praebeant.
 Sensus ""domus"" hic nascitur: homines enim qui novem ad quinque operantur, domus est archivum punctum de die in diem...",China,EAS,Asia,wmo
dcaadcda385465df9251f5855ea8f7f5,2025-12-29T04:48:49Z,Snow&Ice,,www.protothema.gr,el,0.7,Καιρός: Με κρύο και τοπικές βροχές η εβδομάδα – Πτώση θερμοκρασίας προς την Πρωτοχρονιά,"Χαμηλές θερμοκρασίες την Παραμονή και την Πρωτοχρονιά, βροχές Τρίτη και Τετάρτη κυρίως στα νότια – Παγετός σε ορεινές περιοχές, χωρίς ακραία φαινόμενα | Καιρός | Καιρός Πρωτοχρονιά | Ελλάδα",https://www.protothema.gr/greece/article/1749652/kairos-me-kruo-kai-topikes-vrohes-i-evdomada-ptosi-thermokrasias-pros-tin-protohronia/,https://www.protothema.gr/images/640x360share/png/files/2025-02-22/athinakryo3-maketa.png,http://web.archive.org/web/20251229075126/https://www.protothema.gr/greece/article/1749652/kairos-me-kruo-kai-topikes-vrohes-i-evdomada-ptosi-thermokrasias-pros-tin-protohronia/,"/ meteo.gr 28/12 108 km/h, . 
, , , , . , .-4 8 ( -7 6 ), -2 11 , 0 14 ( -2 10 ), 6 12 9 14 , 1 10 8 14 .
4-5 6 , 4 , .
. 5 11 , 3-4 . 3-4 5 , .
. 1 7 . 4-5 , .
 30 
, , . , , . .3 5, 6 7 . .
… [+95 chars]","Weather: With cold and local rains the week – Temperature drop towards the New Year. Low temperatures on New Year's Eve and New Year's Eve, rain Tuesday and Wednesday mainly in the south - Frost in mountainous areas, no extreme events | Weather | New Year's Weather | Greece","Wetter: Mit Kälte und örtlichem Regen die Woche über – Temperaturabfall zum Jahreswechsel. Niedrige Temperaturen an Silvester und Silvester, Regen Dienstag und Mittwoch hauptsächlich im Süden - Frost in Berggebieten, keine Extremereignisse | Wetter | Neujahrswetter | Griechenland","Tempestas: Cum pluviis frigidis et localibus hebdomade – Temperatura stilla versus annum novum. Low temperaturas in Novo Anno Eve et Novo Anno' Eve, pluviae Martis et Mercurii maxime in australi - Frost in montuosis locis, nullae eventus extremae | Tempestas | Novus Annus Tempestas | Graecia",Canada,NEN,North-America,wmo
5eef11d74efe9eeea5731faa3570e4b6,2025-12-29T05:00:57Z,Storm,,www.yahoo.com,en,0.8,Truckers east of I-35 advised to stay home,"Staying warm and off the road is better than Ezra As Winter Storm Ezra intensifies across the central and eastern United States, the freight industry faces a...",https://www.yahoo.com/news/articles/truckers-east-35-advised-stay-050057425.html,https://media.zenfs.com/en/freightwaves_373/4b256169f8c4eded8771433a370733ab,http://web.archive.org/web/20251231090635/https://www.yahoo.com/news/articles/truckers-east-35-advised-stay-050057425.html,"Staying warm and off the road is better than Ezra
As Winter Storm Ezra intensifies across the central and eastern United States, the freight industry faces a severe threat from high winds that could… [+4336 chars]","Truckers east of I-35 advised to stay home. Staying warm and off the road is better than Ezra As Winter Storm Ezra intensifies across the central and eastern United States, the freight industry faces a...","Truckern östlich der I-35 wurde geraten, zu Hause zu bleiben. Warm zu bleiben und abseits der Straße zu bleiben ist besser als Ezra. Während sich der Wintersturm Ezra in den zentralen und östlichen Vereinigten Staaten verstärkt, steht die Frachtbranche vor einer...","Truckers oriens of I-35 consilium ut domum maneret. Calidum morans et via melior est quam Ezra, sicut Esdras hiemalis Storm exaggerat per Civitates Foederatas centrales et orientales, onerariam industriam respicit a...",United States,CNA,North-America,wmo
f2570296fefd5e684799f85a86b934e7,2025-12-29T05:12:11Z,Snow&Ice,,www.naftemporiki.gr,el,0.7,Καιρός: Παγετός και μικρή πτώση της θερμοκρασίας – Πού θα βρέξει,"Γενικά αίθριος θα είναι σήμερα, Δευτέρα 29 Δεκεμβρίου, ο καιρός με λίγες νεφώσεις κατά τόπους αυξημένες στα ανατολικά και τα νότια τις πρωινές ώρες, όπου πιθανώς θα σημειωθούν ασθενείς τοπικές…
Καιρός: Παγετός και μικρή πτώση της θερμοκρασίας – Πού θα βρέξει …",https://www.naftemporiki.gr/society/2052019/kairos-pagetos-kai-mikri-ptosi-tis-thermokrasias-poy-tha-vrexei/,https://www.naftemporiki.gr/wp-content/uploads/2021/12/1814500.jpeg,http://web.archive.org/web/20251229075035/https://www.naftemporiki.gr/society/2052019/kairos-pagetos-kai-mikri-ptosi-tis-thermokrasias-poy-tha-vrexei/,", 29 , , , , .
 4 6 7 . , .
 9 11 , 14 16 17 . .
, 
: .
: 3 5 6 7 . .
: -01( 01) 11 . 3 4 .
 , , , 
: , . .
: 3 4 5 6 .
: 03 17 . 3 4 .
, , , 
: , .
: 4 5 6 7 , 4 5 . .
: 03 15 . 2 3 .
… [+318 chars]","Weather: Frost and slight drop in temperature – Where will it rain. Today, Monday, December 29, the weather will be generally clear, with a few clouds in places, increasing in the east and south in the morning hours, where there will probably be weak local...
Weather: Frost and slight drop in temperature - Where will it rain...","Wetter: Frost und leichter Temperaturabfall – Wo wird es regnen? Heute, Montag, 29.12., ist das Wetter überwiegend klar, stellenweise vereinzelt bewölkt, in den Morgenstunden zunehmend im Osten und Süden, wo örtlich schwache...
Wetter: Frost und leichter Temperatursturz - Wo wird es regnen...","Tempestas: Frons et levis gutta in temperie – Ubi pluet. Plerumque clarum erit hodie, Lunae 29 Decembris, tempestas cum paucis nubibus in locis in oriente et meridie in horis matutinis auctis, ubi verisimiliter loci debilis erit... Tempestas: glacians et levis gutta in temperie - Ubi pluet.",Canada,NEN,North-America,wmo
b0c48290d855aa1634f9fc3cc17cf398,2025-12-29T06:58:51Z,Storm,,economictimes.indiatimes.com,en,0.8,"Ontario, Quebec see multiple warnings of heavy snow and rain as winter storm keeps Canada on high alert ahead of New Year’s eve",Ontario is facing severe winter weather with snow and freezing rain warnings. A major storm is moving towards southern Quebec. Cities like London and Toronto could see heavy rain and high winds. Freezing rain is expected to cause travel delays and power outag…,https://economictimes.indiatimes.com/news/international/canada/ontario-quebec-see-multiple-warnings-of-heavy-snow-and-rain-as-winter-storm-keeps-canada-on-high-alert-ahead-of-new-years-eve/articleshow/126226728.cms,"https://img.etimg.com/thumb/msid-126226828,width-1200,height-630,imgsize-213736,overlay-economictimes/articleshow.jpg",http://web.archive.org/web/20251229092835/https://economictimes.indiatimes.com/news/international/canada/ontario-quebec-see-multiple-warnings-of-heavy-snow-and-rain-as-winter-storm-keeps-canada-on-high-alert-ahead-of-new-years-eve/articleshow/126226728.cms,"Ontario continues to reel under bone-chilling weather days ahead of New Year’s Eve as wintry precipitation pushes further into the region, prompting widespread snow and freezing rain warnings. The st… [+2449 chars]","Ontario, Quebec see multiple warnings of heavy snow and rain as winter storm keeps Canada on high alert ahead of New Year’s eve. Ontario is facing severe winter weather with snow and freezing rain warnings. A major storm is moving towards southern Quebec. Cities like London and Toronto could see heavy rain and high winds. Freezing rain is expected to cause travel delays and power outag…","In Ontario und Quebec wird mehrfach vor starkem Schneefall und Regen gewarnt, da der Wintersturm Kanada vor Silvester in höchster Alarmbereitschaft hält. Ontario steht vor strengem Winterwetter mit Schnee- und Eisregenwarnungen. Ein schwerer Sturm zieht auf den Süden Quebecs zu. In Städten wie London und Toronto könnte es zu starkem Regen und starkem Wind kommen. Eisiger Regen wird voraussichtlich zu Reiseverzögerungen und Stromausfällen führen …","Ontario, Quebec multa monita gravium nivis et pluviarum vident sicut tempestas hiemalis Canadam in alto vigilat ante vigiliam Novus Annus custodit. Ontario tempestates hiemales graves nives et imbres rigentes monebant. Maior tempestas Quebecum meridionalem versus tendit. Urbes sicut London et Toronto videre potuerunt pluvias et ventos altos. Imber congelatio expectatur ut causa itinerantur moras et potentiam outag…",Canada,NEN,North-America,wmo
ef12a37b63375b700e668e9b9bb7a4ee,2025-12-29T10:47:00Z,Snow&Ice,,www.protothema.gr,el,0.7,"Πρωτοχρονιά με ραγδαία πτώση της θερμοκρασίας έως 10°C και θυελλώδεις βοριάδες - Έρχονται χιόνια και στην Πάρνηθα, οι θερμοκρασίες σε 10 μεγάλες πόλεις",Με χειμωνιάτικο σκηνικό θα αποχαιρετίσουμε τον παλιό χρόνο όμως χωρίς έντονα φαινόμενα - Τι προβλέπουν 5 μετεωρολόγοι | Καιρός Πρωτοχρονιά | Καιρός | Κακοκαιρία | Βροχές | Χιόνια | Παγετός | Κρύο | Ελλάδα,https://www.protothema.gr/greece/article/1749846/protohronia-me-ragdaia-ptosi-tis-thermokrasias-eos-10c-me-thuellodeis-voriades-hionia/,https://www.protothema.gr/images/640x360share/2/jpg/files/2022-01-17/kairos_omixli_krio_m.jpg,,", , , , . , , , ., OPEN, , , « », , . , , « » , .
, , , . , , ,   .: , 10 
2025 faceook , - , 10 .
 , 6-7 , ., , , () , , .
« - 2025...»!
- 2025 (), - 10 .- 6-7 .- , , ( ), , """" .- "" ""!- """" .- 1… [+347 chars]","New Year with a rapid drop in temperature to 10°C and stormy northerlies - Snow is also coming to Parnitha, the temperatures in 10 major cities. With a wintry setting, we will say goodbye to the old year, but without strong phenomena - What 5 meteorologists predict | New Year's Weather | Weather | Bad weather | Rains | Snow | Frost | Cold | Greece","Neues Jahr mit einem schnellen Temperaturabfall auf 10°C und stürmischen Nordwinden – auch in Parnitha, den Temperaturen in 10 Großstädten, kommt Schnee. Mit einer winterlichen Kulisse verabschieden wir uns vom alten Jahr, aber ohne starke Phänomene – Was 5 Meteorologen vorhersagen | Neujahrswetter | Wetter | Schlechtes Wetter | Regen | Schnee | Frost | Kalt | Griechenland","Novus Annus cum celeri gutta in temperie ad 10°C et septentriones procellas - Nives etiam in Parnitha venit, in 10 maioribus urbibus temperaturis. Cum occasu hiberno, annum vale dicemus, sed sine phaenomenis validis - Quae 5 astrologi praedicunt | Novus Annus Tempestas | Tempestas | Bad weather | Pluviae | Nives | Frontinus | Cold | Graecia",Canada,NEN,North-America,wmo
5a74980a878066c7d3c889bf46926d18,2025-12-29T15:39:40Z,Snow&Ice,,www.rtbf.be,fr,0.9,Des conditions glissantes sur les routes dans l'essentiel du pays la nuit prochaine,"""Des plaques de givre ou de glace pourront se former localement la nuit prochaine et/ou mardi matin. L'ouest du pays semble...",https://www.rtbf.be/article/des-conditions-glissantes-sur-les-routes-dans-l-essentiel-du-pays-la-nuit-prochaine-11654333,https://ds.static.rtbf.be/article/image/1920x1080/2/9/7/baeee39b7333214eaca0900b3ad81a0d.jpg,,"""Des plaques de givre ou de glace pourront se former localement la nuit prochaine et/ou mardi matin. L'ouest du pays semble moins concerné. Quelques faibles chutes de neige pourront aussi se produire… [+258 chars]",Slippery conditions on the roads across most of the country overnight. “Patches of frost or ice may form locally next night and/or Tuesday morning. The west of the country seems...,Über Nacht herrschte im größten Teil des Landes rutschige Bedingungen auf den Straßen. „In der nächsten Nacht und/oder am Dienstagmorgen können sich lokal Frost- oder Eisflächen bilden. Der Westen des Landes scheint...,"Conditiones lubricae in traiectu villae pleraeque pernoctare. ""Repeciata frigoris aut glaciei proximam noctem localiter formare possunt et / vel mane Martis. Occidens patriae videtur...",Canada,NEN,North-America,wmo
9be9b593a1303c189882de9450178aa3,2025-12-29T23:22:06Z,Precipitation,,arabic.cnn.com,ar,0.8,الأردن: أمطار غزيرة تتسبب في إغلاق شوارع وانهيارات ترابية.. ومصادر تعلق,شهدت مناطق مختلفة من الأردن يومي الأحد والاثنين هطولاً غزيراً للأمطار أدى إلى حدوث فيضانات في بعض السدود المائية بعد تخوّفات من موسم مطري ضعيف,https://arabic.cnn.com/miscellaneous/article/2025/12/30/jordan-heavy-rains-road,"https://cnn-arabic-images.cnn.io/cloudinary/image/upload/x_0,y_196,w_2857,h_1607,c_crop/w_1920,h_1008,c_fill,q_auto,g_center/t_cnnarabic_watermark_logo_v5/cnnarabic/2025/12/30/images/319057.jpg",,,"Jordan: Heavy rains cause street closures and landslides... and sources of comment. On Sunday and Monday, various regions of Jordan witnessed heavy rainfall, which led to flooding in some water dams after fears of a weak rainy season.","Jordanien: Starke Regenfälle führen zu Straßensperrungen und Erdrutschen ... und Quellen für Kommentare. Am Sonntag und Montag kam es in verschiedenen Regionen Jordaniens zu heftigen Regenfällen, die nach Befürchtungen einer schwachen Regenzeit zu Überschwemmungen in einigen Staudämmen führten.","Iordanis: Imbres graves faciunt plateas clausuras et ruinas... ac fontes comment. Die dominico et die Lunae variae regiones Iordanis pluviam gravem testabantur, quae inundationem in matribus quibusdam aquarum post timores pluviae infirmi temporis duxerunt.",Jordan,MED,Asia,wmo
7a148e43cc545eb0fca2878cfd85feb3,2025-12-30T13:27:22Z,Snow&Ice,,www.bild.de,de,0.8,Wetterdienst warnt - Gefährlich glatt zum Jahreswechsel,"Glätte-Alarm zu Silvester! Wetterexperten warnen vor Eisregen, Schnee und gefährlich rutschigen Straßen in vielen Regionen Deutschlands. So wird das Wetter.",https://www.bild.de/news/inland/gefaehrlich-glatt-zum-jahreswechsel-so-wird-das-wetter-an-silvester-695219e5ba368aa0126a59aa,"https://images.bild.de/695219e5ba368aa0126a59aa/5f04ce0ff7cf54fed742b7d310d067f5,412adbd1?w=1280",http://web.archive.org/web/20251230141640/https://www.bild.de/news/inland/gefaehrlich-glatt-zum-jahreswechsel-so-wird-das-wetter-an-silvester-695219e5ba368aa0126a59aa,"Berlin  Rutsch gut rein, könnte in diesem Jahr fast wortwörtlich gemeint sein. Achtung: Zum Jahreswechsel wird es glatt, sogar sehr glatt.
Ein Skandinavien-Tief bläht sich auf, sodass das Wetter in … [+2652 chars]","Weather service warns - Dangerously slippery at the turn of the year. Ice alert for New Year's Eve! Weather experts warn of freezing rain, snow and dangerously slippery roads in many regions of Germany. This is what the weather will be like.","Wetterdienst warnt - Gefährlich glatt zum Jahreswechsel. Glätte-Alarm zu Silvester! Wetterexperten warnen vor Eisregen, Schnee und gefährlich rutschigen Straßen in vielen Regionen Deutschlands. So wird das Wetter.","Tempestas officium monet - Periculose lubricum est vertente anno. Ice erecti ad Novus Annus Eve! Tempestatis periti monent pluviam, nivem et lubricam viae lubricae in multis regionibus Germaniae. Hoc est quod erit quasi tempestas.",Germany,WCE,Europe,wmo
71d759af3531a347dfe3046e80ac741c,2025-12-30T13:36:38Z,Cold Wave,,www.cnbeta.com.tw,zh,0.2,北极严寒让“尖端军事科技”集体趴窝 各国抢攻极地却先被环境打败,"在新一轮围绕北极的博弈中，各国发现自己面对的头号对手并不是假想敌，而是这片星球上最严酷的自然环境。随着冰层融化、新航道和资源前景不断浮现，北极的战略地位水涨船高，但现实却是：越先进的装备，越容易在这里“水土不服”。
今年早些时候，在加拿大北部举行的七国联合演习中，美军专为极地设计的全地形车在零下严寒中仅运行半小时，液压油就被冻得像石头一样，车辆被迫停摆。瑞典部队价值两万美元的夜视仪也没能撑住，零下40华氏度的低温让铝制外壳直接开裂，昂贵光学设备瞬间报废。北极的低温并非简单考验，而是从根本上改变材料特性：橡胶密封…",https://www.cnbeta.com.tw/articles/tech/1543340.htm,https://static.cnbetacdn.com/article/2025/1230/66155279f3300d7.webp,,"40
PVC
400·
AI
Nkom20196GPS202212220249Jammertest
Testnor·
··Arctic Research and Development
94Icelink40GPS
20","The severe cold in the Arctic has caused ""cutting-edge military technology"" to collectively hunker down. Countries rushed to attack the polar regions but were defeated first by the environment. In a new round of games around the Arctic, countries found that the number one opponent they faced was not an imaginary enemy, but the harshest natural environment on the planet. As the ice melts and new shipping lanes and resource prospects continue to emerge, the strategic status of the Arctic has increased. However, the reality is: the more advanced the equipment, the easier it is to ""acclimate"" here.
Earlier this year, during a seven-nation joint exercise in northern Canada, the U.S. military's all-terrain vehicle designed specifically for the polar regions only ran for half an hour in the subzero cold. The hydraulic oil was frozen like stone and the vehicle was forced to stop. The Swedish army's night vision goggles worth 20,000 US dollars also failed to hold up. The low temperature of minus 40 degrees Fahrenheit caused the aluminum casing to crack directly, and the expensive optical equipment was instantly scrapped. The low temperatures of the Arctic are not a simple test, but fundamentally change the material properties: rubber seals...",,"Gravis frigus in arctico ""lineam technologiam militarem"" effecit ad collective venatoriam. Regiones regiones polarias oppugnare ruerunt sed primo ambitu victi sunt. In novo orbe ludorum circa arcticum, nationes invenit numerum unum adversarium qui se profitetur non imaginarium hostem, sed acerbissimum in planeta natura. Cum glacie dissolvit et novas vicos navium et prospectus subsidiorum emergere pergunt, status opportuna arctici auctus est. Sed res est: quanto processit instrumentum, facilius hic ""acclimate"" est.
Hoc anno ante, per septem- nationes communes exercitationis in Canada septentrionali, omnium locorum US militarium vehiculorum specialiter ad regiones polares destinatae tantum per dimidiam horam in frigore subzero cucurrerunt. Oleum hydraulicum lapidis instar congelatum est et vehiculum sistere coactus est. Exercitus Suecicus nocturnus visus goggles valet etiam viginti milia dollariorum nummum sustentare. Humilis temperatus minus 40 graduum Fahrenheit aluminium casui ad resiliendum directe effecit, et pretiosa instrumenta optica statim abraduntur. Humiles temperaturae arcticae non simplices probationes sunt, sed fundamentaliter proprietates materiales mutant: sigilla Flexilis...",China,EAS,Asia,wmo
4ec8f020b02b721974f42ddae3ee8a86,2025-12-30T13:37:00Z,Snow&Ice,,tirol.orf.at,de,0.9,Südtirol: Wanderer starb bei Lawinenabgang,"Ein 52-jähriger Ungar ist bei einem Lawinenabgang am Riesernock in der Rieserfernergruppe im Tauferer Ahrntal tödlich verunglückt. Der Mann war laut Medienberichten am Montag mit seiner Frau mit Schneeschuhen unterwegs, als sich eine Lawine löste.",https://tirol.orf.at/stories/3336000/,https://ibs.orf.at/tir?image=https%3A%2F%2Foekastatic.orf.at%2Fmims%2F2023%2F10%2F14%2Fcrops%2Fw%3D1200%2Ch%3D627%2Cq%3D75%2F1708979_master_631614_themenbild_corona_wintersport_tourengehen_skitourengeher_wandern_schneeschuhwandern_.jpg%3Fs%3Dd6b9971e54191e23e65dd73f4c894a10295af755,http://web.archive.org/web/20251230142808/https://tirol.orf.at/stories/3336000/,"Das Ehepaar wanderte auf dem Hartdegenweg, als es zu dem Unglück kam. Der Ungar wurde von den Schneemassen mitgerissen und stürzte anschließend rund 450 Höhenmeter über felsdurchsetztes Gelände in di… [+340 chars]","South Tyrol: Hiker died in avalanche. A 52-year-old Hungarian had a fatal accident in an avalanche on the Riesernock in the Rieserferner group in the Tauferer Ahrntal. According to media reports, the man was snowshoeing with his wife on Monday when an avalanche occurred.","Südtirol: Wanderer starb bei Lawinenabgang. Ein 52-jähriger Ungar ist bei einem Lawinenabgang am Riesernock in der Rieserfernergruppe im Tauferer Ahrntal tödlich verunglückt. Der Mann war laut Medienberichten am Montag mit seiner Frau mit Schneeschuhen unterwegs, als sich eine Lawine löste.","Meridionalis Tyrolis: Hiker mortuus est in NIVIS. A 52 annos Hungarica in avalanche in Riesernock in coetus Rieserferner in Tauferer Ahrntal fatalem casum habuit. Ex instrumentis relationibus, vir erat snowshoeing cum uxore die Lunae cum NIVIS CASUS occurrit.",Switzerland,WCE,Europe,wmo
cadf2dd3ed5fd739356b7cedd3fbdd35,2025-12-30T14:16:00Z,Storm,,www.dw.com,de,0.8,"""Glückssache"": Weniger Unwetterschäden in Deutschland","Sturm, Hagel und Hochwasser haben im zu Ende gehenden Jahr viel geringere Schäden angerichtet als 2024. Doch die Versicherungsbranche sieht darin keinen dauerhaften Effekt. Der Gesamtverband der Deutschen Versicherungswirtschaft (GDV) beziffert die versichert…",https://www.dw.com/de/versicherungen-melden-weniger-unwetterschaeden-in-deutschland-hagel-blitz-ueberschwemmung/a-75343439,https://static.dw.com/image/72788909_6.jpg,,"Der Gesamtverband der Deutschen Versicherungswirtschaft (GDV) beziffert die versicherten Schäden aus Naturgefahren in diesem Jahr auf 2,6 Milliarden Euro - rund drei Milliarden Euro weniger als 2024,… [+2025 chars]","“A matter of luck”: less storm damage in Germany. Storms, hail and floods caused much less damage in the current year than in 2024. But the insurance industry does not see this as having a lasting effect. The General Association of the German Insurance Industry (GDV) quantifies the insured…","""Glückssache"": Weniger Unwetterschäden in Deutschland. Sturm, Hagel und Hochwasser haben im zu Ende gehenden Jahr viel geringere Schäden angerichtet als 2024. Doch die Versicherungsbranche sieht darin keinen dauerhaften Effekt. Der Gesamtverband der Deutschen Versicherungswirtschaft (GDV) beziffert die versichert…","""Res fortuna"": tempestas minus damnum in Germania. Tempestates, grandines et inundationes multo minus detrimentum in anno vertente effecit quam anno 2024 . Sed industria assecurationis hoc effectum diuturnum non videt. Consociatio generalis Insurance Industry (GDV) quantificat salubritatem…",Germany,WCE,Europe,wmo
1086a52a69620e57d77d8ad46b0f179c,2025-12-30T14:18:53Z,Snow&Ice,,www.skai.gr,el,0.9,Καιρός: Με κρύο και χιόνια ακόμα και στην Αττική μας αποχαιρετά το 2025 - Τι προβλέπεται για την Πρωτοχρονιά - Δείτε χάρτες,Αναλυτικά η πρόγνωση του καιρού μέχρι και την Κυριακή (04-01-2026) - Σε ποιες περιοχές θα πέσουν χιόνια και που θα σημειωθεί παγετός,https://www.skai.gr/news/weather/kairos-kryo-kai-xionia-akoma-kai-stin-attiki-ti-provlepetai-gia-tin-protoxronia,https://cdn.skai.gr/sites/default/files/styles/article_16_9/public/2025-12/xionialesvo_eurokinissi.jpg?itok=O3djC0BC,http://web.archive.org/web/20251230145644/https://www.skai.gr/news/weather/kairos-kryo-kai-xionia-akoma-kai-stin-attiki-ti-provlepetai-gia-tin-protoxronia,"2025, , .
 , , , ,   .
 , , . . 3 5, 6 7 . 4 6 7 8 . 12 14 , 15 17 18 19 .
 live :
 31-12-2025 ( ) 
 .
 . , . - . 5 7 8 , .
 5 7 10 12, 13 15 16 18 . .
 01-01-2026 () 
 , , , . , . . 4 5 6 ,… [+258 chars]","Weather: With cold and snow even in Attica, 2025 says goodbye - What is predicted for the New Year - See maps. Detailed weather forecast until Sunday (04-01-2026) - In which areas will snow fall and where will frost occur",Wetter: Mit Kälte und Schnee auch in Attika verabschiedet sich 2025 – Was für das neue Jahr vorhergesagt wird – Siehe Karten. Detaillierte Wettervorhersage bis Sonntag (04.01.2026) - In welchen Gebieten wird es schneien und wo wird es Frost geben?,Tempestas: Frigidis et nivibus etiam in Attica 2025 vale dicit - Novus Annus quid praedicitur - See maps. Praecognoscere tempestatum detailed usque ad diem dominicum (04-01-2026) - In quibus locis nix cadent et ubi gelu occurrent,Canada,NEN,North-America,wmo
2dc12aaae00ec1abe745c84724d12a42,2025-12-30T16:12:00Z,Drought,,www.freitag.de,de,0.8,"Jahresrückblick 2025: Dürre, Umweltbewusstsein und ein Anschlag auf die Natur","Der Jahresrückblick aus klima- und umweltpolitischer Sicht: 2025 war durchwachsen, aber nicht so schlimm, wie 2026 mutmaßlich werden wird 1. Zu trocken. Zu nass. Und heiß.Deutschland erlebte auch 2025 wieder Wetterextreme: Nach Auswertung der Daten seiner gut…",https://www.freitag.de/autoren/nick-reimer/klima-und-umweltpolitischer-jahresrueckblick-2025-ein-anschlag-auf-die-natur,https://www.freitag.de/autoren/nick-reimer/klima-und-umweltpolitischer-jahresrueckblick-2025-ein-anschlag-auf-die-natur/@@images/image/great,http://web.archive.org/web/20251230191712/https://www.freitag.de/autoren/nick-reimer/klima-und-umweltpolitischer-jahresrueckblick-2025-ein-anschlag-auf-die-natur,"1. Zu trocken. Zu nass. Und heiß.
Deutschland erlebte auch 2025 wieder Wetterextreme: Nach Auswertung der Daten seiner gut 2.000 Wetterstationen bezeichnet der Deutsche Wetterdienst DWD die Trockenh… [+10323 chars]","Annual review 2025: Drought, environmental awareness and an attack on nature. The annual review from a climate and environmental policy perspective: 2025 was mixed, but not as bad as 2026 is likely to be 1. Too dry. Too wet. And hot.Germany experienced weather extremes again in 2025: After evaluating the data from its well...","Jahresrückblick 2025: Dürre, Umweltbewusstsein und ein Anschlag auf die Natur. Der Jahresrückblick aus klima- und umweltpolitischer Sicht: 2025 war durchwachsen, aber nicht so schlimm, wie 2026 mutmaßlich werden wird 1. Zu trocken. Zu nass. Und heiß.Deutschland erlebte auch 2025 wieder Wetterextreme: Nach Auswertung der Daten seiner gut…","Annua recensio 2025: Siccitas, conscientia environmental et impetus in naturam. Annua recognitio ex perspectiva climatis et in environmentali consilio: 2025 mixta est, sed non tam mala quam 2026 futurum est 1. Nimis siccus erit. Nimis madens. Et calida.Germania tempestatem extremam iterum anno 2025 expertus est: Postquam notitias eius bene aestimare...",Germany,WCE,Europe,edo
0d80c3871b2a382f1af5047bf0d700fd,2025-12-30T17:00:00Z,Flood,,www.futura-sciences.com,fr,0.8,"La France sait comment éviter les inondations, mais continue d’ignorer la solution","Nos villes françaises pourraient échapper aux inondations, même en cas de pluies diluviennes comme cela a été le cas ces derniers jours et mois. Pour faire face aux crues, une seule solution : il faut désimperméabiliser nos villes. Mais comment ? C’est ce don…",https://www.futura-sciences.com/planete/actualites/meteorologie-france-sait-eviter-inondations-mais-continue-ignorer-solution-c7g3-129586/,https://cdn8.futura-sciences.com/a1920/images/solutions-inondations.png,http://web.archive.org/web/20251230175438/https://www.futura-sciences.com/planete/actualites/meteorologie-france-sait-eviter-inondations-mais-continue-ignorer-solution-c7g3-129586/,"« En France, nous avons géré la question de l'assainissement de l'eau, et c'est tout », déplore Clément Gaillard. Nos villes et nos routes n'ont pas été pensées pour être confrontées un jour au risqu… [+3104 chars]","France knows how to avoid flooding, but continues to ignore the solution. Our French cities could escape flooding, even in the event of torrential rains as has been the case in recent days and months. To deal with floods, there is only one solution: we must de-waterproof our cities. But how? It is this gift…","Frankreich weiß, wie man Überschwemmungen vermeidet, ignoriert aber weiterhin die Lösung. Unsere französischen Städte könnten Überschwemmungen entgehen, selbst bei heftigen Regenfällen, wie sie in den letzten Tagen und Monaten der Fall waren. Um Überschwemmungen zu bekämpfen, gibt es nur eine Lösung: Wir müssen unsere Städte entwässern. Aber wie? Es ist dieses Geschenk...","Gallia novit quomodo inundationem vitare, sed solutionem ignorare pergit. Nostrae Galliae civitates inundationem effugere potuerunt, etiam in eventu imbrium torrentium sicut in proximis diebus ac mensibus factum est. Fluctibus agere, una sola est solutio: urbes nostrae sunt aquae examinandae. Sed quomodo? Hoc donum est...",France,WCE,Europe,wmo
166e2bed8f461f704cb2873c4667ab74,2025-12-31T00:08:46Z,Wildfire,,36kr.com,zh,0.2,8点1氪丨特斯拉“车顶维权”女车主被限高，申请人为特斯拉；多家品牌足金首饰价格大幅下跌；蔡磊渐冻症病情接近终末期,"今日热点导览
 老 佛爷百货否认将撤出深圳
 多家品牌足金首饰价格大幅下跌，店员称“头一回碰到”
 雷军：我将做一场跨年直播，工程师将现场拆车
 董宇辉带货沙发引代工质疑，顾家家居回应
 特斯拉全球第900万辆电动车在上海超级工厂下线
 TOP3大新闻
 特斯拉“车顶维权”女车主被限高，申请人为特斯拉，涉及金额17.23万元
 近日，上海市青浦区人民法院出具的一则限制消费令显示，特斯拉“车顶维权”女车主张女士被法院采取限制消费措施。原因为张女士未按执行通知书指定的期间履行生效法律文书确定的给付义务，申请人为特斯拉…",https://36kr.com/p/3618695695041800,"https://img.36krcdn.com/hsossms/20251231/v2_4cf38556260c47d28c66ccb6dd10bfac@5667365_oswg82810oswg1053oswg495_img_jpg?x-oss-process=image/resize,m_mfit,w_600,h_400,limit_0/crop,w_600,h_400,g_center",http://web.archive.org/web/20251231032449/https://36kr.com/p/3618695695041800,"900
TOP3
17.23
817.231230
1230
4236.29153040
620248
2025
/
2025
3.56603816.SH1
1229
12113.561
ManusMeta
1230ManusMetaManusApp ManusMetaManusMetaManusManus
OpenAI400
OpenAI400220225Cha… [+792 chars]",,,,China,EAS,Asia,wmo
ec89533d9b8e16d647da079ca4db5aba,2025-12-31T01:30:00Z,Cold Wave,,36kr.com,zh,0.2,李泽湘系机器人公司上市背后，一场回报700倍的8年长跑,"作者 | 黄楠
 编辑 | 袁斯来
 相比很多AI初创公司成立几年即“上岸”的神话，硬件公司的投资故事，往往显得朴素、枯燥以及漫长。
 旭源资本创始人彭数学仍清晰地记得，自己险些与卧安这个项目失之交臂。
 2017年底，彭数学还在啟赋资本任职。那一年，整个投资市场环境复杂，他出手极为谨慎。
 查阅邮件时，他翻到一封署名“卧槽科技”（卧安科技此前的名字）的BP。彭数学虽然会看邮件，但那封公司名字很奇怪的邮件，已经在邮箱里躺了三个月。
 邮件来自一个由几位哈工大校友组成的团队。他们早年在校期间曾组队参加过各类科技竞赛…",https://36kr.com/p/3617555790398721,"https://img.36krcdn.com/hsossms/20251230/v2_8496b42ea6eb4bba8ee78090cc1620bf@6022551_oswg453782oswg1053oswg495_img_png?x-oss-process=image/resize,m_mfit,w_600,h_400,limit_0/crop,w_600,h_400,g_center",,"| 
 | 
AI
2017
BP
CTOCEOVPVP/ 
CTO
60
2000
20204
BrizanVenturesV
20255C40.52000200
12306600.HKAI
IPO73.82222.2373.80/16475301673.85
/
2025
202220242.756.1049%34.3%54.2%
1.06 20253.96… [+304 chars]","Behind the listing of Li Zexiang's robot company, an 8-year run with a return of 700 times. Author | Huang Nan
 Editor | Yuan Silai
 Compared with the myth that many AI startups ""come ashore"" within a few years of their establishment, the investment stories of hardware companies often appear simple, boring and long.
 Peng Shumao, founder of Xuyuan Capital, still clearly remembers that he almost missed out on the Wo'an project.
 At the end of 2017, Peng Mathematics was still working at Qifu Capital. That year, the entire investment market environment was complicated, and he was extremely cautious in his actions.
 When checking his emails, he found a BP letter signed ""WTF Technology"" (the previous name of Wo'an Technology). Although Peng Mathematics can read emails, the email with the strange company name has been lying in the mailbox for three months.
 The email came from a team composed of several Harbin Institute of Technology alumni. In their early years at school, they formed teams to participate in various science and technology competitions...","Hinter der Börsennotierung von Li Zexiangs Roboterfirma steht ein 8-jähriger Lauf mit einer Rendite von 700 Malen. Autor | Huang Nan
 Herausgeber | Yuan Silai
 Verglichen mit dem Mythos, dass viele KI-Startups innerhalb weniger Jahre nach ihrer Gründung „an Land kommen“, erscheinen die Investitionsgeschichten von Hardware-Unternehmen oft einfach, langweilig und lang.
 Peng Shumao, Gründer von Xuyuan Capital, erinnert sich noch gut daran, dass er das Wo'an-Projekt beinahe verpasst hätte.
 Ende 2017 arbeitete Peng Mathematics noch bei Qifu Capital. In diesem Jahr war das gesamte Investmentmarktumfeld kompliziert und er war in seinen Handlungen äußerst vorsichtig.
 Als er seine E-Mails überprüfte, fand er einen BP-Brief mit der Unterschrift „WTF Technology“ (der frühere Name von Wo'an Technology). Obwohl Peng Mathematics E-Mails lesen kann, liegt die E-Mail mit dem seltsamen Firmennamen seit drei Monaten im Postfach.
 Die E-Mail kam von einem Team, das aus mehreren Absolventen des Harbin Institute of Technology bestand. In ihren frühen Schuljahren bildeten sie Teams, um an verschiedenen Wissenschafts- und Technologiewettbewerben teilzunehmen ...",,China,EAS,Asia,wmo
a92c87ac8e80eb329ee48c27f1695511,2025-12-31T04:57:03Z,Cold Wave,,36kr.com,zh,0.2,一双1288元的AI鞋垫，真能取代滑雪教练吗？,"“科学锻炼比担忧摔倒更重要。”
 
  
 越来越多新的产品形态涌现出来，而最近看到的一款有意思的产品，是声称要成为教练的AI滑雪鞋垫。
 鞋垫是由曾经的摔跤运动员李昊文开发的。外观看起来和普通鞋垫差不多，但更硬，里面以阵列式排布了84个传感器在脚掌和脚后跟等着力区域。两只鞋垫后端各外延出一条连接线，可以垂在雪鞋外连接一小块方电池。
 使用时，鞋垫里密集的传感器可以采集脚部动作的每一个微小发力，并回传至手机APP端，自研的AI运动模型会基于这些数据分析用户的滑行速度、立刃角度，提醒你在哪里容易摔倒，甚至是否该换新…",https://36kr.com/p/3618940730852609,"https://img.36krcdn.com/hsossms/20251231/v2_7fa0679a35494ff0b71319eb1482f40a@000000_oswg28137oswg822oswg349_img_000?x-oss-process=image/resize,m_mfit,w_600,h_400,limit_0/crop,w_600,h_400,g_center",,"AI
84
APPAI
14
2021
AIAI
2023202510AIAPEXENERGY1288C400
APP
1288
1288
1000
c
35353
100
AI
APEXENERGY
20
GPS20
20
51010
C3570102023695000
35
1000
C
40046
59500APP205-10399
AI… [+108 chars]",,"Kann ein Paar AI-Einlagen für 1.288 Yuan wirklich einen Skilehrer ersetzen? „Wissenschaftliche Übungen sind wichtiger als die Angst vor Stürzen.“
 
  
 Es entstehen immer mehr neue Produktformen, und ein interessantes Produkt, das ich kürzlich gesehen habe, ist eine AI-Ski-Einlegesohle, die behauptet, ein Sneaker zu sein.
 Die Einlagen wurden vom ehemaligen Wrestler Li Haowen entwickelt. Das Aussehen der Einlegesohle ähnelt dem von gewöhnlichen Einlagen, ist jedoch härter. In den Kraftbereichen wie der Fußsohle und der Ferse sind 84 Sensoren in einem Array angeordnet. Vom hinteren Ende der beiden Einlegesohlen verläuft eine Verbindungsleitung, die außerhalb der Schneeschuhe aufgehängt werden kann, um eine kleine quadratische Batterie anzuschließen.
 Bei der Nutzung können die dichten Sensoren in der Innensohle jede noch so kleine Kraft der Fußbewegung erfassen und an die mobile APP zurückübermitteln. Das selbstentwickelte KI-Bewegungsmodell analysiert anhand dieser Daten die Laufgeschwindigkeit und den Kantenwinkel des Benutzers und erinnert Sie daran, wo Sie sturzgefährdet sind und sogar, ob Sie es ersetzen sollten ...",,China,EAS,Asia,wmo
c62cacaa4b82591e3822fb783e2f40fc,2025-12-31T06:17:36Z,Snow&Ice,,www.20minutes.fr,fr,0.9,"Oignon, alcool, carte Vitale… Quelles sont les meilleures (et les pires) techniques pour dégivrer son pare-brise ?",Du givre sur le pare-brise au moment de partir au travail ? Voici les techniques à éviter et à privilégier si vous voulez prendre la route rapidement sans faire tourner le moteur pendant des heures,https://www.20minutes.fr/societe/4193717-20251231-oignon-alcool-carte-vitale-meilleures-pires-techniques-degivrer-pare-brise,https://img.20mn.fr/U5K4ev4ATlqKmykKXTVokCk/1444x920_mandatory-credit-photo-by-jeppe-gustafsson-shutterstock-13660228x-seasonal-weather-someone-scraping-ice-on-a-car-s-windshield-seasonal-weather-uppsala-sweden-10-dec-2022-shutterstock-editorial-seasonal-weather-uppsala-swede-13660228x-2212121719,,"Le froid sinstalle et avec lui, lenfer du dégivrage de voiture au moment de partir au travail ou de déposer les enfants à lécole. Exit les seaux deau chaude qui provoqueront des fissures sur le pare-… [+2056 chars]","Onion, alcohol, Vitale card… What are the best (and worst) techniques for defrosting your windshield? Frost on the windshield when leaving for work? Here are the techniques to avoid and favor if you want to hit the road quickly without running the engine for hours","Zwiebeln, Alkohol, Vitale-Karte … Was sind die besten (und schlechtesten) Techniken zum Enteisen Ihrer Windschutzscheibe? Frost auf der Windschutzscheibe beim Weg zur Arbeit? Hier sind die Techniken, die Sie vermeiden und bevorzugen sollten, wenn Sie schnell losfahren möchten, ohne den Motor stundenlang laufen zu lassen","Cepa, alcohol, Vitale card ... Quid sunt optimae (et pessimae) artes ad defrosting vestri windshield? Pruina in windshield, quando relinquens opus? Hic sunt artes evitandi et favendi si vis celeriter viam ferire sine machina per horas currens",Canada,NEN,North-America,wmo
8b7b258eab5b5cccf739839c4f8c2181,2025-12-31T11:23:14Z,Snow&Ice,,www.tagesspiegel.de,de,0.8,DWD-Prognose: Zweigeteiltes Wetter zum Jahresausklang,"Wind und Wolken, Schnee und Sturm - aber auch Regen. Mit einem regional sehr unterschiedlichen Wetter verabschiedet sich das Jahr 2025 in Deutschland. Das sind die Aussichten für die Silvesternacht.",https://www.tagesspiegel.de/gesellschaft/panorama/dwd-prognose-zweigeteiltes-wetter-zum-jahresausklang-15092048.html,https://www.tagesspiegel.de/images/15092047/alternates/BASE_16_9_W1400/1767180194000/winter-in-berlin.jpeg,,Wolken und Wind - im Nordosten auch Regen und Schnee - können den Spaß am Silvesterfeuerwerk in Deutschland trüben. An der Nordsee und in den Bergen ist es mitunter sogar stürmisch und somit gefährli… [+919 chars],"DWD forecast: Two-part weather at the end of the year. Wind and clouds, snow and storm - but also rain. The year 2025 will say goodbye in Germany with very different regional weather conditions. These are the prospects for New Year's Eve.","DWD-Prognose: Zweigeteiltes Wetter zum Jahresausklang. Wind und Wolken, Schnee und Sturm - aber auch Regen. Mit einem regional sehr unterschiedlichen Wetter verabschiedet sich das Jahr 2025 in Deutschland. Das sind die Aussichten für die Silvesternacht.","Providemus DWD: Tempestas duae pars in fine anni. Ventus et nubes, nix et procella -, sed etiam pluvia. Annus 2025 vale in Germania dicet cum tempestatum regionalium valde diversis. Hae sunt exspectationes Novus Annus Eve.",Germany,WCE,Europe,wmo
59f35cdb801e9fa63920397b913f0061,2025-12-31T17:20:38Z,Snow&Ice,,www.bild.de,de,0.8,Wo es in Deutschland weiß wird - Mit Schnee ins neue Jahr,Neuschnee bringt Winterfreude: Wo es rund um Silvester schneien soll.,https://www.bild.de/news/wetter/mit-schnee-ins-neue-jahr-wo-es-in-deutschland-weiss-wird-69537981a75a88580a6db3a0,"https://images.bild.de/69537981a75a88580a6db3a0/2a354e3078066c800b86945a31091a20,e521bdc9?w=1280",http://web.archive.org/web/20260101005331/https://www.bild.de/news/wetter/mit-schnee-ins-neue-jahr-wo-es-in-deutschland-weiss-wird-69537981a75a88580a6db3a0,"Berlin Es ist kalt, es ist glatt, aber für das richtige Wintergefühl fehlt noch eines: Schnee! Wann und wo in den nächsten Tagen damit zu rechnen ist und wie es in Deutschlands Skigebieten läuft, les… [+3074 chars]",Where it turns white in Germany - With snow into the new year. Fresh snow brings winter joy: Where it is supposed to snow around New Year's Eve.,Wo es in Deutschland weiß wird - Mit Schnee ins neue Jahr. Neuschnee bringt Winterfreude: Wo es rund um Silvester schneien soll.,Ubi albescit in Germania - Cum nive in annum novum. Nova nix laetitiam hiemalem affert: Ubi nix circa annum novum Evam existimatur.,Germany,WCE,Europe,wmo
