index,published,extreme,topic,domain,language,valid,title,description,url,image,archive,content,en,de,la,country,ipcc,continent,feed
01153d37ae1244c73789bfa6d87ea57f,2026-02-01 00:00:00,Precipitation,,www-topontiki-gr.cdn.ampproject.org,el,0.7,cloudevo,Έντονη βροχόπτωση σημειώθηκε νωρίτερα στη Σαντορίνη με αποτέλεσμα να πλημμυρήσουν κεντρικοί δρόμοι του νησιού.,https://www-topontiki-gr.cdn.ampproject.org/v/s/www.topontiki.gr/2026/02/01/santorini-plimmirisan-i-kentriki-dromi-tou-nisiou-megala-provlimata-stis-metakinisis-videos/amp/?amp_js_v=0.1&amp_gsa=1#webview=1,,,,"cloudevo. Heavy rain occurred earlier in Santorini, resulting in flooding of the island's central roads.","cloudevo. Zuvor kam es auf Santorini zu heftigen Regenfällen, die zu Überschwemmungen auf den zentralen Straßen der Insel führten.","cloudevo. Imber gravis antea in Santorinis occurrit, ex inundatione viae centralis insulae.",,,,random
caedb37e2ddc3d422fb0511d0a3406ee,2026-02-01 14:45:09,Precipitation,,www-athensvoice-gr.cdn.ampproject.org,el,0.9,Ποτάμια οι δρόμοι σε χωριά της Σαντορίνης μετά την έντονη βροχόπτωση,,https://www-athensvoice-gr.cdn.ampproject.org/v/s/www.athensvoice.gr/epikairotita/ellada/945183/potamia-oi-dromoi-se-horia-tis-sadorinis-meta-tin-edoni-vrohoptosi/amp/?amp_js_v=0.1&amp_gsa=1#webview=1,,,,Rivers in the streets in villages of Santorini after the heavy rain. nan,Flüsse in den Straßen in Dörfern von Santorini nach dem starken Regen. Nan,Flumina in vicis in pagis Santorini post pluviam. nan,,,,random
4f173ae1728d325e019c0c19f54d4aeb,2026-02-01 16:45:42,Storm,,www-newsbomb-gr.cdn.ampproject.org,el,0.9,"Σαντορίνη:Ποτάμια οι δρόμοι σε Εμπορείο, Μεγαλοχώρι, Μονόλιθο, Πύργο και Μεσαριά μετά την βροχόπτωση","Η ισχυρή καταιγίδα προκάλεσε πλημμύρες και προβλήματα μετακίνησης, χωρίς σοβαρές ζημιές μέχρι στιγμής",https://www-newsbomb-gr.cdn.ampproject.org/v/s/www.newsbomb.gr/ellada/story/1712355/santorini-potamia-oi-dromoi-se-emporeio-megaloxori-monolitho-pyrgo-kai-mesaria-meta-tin-vroxoptosi/amp?amp_js_v=0.1&amp_gsa=1#webview=1,,,,"Santorini: The roads in Emporio, Megalochori, Monolitho, Pyrgos and Mesaria are flooded after the rain. The strong storm caused flooding and traffic problems, with no serious damage so far","Santorini: Die Straßen in Emporio, Megalochori, Monolitho, Pyrgos und Mesaria sind nach dem Regen überflutet. Der starke Sturm verursachte Überschwemmungen und Verkehrsbehinderungen, ernsthafte Schäden blieben bislang aus","Santorini: Viae Emporio, Megalochori, Monolitho, Pyrgos et Mesaria post pluviam inundantur. Tempestas fortis inundationes et negotiationes difficultates effecit, cum nullo gravi damno tantum",,,,random
73dc2bb0866d8194b14a0a1c57279e56,2026-02-01T00:22:44Z,Precipitation,,www.lanacion.com.ar,es,0.3,El extraño pasacalles que apareció en la puerta de la casa de Griselda Siciliani: ¿De parte de Luciano Castro?,"Un cartel con un emotivo mensaje y corazones fue colocado en las inmediaciones del hogar de la actriz, en el barrio porteño de Palermo; esto generó controversia y reacciones virales",https://www.lanacion.com.ar/espectaculos/el-extrano-pasacalles-que-aparecio-en-la-puerta-de-la-casa-de-griselda-siciliani-de-parte-de-luciano-nid31012026/,https://resizer.glanacion.com/resizer/v2/griselda-siciliani-desperto-con-un-llamativo-QNRMB3TYJFBSXKCLQ4URZ55N4E.jpg?auth=c74969b750134ba887f0cd7f2e92c8dff4bb1780fbd62fa982240d1a618b5403&width=1200&quality=70&smart=false&height=800,http://web.archive.org/web/20260202034411/https://www.lanacion.com.ar/espectaculos/el-extrano-pasacalles-que-aparecio-en-la-puerta-de-la-casa-de-griselda-siciliani-de-parte-de-luciano-nid31012026/,Un inusual pasacalles apareció en la puerta de la residencia de Griselda Siciliani en el barrio porteño de Palermo. Esto generó de inmediato un revuelo en el ámbito del espectáculo y en las redes soc… [+2905 chars],"The strange parade that appeared at the door of Griselda Siciliani's house: From Luciano Castro? A poster with an emotional message and hearts was placed near the actress's home, in the Buenos Aires neighborhood of Palermo; This generated controversy and viral reactions","Die seltsame Parade, die vor der Tür von Griselda Sicilianis Haus erschien: Von Luciano Castro? Ein Poster mit einer emotionalen Botschaft und Herzen wurde in der Nähe des Hauses der Schauspielerin im Buenos Aires-Viertel von Palermo angebracht. Dies löste Kontroversen und virale Reaktionen aus","Novissima pompa quae ad ostium domus Griseldae Siciliani apparuit: Ex Luciano Castro? Posta cum animi motu et nuntio et cordibus prope mimae domum posita est, in Buenos Aires prope Panormum; Haec controversia generatae et reactiones virales",Argentina,SES,South-America,wmo
c6528b0d6da849f44d47fd2da2c5906c,2026-02-01T04:15:05Z,Snow&Ice,,www.stern.de,de,0.8,Wetter: Glättegefahr im Nordwesten - Frost im Nordosten erwartet,Gefrierender Regen oder Sprühregen sorgen in der Nacht und am Sonntag in Teilen Deutschlands für Glättegefahr. Bei den erwarteten Temperaturen gibt es erneut große Unterschiede.,https://www.stern.de/panorama/wetter--glaettegefahr-im-nordwesten---frost-im-nordosten-erwartet-37095416.html,https://image.stern.de/37095418/t/q6/v1/w1440/r1.7778/-/01--cfctpsp5kcv3axs2048jpeg---5b72e8eb12455be0.jpg,http://web.archive.org/web/20260201054019/https://www.stern.de/panorama/wetter--glaettegefahr-im-nordwesten---frost-im-nordosten-erwartet-37095416.html,"Kopiere den aktuellen Link
Zur Merkliste hinzufügen
Gefrierender Regen oder Sprühregen sorgen in der Nacht und am Sonntag in Teilen Deutschlands für Glättegefahr. Bei den erwarteten Temperaturen gi… [+1560 chars]",Weather: Danger of slippery conditions in the northwest - frost expected in the northeast. Freezing rain or drizzle creates a risk of slippery conditions in parts of Germany overnight and on Sunday. There are again big differences in the expected temperatures.,Wetter: Glättegefahr im Nordwesten - Frost im Nordosten erwartet. Gefrierender Regen oder Sprühregen sorgen in der Nacht und am Sonntag in Teilen Deutschlands für Glättegefahr. Bei den erwarteten Temperaturen gibt es erneut große Unterschiede.,Tempestas: Periculum condiciones lubricae in chorum - gelu inter septentriones expectatur. Imber congelatio vel levis periculum condiciones lubricae in partibus Germaniae pernoctare et die Dominico gignit. Rursus magnae differentiae in temperaturis expectatis sunt.,Germany,WCE,Europe,wmo
b52da74218f9de81299541f8a9dbccc6,2026-02-01T04:16:15Z,Snow&Ice,,www.tagesspiegel.de,de,0.8,Wetter: Glättegefahr hält auch zum Wochenstart an,Es bleibt winterlich in Deutschland - darauf sollten sich Autofahrer und Autofahrerinnen einstellen. Allerdings sind die Regionen unterschiedlich stark von Frost und Glätte betroffen.,https://www.tagesspiegel.de/gesellschaft/panorama/wetter-glattegefahr-halt-auch-zum-wochenstart-an-15205241.html,https://www.tagesspiegel.de/images/15205678/alternates/BASE_16_9_W1400/1769941421000/wetter.jpeg,,"Die Gefahr von gefrierendem Regen, Schneeglätte und rutschigen Straßen hält zum Start in die neue Woche in einigen Regionen Deutschlands an. In der Nacht zum Montag könne im Westen und Nordwesten etw… [+1259 chars]","Weather: The risk of slippery conditions continues at the start of the week. It's still wintery in Germany - drivers should be prepared for that. However, the regions are affected by frost and slippery conditions to varying degrees.",Wetter: Glättegefahr hält auch zum Wochenstart an. Es bleibt winterlich in Deutschland - darauf sollten sich Autofahrer und Autofahrerinnen einstellen. Allerdings sind die Regionen unterschiedlich stark von Frost und Glätte betroffen.,Tempestas: Periculum condiciones lubricae sub initium hebdomadis manet. Etiam in Germania hiberna est - rectoribus parari debet. Affectae tamen sunt regiones frigore et condicione lubricae ad varios gradus.,Germany,WCE,Europe,wmo
d239b3f84d61b18d1e212a52bcfdb384,2026-02-01T04:16:15Z,Snow&Ice,,www.tagesspiegel.de,de,0.8,Wetter: Glättegefahr im Nordwesten - Frost im Nordosten erwartet,Gefrierender Regen oder Sprühregen sorgen in der Nacht und am Sonntag in Teilen Deutschlands für Glättegefahr. Bei den erwarteten Temperaturen gibt es erneut große Unterschiede.,https://www.tagesspiegel.de/gesellschaft/panorama/wetter-glattegefahr-im-nordwesten-frost-im-nordosten-erwartet-15205241.html,https://www.tagesspiegel.de/images/15205240/alternates/BASE_16_9_W1400/1769919375000/winterwetter-in-berlin.jpeg,,Im Nordwesten und Westen Deutschlands droht in der Nacht und am Sonntag stellenweise Glatteis. Dies gelte insbesondere in der Westhälfte Niedersachsens über Ostwestfalen und Hessen hinweg bis zum Ode… [+1421 chars],Weather: Danger of slippery conditions in the northwest - frost expected in the northeast. Freezing rain or drizzle creates a risk of slippery conditions in parts of Germany overnight and on Sunday. There are again big differences in the expected temperatures.,Wetter: Glättegefahr im Nordwesten - Frost im Nordosten erwartet. Gefrierender Regen oder Sprühregen sorgen in der Nacht und am Sonntag in Teilen Deutschlands für Glättegefahr. Bei den erwarteten Temperaturen gibt es erneut große Unterschiede.,Tempestas: Periculum condiciones lubricae in chorum - gelu inter septentriones expectatur. Imber congelatio vel levis periculum condiciones lubricae in partibus Germaniae pernoctare et die Dominico gignit. Rursus magnae differentiae in temperaturis expectatis sunt.,Germany,WCE,Europe,wmo
b2d6ff7525c10d94dc032804ad236cf6,2026-02-01T06:25:00Z,Storm,,www.elpais.com.uy,es,0.3,"Paro total en 27 aeropuertos de Argentina a partir de este lunes, anunciaron sindicatos del sector público","El conflicto con el sector aeronáutico se desató cuando el gobierno de Milei dio marcha atrás al alza salarial ya acordada, entre otras medidas. También hubo protestas en otros sectores en la semana.",https://www.elpais.com.uy/mundo/argentina/paro-total-en-27-aeropuertos-de-argentina-a-partir-de-este-lunes-anunciaron-sindicatos-del-sector-publico,https://imgs.elpais.com.uy/dims4/default/c877896/2147483647/strip/true/crop/7223x3511+0+520/resize/1440x700!/quality/90/?url=https%3A%2F%2Fel-pais-uruguay-production-web.s3.us-east-1.amazonaws.com%2Fbrightspot%2F4c%2F27%2F5b010bf84aa1be337d5e020093bb%2Farchive-fotos-1-17953073-edd94c7d37d57ca5314f33f1ab093bea-16537383.jpg,,"La Asociación Trabajadores del Estado (ATE), uno de los principales sindicatos del sector público argentino, anunció ayer sábado un paro total en 27 aeropuertos del paísa partir de la medianoche del … [+5795 chars]","Total strike in 27 airports in Argentina starting this Monday, public sector unions announced. The conflict with the aeronautical sector broke out when the Milei government reversed the salary increase already agreed upon, among other measures. There were also protests in other sectors during the week.","Die Gewerkschaften des öffentlichen Sektors kündigten an, dass an diesem Montag ein Totalstreik an 27 Flughäfen in Argentinien beginnt. Der Konflikt mit der Luftfahrtbranche brach aus, als die Milei-Regierung unter anderem die bereits vereinbarte Gehaltserhöhung rückgängig machte. Auch in anderen Sektoren kam es im Laufe der Woche zu Protesten.","Totalis ictus in XXVII aliquet nisl in Argentina hoc Lunae incipiens, Uniones publicas sectores nuntiaverunt. Conflictus cum sector aeronautical orta est cum imperium Milei mutato stipendio incremento iam inter cetera pacta est. Reclamationes etiam in aliis partibus per hebdomadam fuerunt.",Spain,MED,Europe,wmo
279d62cba6d41621db5dda08cf4c173d,2026-02-01T06:33:29Z,Earthquake,,punchng.com,en,0.2,Severe snowstorm disrupts travel across Southern US,"A severe Southern US snowstorm brings subzero temps, causing widespread travel disruption, flight cancellations, and power outages across several states.

Read More: https://punchng.com/severe-snowstorm-disrupts-travel-across-southern-us/",https://punchng.com/?p=2051679,https://cdn.punchng.com/wp-content/uploads/2016/10/17155511/punchlogo.png,,"Travel misery was set to continue Sunday as a powerful snowstorm blasted southern US states, bringing subzero temperatures to regions not accustomed to the deadly winter conditions.
The latest bout … [+3202 chars]","Severe snowstorm disrupts travel across Southern US. A severe Southern US snowstorm brings subzero temps, causing widespread travel disruption, flight cancellations, and power outages across several states.

Read More: https://punchng.com/severe-snowstorm-disrupts-travel-across-southern-us/","Ein schwerer Schneesturm stört den Reiseverkehr im Süden der USA. Ein heftiger Schneesturm im Süden der USA bringt Temperaturen unter Null mit sich, was in mehreren Bundesstaaten zu weit verbreiteten Reiseunterbrechungen, Flugausfällen und Stromausfällen führt. Lesen Sie mehr: https://punchng.com/severe-snowstorm-disrupts-travel-across-southern-us/","Gravis nivis disrupts iter trans Southern US. Gravis tempestas meridionalis US subzero tentationes adfert, diffusa turbationem peregrinationem, fugam cancellations et potestatem outages per plures civitates. Lege More: https://punchng.com/severe-snowstorm-disrupts-travel-across-southern-us/",Papua New Guinea,SEA,Oceania,usgs
64d7d2a3fc20d52b3e5d75c82d3befe3,2026-02-01T09:20:17Z,Thunderstorm,,www.aajtak.in,hi,0.8,"जब फॉरेनर लगाने लगा 'भारत माता की जय' के नारे, कहा-अब हो गया है वेरिफिकेशन",सोशल मीडिया पर इन दिनों एक वीडियो तेजी से वायरल हो रहा है जिसमें देखा जा रहा है कि ऑस्ट्रेलियाई टूरिस्ट ने महाराष्ट्र के एलोरा गुफाओं में'भारत माता की जय'के नारे लगाए. इस वीडियो को देखने के बाद भारतीय अपने रिएक्शन शेयर कर रहे हैं.,https://www.aajtak.in/trending/story/viral-video-of-australian-man-maharashtra-chants-jai-mata-di-ngix-dskc-2454646-2026-02-01,https://akm-img-a-in.tosshub.com/aajtak/images/story/202602/697f05d1c2c39-viral-video-of-australia-man-015035988-16x9.jpg,,". , . . . .
 , ' ' . . 
duncan.mcnaught . ' ?' . . ' ' . .
 "" "" . . .
 - . . . , , .","When the foreigner started raising slogans of 'Bharat Mata ki Jai', he said - now the verification is done. These days, a video is going viral on social media in which it is seen that an Australian tourist raised slogans of 'Bharat Mata ki Jai' in Ellora caves of Maharashtra. Indians are sharing their reactions after watching this video.","Als der Ausländer anfing, Parolen wie „Bharat Mata ki Jai“ zu erheben, sagte er – nun sei die Überprüfung abgeschlossen. In diesen Tagen geht in den sozialen Medien ein Video viral, in dem zu sehen ist, wie ein australischer Tourist in den Ellora-Höhlen von Maharashtra die Slogans „Bharat Mata ki Jai“ aufgestellt hat. Inder teilen ihre Reaktionen, nachdem sie dieses Video gesehen haben.","Cum peregrinus emblematum suscitare incepit 'Bharat Mata ki Jai', dixit - nunc fit verificationis. His diebus, video ire virales in instrumentis socialibus in quibus conspicitur peregrinatorem Australiae emblematum suscitasse de 'Bharat Mata ki Jai' in Ellora speluncis Maharashtra. Indi communicationes suas cum hoc video spectaculo communicant.",India,SAS,Asia,wmo
74b912cfb9f91575f2cdb38871cbbe33,2026-02-01T09:55:07Z,Snow&Ice,,www.tagesspiegel.de,de,0.7,„Strenger Nachtfrost“ erwartet: Meteorologen warnen vor gefrierendem Regen mit Glatteis,Auch in der kommenden Nacht sorgen gefrierender Regen oder Sprühregen in einigen Teilen Deutschlands für Glättegefahr. Der Deutsche Wetterdienst erwartet gebietsweise strengen Dauerfrost.,https://www.tagesspiegel.de/strenger-nachtfrost-erwartet-meteorologen-warnen-vor-gefrierendem-regen-mit-glatteis-15205594.html,https://www.tagesspiegel.de/images/15205617/alternates/BASE_16_9_W1400/1769939586000/glatteis-in-berlin.jpeg,http://web.archive.org/web/20260202093447/https://www.tagesspiegel.de/strenger-nachtfrost-erwartet-meteorologen-warnen-vor-gefrierendem-regen-mit-glatteis-15205594.html,Im Nordwesten und Westen Deutschlands droht in der Nacht und am Sonntag stellenweise Glatteis. Dies gelte insbesondere in der Westhälfte Niedersachsens über Ostwestfalen und Hessen hinweg bis zum Ode… [+2043 chars],“Severe night frost” expected: Meteorologists warn of freezing rain with black ice. Freezing rain or drizzle will also pose a risk of slippery conditions in some parts of Germany next night. The German Weather Service expects severe permanent frost in some areas.,„Strenger Nachtfrost“ erwartet: Meteorologen warnen vor gefrierendem Regen mit Glatteis. Auch in der kommenden Nacht sorgen gefrierender Regen oder Sprühregen in einigen Teilen Deutschlands für Glättegefahr. Der Deutsche Wetterdienst erwartet gebietsweise strengen Dauerfrost.,Gravis pruina noctis exspectantur: Meteorologistae monent imbrem frigidum glacie nigro. Imber congelatio vel levis periculum etiam condiciones lubricae in nonnullis partibus Germaniae proximae noctis periculo ponet. Ministerium Tempestatis Germanorum in nonnullis locis gravem permanentem pruinam expectat.,Germany,WCE,Europe,wmo
ef7f18a6fe394a2ffd050f5d1f2a2897,2026-02-01T10:22:33Z,Snow&Ice,,www.stern.de,de,0.8,Wetter: Glättegefahr hält auch zum Wochenstart an,Es bleibt winterlich in Deutschland - darauf sollten sich Autofahrer und Autofahrerinnen einstellen. Allerdings sind die Regionen unterschiedlich stark von Frost und Glätte betroffen.,https://www.stern.de/panorama/wetter--glaettegefahr-haelt-auch-zum-wochenstart-an-37095416.html,https://image.stern.de/37095992/t/TN/v1/w1440/r1.7778/-/01--icgf7mgwftv9axs2048jpeg---ae6bd9f849b6b523.jpg,http://web.archive.org/web/20260201105143/https://www.stern.de/panorama/wetter--glaettegefahr-haelt-auch-zum-wochenstart-an-37095416.html,"Kopiere den aktuellen Link
Zur Merkliste hinzufügen
Es bleibt winterlich in Deutschland - darauf sollten sich Autofahrer und Autofahrerinnen einstellen. Allerdings sind die Regionen unterschiedlich… [+1406 chars]","Weather: The risk of slippery conditions continues at the start of the week. It's still wintery in Germany - drivers should be prepared for that. However, the regions are affected by frost and slippery conditions to varying degrees.",Wetter: Glättegefahr hält auch zum Wochenstart an. Es bleibt winterlich in Deutschland - darauf sollten sich Autofahrer und Autofahrerinnen einstellen. Allerdings sind die Regionen unterschiedlich stark von Frost und Glätte betroffen.,Tempestas: Periculum condiciones lubricae sub initium hebdomadis manet. Etiam in Germania hiberna est - rectoribus parari debet. Affectae tamen sunt regiones frigore et condicione lubricae ad varios gradus.,Germany,WCE,Europe,wmo
bac2af4b9bab472a9f02bdb1a1e030ec,2026-02-01T10:30:05Z,Drought,,www.tuxboard.com,fr,0.3,"Froid polaire en février: les cartes météo alertent, températures sous les normales sur une large partie de la France","Un vif coup de froid se profile pour la France, dès les prochains jours. Les premières cartes suggèrent un basculement...
L’article Froid polaire en février: les cartes météo alertent, températures sous les normales sur une large partie de la France est appar…",https://www.tuxboard.com/froid-polaire-en-fevrier-les-cartes-meteo-alertent-temperatures-sous-les-normales-sur-une-large-partie-de-la-france/,https://www.tuxboard.com/wp-content/uploads/2026/01/1413008-image.jpg,,"Météo février 2026 en France en net refroidissement. Cartes, risques verglas et neige, conseils clés pour adapter trajets et activités.
Un vif coup de froid se profile pour la France, dès les procha… [+4844 chars]","Polar cold in February: weather maps warn of temperatures below normal over a large part of France. A sharp cold snap is looming for France in the coming days. The first cards suggest a shift...
The article Polar cold in February: weather maps warn, temperatures below normal over a large part of France appear...","Polare Kälte im Februar: Wetterkarten warnen vor Temperaturen unter dem Normalwert in weiten Teilen Frankreichs. In den kommenden Tagen droht Frankreich ein heftiger Kälteeinbruch. Die ersten Karten deuten auf eine Verschiebung hin... Der Artikel Polarkälte im Februar: Wetterkarten warnen, in weiten Teilen Frankreichs treten Temperaturen unter dem Normalwert auf…","Polar frigus mense Februario: tabulae tempestatum temperaturas infra normales in magnam partem Franciae monent. Snagium acutus frigus Franciam in dies instat. Primum pecto subcinctus suadeant ...
Articulus frigidus Polar mense Februario: tabulae tempestatum monent, temperaturas infra normales in magna parte Franciae apparent...",Martinique,CAR,North-America,edo
b39cacf0b36644cf62cdd18f41424351,2026-02-01T11:18:00Z,Earthquake,,www.haber7.com,tr,0.9,Türkiye'nin aktif yanar dağı Hasan Dağı gözlem altında,"Milattan 7 bin yıl önce patlayan Hasan Dağı aradan geçen binlerce yıla rağmen hareketliliğini sürdürürken, en son 6 Şubat depreminde yaşanan gaz ve su yükselmesi deprem sonrası tekrar normal haline döndü.",https://www.haber7.com/guncel/haber/3600793-turkiyenin-aktif-yanar-dagi-hasan-dagi-gozlem-altinda,https://i20.haber7.net/resize/1280x720//haber/haber7/photos/2026/05/turkiyenin_aktif_yanar_dagi_hasan_dagi_gozlem_altinda_1769944720_3331.jpg,http://web.archive.org/web/20260202012958/https://www.haber7.com/guncel/haber/3600793-turkiyenin-aktif-yanar-dagi-hasan-dagi-gozlem-altinda,Nüfusunun yüzde 80'inin tarm ve hayvanclktan geçimini salad ve onlarca medeniyete ev sahiplii yapm Kapadokya'nn açl kaps olan Aksaray'n sembolü Hasan Da'nda 6 ubat depreminde 51 milimetre yükselen ga… [+1134 chars],"Türkiye's active volcano Mount Hasan is under observation. While Mount Hasan, which erupted 7 thousand years before Christ, continues to be active despite the passing of thousands of years, the gas and water rise that last occurred in the February 6 earthquake returned to normal after the earthquake.","Der aktive Vulkan Hasan in Türkiye steht unter Beobachtung. Während der Berg Hasan, der 7.000 Jahre vor Christus ausbrach, trotz der vergangenen Jahrtausende weiterhin aktiv ist, normalisierte sich der Gas- und Wasseranstieg, der zuletzt beim Erdbeben vom 6. Februar aufgetreten war, nach dem Erdbeben wieder.","Mons Hasan vulcanus activus Türkiye observatur. Dum mons Hasan, qui ante Christum VII milia annorum erupit, agitari pergit, quamvis mille annorum transitus, vapor et aqua oriuntur, qui proxime in Februario 6 terrae motus factus est, ad normales post terrae motum rediit.",,,,random
943016090e93e6e975ef7dd332b60db0,2026-02-01T11:20:24Z,Earthquake,,www.abc.es,es,0.3,Lluvias intensas y sin tregua durante toda la semana en Sevilla,"Atrás quedo la breve tregua que dieron las lluvias en Sevilla el pasado sábado ... Y todo indica que ahí se va a quedar. Porque durante la primera semana de este mes de febrero que se ha iniciado este domingo se esperan días pasados por agua ; además, en algu…",https://www.abc.es/sevilla/ciudad/lluvias-intensas-tregua-semana-sevilla-20260201121940-nts.html,https://s3.abcstatics.com/abc/www/multimedia/sevilla/2026/02/01/sevilla-lluvia-intensa-ep-U68156426355kDR-1024x512@diario_abc.png,http://web.archive.org/web/20260202090730/https://www.abc.es/sevilla/ciudad/lluvias-intensas-tregua-semana-sevilla-20260201121940-nts.html,Atrás quedo la breve tregua que dieron las lluvias en Sevilla el pasado sábado... Y todo indica que ahí se va a quedar. Porque durante la primera semana de este mes de febrero que se ha iniciado este… [+1668 chars],"Intense and non-stop rains throughout the week in Seville. Gone is the brief truce that the rains gave in Seville last Saturday... And everything indicates that it will stay there. Because during the first week of this month of February, which began this Sunday, days spent in water are expected; Furthermore, in some…","In Sevilla gibt es die ganze Woche über heftige und ununterbrochene Regenfälle. Gone is the brief truce that the rains gave in Seville last Saturday... And everything indicates that it will stay there. Denn in der ersten Februarwoche, die an diesem Sonntag begann, werden Tage im Wasser erwartet; Darüber hinaus in einigen…","Apud Isidorum imbres vehementes et non-excessant. Periit breves treugae quas in proximo Sabbato Hispali dederunt pluviae... Et omnia indicat eum ibi moraturum. Quia in prima septimana huius mensis Februarii, quae hac dominica incepit, dies in aqua absumpti expectantur; Praeterea, in quibusdam…",United States,WNA,North-America,usgs
62c8e72b9ab57f2693d59c35521bb9c0,2026-02-01T14:08:21Z,Drought,,hindi.moneycontrol.com,hi,0.3,"Gold-Silver Crash: इन 5 वजहों से सोने-चांदी में ऐतिहासिक गिरावट, अब खरीदें या बेचें? जानिए एक्सपर्ट की राय","Gold-Silver Crash: पिछले कुछ महीनों से गोल्ड और सिल्वर में जोरदार तेजी देखी जा रही थी। जनवरी के आखिर में सोना 1.80 लाख रुपये प्रति 10 ग्राम तो चांदी 4 लाख रुपये किलो के पार पहुंच गया था। लेकिन, अब दोनों कीमती धातुओं में ऐतिहासिक बिकवाली हो रही।ग्लोबल मार्केट …",https://hindi.moneycontrol.com/news/your-money/gold-silver-crash-5-big-reasons-behind-historic-price-fall-what-triggered-massive-sell-off-and-should-investors-buy-sell-or-stay-cautious-now-2357864.html,https://images.moneycontrol.com/static-hindinews/2026/02/Gold-Silver-Crash.jpg,http://web.archive.org/web/20260202025213/https://hindi.moneycontrol.com/news/your-money/gold-silver-crash-5-big-reasons-behind-historic-price-fall-what-triggered-massive-sell-off-and-should-investors-buy-sell-or-stay-cautious-now-2357864.html,"Gold-Silver Crash: 1.80 10 4 , 
 , 30 10% 1980 27% - 36% 
 MCX , 1 9% 1.4 10 2.74 
5 ?
1. : , - 
2. : , 
3. :
4. : , 
5. : - , 
?
 - - , , 
 ?
 , , 
 , - 
WhiteOak Capital 
WhiteOak Ca… [+167 chars]","Gold-Silver Crash: Historical fall in gold and silver due to these 5 reasons, buy or sell now? Know the expert's opinion. Gold-Silver Crash: For the last few months, a strong rise in gold and silver was seen. At the end of January, gold had crossed Rs 1.80 lakh per 10 grams and silver had crossed Rs 4 lakh per kg. But, now historic selling is taking place in both the precious metals. Global market…","Gold-Silber-Crash: Historischer Rückgang von Gold und Silber aus diesen 5 Gründen, jetzt kaufen oder verkaufen? Kennen Sie die Meinung des Experten. Gold-Silber-Crash: In den letzten Monaten war ein starker Anstieg bei Gold und Silber zu beobachten. Ende Januar hatte Gold 1,80 Lakh Rupien pro 10 Gramm und Silber 4 Lakh Rupien pro kg überschritten. Doch nun kommt es bei beiden Edelmetallen zu historischen Verkäufen. Globaler Markt…","Aurum-Argentum Crash: Historica cadunt in aurum et argentum ob has 5 rationes, nunc emere vel vendere? Scito sententiam periti. Aurum-Argentum Crash: His paucis mensibus ortus fortis in auro et argento visus est. In fine Ianuarias, aurum traiecerat Rs 1.80 lakh per 10 P. et argentum transierat Rs 4 lakh per kg. Nunc autem historica venditio fit in utroque metallis. Forum Global…",United Arab Emirates,ARP,Asia,edo
682acff7410a75c2dc6f273a5e71960f,2026-02-01T14:30:00Z,Drought,,nomisuke.hatenadiary.jp,ja,0.9,充実した夫婦の日曜日（断酒13年324日目）,今日も良く晴れて、カラカラと音がするくらいの乾燥した空気。 カラカラの冬晴はいつまで続くのか・・・と思っているのは太平洋側。 北海道、そして本州でも日本海側の雪に悩まされている地域では、早く晴れてくれ、との思いだろう。 そしてついに今日から２月。一ヶ月前は元旦だった、当たり前だけど。 早朝の３時間の運動の後、朝食、ちょっと休憩しつつ洗濯したりご飯炊いたりして、早めの昼食後、妻と出掛けたのは、妻の知り合いがやっている月に一度のカフェ。 ここでは、ちょっと珍しいコーヒーが飲めるのだが、月に一度だけ。あと、主催者の手作…,https://nomisuke.hatenadiary.jp/entry/2026/02/01/233000,https://ogimage.blog.st-hatena.com/6435988827676079962/17179246901348488122/1769989222,,今日も良く晴れて、カラカラと音がするくらいの乾燥した空気。 カラカラの冬晴はいつまで続くのか・・・と思っているのは太平洋側。 北海道、そして本州でも日本海側の雪に悩まされている地域では、早く晴れてくれ、との思いだろう。 そしてついに今日から２月。一ヶ月前は元旦だった、当たり前だけど。 早朝の３時間の運動の後、朝食、ちょっと休憩しつつ洗濯したりご飯炊いたりして、早めの昼食後、妻と出掛けたのは、妻の… [+101 chars],"A fulfilling couple's Sunday (13 years and 324 days of sobriety). It's sunny again today, and the air is so dry that you can hear the crackling sound. I wonder how long the parched winter weather will last... on the Pacific side. In Hokkaido and the areas of Honshu facing the Sea of ​​Japan that are suffering from snow, they are probably hoping for clear skies soon. And finally, February starts today. A month ago was New Year's Day, of course. After a three-hour workout in the early morning, I had breakfast, took a short break, did laundry, and cooked rice.After an early lunch, my wife and I went out to a monthly cafe run by an acquaintance of my wife's. Here, you can drink some unusual coffee, but only once a month. Also, the organizer's handiwork...","Ein erfüllender Paarsonntag (13 Jahre und 324 Tage Nüchternheit). Heute ist es wieder sonnig und die Luft ist so trocken, dass man das Knistern hören kann. Ich frage mich, wie lange das trockene Winterwetter auf der Pazifikseite anhalten wird. In Hokkaido und den am Japanischen Meer gelegenen Gebieten von Honshu, die unter Schnee leiden, hofft man wohl auf bald klaren Himmel. Und schließlich beginnt heute der Februar. Vor einem Monat war natürlich Neujahr. Nach einem dreistündigen Training am frühen Morgen frühstückte ich, machte eine kurze Pause, wusch Wäsche und kochte Reis. Nach einem frühen Mittagessen gingen meine Frau und ich in ein monatliches Café, das von einem Bekannten meiner Frau betrieben wurde. Hier können Sie ungewöhnlichen Kaffee trinken, allerdings nur einmal im Monat. Auch die Handarbeit des Veranstalters...","Coniugum dominicalis adimpletio (13 annos et 324 dies sobrietatis). Hodie iterum serenum est, et aer tam siccus est ut sonum crepitum audire possis. Miror quam longa tempestas hiemalis arida .... in latere Pacifico durabit. In Hokkaido et regiones Honshu contra Mare Iaponicum quod nive laborant, probabiliter sperant mox caelos claros esse. Et tandem Februarius hodie incipit. Mensis abhinc Novus Annus, scilicet. Post tres-horas workout mane, prandium habui, brevem lucem cepi, lauandi feci, et rice cocta. Post matutinum prandium, uxor mea et casu menstruo ex notis uxoris meae ivi ad casum. Hic, capulus insolitum bibere potes, sed semel in mense. Item, artificium auctoris...",,,,random
e17d6c913d8eefcc59978166abac507d,2026-02-01T19:44:06Z,Precipitation,,gizbr.uol.com.br,pt,0.7,Perseverance encontra evidências de chuvas intensas no passado de Marte,"Caulinita, tipo de argila que se forma apenas em ambientes úmidos, sugere que planeta vermelho teve milhões de anos de precipitação no passado.
The post Perseverance encontra evidências de chuvas intensas no passado de Marte appeared first on Giz Brasil.",https://gizbr.uol.com.br/caulinita-marte-indica-chuvas-intensas/,https://gizbr.uol.com.br/wp-content/blogs.dir/8/files/2026/01/MARTE.jpg,,Pesquisadores identificaram rochas compostas de caulinita em Marte através do rover Perseverance da NASA. Os cientistas acreditam que esta evidência sugere que o planeta vermelho pode ter experimenta… [+4139 chars],"Perseverance finds evidence of intense rainfall on Mars' past. Kaolinite, a type of clay that forms only in humid environments, suggests that the Red Planet had millions of years of precipitation in the past. The post Perseverance finds evidence of intense rainfall in Mars' past appeared first on Giz Brasil.","Perseverance findet Hinweise auf intensive Regenfälle in der Vergangenheit des Mars. Kaolinit, eine Tonart, die sich nur in feuchten Umgebungen bildet, legt nahe, dass es auf dem Roten Planeten in der Vergangenheit Millionen von Jahren Niederschläge gab. Der Beitrag „Perseverance findet Hinweise auf intensive Regenfälle in der Vergangenheit des Mars“ erschien zuerst auf Giz Brasil.","Perseverantia ingentem pluviam in Martis praeterito tempore invenit. Kaolinite, argillae genus, quod solum in ambitibus humidis format, suggerit Red Planet decies centena milia annorum in praeteritis praecipitatione habuisse.
Post Perseverantia evidentia pluviae vehementis in praeteritum Martium primum in Giz Brasil apparuit.",Brazil,SAM,South-America,wmo
ab517fdefa6e4f0f569e0bf472a0b309,2026-02-01T21:30:20Z,Tropical Cyclone,,www.protothema.gr,el,0.9,"Η θάλασσα βγήκε στην στεριά και έκαναν βόλτα με βάρκα στη Φθιώτιδα, δείτε βίντεο","«Σήμερα στη Γλύφα Φθιώτιδας δεν είχε κίνηση, είχε κύμα» γράφει η λεζάντα του βίντεο στο TikTok | TikTok | Φθιώτιδα | Κακοκαιρία | Ελλάδα",https://www.protothema.gr/greece/article/1766821/i-thalassa-vgike-stin-steria-kai-ekanan-volta-me-varka-sti-fthiotida-deite-video/,https://www.protothema.gr/images/640x360share/jpg/files/2026-02-01/maketa-varka.jpg,,Style Click 55 Piccadilly -,"The sea came ashore and they took a boat ride in Fthiotida, see video. ""Today in Glyfa Fthiotida there was no traffic, there was a wave"" reads the caption of the video on TikTok | TikTok | Fthiotida | Bad weather | Greece","Das Meer kam an Land und sie machten eine Bootsfahrt in Fthiotida, siehe Video. „Heute gab es in Glyfa Fthiotida keinen Verkehr, es gab eine Welle“, heißt es in der Überschrift des Videos auf TikTok | TikTok | Fthiotida | Schlechtes Wetter | Griechenland","Mare littus accessit^ et arrepta arrepta Fthiotida, vide video. ""Hodie in Glyfa Fthiotida nulla fuit negotiatio, fluctus factus est"" legit caption of the video on TikTok | TikTok | Fthiotida | Bad weather | Graecia",,,,random
30d2b2cf186e8eb0b6ce1b516fbcf40f,2026-02-01T23:17:29Z,Heat Wave,,sarabic.ae,ar,0.9,البرد القارس يقتل 50 شخصا في بولندا منذ بداية الشتاء,صرّح نائب وزير الداخلية والإدارة، فيسواف شتشيبانسكي، للصحفيين بأن أكثر من 50 شخصًا لقوا حتفهم في بولندا منذ بداية فصل الشتاء بسبب انخفاض درجات الحرارة.,https://sarabic.ae/20260201/%D8%A7%D9%84%D8%A8%D8%B1%D8%AF-%D8%A7%D9%84%D9%82%D8%A7%D8%B1%D8%B3-%D9%8A%D9%82%D8%AA%D9%84-50-%D8%B4%D8%AE%D8%B5%D8%A7-%D9%81%D9%8A-%D8%A8%D9%88%D9%84%D9%86%D8%AF%D8%A7-%D9%85%D9%86%D8%B0-%D8%A8%D8%AF%D8%A7%D9%8A%D8%A9-%D8%A7%D9%84%D8%B4%D8%AA%D8%A7%D8%A1-1109888262.html,https://cdn.img.sarabic.ae/img/07ea/02/01/1109888098_0:0:2982:1677_2072x0_60_0_0_b4eaa8cc12f2c5611aa6b59ed2677083.jpg.webp,http://web.archive.org/web/20260201235112/https://sarabic.ae/20260201/%D8%A7%D9%84%D8%A8%D8%B1%D8%AF-%D8%A7%D9%84%D9%82%D8%A7%D8%B1%D8%B3-%D9%8A%D9%82%D8%AA%D9%84-50-%D8%B4%D8%AE%D8%B5%D8%A7-%D9%81%D9%8A-%D8%A8%D9%88%D9%84%D9%86%D8%AF%D8%A7-%D9%85%D9%86%D8%B0-%D8%A8%D8%AF%D8%A7%D9%8A%D8%A9-%D8%A7%D9%84%D8%B4%D8%AA%D8%A7%D8%A1-1109888262.html,"https://sarabic.ae/20260201/---50-------1109888262.html
https://cdn.img.sarabic.ae/img/07ea/02/01/1109888098_0:0:2982:1677_1920x0_80_0_0_8f789b34c117575d4df883392434d203.jpg.webp
 : "" . . 54 36 "". … [+322 chars]","Extreme cold kills 50 people in Poland since the beginning of winter. Deputy Minister of the Interior and Administration, Wisław Szczepanski, told reporters that more than 50 people have died in Poland since the beginning of winter due to low temperatures.","Seit Beginn des Winters sterben in Polen 50 Menschen an extremer Kälte. Der stellvertretende Minister für Inneres und Verwaltung, Wisław Szczepanski, sagte Reportern, dass in Polen seit Beginn des Winters mehr als 50 Menschen aufgrund der niedrigen Temperaturen gestorben seien.","Frigus frigidissimum homines in Polonia ab initio hiemis 50 necat. Prorex Minister Interioris et Administrationis, Wisław Szczepanski, nuntiavit notariis plus quam 50 homines in Polonia periisse ab initio hiemis propter humilitatem temperaturam.",,,,random
7cec2d5d36afdbcfb08f4536485b54e4,2026-02-02 12:00:24,Precipitation,,pelop-gr.cdn.ampproject.org,el,0.9,Πάτρα: Λίμνη η Ακτή Δυμαίων - Έκτακτη σύσκεψη στον ΟΛΠΑ για την αντιμετώπιση της πλημμύρας,"Για ακόμη μία φορά, η Ακτή Δυμαίων στην Πάτρα μετατράπηκε σε «λίμνη» εξαιτίας έντονης βροχόπτωσης, προκαλώντας σοβαρά προβλήματα στην κυκλοφορία και αυξημένη",https://pelop-gr.cdn.ampproject.org/v/s/pelop.gr/patra-limni-i-akti-dymaion-ektakti-syskepsi-ston-olpa-gia-tin-antimetopisi-tis-plimmyras/?amp=1&amp_js_v=0.1&amp_gsa=1#webview=1,,,,"Patras: Dymaion Lake - Emergency meeting at the OLPA to deal with the flood. Once again, Dymaion Beach in Patras turned into a ""lake"" due to heavy rain, causing serious traffic problems and increased","Patras: Dymaion-See – Notfallsitzung bei der OLPA zur Bewältigung der Überschwemmung. Wieder einmal verwandelte sich der Dymaion-Strand in Patras aufgrund starker Regenfälle in einen „See“, was zu ernsthaften Verkehrsproblemen führte und noch mehr zunahm","Patras: Lacus Dymaion - Emergency congressus in OLPA ad agendum cum diluvio. Iterum, Dymaion Beach in Patras conversus in ""lacum"" propter pluviam gravem, graves negotiandi difficultates causando et auctus est.",,,,random
af4e7c6ba0e8b470ac5f33e47f24f276,2026-02-02T01:40:56Z,Heat Wave,,www.elespanol.com,es,0.3,"La parálisis eólica se agrava en Galicia pese al apoyo del TJUE: más bloqueos, 10.000 millones en riesgo y una fuga industrial","El TSXG mantiene bloqueados 3.500 MW en un centenar de parques, mientras sigue judicializando proyectos.
Más información: La Xunta de Galicia pide ""rapidez"" al TSXG para el ""desbloqueo eólico"": ""Llevamos meses esperando""",https://www.elespanol.com/invertia/empresas/energia/20260202/paralisis-eolica-agrava-galicia-pese-apoyo-tjue-bloqueos-millones-riesgo-fuga-industrial/1003744110492_0.html,https://s3.elespanol.com/2025/08/01/actualidad/1003743872278_257731072_1706x960.jpg?fmt=jpeg,,"El bloqueo comenzó cuando asociaciones ecologistas como Adega, Petón do Lobo y Ecologistas en Acción comenzaron a llevar a los tribunales decenas de parques, cuestionando la forma en que la Xunta apl… [+5136 chars]","The wind paralysis is worsening in Galicia despite the support of the CJEU: more blockades, 10 billion at risk and an industrial flight. The TSXG keeps 3,500 MW blocked in a hundred parks, while it continues to prosecute projects.
More information: The Xunta de Galicia asks the TSXG for ""speed"" for the ""wind unlocking"": ""We have been waiting for months""","Die Windlähmung in Galizien verschärft sich trotz der Unterstützung des EuGH: weitere Blockaden, 10 Milliarden Menschen in Gefahr und eine Industrieflucht. Die TSXG hält 3.500 MW in hundert Parks blockiert, während sie weiterhin Projekte verfolgt.
Weitere Informationen: Die Xunta de Galicia bittet die TSXG um „Geschwindigkeit“ für die „Wind-Entriegelung“: „Wir warten seit Monaten“","Paralysis ventus in Galicia augetur obstante auxilio CJEU: plures obsidetiones, 10 miliarda in periculo et fuga industrialis. TSXG custodit 3,500 MW in centum paradisis inclusit, dum incepta persequi pergit.
Plura: Xunta de Galicia petit TSXG pro ""celeritate"" pro ""venti reseratione"": ""menses exspectavimus""",Chile,SWS,South-America,wmo
806eea4b8491a6b00b7c77fa77e7ec46,2026-02-02T03:24:00Z,Drought,,news.livedoor.com,ja,0.9,【天気解説】日本海側は雪崩や落雪、除雪作業中の事故に注意！太平洋側では空気乾燥続く…西日本では局地的に“にわか雨・雪”,今週も引き続き、太平洋側では空気の乾燥した状態が続きます。一方、日本海側は気温の変化が大きくなるため、雪崩や落雪、路面状況の悪化、除雪作業中の事故にご注意ください。きょうは冬型の気圧配置で、山陰から北日本の日本海側で雪の所があるでしょう。また、低気圧が近づくため、西日本は太平洋側でも局地的に、にわか雨やにわか雪がありそうです。大阪は夜、一時的に雨が降るでしょう。関東は広く晴れますが、千葉県と茨城県では夕方から夜に雨の降る所がある見込みです。＜きょ全文TBS NEWS DIG 02月02日12時24分,https://news.livedoor.com/article/detail/30494936/,https://image.news.livedoor.com/newsimage/stf/9/a/9a59b_1796_a8748c28_f042f372.jpg,,20 -11 15 45 59 11101010813111418,"[Weather Commentary] Be careful of avalanches, falling snow, and accidents during snow removal work on the Japan Sea side! The air continues to be dry on the Pacific side...locally ""showers and snow"" in western Japan.Dry air continues on the Pacific side this week as well. On the Sea of ​​Japan side, on the other hand, the temperature changes significantly, so please be careful of avalanches, falling snow, deterioration of road conditions, and accidents while removing snow. Today is a winter-like atmospheric pressure pattern, and there will be snow in places from the Sanin area to the Sea of ​​Japan side of northern Japan. In addition, as a low pressure system approaches, it is likely that there will be localized rain and snow showers in western Japan, even on the Pacific side. It will rain briefly in Osaka at night. The Kanto region will be largely sunny, but there will be some places in Chiba and Ibaraki prefectures where it will rain in the evening and night. <Kyo full text TBS NEWS DIG February 2nd 12:24","[Wetterkommentar] Seien Sie vorsichtig bei Lawinen, fallendem Schnee und Unfällen bei Schneeräumarbeiten auf der Seite des Japanischen Meeres! Die Luft auf der Pazifikseite bleibt weiterhin trocken ... örtlich „Schneeschauer und Schnee“ im Westen Japans. Auch auf der Pazifikseite herrscht diese Woche weiterhin trockene Luft. Auf der Seite des Japanischen Meeres hingegen schwankt die Temperatur erheblich. Achten Sie daher bitte auf Lawinen, fallenden Schnee, eine Verschlechterung der Straßenverhältnisse und Unfälle beim Schneeräumen. Heute herrscht ein winterähnliches Luftdruckmuster, und stellenweise wird es vom Sanin-Gebiet bis zur Seite des Japanischen Meeres im Norden Japans schneien. Wenn sich außerdem ein Tiefdruckgebiet nähert, ist es wahrscheinlich, dass es im Westen Japans, sogar auf der Pazifikseite, örtlich zu Regen- und Schneeschauern kommt. In der Nacht wird es in Osaka kurz regnen. In der Kanto-Region wird es größtenteils sonnig sein, aber es wird einige Orte in den Präfekturen Chiba und Ibaraki geben, an denen es abends und nachts regnen wird. <Kyo Volltext TBS NEWS DIG 2. Februar 12:24","[Weather Commentary] Cave avalanches, nives cadentes, et accidentia per remotionem nivis laborem in parte Maris Iaponiae! Aer siccescit in latere Pacifico... localiter ""pluvia et nives"" in Iaponia occidentali. Aer siccus in latere Pacifico pergit hac septimana etiam. In Mari Iaponia parte, altera ex parte, temperaturas significanter mutat, ut cave quaeso avalanches, nives cadentes, deterioratio condicionum viarum, et accidentia dum nives removent. Hodie instar pressionis atmosphaerae hiemalis est, et nives erunt in locis ab area Sanin ad Mare Iaponiae latere Iaponiae septentrionalis. Praeterea, ut ratio pressionis gravis appropinquat, verisimile est imbres et imbres nivis locales in Iaponia occidentali, etiam in latere Pacifico, futuras esse. Breviter in Osaka noctu pluet. Regio Kanto late aprica erit, sed nonnulla loca praefecturae Chiba et Ibaraki erunt ubi vespere et nocte pluet. <Kyo full text TBS NUNTII DIG Februarii 2nd 12:24",,,,random
726cbb6b5e641f6541d039a4a19b539d,2026-02-02T04:00:13Z,Flood,,www.courrierinternational.com,fr,0.3,Jeux olympiques 2026 : à quand du handball ou du judo aux JO d’hiver ?,"Alors que la croissance des Jeux d’été donne des signes d’essoufflement, le potentiel de développement de leurs cousins d’hiver fait saliver plusieurs dirigeants sportifs : ils envisagent de renoncer à la règle selon laquelle tous les sports des JO d’hiver do…",https://www.courrierinternational.com/article/vu-d-espagne-jeux-olympiques-2026-a-quand-du-handball-ou-du-judo-aux-jo-d-hiver_239343,https://focus.courrierinternational.com/2025/12/29/0/0/5656/3770/1200/630/60/0/f03cc02_ftp-1-i0nmrfnybpvp-2025-12-29t130907z-493265781-rc2xgcaykck1-rtrmadp-3-olympics-2026-music.JPG,,"Les Jeux olympiques vivent de la télévision. Cela vous surprend ? Les chaînes qui achètent les droits de retransmission sont celles qui offrent la fête. Elles déboursent des sommes faramineuses, mais… [+1089 chars]","2026 Olympic Games: when will handball or judo be at the Winter Olympics? While the growth of the Summer Games shows signs of slowing down, the development potential of their winter cousins ​​has several sports leaders salivating: they are considering renouncing the rule according to which all sports in the Winter Olympics must…","Olympische Spiele 2026: Wann werden Handball oder Judo bei den Olympischen Winterspielen dabei sein? Während das Wachstum der Sommerspiele Anzeichen einer Verlangsamung zeigt, löst das Entwicklungspotenzial ihrer Winter-Cousins ​​mehrere Sportführer aus: Sie erwägen, auf die Regel zu verzichten, nach der alle Sportarten bei den Olympischen Winterspielen…","2026 Olympia: quando pila aut judo erit in Olympia Hiemalia? Dum ludi aestivi incrementum ostendit tarditatis signa, progressus potentialis cognati sui hiberni plures principes lusos salivating habet: considerant regulam renuntiantes secundum quam omnes ludi in Olympia Hiemalia debent…",France,WCE,Europe,wmo
dc9d428ac7904d137bff18fec4a9e6e2,2026-02-02T05:30:08Z,Earthquake,,www.huffingtonpost.fr,fr,0.3,Comment les Jeux olympiques d’hiver doivent se réinventer pour ne pas disparaître après 2050,L’organisation de Milan Cortina a fait un pas pour adapter les JO au réchauffement climatique. Mais la route est encore longue pour faire perdurer la tenue de l’événement tout au long du XXIe siècle.,https://www.huffingtonpost.fr/environnement/article/comment-les-jeux-olympiques-d-hiver-doivent-se-reinventer-pour-ne-pas-disparaitre-apres-2050_259684.html,https://focus.huffingtonpost.fr/2026/01/27/717/0/8256/4644/1820/1023/75/0/1e9ecb2_upload-1-9kxumtnwagt0-afp-20260126-93wd8nx-v1-highres-oly2026milanocortinapackagelivigno.jpg,,"EN BREFLes JO de Milan Cortina ont décidé déclater les sites de compétition, un premier pas à ladaptation au réchauffement climatique.Le nombre de pays capables daccueillir lévénement va sérieusement… [+6126 chars]",How the Winter Olympics must reinvent themselves so as not to disappear after 2050. The Milan Cortina organization has taken a step to adapt the Olympics to global warming. But there is still a long way to go to sustain the event throughout the 21st century.,"Wie sich die Olympischen Winterspiele neu erfinden müssen, um nach 2050 nicht zu verschwinden. Die Mailänder Cortina-Organisation hat einen Schritt unternommen, um die Olympischen Spiele an die globale Erwärmung anzupassen. Es ist jedoch noch ein langer Weg, um sicherzustellen, dass die Veranstaltung im 21. Jahrhundert fortbesteht.",Olympia hiemalia quomodo se renovare debent ut non post 2050 evanescant. Organizationis Mediolanensis Cortina gradum cepit ad Olympia calefactionem globali adaptanda. Sed adhuc longa via est ad rem sustinendam toto saeculo XXI.,Vanuatu,SPO,Oceania,usgs
db1030baf2e9db889dda8ba2d790366e,2026-02-02T06:00:00Z,Snow&Ice,,www.challenges.fr,fr,0.7,"""Des moments de frayeur où je m'endormais au volant"" : RH ou médecin le jour et qualifiées aux JO, la double vie des hockeyeuses françaises","La plupart des joueuses de l’équipe de France de hockey sur glace, qui vont disputer leurs premiers JO d’hiver à partir du 5 février, ne sont pas rémunérées et doivent exercer un autre métier en parallèle. Sophie Leclerc, en médecine libérale, et Anaé Simon, …",https://www.challenges.fr/economie/des-moments-de-frayeur-ou-je-mendormais-au-volant-rh-ou-medecin-le-jour-et-qualifiees-aux-jo-la-double-vie-des-hockeyeuses-francaises_638223,https://www.challenges.fr/_ipx/f_jpg&enlarge_true&s_1200x630/cha/static/2026-01/48317.HR.jpg%3FVersionId=_uHGIG0OMy2cKLqE6Kd3sCf7f6oqg9Vd,,"À parcourir trop vite le profil LinkedIn dAnaé Simon, on pourrait ny voir quune salariée du secteur des ressources humaines parmi tant d'autres. Dans quelques jours pourtant, la jeune femme délaisser… [+4891 chars]","“Moments of fear when I fell asleep at the wheel”: HR or doctor by day and qualified for the Olympics, the double life of French hockey players. Most of the players on the French ice hockey team, who will compete in their first Winter Olympics from February 5, are not paid and must work another job in parallel. Sophie Leclerc, in private medicine, and Anaé Simon, …","„Momente der Angst, wenn ich am Steuer einschlief“: Personalabteilung oder Arzt bei Tag und Qualifikation für die Olympischen Spiele, das Doppelleben französischer Eishockeyspieler. Die meisten Spieler der französischen Eishockeymannschaft, die ab dem 5. Februar ihre ersten Olympischen Winterspiele bestreiten, erhalten kein Gehalt und müssen parallel einem anderen Job nachgehen. Sophie Leclerc, Privatärztin, und Anaé Simon, …","""Momenta timoris cum in rota dormivi"": HR vel medicus die et Olympiae idoneus, duplex vita Gallicorum hockey histriones. Plerique lusorum in hockey team Gallico, qui in prima Olympia Hiemalia a V Februarii certabunt, non solvi debent et aliud officium in parallelis operari debent. Sophie Leclerc, in medicina privata, et Anaé Simon.",France,WCE,Europe,wmo
5b56214de560801f4d937b96b817f772,2026-02-02T06:00:01Z,Flood,,www.franceinfo.fr,fr,0.3,"JO d'hiver 2026 : Mikaela Shiffrin, Sidney Crosby, Johannes Klaebo... Les 10 stars à suivre aux Jeux de Milan Cortina","Les Jeux olympiques d'hiver s'ouvrent officiellement vendredi, mais des épreuves commencent dès mercredi en Italie.",https://www.franceinfo.fr/les-jeux-olympiques/milan-cortina-2026/jo-d-hiver-2026-mikaela-shiffrin-sidney-crosby-johannes-klaebo-les-10-stars-a-suivre-aux-jeux-de-milan-cortina_7772759.html,https://www.franceinfo.fr/pictures/g-5rD6utakczVaWUT3YTpntDCTk/0x0:2000x1124/1500x843/2026/02/01/design-sans-titre-41-697fd3dd94a71443563306.png,http://web.archive.org/web/20260202080831/https://www.franceinfo.fr/les-jeux-olympiques/milan-cortina-2026/jo-d-hiver-2026-mikaela-shiffrin-sidney-crosby-johannes-klaebo-les-10-stars-a-suivre-aux-jeux-de-milan-cortina_7772759.html,"Le spectacle débute dès le mercredi 4 février. Parmi les 2 900 athlètes sélectionnés pour participer aux Jeux olympiques de Milan Cortina (du 6 au 22 février), franceinfo:sport a sélectionné 10 stars… [+7555 chars]","Winter Olympics 2026: Mikaela Shiffrin, Sidney Crosby, Johannes Klaebo... The 10 stars to follow at the Milan Cortina Games. The Winter Olympics officially open on Friday, but events begin on Wednesday in Italy.","Olympische Winterspiele 2026: Mikaela Shiffrin, Sidney Crosby, Johannes Klaebo ... Die 10 Stars, die bei den Cortina-Spielen in Mailand folgen werden. Die Olympischen Winterspiele werden offiziell am Freitag eröffnet, die Veranstaltungen beginnen jedoch bereits am Mittwoch in Italien.","Olympia hiemalia 2026: Mikaela Shiffrin, Sidney Crosby, Johannes Klaebo... X stellae quae sequuntur in Ludi Mediolanensis Cortinae. Olympia Hiemalia publice Veneris die aperta sunt, sed eventus die Mercurii in Italia incipiunt.",France,WCE,Europe,wmo
966ff06ca3fc4799a2375c3089dd5dfe,2026-02-02T07:37:04Z,Earthquake,,hindi.moneycontrol.com,hi,0.3,"T20 World Cup 2026: ₹316 करोड़ का नुकसान, फुल टाइम सस्पेंड! भारत के साथ मैच का किया बहिष्कार, तो बिक जाएगा पाकिस्तान","क्रिकेट की दुनिया में इस समय जबरदस्त हलचल मची हुई है। ICC मेंस T20 वर्ल्ड कप 2026 शुरू होने से पहले ही विवादों के घेरे में आ गया है। भारत और पाकिस्तान के बीच होने वाले मैच को लेकर जो तनाव पैदा हुआ है, वो क्रिकेट के भविष्य को हमेशा के लिए बदल सकता है। पाकिस्ता…",https://hindi.moneycontrol.com/sports/cricket/t20-world-cup-loss-of-316-crore-psl-noc-full-time-suspension-boycotting-india-match-will-cost-pakistan-dearly-article-2358668.html,https://images.moneycontrol.com/static-hindinews/2026/02/Pakistan-PCB-Team.jpg,,"ICC T20 2026 , , ICC , , ICC 
 : 
 , () , ICC 
(PCB) , 15 - 
ICC : 
NDTV , ICC ICC 48 
 , :
<ul><li>1. : ICC , 3.45 ( 316 ) </li><li>2. PSL : (PSL) NOC ( ) </li><li>3. : , , </li></ul>
 : 
A… [+72 chars]","T20 World Cup 2026: Loss of ₹316 crore, full time suspended! If you boycott the match with India, Pakistan will be sold. There is a tremendous stir in the world of cricket at the moment. The ICC Men's T20 World Cup 2026 has been embroiled in controversies even before its start. The tension that has arisen regarding the match between India and Pakistan can change the future of cricket forever. Pakistan…","T20 World Cup 2026: Verlust von ₹316 crore, Vollzeitsperre! Wenn Sie das Spiel gegen Indien boykottieren, wird Pakistan verkauft. In der Welt des Cricket herrscht derzeit großes Aufsehen. Der ICC Men's T20 World Cup 2026 war schon vor seinem Start in Kontroversen verwickelt. Die Spannungen, die im Zusammenhang mit dem Spiel zwischen Indien und Pakistan entstanden sind, können die Zukunft des Cricket für immer verändern. Pakistan…","T20 World Cup 2026: Damnum ₹316 crore, plenum tempus suspendisse! Si simul boycott pronuntiaverit cum India, Pakistan vendetur. Est ingens motus in mundo cicada momento. ICC Hominum T20 Trophaeum Mundi 2026 in controversiis ante eius initium versatum est. Contentio orta circa certamen inter Indiam et Pakistania futurum cicada in aeternum mutare potest. Etiam quis purus…",Timor Leste,SEA,Asia,usgs
56715822d1241a7d5ce3712ed726a2b4,2026-02-02T09:53:08Z,Precipitation,,www.ilgiornale.it,it,0.3,Il ritorno della neve in pianura: ecco quando e dove,L’arrivo di una nuova perturbazione provocherà nevicate anche su alcune aree pianeggianti del Nord: ecco dove è attesa la dama bianca e le condizioni atmosferiche sul resto del Paese,https://www.ilgiornale.it/news/attualit/ritorno-neve-pianura-ecco-quando-e-dove-2604049.html,https://img.ilgcdn.com/sites/default/files/styles/social/public/foto/2026/01/07/1767773924-azuteom-o58-u-fr4mig-lapresse.jpeg?_=1767773924,http://web.archive.org/web/20260202115409/https://www.ilgiornale.it/news/attualit/ritorno-neve-pianura-ecco-quando-e-dove-2604049.html,"Larrivo di una nuova perturbazione provocherà nevicate anche su alcune aree pianeggianti del Nord: ecco dove è attesa la dama bianca e le condizioni atmosferiche sul resto del Paese
Il tempo sullIta… [+2353 chars]",The return of snow to the plains: here's when and where. The arrival of a new disturbance will also cause snowfall in some flat areas of the North: this is where the white lady is expected and the weather conditions in the rest of the country,"Die Rückkehr des Schnees in die Ebenen: Hier erfahren Sie, wann und wo. Das Eintreffen einer neuen Störung wird auch in einigen flachen Gebieten des Nordens zu Schneefall führen: Hier wird die weiße Dame erwartet und die Wetterbedingungen im Rest des Landes","Reditus nivis in campos: hic ubi et ubi. Adventus novae perturbationis etiam nix in nonnullis campestribus locis septentrionalis causabit: hoc est, ubi domina alba expectatur et condiciones tempestatum in reliqua regione.",Libya,SAH,Africa,wmo
ecbcddce9c547d4c0741bcac59a90bfd,2026-02-02T09:58:32Z,Heat Wave,,www.aljazeera.net,ar,0.9,ضعف بطارية السيارة في الشتاء: علامات تحذيرية لا تتجاهلها,تتزايد أعطال بطاريات السيارات مع انخفاض درجات الحرارة بسبب تباطؤ التفاعلات الكيميائية وزيادة استهلاك الكهرباء. خبراء ألمان ينصحون بتقليل الرحلات القصيرة وفحص البطارية دوريًا لتفادي التوقف المفاجئ.,https://www.aljazeera.net/motors/2026/2/2/%d8%b6%d8%b9%d9%81-%d8%a8%d8%b7%d8%a7%d8%b1%d9%8a%d8%a9-%d8%a7%d9%84%d8%b3%d9%8a%d8%a7%d8%b1%d8%a9-%d9%81%d9%8a-%d8%a7%d9%84%d8%b4%d8%aa%d8%a7%d8%a1-%d8%b9%d9%84%d8%a7%d9%85%d8%a7%d8%aa,https://www.aljazeera.net/wp-content/uploads/2026/02/GettyImages-1367023768-1769952018.jpg?resize=1920%2C1280&quality=80,http://web.archive.org/web/20260202135839/https://www.aljazeera.net/motors/2026/2/2/%d8%b6%d8%b9%d9%81-%d8%a8%d8%b7%d8%a7%d8%b1%d9%8a%d8%a9-%d8%a7%d9%84%d8%b3%d9%8a%d8%a7%d8%b1%d8%a9-%d9%81%d9%8a-%d8%a7%d9%84%d8%b4%d8%aa%d8%a7%d8%a1-%d8%b9%d9%84%d8%a7%d9%85%d8%a7%d8%aa,"4 5 ()
.
 4 / /.
 .
 .
 ()
. .
 .
 .
 (AvD) 3 .
 . .
 30 .
 ()
12 .
 .
 . .
 .
 4 5 .",Weak car battery in winter: warning signs that you should not ignore. Car battery failures increase as temperatures drop due to slower chemical reactions and increased electricity consumption. German experts advise reducing short trips and checking the battery periodically to avoid a sudden stop.,"Schwache Autobatterie im Winter: Warnzeichen, die Sie nicht ignorieren sollten. Ausfälle von Autobatterien nehmen zu, wenn die Temperaturen aufgrund langsamerer chemischer Reaktionen und erhöhtem Stromverbrauch sinken. Deutsche Experten raten dazu, kurze Fahrten zu reduzieren und die Batterie regelmäßig zu überprüfen, um einen plötzlichen Stopp zu vermeiden.",Debilis currus altilium in hieme: signa praenuntia ne ignorare debes. Currus altilium defectis augentur ut temperaturae guttae ob tardius motus chemicas et consummatio electricitatis augetur. Periti Germani brevia itinera minuendo monent et intervenit ut pilae inhibeantur ne subitum desinant.,,,,random
2f4e93e05bfde9c05dce77a3c22d809d,2026-02-02T10:00:00Z,Snow&Ice,,wattsupwiththat.com,en,0.2,Weekly Climate and Energy News Roundup #677,Quote of the Week: “Insight must precede application.”,https://wattsupwiththat.com/2026/02/02/weekly-climate-and-energy-news-roundup-677/,https://i0.wp.com/wattsupwiththat.com/wp-content/uploads/2026/02/charlesrotter_gorgeous_scenic_photo_of_mono_lake_with_snow_midjourney.webp?fit=1024%2C512&quality=75&ssl=1,http://web.archive.org/web/20260202132355/https://wattsupwiththat.com/2026/02/02/weekly-climate-and-energy-news-roundup-677/,"Quote of the Week: Insight must precede application. 
  Max Planck
Number of the Week: 1-day in10 Years.
*********************
THIS WEEK:By Ken Haapala, President, Science and Environmental Polic… [+76943 chars]",Weekly Climate and Energy News Roundup #677. Quote of the Week: “Insight must precede application.”,Wöchentliche Zusammenfassung der Klima- und Energienachrichten Nr. 677. Zitat der Woche: „Einsicht muss der Anwendung vorausgehen.“,"Weekly Climate and Energy News Rotundus #677. Locum Hebdomadae: ""Perspectio praecedere debet applicationem"".",United States,CNA,North-America,wmo
42a9b90328dbde4d7521a0ee1c55d770,2026-02-02T10:30:01Z,Drought,,news.livedoor.com,ja,0.9,【あすの天気】日本海側の雪は次第に止む所多い　太平洋側は晴れて空気の乾燥した状態,【ポイント】・節分（3日）は冬型が緩み、日本海側の雪も小康状態。・関東は冷たい北風がやや強まる。・4日（水）は「立春」。春の気配を感じる暖かさ。・6日（金）は北日本を発達した低気圧が通過。北海道は猛ふぶき。・週後半は全国的に3月並みが多いが、土日は再び厳しい寒さ。【全国の天気】3日（火）は季節の変わり目、「節分」です。真冬並みの寒さが続きますが、日本海側の雪は次第に止む所が多いでしょう。一方、太平洋側は晴れて、空気の乾燥した状態が続きそうです。朝は東全文日テレNEWS NNN 02月02日19時30分,https://news.livedoor.com/article/detail/30498827/,https://image.news.livedoor.com/newsimage/stf/f/1/f1bb9_1110_81ae4922_25c5bd6f.jpg,,"3
463
3110
-6±0 2-2-1 11 31-2 -31 20-1 31 21-1 1±0 2-2 2-2 13-2 
11 26-1 52 11-1 24-1 9±0 8-1 112 2131 2111 14±0 18±0 
456","[Tomorrow's weather] The snow on the Sea of ​​Japan side will gradually stop in many places, and the Pacific side will be sunny and dry. [Points] - On Setsubun (3rd), the winter type will loosen, and the snow on the Sea of ​​Japan side will also be in a lull.・Cold northerly winds will become slightly stronger in the Kanto region.・The 4th (Wednesday) is the ""first day of spring."" Warmth that makes you feel the signs of spring.・On the 6th (Friday), a developed low pressure system passed over northern Japan. Hokkaido is raging.・The second half of the week will be colder than in March nationwide, but Saturday and Sunday will be bitterly cold again. [Nationwide Weather] Tuesday the 3rd marks the change of seasons, ``Setsubun''. It will continue to be as cold as mid-winter, but the snow on the Sea of ​​Japan side will gradually stop in many places. On the other hand, the Pacific side is expected to remain sunny and dry. In the morning, Tozen Zen Nippon Television NEWS NNN February 2, 19:30","[Das Wetter von morgen] Der Schneefall auf der Seite des Japanischen Meeres wird vielerorts allmählich aufhören, und auf der Pazifikseite wird es sonnig und trocken sein. [Punkte] – Am Setsubun (3.) wird der Wintertyp lockerer und der Schnee auf der Seite des Japanischen Meeres wird ebenfalls nachlassen.・Kalte Nordwinde werden in der Kanto-Region etwas stärker.・Der 4. (Mittwoch) ist der „erste Tag des Frühlings“. Wärme, die einem die Zeichen des Frühlings spüren lässt.・Am 6. (Freitag) zog ein entwickeltes Tiefdruckgebiet über Nordjapan. Hokkaido tobt.・Die zweite Wochenhälfte wird landesweit kälter als im März, aber Samstag und Sonntag wird es erneut bitterkalt. [Landesweites Wetter] Dienstag, der 3., markiert den Wechsel der Jahreszeiten, „Setsubun“. Es wird weiterhin so kalt wie mitten im Winter sein, aber auf der Seite des Japanischen Meeres wird es vielerorts allmählich aufhören zu schneien. Auf der Pazifikseite hingegen wird voraussichtlich sonnig und trocken bleiben. Morgens, Tozen Zen Nippon Television NEWS NNN 2. Februar, 19:30 Uhr","[Cras tempestas] Nix in Mari Iaponia paulatim in multis locis cessabit, et latus Pacificum serenum et siccum erit. [Points] - In Setsubun (3rd), genus hiemalis solvet, et nix in Mari Iaponiae parte etiam in quiete erit. ・ Venti septentrionales frigidi in regione Kanto paulo fortiores fient. 4th (Wednesday) est ""primus dies veris."" Calor, qui sentias signa veris. ・ Die VI (Veneris) ratio pressionis humilis progressa transivit in Iaponiam septentrionalem. Hokkaido furit. ・ Secunda medietas hebdomadis frigidior erit quam in Natione Martio, sed Saturni et Solis iterum acerbe frigent. [Tempestas Nationum] Die Martis III denotat mutationem temporum `Setsubun'. Perget tam frigida quam media hieme, sed nix in Mari Iaponia multis in locis paulatim subsistet. E contra, latus Pacificum expectatur apricum et siccum manere. Mane, Tozen Zen Nippon televisificae News NNN February 2, 19:30",,,,random
d1c751fa82ab678e74863a0b47223793,2026-02-02T11:10:43Z,Storm,,gizbr.uol.com.br,pt,0.3,Satélite flagra “boneco de neve” gigante na Sibéria,"Imagem capturada pelo Landsat 8 mostra sequência de lagoas ovais na Península de Chukchi, próximo à localidade de Billings, na costa do Oceano Ártico.
The post Satélite flagra “boneco de neve” gigante na Sibéria appeared first on Giz Brasil.",https://gizbr.uol.com.br/satelite-flagra-boneco-de-neve-gigante-na-siberia/,https://gizbr.uol.com.br/wp-content/blogs.dir/8/files/2026/01/mSSpe68bG62PnZwfFibaHS.jpg,,"O satélite Landsat 8, operado pela NASA, capturou uma formação natural que se assemelha a um boneco de neve quando observada do espaço. A imagem foi registrada em junho de 2025, mostrando uma sequênc… [+2578 chars]","Satellite captures giant “snowman” in Siberia. Image captured by Landsat 8 shows a sequence of oval lagoons on the Chukchi Peninsula, near the town of Billings, on the coast of the Arctic Ocean. The post Satellite captures giant “snowman” in Siberia appeared first on Giz Brasil.","Satellit erfasst riesigen „Schneemann“ in Sibirien. Das von Landsat 8 aufgenommene Bild zeigt eine Abfolge ovaler Lagunen auf der Tschuktschen-Halbinsel in der Nähe der Stadt Billings an der Küste des Arktischen Ozeans.
Der Beitrag Satellit erfasst riesigen „Schneemann“ in Sibirien erschien zuerst auf Giz Brasil.","Satellites gigantem ""nive"" in Sibiria capit. Imago capta a Landsat 8 sequentiam lacunarum ovalium in Peninsula Chukchi, prope Billings oppidum, in litore Oceani arctici ostendit.
Postes Satellites gigantem ""nivem"" in Siberia primum apparuit in Giz Brasil.",Portugal,MED,Europe,wmo
69d20ae8695bd78db4b4210984402a07,2026-02-02T11:59:48Z,Snow&Ice,,www.ansa.it,it,0.7,">>>ANSA/ Due valanghe in Friuli, muore uno scialpinista, 5 si salvano","Uno scialpinista morto, uno ferito e altri quattro salvi: è il bilancio di due slavine che sono cadute nel primo pomeriggio a Casera Razzo, al confine tra il Friuli Venezia Giulia e il Veneto, e a Sella Nevea (Udine). (ANSA)",https://www.ansa.it/friuliveneziagiulia/notizie/2026/02/01/ansa-due-valanghe-in-friuli-muore-uno-scialpinista-5-si-salvano_c99b1334-2ae7-4a86-9ff1-0b950f53f32a.html,https://www.ansa.it,http://web.archive.org/web/20260202163732/https://www.ansa.it/friuliveneziagiulia/notizie/2026/02/01/ansa-due-valanghe-in-friuli-muore-uno-scialpinista-5-si-salvano_c99b1334-2ae7-4a86-9ff1-0b950f53f32a.html,"(di Francesco De Filippo)
 Uno scialpinista morto, uno ferito
e altri quattro salvi: è il bilancio di due slavine che sono
cadute nel primo pomeriggio a Casera Razzo, al confine tra il
Friuli Ven… [+3205 chars]",">>>ANSA/ Two avalanches in Friuli, a ski mountaineer dies, 5 are saved. One ski mountaineer dead, one injured and four others safe: this is the toll of two avalanches that fell in the early afternoon in Casera Razzo, on the border between Friuli Venezia Giulia and Veneto, and in Sella Nevea (Udine). (HANDLE)",">>>ANSA/ Zwei Lawinen im Friaul, ein Skibergsteiger stirbt, 5 werden gerettet. Ein toter Skibergsteiger, einer verletzt und vier weitere in Sicherheit: Das ist die Bilanz zweier Lawinen, die am frühen Nachmittag in Casera Razzo an der Grenze zwischen Friaul-Julisch Venetien und Venetien und in Sella Nevea (Udine) niedergegangen sind. (HANDHABEN)",">>>ANSA/ Duae avalanches in Carnis, montanus ski moritur, 5 salvantur. Monstarius unus ski mortuus, unus vulneratus et quattuor alii tutus: hoc est theloneum duarum avalancherum, quae in Casera Razzo, in confinio Friuli Venezia et Giulia et Veneto in meridiem ceciderunt, et in Sella Nevea. (CONTRACTO)",Italy,MED,Europe,wmo
04d05fe62193986768af51605fd43698,2026-02-02T14:48:15Z,Storm,,www.tuttoandroid.net,it,0.3,In che modo Google Home prevede il tempo?,"Scopriamo insieme in che modo Google Home è in grado di prevedere il meteo.
L'articolo In che modo Google Home prevede il tempo? proviene da TuttoAndroid.",https://www.tuttoandroid.net/news/2026/02/02/google-home-come-prevede-meteo-1138162/,https://img.tuttoandroid.net/wp-content/uploads/2025/10/Google-Home-app-Logo-2025-tta.jpg,,"Quando diamo un’occhiata allo schermo di Google Home, anche se preferiamo mantenerlo libero da troppi widget, c’è un’informazione che quasi sempre spicca sulle altre: il meteo. Un’icona che rappresen… [+6696 chars]","How does Google Home predict the weather?. Let's find out together how Google Home is able to predict the weather.
The article How does Google Home predict the weather? comes from TuttoAndroid.","Wie sagt Google Home das Wetter voraus? Lassen Sie uns gemeinsam herausfinden, wie Google Home das Wetter vorhersagen kann.
Der Artikel Wie sagt Google Home das Wetter voraus? kommt von TuttoAndroid.","Quomodo Google Domum tempestatem praedicat? Simul inveniamus quomodo Google Home tempestatem praedicere possit.
Articulus Quomodo Google Domum tempestatem praedicit? venit ex TuttoAndroid.",Italy,MED,Europe,wmo
544096a33e2c4f466fae9edf63967ec8,2026-02-02T19:26:08Z,Precipitation,,www.ansa.it,it,0.3,"Milano Cortina: Brasile ai Giochi sognando la prima medaglia, ""Possiamo farcela""","Con una delegazione inedita di 20 atleti, il Brasile si presenta alle Olimpiadi invernali di Milano e Cortina d'Ampezzo con concrete possibilità di conquistare la prima medaglia della sua storia nel grande evento sportivo, un traguardo significativo per un...…",https://www.ansa.it/sito/notizie/sport/altrisport/2026/02/02/milano-cortina-brasile-ai-giochi-sognando-la-prima-medaglia-possiamo-farcela_611428fc-3628-420e-bd29-524e5cf2a63d.html,https://www.ansa.it/webimages/img_1129x635/2026/1/28/e133496232f0a04215653f9efa8a5bc6.jpg,,"Con una delegazione inedita di
20 atleti, il Brasile si presenta alle Olimpiadi invernali di
Milano e Cortina d'Ampezzo con concrete possibilità di
conquistare la prima medaglia della sua storia n… [+1571 chars]","Milan Cortina: Brazil at the Games dreaming of their first medal, ""We can do it"". With an unprecedented delegation of 20 athletes, Brazil presents itself at the Winter Olympics in Milan and Cortina d'Ampezzo with a concrete possibility of winning the first medal in its history in the great sporting event, a significant achievement for a...…","Milan Cortina: Brasilien träumt bei den Spielen von seiner ersten Medaille: „Wir schaffen das.“ Mit einer beispiellosen Delegation von 20 Athleten präsentiert sich Brasilien bei den Olympischen Winterspielen in Mailand und Cortina d'Ampezzo mit einer konkreten Chance, bei diesem großen Sportereignis die erste Medaille seiner Geschichte zu gewinnen, ein bedeutender Erfolg für ...","Milan Cortina: Brazil in Ludis primum numisma somniantes ""Possumus facere"". Inaudita delegatione XX athletarum, Brasilia in Olympia Hiemali Mediolani et Cortina d'Ampezzo se offert cum concreto possibilitate conciliandi primum numisma in historia sua in magno eventu ludibrio, res insignis ob ....",Libya,SAH,Africa,wmo
3f59012f6c2a6f7c28820c0250effdb8,2026-02-02T20:08:18Z,Heat Wave,,garotasestupidas.com,pt,0.9,5 drinks para fazer na temporada de verão,"O clima quente chegou e, com ele, nada melhor do que receitas leves para encarar o calor da...
O post 5 drinks para fazer na temporada de verão apareceu primeiro em Garotas Estúpidas.",https://garotasestupidas.com/5-drinks-para-fazer-na-temporada-de-verao/,https://garotasestupidas.com/wp-content/uploads/2026/02/Macunaima-drink-bebida-garotas-estupidas.jpg,,"O clima quente chegou e, com ele, nada melhor do que receitas leves para encarar o calor da melhor maneira. Selecionamos cinco drinques que funcionam em diferentes ocasiões, seja com amigos, na praia… [+2189 chars]","5 drinks to make during the summer season. The hot weather has arrived and, with it, nothing better than light recipes to face the heat... The post 5 drinks to make during the summer season appeared first on Garotas Estúpidas.","5 Getränke für die Sommersaison. Das heiße Wetter ist da und mit ihm gibt es nichts Besseres als leichte Rezepte, um der Hitze zu trotzen ...
Der Beitrag „5 Getränke, die man in der Sommersaison zubereiten sollte“ erschien zuerst auf Garotas Túpidas.","V bibat tempore aestivo facere. Aestus advenit et, cum ea, nihil melius est quam felis lucis ad calorem opponere.
Post 5 potiones ad faciendum tempus aestatis apparuit primum in Garotas Túpidas.",,,,random
b3f4b1a694ed09b1ef88366a2012a3ee,2026-02-02T20:44:34Z,Storm,,www.metropoles.com,pt,0.7,Nevasca nos EUA causa “chuva de iguanas” debaixo de árvores. Entenda,"Por serem animais de sangue frio, temperatura congelante dos Estados Unidos está prejudicado a sobrevivência de iguanas na Flórida",https://www.metropoles.com/ciencia/nevasca-eua-chuva-de-iguanas,https://images.metroimg.com/2026/02/iguana.jpg,,"Além de provocar mortes por todo o país, a forte nevasca que atinge os Estados Unidos tem prejudicado a sobrevivência das iguanas na Flórida. Acostumado a viver em um estado historicamente mais quent… [+1763 chars]","Blizzard in the USA causes “iguana rain” under trees. Understand. Because they are cold-blooded animals, the freezing temperature in the United States is hampering the survival of iguanas in Florida","Schneesturm in den USA verursacht „Leguanregen“ unter Bäumen. Verstehen. Da es sich um kaltblütige Tiere handelt, beeinträchtigen die eisigen Temperaturen in den Vereinigten Staaten das Überleben der Leguane in Florida","Blizzard in USA facit pluviam iguana sub arboribus. Intellige. Quia animalia frigidis-sanguinea sunt, in Civitatibus Foederatis gelidum impedit salutem iguanarum in Florida.",,,,random
85e9bc73a735df64ad65f17cb5652026,2026-02-02T23:00:00Z,Precipitation,,moognyk.jp,ja,0.3636363636363636,ようやく麻辣湯を初体験：府中本町「蘇氏NEO 麻辣燙&拌」,麻辣湯（マーラータン）を初めて食べました。なかなか美味しかったです。週末に行った府中市郷土の森博物館からの帰り、府中本町駅に出ました。 やってきたのは昨年12月にオーブンした「蘇氏NEO 麻辣燙&拌」、最近流行っているという麻辣湯の店です。オープン前から情報は耳にしていて気になっていましたが、ようやく来ることができました。実はそもそも麻辣湯ブームをよく理解していなくて、「麻辣湯」が特定のチェーンやフランチャイズの店名かと思っていたぐらいなのですが（「七宝麻辣湯」という人気チェーンはあるみたい）、中国四川ルーツのス…,https://moognyk.jp/entry/2026/02/03/080000,https://cdn.image.st-hatena.com/image/scale/7d4817ad48cffbe922529a21db967715784d995c/backend=imagemagick;version=1;width=1300/https%3A%2F%2Fcdn-ak.f.st-hatena.com%2Fimages%2Ffotolife%2FO%2FOKP%2F20260202%2F20260202175455.jpg,,"麻辣湯（マーラータン）を初めて食べました。なかなか美味しかったです。週末に行った府中市郷土の森博物館からの帰り、府中本町駅に出ました。

やってきたのは昨年12月にオーブンした「蘇氏NEO 麻辣燙&拌」、最近流行っているという麻辣湯の店です。オープン前から情報は耳にしていて気になっていましたが、ようやく来ることができました。実はそもそも麻辣湯ブームをよく理解していなくて、「麻辣湯」が特定のチェ… [+1380 chars]","Finally, my first experience with Mala Tang: Fuchu Honmachi ``Mr. Su NEO Mala Tan & Mix''. I had Mala Tang for the first time. It was quite delicious. On my way back from Fuchu Local Forest Museum, which I went to on the weekend, I went to Fuchu Honmachi Station. The place I came to was ``Mr. Su NEO Mala Tang & Stirring,'' which opened in December last year, and is a spicy soup restaurant that has recently become popular. I had heard about it before it opened and was curious about it, but I was finally able to come. Actually, I didn't really understand the Mala Tang boom in the first place, and I thought that ``Mala Tang'' was the name of a specific chain or franchise (there seems to be a popular chain called ``Qibao Mala Tang''), but it's a restaurant with roots in China's Sichuan...","Zum Schluss meine erste Erfahrung mit Mala Tang: Fuchu Honmachi „Mr. „Su NEO Mala Tan & Mix“. Ich hatte zum ersten Mal Mala Tang. Es war ziemlich lecker. Auf dem Rückweg vom Fuchu Local Forest Museum, das ich am Wochenende besucht habe, ging ich zum Bahnhof Fuchu Honmachi. Der Ort, an den ich kam, war „Mr. „Su NEO Mala Tang & Stirring“, das im Dezember letzten Jahres eröffnet wurde, ist ein scharfes Suppenrestaurant, das in letzter Zeit sehr beliebt geworden ist. Ich hatte schon vor der Eröffnung davon gehört und war neugierig, konnte aber endlich kommen. Eigentlich habe ich den Mala Tang-Boom überhaupt nicht wirklich verstanden und dachte, „Mala Tang“ sei der Name einer bestimmten Kette oder eines Franchise-Unternehmens (es scheint eine beliebte Kette namens „Qibao Mala Tang“ zu geben), aber es ist ein Restaurant mit Wurzeln im chinesischen Sichuan …","Denique, mea prima experientia cum Mala Tang: Fuchu Honmachi `Mr. Su NEO Mala Tan & Mix''. Mala Tang primum habui. Erat admodum delectamentum. Rediens ab Fuchu Loci Silvarum Museum, quod in volutpat vestibulum adii, Fuchu Honmachi Statio ivi. Locum veni erat `Mr. Su NEO Mala Tang & Excitatio,'' quae mense Decembri proximo anno aperitur, et popina conditura pulmenti nuper factus est. Audivi prius quam aperiebatur, et curiosus eram, sed tandem venire potui. Profecto non intellexi Mala Tang boom in primo loco, et putabam `Mala Tang' esse nomen certae catenae vel libertatis (videtur esse popularis catena `Qibao Mala Tang' appellata), sed est caupona cum radicibus in Sinis Sichuan...",,,,random
cff0c5ac981fed94111aea0aeecea88f,2026-02-02T23:34:53Z,Storm,,442.perfil.com,es,0.3,Sebastián Driussi se lesionó otra vez y será baja en River por al menos tres semanas,El delantero sufrió un desgarro grado I en el isquiotibial izquierdo durante el empate ante Rosario Central. Marcelo Gallardo deberá rearmar el ataque de cara a los próximos compromisos del Torneo Apertura y la Copa Argentina. Leer más,https://442.perfil.com/noticias/futbol/sebastian-driussi-se-lesiono-otra-vez-y-sera-baja-en-river-por-al-menos-tres-semanas.phtml,https://fotos.perfil.com/2026/02/02/trim/1140/641/sebastian-driussi-2179825.jpg,http://web.archive.org/web/20260203003512/https://442.perfil.com/noticias/futbol/sebastian-driussi-se-lesiono-otra-vez-y-sera-baja-en-river-por-al-menos-tres-semanas.phtml,"Sebastián Driussisufrió un desgarro grado I en el isquiotibial izquierdo en el empate sin goles entre River y Rosario Central, por la tercera fecha del Torneo Apertura. El delantero sintió la molesti… [+2087 chars]",Sebastián Driussi was injured again and will be out of River for at least three weeks. The forward suffered a grade I tear in his left hamstring during the draw against Rosario Central. Marcelo Gallardo will have to rebuild the attack for the next matches of the Apertura Tournament and the Argentine Cup. Read more,Sebastián Driussi wurde erneut verletzt und wird River mindestens drei Wochen ausfallen lassen. Der Stürmer erlitt beim Unentschieden gegen Rosario Central einen Riss der Klasse I in der linken Oberschenkelmuskulatur. Marcelo Gallardo muss den Angriff für die nächsten Spiele des Apertura-Turniers und des argentinischen Pokals neu aufbauen. Mehr lesen,Sebastian Driussi iterum laesa est et ex Flumine per tres saltem septimanas erit. Gradus deinceps passus sum lacrimam in neruo sinistro per trahe contra Rosario Centrali. Marcelo Gallardo oppugnationem reficere debebit pro tunc compositus Apertura Tournament et Calicem Argentinum. Read more,Costa Rica,SCA,North-America,wmo
0944f2223f327f7006c1d68624b77c93,2026-02-03T03:41:42Z,Snow&Ice,,www.stern.de,de,0.8,Wetter: Glatteisgefahr im Westen - eisige Kälte im Osten,Im Westen Deutschlands ist es deutlich wärmer als im dauerfrostigen Nordosten. Doch zur Wochenmitte droht dort Glatteisgefahr durch gefrierenden Regen. Sogar eine Unwetterlage ist möglich.,https://www.stern.de/panorama/wetter--glatteisgefahr-im-westen---eisige-kaelte-im-osten-37100394.html,https://image.stern.de/37100396/t/1p/v1/w1440/r1.7778/-/03--x6sfhz6zkdv3axs2048jpeg---39ecf3c1f2e8d197.jpg,,"Kopiere den aktuellen Link
Zur Merkliste hinzufügen
Im Westen Deutschlands ist es deutlich wärmer als im dauerfrostigen Nordosten. Doch zur Wochenmitte droht dort Glatteisgefahr durch gefrierenden … [+3143 chars]",Weather: Danger of black ice in the west - icy cold in the east. It is significantly warmer in western Germany than in the permanently frosty northeast. But in the middle of the week there is a risk of black ice due to freezing rain. Even a storm is possible.,Wetter: Glatteisgefahr im Westen - eisige Kälte im Osten. Im Westen Deutschlands ist es deutlich wärmer als im dauerfrostigen Nordosten. Doch zur Wochenmitte droht dort Glatteisgefahr durch gefrierenden Regen. Sogar eine Unwetterlage ist möglich.,Tempestas: Periculum glaciei nigrae in occidente - gelidus frigus in oriente. Signanter calidius est in Germania occidentali quam in septentriones et pruinosas perpetuo. Sed in media hebdomade periculum est nigrae glaciei propter imbrem congelatum. Tempestas etiam fieri potest.,Germany,WCE,Europe,wmo
d186c16d6d40b1b4a8cbfea067a9aa97,2026-02-03T03:43:34Z,Snow&Ice,,www.tagesspiegel.de,de,0.8,Wetter: Glatteisgefahr im Westen - eisige Kälte im Osten,Im Westen Deutschlands ist es deutlich wärmer als im dauerfrostigen Nordosten. Doch zur Wochenmitte droht dort Glatteisgefahr durch gefrierenden Regen. Sogar eine Unwetterlage ist möglich.,https://www.tagesspiegel.de/gesellschaft/panorama/wetter-glatteisgefahr-im-westen-eisige-kalte-im-osten-15210846.html,https://www.tagesspiegel.de/images/15210845/alternates/BASE_16_9_W1400/1770090213000/winter-in-berlin.jpeg,,"Während die Menschen im Osten und Nordosten mit den eisigen Temperaturen zu kämpfen haben, droht im Westen und Südwesten Deutschlands zur Wochenmitte neue Glatteisgefahr. Am Dienstag fällt dort laut … [+2993 chars]",Weather: Danger of black ice in the west - icy cold in the east. It is significantly warmer in western Germany than in the permanently frosty northeast. But in the middle of the week there is a risk of black ice due to freezing rain. Even a storm is possible.,Wetter: Glatteisgefahr im Westen - eisige Kälte im Osten. Im Westen Deutschlands ist es deutlich wärmer als im dauerfrostigen Nordosten. Doch zur Wochenmitte droht dort Glatteisgefahr durch gefrierenden Regen. Sogar eine Unwetterlage ist möglich.,Tempestas: Periculum glaciei nigrae in occidente - gelidus frigus in oriente. Signanter calidius est in Germania occidentali quam in septentriones et pruinosas perpetuo. Sed in media hebdomade periculum est nigrae glaciei propter imbrem congelatum. Tempestas etiam fieri potest.,Germany,WCE,Europe,wmo
bba959986b07500d95a6f622877a6a29,2026-02-03T04:36:47Z,Thunderstorm,,www.aajtak.in,hi,0.8,"India-US ट्रेड डील पर NDA में जश्न, संसद में PM मोदी का भव्य स्वागत",अमरिका के साथ भारत की ट्रेड-डील को लेकर संसदीय दल की बैठक में प्रधानमंत्री नरेंद्र मोदी का भव्य स्वागत हुआ. पार्टी के नेताओं ने पीएम मोदी को फूलों की माला पहनाकर बधाई दी. इस दौरान सभी नेताओं ने 'भारत माता की जय' और 'वंदे मातरम' के नारे भी लगाए.,https://www.aajtak.in/india/news/story/india-us-trade-deal-pm-modi-honored-in-nda-parliamentary-meeting-ntc-dskc-2456454-2026-02-03,https://akm-img-a-in.tosshub.com/aajtak/images/story/202602/69817b5896271-pm-modi-03363544-16x9.jpeg,,"- . , . - .
 . . .
 . , - . .
   - 
 , ' - , -, -, -, -, - - .   .'
 , ' , . .'
 - . .
 : -US ?
-   !
 - , , .
 .","Celebration in NDA on India-US trade deal, grand welcome for PM Modi in Parliament. Prime Minister Narendra Modi was given a grand welcome in the parliamentary party meeting regarding India's trade deal with America. Party leaders congratulated PM Modi by garlanding him with flowers. During this, all the leaders also raised slogans of 'Bharat Mata Ki Jai' and 'Vande Mataram'.","Feier in NDA zum Handelsabkommen zwischen Indien und den USA, großer Empfang für Premierminister Modi im Parlament. Premierminister Narendra Modi wurde bei der parlamentarischen Parteisitzung zum Handelsabkommen Indiens mit Amerika feierlich willkommen geheißen. Parteiführer gratulierten Premierminister Modi, indem sie ihn mit Blumen bekränzten. Dabei riefen alle Führer auch die Slogans „Bharat Mata Ki Jai“ und „Vande Mataram“ auf.","Celebratio in NDA de commercia Indiae US multum, grata pro PM Modi in parlamento. Primus minister Narendra Modi gratissimum fuit in factione parlamentaria conventum de commercia Indiae cum America. Factio ducum PM Modi coronando florum gratulatur. Per hoc, omnes duces etiam emblematum excitaverunt de 'Bharat Mata Ki Jai' et 'Vande Mataram'.",India,SAS,Asia,wmo
9868f82a96ea9a2e242678a06ccc24a8,2026-02-03T04:45:06Z,Iceberg,,www.lemonde.fr,fr,0.3,JO d’hiver 2026 : le fardeau écologique de l’enneigement artificiel,"Les Jeux de Milan-Cortina ne font pas exception : le recours à la neige artificielle y sera quasi systématique. Cette technologie, gourmande en eau et en énergie, a nécessité des aménagements importants, critiqués par les défenseurs de l’environnement et des …",https://www.lemonde.fr/sport/article/2026/02/03/jo-d-hiver-2026-le-fardeau-ecologique-de-l-enneigement-artificiel_6665164_3242.html,https://img.lemde.fr/2026/01/21/0/0/4455/2970/1440/960/60/0/db89398_ftp-1-eexsv30sxg7v-2026-01-21t135035z-1282330389-up1em1l0zrywy-rtrmadp-3-olympics-2026-cortina.JPG,,"Le centre de ski alpin Tofane, avec des canons à neige, en vue des Jeux olympiques dhiver de Milan-Cortina 2026, à Cortina dAmpezzo (Italie), le 21 janvier 2026. GUGLIELMO MANGIAPANE/REUTERS
La déme… [+1179 chars]","Winter Olympics 2026: the ecological burden of artificial snow. The Milan-Cortina Games are no exception: the use of artificial snow will be almost systematic. This technology, which consumes water and energy, required significant developments, criticized by environmental and environmental defenders.","Olympische Winterspiele 2026: Die ökologische Belastung durch künstliche Beschneiung. Die Spiele Mailand-Cortina bilden da keine Ausnahme: Der Einsatz von Kunstschnee wird nahezu systematisch erfolgen. Diese Technologie, die Wasser und Energie verbraucht, erforderte erhebliche Entwicklungen, die von Umweltschützern und Umweltschützern kritisiert wurden.","Olympia hiemalia 2026: onus oecologicum nivis artificialis. Ludi Mediolanenses Cortinae non sunt excepti: usus nivis artificialis fere systematicus erit. Haec technica, quae aquam et vim consumit, significantes explicationes requirebat, ab defensoribus environmental et environmental reprehendebatur.",,,,random
b37bfec96d4c357c626ec81d98f1e8df,2026-02-03T07:23:10Z,Storm,,observador.pt,pt,0.9,Inundação deixa dois desalojados em Penafiel,Inundação no rés-do-chão de um edifício deixou duas pessoas desalojados em Penafiel. António José Seguro e André Ventura visitam esta terça-feira as zonas mais afetadas pela tempestade Kristin.,https://observador.pt/liveblogs/inundacao-provocada-pela-chuva-forte-deixa-dois-desalojados-em-penafiel/,https://wm.observador.pt/wm/l/https%3A%2F%2Fbordalo.observador.pt%2Fv2%2Frs%3Afill%3A770%3A403%2Fc%3A2750%3A1542%3Anowe%3A0%3A229%2Fq%3A70%2Ff%3Awebp%2Fplain%2Fhttps%3A%2F%2Fs3.observador.pt%2Fwp-content%2Fuploads%2F2026%2F01%2F29202549%2Fts154a4302.jpg?layer=obstop:T,http://web.archive.org/web/20260204033343/https://observador.pt/liveblogs/inundacao-provocada-pela-chuva-forte-deixa-dois-desalojados-em-penafiel/,"As Forças Armadas já destacaram 1.975 militares para apoio às populações desde quarta-feira e posicionaram 30 botes e respetivas equipas em zonas de risco severo de cheias, devido à previsão de agrav… [+924 chars]",Flood leaves two homeless in Penafiel. Flooding on the ground floor of a building left two people homeless in Penafiel. António José Seguro and André Ventura visit the areas most affected by Storm Kristin this Tuesday.,Überschwemmung lässt zwei Obdachlose in Penafiel zurück. Durch die Überschwemmung im Erdgeschoss eines Gebäudes wurden in Penafiel zwei Menschen obdachlos. António José Seguro und André Ventura besuchen an diesem Dienstag die am stärksten vom Sturm Kristin betroffenen Gebiete.,Diluvium duo relinquit in Penafiel profugo. Inundatio in solo aedificii duos homines profugos in Penafiel reliquit. António José Seguro et André Ventura regiones maxime affectas Storm Kristin hac die Martis invisunt.,,,,random
b574c7547915454a9b6fb40f610cd896,2026-02-03T07:25:00Z,Drought,,news.livedoor.com,ja,0.9,「Ｄｅｆ　Ｔｅｃｈ」２０周年ライブ中止　事務所が発表　大麻所持疑いでＭｉｃｒｏ容疑者が逮捕　本人とは連絡とれず,音楽ユニット「ＤｅｆＴｅｃｈ」のＭｉｃｒｏこと西宮佑騎容疑者が乾燥大麻を所持したとして厚生労働省関東信越厚生局麻薬取締部に麻薬取締法違反（所持）容疑で２日に現行犯逮捕されたことを受け、今月８日に東京・北の丸公園の日本武道館で開催予定だった２０周年コンサートを中止すると公式サイトで発表した。事務所の発表は以下の通りMicro (Def Tech) 逮捕報道について本日、所属アーティストMicro (Def Tech)が逮捕されたとの報道がございました。ファンの皆様ならびに関係 全文スポーツ報知 02月03日 16時…,https://news.livedoor.com/article/detail/30505073/,https://image.news.livedoor.com/newsimage/stf/9/a/9a428_60_7f3ff572_7da43ff3.jpg,,"Micro (Def Tech) 
Micro (Def Tech)
20
​202628Def Tech 20th Anniv. Grand Final at 
​
​2VOX","``Def Tech'' 20th Anniversary Live Cancelled; Office Announces Micro Suspect Arrested on Suspect of Possession of Marijuana; He Could Not Be Contacted. Yuki Nishimiya, also known as Micro from the music unit DefTech, was arrested on the 2nd by the Narcotics Control Department of the Kanto-Shinetsu Bureau of Health and Welfare of the Ministry of Health, Labor and Welfare on suspicion of violating the Narcotics Control Act (possession) for possessing dried cannabis.The group announced on their official website that they will be canceling their 20th anniversary concert, which was scheduled to be held at the Nippon Budokan in Kitanomaru Park, Tokyo, on the 8th of this month. The agency's announcement is as follows: Micro (Def Tech) Arrest Report Today, it was reported that Micro (Def Tech), an artist affiliated with the agency, has been arrested. Fans and relations Full text Sports Hochi February 3rd 16:00...","Live-Aufführung zum 20-jährigen Jubiläum von „Def Tech“ abgesagt; Büro gibt bekannt, dass Kleinstverdächtiger wegen Verdachts auf Marihuanabesitz festgenommen wurde; Er konnte nicht kontaktiert werden. Yuki Nishimiya, auch bekannt als Micro von der Musikabteilung DefTech, wurde am 2. von der Betäubungsmittelkontrollabteilung des Kanto-Shinetsu-Büros für Gesundheit und Soziales des Ministeriums für Gesundheit, Arbeit und Soziales wegen des Verdachts des Verstoßes gegen das Betäubungsmittelkontrollgesetz (Besitz) wegen Besitzes von getrocknetem Cannabis festgenommen. Die Gruppe gab auf ihrer offiziellen Website bekannt, dass sie ihr 20-jähriges Jubiläumskonzert, das im Nippon Budokan stattfinden sollte, absagen werden Kitanomaru Park, Tokio, am 8. dieses Monats. Die Ankündigung der Agentur lautet wie folgt: Verhaftungsbericht von Micro (Def Tech) Heute wurde berichtet, dass Micro (Def Tech), ein mit der Agentur verbundener Künstler, verhaftet wurde. Fans und Beziehungen Volltext Sport Hochi 3. Februar 16:00...","`Def Tech'' 20th Anniversary Live Cancelled; Officium Annuntiat Micro Suspect comprehensus in Suspectu Possessionis Marijuanae; Contingi non poterat. Yuki Nishimiya, etiam Micro ex unitate musicae DefTech, die 2 a Narcotics Department of Kanto-Shinetsu Bureau of Health et salutis et saluti ministerii Ministerii Salutis, Laboris et saluti in suspicionem violandi Imperium Actus Narcoticorum (possessionis) pro cannabis exsiccato deprehensus est. Coetus Nipponippon divulgavit in officio suo XX anniversario, quod Nipponippon ponendum erat ut in anno XX schedulae in suspicione violandi Actus Imperium Actus (possessionis) cannabis exsiccatos habere nuntiaretur. Budokan in Kitanomaru Park, Tokyo, die 8 huius mensis. Nuntiatio procurationis haec est: Micro (Def Tech) Report tenete Hodie, renuntiatum est Micro (Def Tech), artificem cum procuratione consociatum, comprehensum esse. Fans et relationes Full text Sports Hochi February 3rd 16:00...",,,,random
03735bd6ee261b44a856277a851059a3,2026-02-03T07:39:51Z,Drought,,blog.livedoor.jp,ja,0.9,【悲報】Def Tech、大麻で逮捕。武道館は中止に。たかが大麻で馬鹿みたいな国だな、お笑い国家だよ,"1:それでも動く名無し 2026/02/03(火) 13:43:05.78 ID:E+Mo8YK50
音楽デュオ「Ｄｅｆ　Ｔｅｃｈ」のＭｉｃｒｏ、乾燥大麻所持の疑いで逮捕…デビュー２０周年の日本武道館ライブ目前 乾燥大麻を所持したとして、厚生労働省関東信越厚生局麻薬取締部（麻取）が、音楽デュ...",http://blog.livedoor.jp/itsoku/archives/62982283.html,https://livedoor.blogimg.jp/itsoku/imgs/d/c/dcf96518-s.png,,"1: 2026/02/03() 13:43:05.78 ID:E+Mo8YK50
https://www.yomiuri.co.jp/national/20260203-GYT1T00252/
9: 2026/02/03() 13:47:15.30 ID:bIXQuwuu0
10: 2026/02/03() 13:47:31.15 ID:quPybCvE0
14: 2026/02/03(… [+1638 chars]","[Sad news] Def Tech arrested for marijuana. Budokan is canceled. It's just a country that looks stupid because of marijuana, it's a comedy country. 1: Still moving Anonymous 2026/02/03 (Tue) 13:43:05.78 ID:E+Mo8YK50
Micro of the music duo ""Def Tech"" arrested on suspicion of possessing dried cannabis... Just before his 20th anniversary live at Nippon Budokan, the Ministry of Health, Labor and Welfare's Kanto-Shinetsu Bureau of Health and Welfare Narcotics Control Department (Matori) arrested the music duo for possessing dried cannabis...","[Traurige Nachricht] Def Tech wegen Marihuana verhaftet. Budokan ist abgesagt. Es ist nur ein Land, das wegen Marihuana dumm aussieht, es ist ein Comedy-Land. 1: Immer noch in Bewegung Anonym 03.02.2026 (Di) 13:43:05.78 ID:E+Mo8YK50
Mikro des Musikduos „Def Tech“ wegen des Verdachts des Besitzes von getrocknetem Cannabis verhaftet... Kurz vor seinem 20-jährigen Jubiläum bei einem Auftritt im Nippon Budokan verhaftete das Kanto-Shinetsu Bureau of Health and Welfare Narcotics Control Department (Matori) des Ministeriums für Gesundheit, Arbeit und Soziales das Musikduo wegen des Besitzes von getrocknetem Cannabis...","[Tristis nuntius] Def Tech captus pro marijuana. Budokan instat. Est solum terra quae stupidum spectat propter marijuana, est comoedia terra. 1: Adhuc movens Anonymous 2026/02/03 (Tue) 13:43:05.78 ID:E+Mo8YK50
Micro musici duo ""Def Tech"" in suspicionem cannabis aridae possidendi comprehensus... Sub ante XX anniversarium suum in Nippon Budokan, Ministerio Salutis, Laboris et Civitatis Sanitatis Kanto-Shinetsu Bureau de Sanitatis et Salutis Narcotici Imperium Department (Matori) comprehendit musica duo pro cannabis arida possidendis...",,,,random
18262aa632c71363fda203c9e1fee800,2026-02-03T07:40:27Z,Snow&Ice,,www.tagesspiegel.de,de,0.8,"Unfälle, Staus und Schulausfall: Weiter Glatteisgefahr in Teilen Deutschlands – vor allem in Niedersachsen und Hessen","Seit Tagen beherrschen Schnee, Spiegelglätte und Kälte weite Teile Deutschlands. Auch am Mittwoch gibt es keine Entwarnung: In Hessen und Niedersachsen gibt es zahlreiche Probleme auf den Straßen.",https://www.tagesspiegel.de/gesellschaft/panorama/unfalle-staus-und-schulausfall-weiter-glatteisgefahr-in-teilen-deutschlands--vor-allem-in-niedersachsen-und-hessen-15211169.html,https://www.tagesspiegel.de/images/15215315/alternates/BASE_16_9_W1400/1770197034000/glatteis-in-niedersachsen.jpeg,,Wegen des Winterwetters müssen sich die Menschen in Teilen Deutschlands am Morgen einmal mehr auf glatte Straßen einstellen. Der Deutsche Wetterdienst hatte für die Nacht stellenweise vor Glätte durc… [+4141 chars],"Accidents, traffic jams and school cancellations: there is still a risk of black ice in parts of Germany - especially in Lower Saxony and Hesse. Snow, slippery conditions and cold have dominated large parts of Germany for days. There was no all-clear on Wednesday either: there are numerous problems on the roads in Hesse and Lower Saxony.","Unfälle, Staus und Schulausfall: Weiter Glatteisgefahr in Teilen Deutschlands – vor allem in Niedersachsen und Hessen. Seit Tagen beherrschen Schnee, Spiegelglätte und Kälte weite Teile Deutschlands. Auch am Mittwoch gibt es keine Entwarnung: In Hessen und Niedersachsen gibt es zahlreiche Probleme auf den Straßen.","Accidentia, negotiatio impeditae et cancellationes scholae: periculum adhuc est in partibus Germaniae, praesertim in Saxonia inferiori et Hassia. Nix, condiciones lubricae et frigus magnae partes Germaniae per dies dominati sunt. Die mercurii vel tota non fuit perspicua: multae sunt difficultates in viis Hassiae et Saxoniae inferioris.",Germany,WCE,Europe,wmo
fbd90eff4496b71a5ff40dc6cafd9bc3,2026-02-03T07:40:27Z,Thunderstorm,,www.tagesspiegel.de,de,0.8,Vor allem Baden-Württemberg und Hessen: Nun auch Glatteisgefahr im Westen und Südwesten Deutschlands,Im Westen und Südwesten Deutschlands ist es deutlich wärmer als im dauerfrostigen Nordosten. Doch zur Wochenmitte droht dort Glatteisgefahr durch gefrierenden Regen. Sogar eine Unwetterlage ist möglich.,https://www.tagesspiegel.de/gesellschaft/panorama/vor-allem-baden-wurttemberg-und-hessen-nun-auch-glatteisgefahr-im-westen-und-sudwesten-deutschlands-15211169.html,https://www.tagesspiegel.de/images/15211183/alternates/BASE_16_9_W1400/1770104486000/glatteis-in-hamburg.jpeg,,"Während die Menschen im Osten und Nordosten mit den eisigen Temperaturen zu kämpfen haben, droht im Westen und Südwesten Deutschlands zur Wochenmitte neue Glatteisgefahr. Am Dienstag fällt dort laut … [+3382 chars]",Especially Baden-Württemberg and Hesse: There is now also a risk of black ice in the west and southwest of Germany. It is significantly warmer in the west and southwest of Germany than in the permanently frosty northeast. But in the middle of the week there is a risk of black ice due to freezing rain. Even a storm is possible.,Vor allem Baden-Württemberg und Hessen: Nun auch Glatteisgefahr im Westen und Südwesten Deutschlands. Im Westen und Südwesten Deutschlands ist es deutlich wärmer als im dauerfrostigen Nordosten. Doch zur Wochenmitte droht dort Glatteisgefahr durch gefrierenden Regen. Sogar eine Unwetterlage ist möglich.,Praesertim Baden-Württemberg et Hesse: Nunc etiam periculum est glaciei nigrae in Germaniae occidentali et Africo. Valde calidius est in Germaniae occidentali et meridionali quam in septentriones et pruinosas perpetuo. Sed in media hebdomade periculum est nigrae glaciei propter imbrem congelatum. Tempestas etiam fieri potest.,Germany,WCE,Europe,wmo
88b980f44e2790470971ac9b4e42c0e2,2026-02-03T07:41:37Z,Drought,,mashlife.doorblog.jp,ja,0.9,【速報】音楽デュオ「Ｄｅｆ　Ｔｅｃｈ」のＭｉｃｒｏ、乾燥大麻所持の疑いで逮捕,1: 名無し  2026/02/03(火) 13:43:05.78 ID:E+Mo8YK50  https://www.yomiuri.co.jp/national/20260203-GYT1T00252/  音楽デュオ「Ｄｅｆ　Ｔｅｃｈ」のＭｉｃｒｏ、乾燥大麻所持の疑いで逮捕…デビュー２０周年の日本武道館ライブ目前    　乾燥大麻を所持したとして、厚生労,https://mashlife.doorblog.jp/archives/59674174.html,https://livedoor.blogimg.jp/mashlife/imgs/d/5/d5a67eae.png,,"6: 2026/02/03() 13:46:24.34 ID:Yr3pbji4d
9: 2026/02/03() 13:47:15.30 ID:bIXQuwuu0
10: 2026/02/03() 13:47:31.15 ID:quPybCvE0
14: 2026/02/03() 13:49:26.74 ID:JvkGuYwW0
51: 2026/02/03() 14:01:14.73 … [+937 chars]","[Breaking News] Micro from the music duo ""Def Tech"" arrested on suspicion of possessing dried cannabis. 1: Anonymous 2026/02/03 (Tue) 13:43:05.78 ID:E+Mo8YK50 https://www.yomiuri.co.jp/national/20260203-GYT1T00252/ Micro of the music duo ""Def Tech"" arrested on suspicion of possessing dried cannabis... Just before his 20th anniversary live at Nippon Budokan, he was arrested on suspicion of possessing dried cannabis.",[Eilmeldung] Micro vom Musikduo „Def Tech“ wegen Verdachts des Besitzes von getrocknetem Cannabis verhaftet. 1: Anonym 2026/02/03 (Di) 13:43:05.78 ID:E+Mo8YK50 https://www.yomiuri.co.jp/national/20260203-GYT1T00252/ Mikro des Musikduos „Def Tech“ wegen Verdachts des Besitzes von getrocknetem Cannabis verhaftet ... Kurz vor seinem 20-jährigen Live-Auftritt im Nippon Budokan hat er wurde wegen des Verdachts des Besitzes von getrocknetem Cannabis festgenommen.,"Micro ex musica duo ""Def Tech"" deprehensus in suspicionem cannabis aridae possidendi. 1: Migne 2026/02/03 (Tue) 13:43:05.78 ID:E+Mo8YK50 https://www.yomiuri.co.jp/national/20260203-GYT1T00252/ Micro musicae duo ""Def Tech"" captus in suspicionem cannabis aridae possidendi... Modo ante XX anniversarium suum apud Nippon Budokan in suspicione cannabis exsiccata vivere potest.",,,,random
e8717b644bfc236a022c99c0e6028ac4,2026-02-03T07:49:34Z,Earthquake,,yoshizokitan.blog.shinobi.jp,ja,0.2,かっぱえびせん、有毒アリ対策に効果?　水際で重宝…カルビーの驚き,"1:少考さん★2023/07/23(日)21:16:10.81ID:ZczdupMm9かっぱえびせん、有毒アリ対策に効果?　水際で重宝…カルビーの驚き：朝日新聞https://www.asahi.com/articles/ASR7N6JQSR7LPPZB00D.html

有料記事

神崎卓征　2023年7月23日15時00分

　岡山県倉敷市の港で7月、有毒の外来アリ「コカミアリ」が見つかった。県が約30匹駆除したものの、繁殖力が高いため、いったん定着すると生態系などに大きな影響を及ぼす。1匹も逃がさず捕まえ…",http://yoshizokitan.blog.shinobi.jp/Entry/21267/,,,"1:2023/07/23()21:16:10.81ID:ZczdupMm9?…20237231500
7301
7330
1
…
668
18:2023/07/23()21:22:01.58ID:OHIBrLL80&gt;&gt;1w
249:2023/07/24()02:24:01.20ID:VrCxsn6d0&gt;&gt;1
290:2023/07/24()05:25:20… [+7110 chars]","Is Kappa Ebisen effective against poisonous ants? Useful at the water's edge...Calbee's surprise. 1: Mr. Shoko★2023/07/23 (Sun) 21:16:10.81 ID:ZczdupMm9 Is Kappa Ebisen effective against poisonous ants? Useful at the water's edge... Calbee's surprise: Asahi Shimbun https://www.asahi.com/articles/ASR7N6JQSR7LPPZB00D.html

Paid article

Takusei Kanzaki July 23, 2023 15:00

In July, a poisonous foreign ant called the cockamiari was found at a port in Kurashiki City, Okayama Prefecture. Although the prefecture has exterminated about 30 of them, they have a high reproductive capacity, so once they become established, they have a big impact on the ecosystem. Caught one without letting it escape...","Ist Kappa Ebisen wirksam gegen giftige Ameisen? Nützlich am Wasser...Calbees Überraschung. 1: Mr. Shoko★23.07.2023 (So) 21:16:10.81 ID:ZczdupMm9 Ist Kappa Ebisen wirksam gegen giftige Ameisen? Nützlich am Wasser ... Calbees Überraschung: Asahi Shimbun https://www.asahi.com/articles/ASR7N6JQSR7LPPZB00D.html

Bezahlter Artikel

Takusei Kanzaki 23. Juli 2023 15:00

Im Juli wurde in einem Hafen in der Stadt Kurashiki in der Präfektur Okayama eine giftige ausländische Ameise namens Cockamiari gefunden. Obwohl die Präfektur etwa 30 von ihnen ausgerottet hat, verfügen sie über eine hohe Reproduktionsfähigkeit, sodass sie, sobald sie sich etabliert haben, einen großen Einfluss auf das Ökosystem haben. Einen gefangen, ohne ihn entkommen zu lassen ...","Estne Kappa Ebisen contra venenatas formicae efficax? Utile ad ripam aquarum .... mirum Calbee. 1: Mr. Shoko★2023/07/23 (Sol) 21:16:10.81 ID:ZczdupMm9 Estne Kappa Ebisen contra formicae venenosas efficax? Utile ad ripam aquae ... mirum Calbee: Asahi Shimbun https://www.asahi.com/articles/ASR7N6JQSR7LPPZB00D.html

Articulus pretium

Takusei Kanzaki iulii 23, 2023 15:00

Mense Iulio formica peregrina venenata cockamiari vocata inventa apud portum in urbe Kurashiki, Praefecturae Okayama. Praefectura, licet circiter XXX ex eis exterminaverit, altam habent capacitatem generativam, ut semel institutae, magnum momentum in oecosystematis habent. Captus est sine intermissione.",Japan,EAS,Asia,usgs
eaedeadbaee1661070db7f037715a1b4,2026-02-03T08:18:00Z,Drought,,news.livedoor.com,ja,0.9,【 Def Tech・Micro 】西宮佑騎容疑者　20周年という節目の〝武道館公演中止〟　所属事務所がコメントを発表【全文】　「非常に残念でなりません」　麻薬取締法違反の疑いで逮捕,乾燥大麻を所持したとして、音楽デュオ「Def Tech」のMicroとして活動する西宮佑騎容疑者（45）が、関東信越厚生局麻薬取締部に逮捕されたことを受け、所属事務所がグループの公式サイトでコメントを発表しました。【写真を見る】【 Def Tech・Micro 】西宮佑騎容疑者20周年という節目の?武道館公演中止?所属事務所がコメントを発表【全文】「非常に残念でなりません」麻薬取締法違反の疑いで逮捕～以下、コメント全文～Micro (Def Tech) 逮捕報道について本日、所属アーティ全文TBS NEWS DI…,https://news.livedoor.com/article/detail/30505560/,https://image.news.livedoor.com/newsimage/stf/4/8/48b59_1796_ad39df8a_8a3dc614.jpg,,"Def TechMicro45
 Def TechMicro 20
Micro (Def Tech) Micro (Def Tech)
20
202628Def Tech 20th Anniv. Grand Final at 
​2VOX","[Def Tech/Micro] Suspect Yuki Nishimiya's 20th anniversary ``Budokan performance canceled'' His agency releases a comment [Full text] ``It's very disappointing.'' Arrested on suspicion of violating the Narcotics Control Law. Music duo ``Def'' was arrested for possessing dried cannabis. In response to the arrest of Yuki Nishinomiya (45), who works as Micro of ``Tech'' by the Narcotics Control Department of the Kanto-Shinetsu Bureau of Health and Welfare, his agency has released a comment on the group's official website. [View photos] [Def Tech/Micro] Is Yuki Nishimiya's 20th anniversary a turning point? Budokan performance canceled? His agency releases a comment [Full text] ""It's very disappointing"" Arrested on suspicion of violating the Narcotics Control Law ~ Below is the full comment ~ Micro (Def Tech) Regarding the arrest report, today, the full text of the affiliated artist TBS NEWS DI...","[Def Tech/Micro] Verdächtiger Yuki Nishimiyas 20-jähriges Jubiläum „Budokan-Auftritt abgesagt“ Seine Agentur veröffentlicht einen Kommentar [Volltext] „Es ist sehr enttäuschend.“ Verhaftet wegen Verdachts auf Verstoß gegen das Betäubungsmittelkontrollgesetz. Das Musikduo „Def“ wurde wegen Besitzes von getrocknetem Cannabis verhaftet. Als Reaktion auf die Verhaftung von Yuki Nishinomiya (45), der als Micro of „Tech“ in der Drogenkontrollabteilung des Kanto-Shinetsu Bureau of Health and Welfare arbeitet, hat seine Behörde einen Kommentar auf der offiziellen Website der Gruppe veröffentlicht. [Fotos ansehen] [Def Tech/Micro] Ist Yuki Nishimiyas 20. Geburtstag ein Wendepunkt? Budokan-Aufführung abgesagt? Seine Agentur veröffentlicht einen Kommentar [Volltext] „Es ist sehr enttäuschend“ Wegen des Verdachts des Verstoßes gegen das Betäubungsmittelkontrollgesetz verhaftet ~ Unten finden Sie den vollständigen Kommentar ~ Micro (Def Tech) Zum Verhaftungsbericht wurde heute der vollständige Text des angeschlossenen Künstlers TBS NEWS DI...","[Def Tech/Micro] Suspectus XX anniversarium Yuki Nishimiya `Budokan perficientur cancellatum'' Eius opera commentarium dimittit [Full text] `Ipsus frustretur.'' Suspectus comprehensus est violationis Narcoticorum Legis Imperium. Musica duo ` `Def' comprehensa est pro cannabis exsiccata possidendis. Propter comprehensionem Yuki Nishinomiya (45), qui Micro of `Tech' operatur per narcoticos Department of Kanto-Shinetsu Bureau of Health and Welfare, eius procuratio commentarium in sodalitatis rutrum dimisit. [Visum photos] [Def Tech/Micro] Estne Yuki Nishimiya anniversarium 20 metae? Budokan perficientur remittantur? Eius procuratio commentarium solvit [Full text] ""Ipsum frustretur"" comprehensus in suspicionem violandi Narcoticorum Legis Imperium ~ Infra est plenum commentarium ~ Micro (Def Tech) Quoad comprehensionem relationis hodie, plenus textus artificis foederati TBS NUNTII DI...",,,,random
bf252e1539d39b7144ccf7d2fae298e6,2026-02-03T08:29:03Z,Storm,,jeugdjournaal.nl,nl,0.9,Stranden in Colombia liggen vol vuilnis: 'Triest dat dit gebeurt',"Het land Colombia staat onder andere bekend om de mooie stranden. Maar na een dagenlange storm in het gebied liggen die stranden nu helemaal vol met vuilnis. 
 Vooral het bekende strand bij Santa Marta is ernstig vervuild. Normaal is het strand heel schoon en…",https://jeugdjournaal.nl/l/2600742,https://cdn.nos.nl/image/2026/02/03/1320868/1024x576a.jpg,,"Het land Colombia staat onder andere bekend om de mooie stranden. Maar na een dagenlange storm in het gebied liggen die stranden nu helemaal vol met vuilnis. 
Vooral het bekende strand bij Santa Mar… [+828 chars]","Beaches in Colombia are full of rubbish: 'Sad that this is happening'. The country Colombia is known for its beautiful beaches. But after days of storms in the area, those beaches are now completely full of garbage. 
 The famous beach at Santa Marta in particular is seriously polluted. Normally the beach is very clean and…","Strände in Kolumbien sind voller Müll: „Traurig, dass das passiert.“ Das Land Kolumbien ist für seine wunderschönen Strände bekannt. Doch nach tagelangen Stürmen in der Gegend sind diese Strände nun völlig voller Müll. 
 Vor allem der berühmte Strand von Santa Marta ist stark verschmutzt. Normalerweise ist der Strand sehr sauber und…","Liora in Columbia sunt rudera plena: 'Tristia quae haec fiunt'. Patria Colombia litoribus pulchris notus est. Sed post dies tempestatum in area, litora illa iam purgamentorum plena sunt. Celebre litus apud Santa Marta speciatim gravissime polluitur. Northmanni litus mundissimum et…",,,,random
de0047f68d84684cf8aff0cdfa64e4df,2026-02-03T08:51:00Z,Drought,,news.livedoor.com,ja,0.9,【 Def Tech・Micro 】〝本人とは連絡が取れておらず〟　所属事務所がコメントを発表（全文）　西宮佑騎容疑者　乾燥大麻を所持か　麻薬取締法違反の疑い,乾燥大麻を所持したとして、音楽デュオ「Def Tech」のMicroとして活動する西宮佑騎容疑者（45）が、関東信越厚生局麻薬取締部に逮捕されたことを受け、所属事務所がグループの公式サイトでコメントを発表しました。【写真を見る】【 Def Tech・Micro 】?本人とは連絡が取れておらず?所属事務所がコメントを発表（全文）西宮佑騎容疑者乾燥大麻を所持か麻薬取締法違反の疑いその中で「ファンの皆様ならびに関係各所の皆様へご心配とご迷惑をおかけしておりますことを、心よりお全文TBS NEWS DIG 02月03日1…,https://news.livedoor.com/article/detail/30505885/,https://image.news.livedoor.com/newsimage/stf/3/6/3690f_1796_11ad1686_8a3dc614.jpg,,"Def TechMicro45
 Def TechMicro 
820Def Tech
20202628Def Tech 20th Anniv. Grand Final at TBS
Micro (Def Tech) Micro (Def Tech)
20
202628Def Tech 20th Anniv. Grand Final at 
​2VOX","[Def Tech/Micro] ``We have not been able to contact the person.'' His agency releases a comment (full text) Suspect Yuki Nishinomiya Possesses dried cannabis, suspected of violating the Narcotics Control Act. Music duo Def In response to the arrest of Yuki Nishinomiya (45), who works as Micro of ``Tech'' by the Narcotics Control Department of the Kanto-Shinetsu Bureau of Health and Welfare, his agency has released a comment on the group's official website. [See photo] [Def Tech/Micro]? Has the person been unable to be contacted? His agency releases a comment (Full text) Yuki Nishinomiya Suspect Possession of Dried Cannabis, Suspected of Violating the Narcotics Control Law In response, he said, ``We sincerely apologize for the concern and inconvenience caused to our fans and everyone involved.Full text TBS NEWS DIG February 3, 1...","[Def Tech/Micro] „Wir konnten die Person nicht kontaktieren.“ Seine Agentur veröffentlicht einen Kommentar (vollständiger Text) Der Verdächtige Yuki Nishinomiya besitzt getrocknetes Cannabis und steht im Verdacht, gegen das Betäubungsmittelkontrollgesetz verstoßen zu haben. Musikduo Def Als Reaktion auf die Verhaftung von Yuki Nishinomiya (45), der als Micro of „Tech“ durch die Drogenkontrollabteilung des Kanto-Shinetsu Bureau of Health and Welfare arbeitet, hat seine Agentur einen Kommentar auf der offiziellen Website der Gruppe veröffentlicht. [Siehe Foto] [Def Tech/Micro]? Konnte die Person nicht kontaktiert werden? Seine Agentur veröffentlicht einen Kommentar (Volltext) Yuki Nishinomiya verdächtigt den Besitz von getrocknetem Cannabis und steht im Verdacht, gegen das Betäubungsmittelkontrollgesetz verstoßen zu haben. Als Antwort sagte er: „Wir entschuldigen uns aufrichtig für die Besorgnis und die Unannehmlichkeiten, die unseren Fans und allen Beteiligten entstanden sind. Volltext TBS NEWS DIG 3. Februar 1...","[Def Tech/Micro] `Persona contactum non potuimus.'' Eius procuratio commentarium (plenum text) dimittit Suspectus Yuki Nishinomiya Cannabis aridae suspectus de violatione Imperium Actus Narcoticorum. Musica duo Def In responsione comprehensioni Yuki Nishinomiya (45), qui Micro of `Tech' operata est per Narcotics Department of Kanto-Shinetsu Bureau of Health and Welfare, eius procuratio commentarium in sodalitatis rutrum dimisit. [Vide photo] [Def Tech/Micro]? Num contingi potuit homo? Eius procuratio commentarium (plena text) Yuki Nishinomiya Suspectum Possessionis Cannabis aridae, Suspectus violandi Narcoticorum Legis Imperium Respondens, dixit, `Sincer excusamus sollicitudinem et incommodum nostris alitonibus et omnibus implicatum.",,,,random
5171bcfeae68844ee16830592634fc13,2026-02-03T09:00:13Z,Snow&Ice,,news4vip.livedoor.biz,ja,0.9,【悲報】Windows、AI計画を大幅凍結　Copilotからも撤退かｗｗｗｗｗ,"1: 以下、ニュー速クオリティでお送りします 2026/02/02(月) 19:13:55.61 ID:UC4f6OCh00202
 MicrosoftはAIの中心的存在として同社が開発するCopilotをWindows 11などに統合しているほか、さまざまな個別アプリにもCopilotを投入しています。 しかし、同社はユーザーからの...",https://news4vip.livedoor.biz/archives/52572268.html,https://livedoor.blogimg.jp/news4vip2/imgs/7/a/7a640c3d.png,,1: 2026/02/02() 19:13:55.61 ID:UC4f6OCh00202,"[Sad news] Windows significantly freezes AI plans, may withdraw from Copilot as well. 1: The following will be sent in news speed quality 2026/02/02 (Monday) 19:13:55.61 ID:UC4f6OCh00202
 Microsoft has integrated Copilot, developed by the company as a central presence in AI, into Windows 11 and other systems, and has also introduced Copilot into various individual applications. However, the company received...","[Traurige Nachricht] Windows friert KI-Pläne erheblich ein und zieht sich möglicherweise auch von Copilot zurück. 1: Folgendes wird in Nachrichtengeschwindigkeitsqualität gesendet: 02.02.2026 (Montag) 19:13:55,61 ID:UC4f6OCh00202
 Microsoft hat Copilot, den das Unternehmen als zentrale Präsenz im Bereich KI entwickelt hat, in Windows 11 und andere Systeme integriert und Copilot auch in verschiedene Einzelanwendungen eingeführt. Das Unternehmen erhielt jedoch...","Fenestra signanter congelat AI consilia, ut etiam a Copiloto recedere possit. 1: Sequentia mittentur nuntii celeritatis qualitas 2026/02/02 (Luni) 19:13:55.61 ID:UC4f6OCh00202
 Microsoft Copilotam integravit, a comitatu centrali in AI praesentia, in Fenestra 11 et aliis systematibus evolvit, et Copilotum etiam in varias singulas applicationes induxit. Sed a suscipit nisi...",,,,random
699fbd9dd85fa3bb5774e40d0d72c3be,2026-02-03T10:35:29Z,Heat Wave,,www.ansa.it,it,0.9,"Arriva lo scirocco, fiocchi a quote basse al Nord e 20°C al Sud","Fiocchi a quote basse al Nord, 20°C al Sud e piogge persistenti specie sul versante Tirrenico e Isole Maggiori. Colpa del vento caldo e umido di Scirocco che soffia da Sud-Est. (ANSA)",https://www.ansa.it/sito/notizie/cronaca/2026/02/03/arriva-lo-scirocco-fiocchi-a-quote-basse-al-nord-e-20c-al-sud_d37156be-dcd7-4661-a910-c0076d149d6f.html,https://www.ansa.it/webimages/img_1129x635/2024/7/1/5daa0d34c513c1cde05b8e1d5d8e14b0.jpg,,"Fiocchi a quote basse al Nord, 20°C
al Sud e piogge persistenti specie sul versante Tirrenico e
Isole Maggiori. Colpa del vento caldo e umido di Scirocco che
soffia da Sud-Est. Già dalla dalla tar… [+1724 chars]","The sirocco arrives, flakes at low altitudes in the North and 20°C in the South. Flakes at low altitudes in the North, 20°C in the South and persistent rain especially on the Tyrrhenian side and the Major Islands. Blame the hot and humid Scirocco wind blowing from the South-East. (HANDLE)","Der Schirokko kommt mit Flocken in niedrigen Lagen im Norden und 20°C im Süden. Flocken in niedrigen Lagen im Norden, 20°C im Süden und anhaltender Regen vor allem auf der Tyrrhenischen Seite und den Großen Inseln. Schuld daran ist der heiße und feuchte Scirocco-Wind, der aus dem Südosten weht. (HANDHABEN)","Atabulus advenit, incanduit altitu- dines humiles in septentrione et 20°C in australi. Floccis in septentrione, 20°C in australi et imbre persistente praesertim in latere Tyrrheno et insulis maioribus. Culpantur venti calidi et humidi Scirocco ab Austro-oriente flantes. (CONTRACTO)",,,,random
ce412f09dee6fea56fdd86362fe57880,2026-02-03T12:11:16Z,Cold Wave,,www.libertaddigital.com,es,0.3,Y la sequía por el cambio climático sigue sin llegar: los embalses en España están mucho más llenos de lo normal,La sequía recurrente y mucho más severa es otra de las predicciones alrededor del cambio climático que por ahora no se está cumpliendo.,https://www.libertaddigital.com/ciencia-tecnologia/ciencia/2026-02-03/y-la-sequia-por-el-cambio-climatico-sigue-sin-llegar-los-embalses-en-espana-estan-mucho-mas-llenos-de-lo-normal-7353483/,https://s1.staticld.com/2026/02/03/1200/675/embalse-del-geral-lluvias27012026-recorte.jpg,,"""Sequías diez veces peores"", ""más probables"" y con ""aumento de las inundaciones"", es la amarga predicción que exponía la cuestionada organización ecologista Greenpeace en su página web que, por ejemp… [+3211 chars]",And the drought due to climate change has not yet arrived: the reservoirs in Spain are much fuller than normal. Recurrent and much more severe drought is another of the predictions regarding climate change that for now is not coming true.,"Und die Dürre aufgrund des Klimawandels ist noch nicht angekommen: Die Stauseen in Spanien sind viel voller als normal. Wiederkehrende und viel schlimmere Dürren sind eine weitere Vorhersage zum Klimawandel, die sich vorerst nicht bewahrheitet.",Et siccitas propter mutationem climatis nondum pervenit: receptacula in Hispania multo pleniores quam normales sunt. Recurrente multoque graviore siccitate alia praedicta sunt de mutatione climatis quae nunc vera non fit.,,,,random
bb35cff4c4422cf16bd805a4c842bd62,2026-02-03T12:25:57Z,Precipitation,,www.elespanol.com,es,0.7,"Aemet avisa que la borrasca Leonardo ""se recrudece"" en España: 250 l/m2 de lluvia en 24 h y aviso rojo en Andalucía","Las zonas en aviso rojo por 'peligro extraordinario' son Grazalema y Ronda, que ya se encuentran fuertemente anegadas por el paso de las cinco anteriores borrascas.
Más información: De Burgos a Cádiz: el mapa de las 35 zonas que están en riesgo de inundación …",https://www.elespanol.com/ciencia/meteorologia/20260203/aemet-avisa-borrasca-leonardo-recrudece-espana-lm2-lluvia-aviso-rojo-andalucia/1003744108795_0.html,https://s3.elespanol.com/2026/02/03/actualidad/1003744114755_261231178_1706x960.jpg?fmt=jpeg,,"La Aemet emite aviso rojo por lluvias intensas en Grazalema (Cádiz) y Ronda (Málaga), con previsión de más de 200 l/m2 en 24 horas.
La borrasca Leonardo, estacionaria al noroeste de Galicia, traerá … [+4996 chars]","Aemet warns that Storm Leonardo ""is getting worse"" in Spain: 250 l/m2 of rain in 24 hours and a red notice in Andalusia. The areas on red notice due to 'extraordinary danger' are Grazalema and Ronda, which are already heavily flooded due to the passage of the five previous storms.
More information: From Burgos to Cádiz: the map of the 35 areas that are at risk of flooding…","Aemet warnt davor, dass der Sturm Leonardo in Spanien „sich verschlimmert“: 250 l/m2 Regen in 24 Stunden und ein roter Hinweis in Andalusien. Die wegen „außerordentlicher Gefahr“ rot markierten Gebiete sind Grazalema und Ronda, die aufgrund der fünf vorangegangenen Stürme bereits stark überflutet sind.
Weitere Informationen: Von Burgos bis Cádiz: die Karte der 35 überschwemmungsgefährdeten Gebiete…","Aemet monet Storm Leonardo ""pejus"" in Hispania esse: 250 l/m2 pluviae in 24 horis et in Baetica rubra observatio. Areae in rubrica ob 'periculum extraordinarium' sunt Grazalema et Ronda, quae iam graviter inundata sunt propter transitum quinque priorum tempestatum.
Plura: a Burgos ad Cadiz: tabula 35 arearum quae inundationis periculo sunt…",Spain,MED,Europe,wmo
e46581629e29776fecb14e9855ceb2a6,2026-02-03T14:21:04Z,Storm,,actualidad.rt.com,es,0.3,VIDEOS: Voraces incendios forestales arrasan miles de hectáreas en Argentina,"Ante el avance de los fuegos en la región, las autoridades argentinas ampliaron la emergencia a una quinta jurisdicción en menos de una semana.",https://actualidad.rt.com/actualidad/585259-videos-voraces-incendios-forestales-arrasar-argentina,https://mfes.b37m.ru/actualidad/public_images/2026.02/article/6981b17459bf5b31bb1b7099.jpg,,"El Gobierno argentino oficializó este lunes la declaración de emergencia ígnea y zona de desastre para la provincia de Santa Cruz, en respuesta al avance de los incendios forestales que afectan princ… [+2471 chars]","VIDEOS: Voracious forest fires destroy thousands of hectares in Argentina. Given the advance of the fires in the region, Argentine authorities expanded the emergency to a fifth jurisdiction in less than a week.",VIDEOS: Heftige Waldbrände zerstören Tausende Hektar in Argentinien. Angesichts des Fortschreitens der Brände in der Region weiteten die argentinischen Behörden den Notstand in weniger als einer Woche auf eine fünfte Gerichtsbarkeit aus.,"VIDEOS: Voraces incendia silvarum milia hectarum in Argentina destruunt. Progressus incendiorum in regione, auctoritates Argentinae tempus quintae iurisdictionis minus quam hebdomade ampliavit.",Costa Rica,SCA,North-America,wmo
b855eb1c22a9c506033286c5f2aa7f26,2026-02-03T14:35:16Z,Tsunami,,www.europapress.es,es,0.3,AEMET extiende su aviso por 'Leonardo' hasta el sábado con más de 250 l/m2 en 24 horas en zonas de Andalucía para mañana,"La borrasca de gran impacto 'Leonardo' dejará temporal atlántico en toda la Península, excepto el cuadrante nordeste peninsular, desde este miércoles y hasta al menos este sábado, según el último aviso especial emitido este martes por la Agencia Estatal de Me…",https://www.europapress.es/sociedad/noticia-aemet-extiende-aviso-leonardo-sabado-mas-250-m2-24-horas-zonas-andalucia-manana-20260203153516.html,https://img.europapress.es/fotoweb/fotonoticia_20260203153516_1200.jpg,,"MADRID, 3 Feb. (EUROPA PRESS) - 
   La borrasca de gran impacto 'Leonardo' dejará temporal atlántico en toda la Península, excepto el cuadrante nordeste peninsular, desde este miércoles y hasta al m… [+6036 chars]","AEMET extends its warning for 'Leonardo' until Saturday with more than 250 l/m2 in 24 hours in areas of Andalusia for tomorrow. The high-impact storm 'Leonardo' will leave an Atlantic storm throughout the Peninsula, except the northeastern quadrant of the Peninsula, from this Wednesday until at least this Saturday, according to the latest special notice issued this Tuesday by the State Agency for Me…","AEMET verlängert seine Warnung für „Leonardo“ bis Samstag mit mehr als 250 l/m2 in 24 Stunden in Gebieten Andalusiens für morgen. Der heftige Sturm „Leonardo“ wird von diesem Mittwoch bis mindestens diesem Samstag einen Atlantiksturm auf der gesamten Halbinsel mit Ausnahme des nordöstlichen Quadranten der Halbinsel hinterlassen, heißt es in der neuesten Sondermitteilung der State Agency for Me…","AEMET admonitionem suam protendit ad 'Leonardo' usque ad Sabbatum cum plus 250 l/m2 in 24 horis in locis Baeticae cras. Tempestas summus impulsus 'Leonardo' tempestatem Atlanticam per Peninsulam relinquet, praeter Quadrantem Peninsulae septentrionalem, ab hac mercurii usque ad minimum hoc Sabbatum, secundum novissimam specialem notitiam hanc Martis a Publica Agency pro Me edita.",United States,NWN,North-America,usgs
1a06b8d15d401f2de376139a096ee7e3,2026-02-03T16:00:00Z,Storm,,muyinteresante.okdiario.com,es,0.7,Los árboles más antiguos de España han hablado: las tormentas actuales son las más extremas desde 1503,Un estudio basado en anillos de árboles centenarios reconstruye cinco siglos de lluvias en España y muestra por qué el clima actual del Mediterráneo se comporta de forma inédita.,https://muyinteresante.okdiario.com/naturaleza/arboles-centenarios-tormentas-extremas-mediterraneo.html,https://muyinteresante.okdiario.com/wp-content/uploads/sites/5/2026/02/arbo3-og.jpg,,"Creado:
3.02.2026 | 17:00
Actualizado:
3.02.2026 | 17:00
La memoria del clima no siempre está escrita en libros ni en bases de datos. En algunos lugares, se conserva en silencio, año tras año, de… [+7802 chars]",The oldest trees in Spain have spoken: the current storms are the most extreme since 1503. A study based on rings of centuries-old trees reconstructs five centuries of rainfall in Spain and shows why the current Mediterranean climate behaves in an unprecedented way.,"Die ältesten Bäume Spaniens haben gesprochen: Die aktuellen Stürme sind die extremsten seit 1503. Eine Studie, die auf Ringen jahrhundertealter Bäume basiert, rekonstruiert fünf Jahrhunderte Niederschlag in Spanien und zeigt, warum sich das aktuelle mediterrane Klima auf beispiellose Weise verhält.",Antiquissimae arbores in Hispania locutae sunt: ​​tempestates hodiernae sunt extremae ab 1503. Studium innixa in annulis arborum perantiquorum quinque centuriae pluviarum in Hispania restaurat et ostendit cur clima Mediterraneum praesens novo modo se gerit.,Spain,MED,Europe,wmo
677c3afbbae970547a7a779ab4c22ffe,2026-02-03T16:58:14Z,Precipitation,,observador.pt,pt,0.9,Governo estima 20 milhões para recuperar monumentos afetados,"A depressão Kristin, com chuva forte em dias consecutivos, causou danos a mais de 50 monumentos nacionais, pelo que as equipas estão a percorrer os sítios para avaliar as necessidades de cada um.",https://observador.pt/2026/02/03/governo-estima-20-milhoes-de-euros-para-recuperar-50-monumentos-afetados-pela-tempestade/,https://wm.observador.pt/wm/l/https%3A%2F%2Fbordalo.observador.pt%2Fv2%2Frs%3Afill%3A770%3A403%2Fc%3A2000%3A1126%3Anowe%3A0%3A103%2Fq%3A70%2Ff%3Awebp%2Fplain%2Fhttps%3A%2F%2Fs3.observador.pt%2Fwp-content%2Fuploads%2F2016%2F02%2F11125405%2F9785314.jpg?layer=obstop:T,http://web.archive.org/web/20260203172520/https://observador.pt/2026/02/03/governo-estima-20-milhoes-de-euros-para-recuperar-50-monumentos-afetados-pela-tempestade/,"Acompanhe o nosso liveblog sobre o mau tempo
A ministra da Cultura revelou nesta terça-feira, no Convento de Cristo, que a depressão Kristin já provocou danos em mais de 50 monumentos nacionais, est… [+4787 chars]","Government estimates 20 million to recover affected monuments. Depression Kristin, with heavy rain on consecutive days, caused damage to more than 50 national monuments, so teams are touring the sites to assess each one's needs.","Die Regierung schätzt, dass 20 Millionen für die Wiederherstellung betroffener Denkmäler aufgewendet werden sollen. Das Depressionsgebiet Kristin mit starken Regenfällen an aufeinanderfolgenden Tagen verursachte Schäden an mehr als 50 Nationaldenkmälern. Daher besichtigen Teams die Stätten, um die Bedürfnisse jedes Einzelnen zu ermitteln.","Imperium XX miliones aestimat monumenta affectata recuperare. Depressione Kristin, cum pluviae continuos dies, plus quam 50 monumenta nationalia detrimentum attulit, ideo iunctae sites trahunt ut quisque necessitates aestimet.",,,,random
e3586f94dda39eb479389d961a9ad631,2026-02-03T17:59:18Z,Wildfire,,petapixel.com,en,0.2,The Best Photos and Videos Captured Using Tamron Lenses,"Tamron Americas has announced the winners of its third annual Photo and Video Contest. The competition invited photographers and filmmakers from the U.S., Canada, and Mexico to enter their best photos and videos captured using Tamron lenses.
[Read More]",https://petapixel.com/2026/02/03/the-best-photos-and-videos-captured-using-tamron-lenses/,https://petapixel.com/assets/uploads/2026/02/tamron-3rd-photo-video-contest-winners.jpg,,"Tamron Americas has announced the winners of its third annual Photo and Video Contest. The competition invited photographers and filmmakers from the U.S., Canada, and Mexico to enter their best photo… [+7612 chars]","The Best Photos and Videos Captured Using Tamron Lenses. Tamron Americas has announced the winners of its third annual Photo and Video Contest. The competition invited photographers and filmmakers from the U.S., Canada, and Mexico to enter their best photos and videos captured using Tamron lenses.
[Read More]","Die besten Fotos und Videos, die mit Tamron-Objektiven aufgenommen wurden. Tamron Americas hat die Gewinner seines dritten jährlichen Foto- und Videowettbewerbs bekannt gegeben. Der Wettbewerb lud Fotografen und Filmemacher aus den USA, Kanada und Mexiko ein, ihre besten Fotos und Videos einzureichen, die mit Tamron-Objektiven aufgenommen wurden. [Mehr lesen]","Optimae imagines et Usura Tamron Lentes Capti. Tamron Americas victores tertium annuum photo et Video Contest nuntiavit. Certamen photographeros et cinematographicos ex US, Canada, Mexico invitavit ut optimas imagines et videos utentes Tamron lentes caperent. [Read More]",India,SAS,Asia,wmo
521fbeadc041f1f0b0107be1eac851de,2026-02-03T19:16:00Z,Tsunami,,republica.com,es,0.3,Terremoto de 1976: 50 años después los recuerdos tiemblan,"El 3 de febrero de 1976, Lucky Galindo –21 años en ese entonces– recuerda un cielo “muy estrellado”. No como una postal bonita, sino como una rareza: demasiado limpio, demasiado quieto, como si la noche hubiera bajado el volumen del mundo. Había un frío insis…",https://republica.com/inmobiliaria/terremoto-de-1976-50-anos-despues-los-recuerdos-tiemblan-19764311440,https://cdn.republica.com/022026/1770141542860.jpg?&cw=600&ch=365,,"El 3 de febrero de 1976, Lucky Galindo –21 años en ese entonces– recuerda un cielo “muy estrellado”. No como una postal bonita, sino como una rareza: demasiado limpio, demasiado quieto, como si la no… [+13308 chars]","1976 earthquake: 50 years later, memories tremble. On February 3, 1976, Lucky Galindo – 21 years old at the time – remembers a “very starry” sky. Not like a pretty postcard, but like a rarity: too clean, too still, as if the night had turned down the volume of the world. There was a cold insistence…","Erdbeben 1976: 50 Jahre später zittern die Erinnerungen. Am 3. Februar 1976 erinnert sich Lucky Galindo – damals 21 Jahre alt – an einen „sehr sternenklaren“ Himmel. Nicht wie eine schöne Postkarte, sondern wie eine Rarität: zu sauber, zu still, als hätte die Nacht die Lautstärke der Welt leiser gestellt. Es gab eine kalte Beharrlichkeit…","Terrae motus 1976: 50 annis post, memoria tremit. Die III mensis Februarii anno MCMLXXVI, Felix Galindo - XXI annorum tempore - caelum stelliferum meminit. Non sicut Postcarda pulchra, sed sicut raritas: nimis munda, etiam adhuc quasi nox mundum deflexit. Frigus instantia…",United States,NWN,North-America,usgs
24dac018d8ed8b07f3a0e38125e0a3ed,2026-02-04T02:30:55Z,Insect Infestation,,tocana.jp,ja,0.9,聖書の巨人は実在した!? 大英博物館のパピルスに記された「身長2.4メートルの蛮族」… 3300年前の文書が示唆する“巨人伝説”の真相,聖書に登場する巨人は単なる神話ではなかったのか？ 大英博物館が所蔵する3300年前のパピルス「アナスタシ1世」に、身長2.4メートルに達する凶暴な「シャス族」との遭遇記録が記されていることが判明。旧約聖書『民数記』の「人間がイナゴに見えるほどの巨人」という記述や、古代の壁画とも合致する、そのあまりに巨大で凶鼻な戦士たちの正体とは。,https://tocana.jp/2026/02/post_291391_entry.html,https://media.tocana.jp/wp-content/uploads/2026/02/biblicalgiants_thumb.jpg,,"Created with AI image generation
1Papyrus Anastasi I3300Associates for Biblical Research
4522.4Shasu
451
Daily Mail Online
2
113
1333
Public Domain, Link
1274
1
Daily Mail
YouTube","Did the giants of the Bible really exist? A 2.4-meter-tall barbarian was described on a papyrus in the British Museum... The truth behind the ""giant legend"" suggested by a 3,300-year-old document. Were the giants appearing in the Bible just a myth? It has been discovered that the 3,300-year-old papyrus ``Anastasi I'', owned by the British Museum, contains a record of an encounter with the ferocious ``Shas'' tribe, which can reach up to 2.4 meters in height. What is the true identity of these giant and ferocious warriors, which matches the description in the Old Testament of the Book of Numbers of ``giants so large that humans look like locusts'' and ancient wall paintings?","Gab es die Giganten der Bibel wirklich? Ein 2,4 Meter großer Barbar wurde auf einem Papyrus im British Museum beschrieben ... Die Wahrheit hinter der „Riesenlegende“ geht aus einem 3.300 Jahre alten Dokument hervor. Waren die in der Bibel vorkommenden Riesen nur ein Mythos? Es wurde entdeckt, dass der 3.300 Jahre alte Papyrus „Anastasi I“, der sich im Besitz des British Museum befindet, eine Aufzeichnung einer Begegnung mit dem wilden „Shas“-Stamm enthält, der bis zu 2,4 Meter hoch werden kann. Was ist die wahre Identität dieser riesigen und wilden Krieger, die mit der Beschreibung im Buch Numeri im Alten Testament von „Riesen, die so groß sind, dass Menschen wie Heuschrecken aussehen“ und alten Wandgemälden übereinstimmt?","Nonne gigantes Bibliorum revera sunt? A 2.4 metri longus barbarus in papyro in Museo Britannico descriptus est... Veritas post ""fabulam gigantem"" per documentum 3, 300 annorum suggessit. Gigantes in Bibliis tantum fabulae apparebant? Inventum est chartam 3, 300 annorum `Anastasi I', musei Britannici possessores, recordationem inire congressionis cum tribu `Shas' ferocissimae, quae usque ad 2.4 metra altitudinis pertingere potest. Quae est vera identitas horum gigantum et ferocium bellatorum, qui descriptioni ""Gigantium Veteris Testamenti libri Numerorum tam magnae sunt ut homines ut locustas"" et parietum antiquorum picturas respiciant?",,,,random
9fb688c8ba3a1aa29fab94a68ee6f034,2026-02-04T05:01:00Z,Storm,,digiday.com,en,0.2,ICE has become a national issue for Target,More groups and activists outside of Minnesota have also been calling out Target’s relative silence on ICE activity in its home state.,http://digiday.com/marketing/ice-has-become-a-national-issue-for-target/,https://digiday.com/wp-content/uploads/sites/3/2027/01/protest-arms.jpeg,,"Targets response, or the lack thereof, to the growing presence of U.S. Immigration and Customs Enforcement in Minneapolis has become yet another PR crisis for the retailer.Groups like the ICE Out of … [+7650 chars]",ICE has become a national issue for Target. More groups and activists outside of Minnesota have also been calling out Target’s relative silence on ICE activity in its home state.,ICE ist für Target zu einem nationalen Problem geworden. Auch außerhalb von Minnesota haben mehr Gruppen und Aktivisten Targets relatives Schweigen zu den ICE-Aktivitäten in seinem Heimatstaat kritisiert.,ICE facta est nationalis exitus ad Target. Plures coetus et actores extra Minnesotae etiam relativum scopum appellaverunt silentium de ICE actione in suo statu domestico.,United States,CNA,North-America,wmo
d8614cd1fd363d5878036590d7a7b84f,2026-02-04T05:30:58Z,Wildfire,,www.cbc.ca,en,0.2,"Tightly-knit hockey community in Kamloops, B.C., mourns loss of young players",Three hockey players died in a collision in Southern Alberta on Feb. 2. A former coach to one of the young men recalls how the player was enthusiastic on the ice and always smiling off the ice.,https://www.cbc.ca/news/canada/british-columbia/kamloops-mourning-junior-hockey-players-9.7073295,"https://i.cbc.ca/ais/49108881-0440-48d5-b54f-f0d2fca2b0ac,1770174962203/full/max/0/default.jpg?im=Crop%2Crect%3D%280%2C0%2C1920%2C1080%29%3BResize%3D620",,"People who are part of the tight-knit hockey community in Kamloops, B.C., are shocked and devastated by the sudden death of two local players who were continuing their careers on the ice in Alberta.… [+2691 chars]","Tightly-knit hockey community in Kamloops, B.C., mourns loss of young players. Three hockey players died in a collision in Southern Alberta on Feb. 2. A former coach to one of the young men recalls how the player was enthusiastic on the ice and always smiling off the ice.","Die eingeschworene Eishockeygemeinschaft in Kamloops, B.C., trauert um den Verlust junger Spieler. Drei Eishockeyspieler kamen am 2. Februar bei einem Zusammenstoß in Süd-Alberta ums Leben. Ein ehemaliger Trainer eines der jungen Männer erinnert sich, wie begeistert der Spieler auf dem Eis war und auch außerhalb des Eises immer lächelte.","Hockey communitas stricte stricta in Kamloops, B.C., iuvenum lusorum iacturam luget. Tres hockey lusores in conflictu in Alberta Australi die 2 Febr. mortuus est. Prior raeda uni adulescentium commemorat quomodo lusor alacer in glacie erat et semper glaciem ridebat.",India,SAS,Asia,wmo
1f0c7538e9626ce62e10715082749399,2026-02-04T07:23:47Z,Snow&Ice,,www.bbc.com,en,0.2,"Vonn, Gu and Malinin - global stars to follow at Milan-Cortina 2026",BBC Sport takes a look at the global stars and stories to follow at Milan-Cortina 2026.,https://www.bbc.com/sport/articles/cly9egnre35o?xtor=AL-72-%5Bpartner%5D-%5Byahoo.north.america%5D-%5Bheadline%5D-%5Bsport%5D-%5Bbizdev%5D-%5Bisapi%5D,https://s.yimg.com/ny/api/res/1.2/1pdIc2W3fnOoEH8a5y_lsA--/YXBwaWQ9aGlnaGxhbmRlcjt3PTEyMDA7aD02NzU7Y2Y9d2VicA--/https://media.zenfs.com/en/bbc_us_articles_995/d533a4509d2cd6af37a489ad6d17098c,,"Around 2,900 athletes from more than 90 countries will compete on the ice and snow at Milan-Cortina 2026.
The world's biggest winter sports stars will descend on northern Italy from Friday 6 Februar… [+8188 chars]","Vonn, Gu and Malinin - global stars to follow at Milan-Cortina 2026. BBC Sport takes a look at the global stars and stories to follow at Milan-Cortina 2026.","Vonn, Gu und Malinin – Weltstars, denen man bei Mailand-Cortina 2026 folgen kann. BBC Sport wirft einen Blick auf die Weltstars und Geschichten, die man bei Mailand-Cortina 2026 verfolgen wird.","Vonn, Gu et Malinin - stellae globalis quae sequentur Mediolani-Cortinae 2026. BBC Lusum inspicit stellas globales et fabulas sequendas Mediolani-Cortinae 2026 .",United States,CNA,North-America,wmo
d5b4ce9417cc940dd8abcce5e100e9ab,2026-02-04T07:32:00Z,Tsunami,,blog.angryasianman.com,en,0.2,Donate to AAPIP's Twin Cities Rapid Response Fund,And Other Items of Note From Angry Asian America.,https://blog.angryasianman.com/2026/02/donate-to-aapips-twin-cities-rapid.html,https://blogger.googleusercontent.com/img/b/R29vZ2xl/AVvXsEgldI4d8XHCJ52AaXnrqFPjlxgRLf_KzxbpnHWoRMnORZM-67IiQ-sbnghr753eaAezq_YSmTqVKIByd_B7S373WEUjz_GfnhYHEWaaaZWZqJbUlope7vEBiyv9IEKir2YdknuXa0Wlfu8kDcSBJcy81_2w5sR26HsYhnwC98eqHfk9ZNEO2W-Kn0ES3W4/w1200-h630-p-k-no-nu/aapip_twincities.jpg,,"And Other Items of Note From Angry Asian America.




AAPIP Twin Cities Rapid Response Fund

As ICE's surge in Minnesota continues, AANHPI-serving organizations are responding, providing legal defens… [+1936 chars]",Donate to AAPIP's Twin Cities Rapid Response Fund. And Other Items of Note From Angry Asian America.,Spenden Sie an den Twin Cities Rapid Response Fund der AAPIP. Und andere bemerkenswerte Dinge aus dem wÃ¼tenden asiatischen Amerika.,Nuper AAPIP's Didymus Urbes Celeri Response Fund. Et Aliae Notae Ab Iratus Asiatica America.,United States,NWN,North-America,usgs
