index,published,extreme,topic,domain,language,valid,title,description,url,image,archive,content,en,de,la,country,ipcc,continent,feed
5fef6f0cf1023931bd64ed4c5eeeb599,2026-04-01T01:19:44Z,Earthquake,,news.web.nhk,ja,0.9,【地震速報】栃木 真岡で震度５弱 津波の心配なし,１日午前１０時６分ごろ地震がありました。この地震による津波の心配はありません。震源地は茨城県南部で震源の深さは５０キロ、地震の規模を示すマグニチュードは５．０と推定されます。各市町村の震度は以下のとおりです。▼震度５弱が、栃木県真岡市。▼震度４が、福島県白河市、茨城県水戸市、茨城県笠間市、茨城県守谷市、茨城県筑西市、茨城県坂東市、茨城県桜川市、栃木県宇都宮市、栃木県栃木市、栃木県鹿沼市、栃木県小山市、栃木県大田原市、栃木県下野市、栃木県益子町、埼玉県宮代町、千葉県野田市。▼震度３が、福島県須賀川市、福島県鏡石町、…,https://news.web.nhk/newsweb/na/na-k10015088171000,https://imgu.web.nhk/news/u/news/html/20260401/K10015088171_2604011011_0401101211_01_02.jpg,http://web.archive.org/web/20260401034054/https://news.web.nhk/newsweb/na/na-k10015088171000,Copyright NHK (Japan Broadcasting Corporation). All rights reserved.,"[Earthquake News] Seismic intensity lower 5 in Moka, Tochigi, no worries about tsunami. There was an earthquake at around 10:06 a.m. on the 1st. There is no need to worry about a tsunami from this earthquake. The epicenter was in southern Ibaraki Prefecture, at a depth of 50 km, and the magnitude, which indicates the scale of the earthquake, is estimated to be 5.0. The seismic intensity of each municipality is as follows. ▼The seismic intensity was lower than 5 in Moka City, Tochigi Prefecture. ▼Seismic intensity 4 occurred in Shirakawa City, Fukushima Prefecture, Mito City, Ibaraki Prefecture, Kasama City, Ibaraki Prefecture, Moriya City, Ibaraki Prefecture, Chikusei City, Ibaraki Prefecture, Bando City, Ibaraki Prefecture, Sakuragawa City, Ibaraki Prefecture, and Utsu, Tochigi Prefecture. Miya City, Tochigi City, Tochigi Prefecture, Kanuma City, Tochigi Prefecture, Oyama City, Tochigi Prefecture, Otawara City, Tochigi Prefecture, Shimono City, Tochigi Prefecture, Mashiko Town, Tochigi Prefecture, Miyashiro Town, Saitama Prefecture, and Noda City, Chiba Prefecture. ▼Seismic intensity 3 occurred in Sukagawa City, Fukushima Prefecture, Kagamiishi Town, Fukushima Prefecture...","[Erdbebennachrichten] Die seismische Intensität liegt in Moka, Tochigi, unter 5, keine Angst vor einem Tsunami. Am 1. gab es gegen 10:06 Uhr ein Erdbeben. Es besteht kein Grund zur Sorge vor einem Tsunami durch dieses Erdbeben. Das Epizentrum befand sich in der südlichen Präfektur Ibaraki in einer Tiefe von 50 km und die Stärke, die das Ausmaß des Erdbebens angibt, wird auf 5,0 geschätzt. Die seismische Intensität jeder Gemeinde ist wie folgt. ▼Die seismische Intensität lag in Moka City, Präfektur Tochigi, unter 5. ▼Seismische Intensität 4 trat in der Stadt Shirakawa, der Präfektur Fukushima, der Stadt Mito, der Präfektur Ibaraki, der Stadt Kasama, der Präfektur Ibaraki, der Stadt Moriya, der Präfektur Ibaraki, der Stadt Chikusei, der Präfektur Ibaraki, der Stadt Bando, der Präfektur Ibaraki, der Stadt Sakuragawa, der Präfektur Ibaraki und Utsu in der Präfektur Tochigi auf. Stadt Miya, Stadt Tochigi, Präfektur Tochigi, Stadt Kanuma, Präfektur Tochigi, Stadt Oyama, Präfektur Tochigi, Stadt Otawara, Präfektur Tochigi, Stadt Shimono, Präfektur Tochigi, Stadt Mashiko, Präfektur Tochigi, Stadt Miyashiro, Präfektur Saitama und Stadt Noda, Präfektur Chiba. ▼Seismische Intensität 3 trat in der Stadt Sukagawa, Präfektur Fukushima, der Stadt Kagamiishi, Präfektur Fukushima auf ...","[Terrae motus novae] Seismic intensio inferior 5 in Moka, Tochigi, nulla curarum de tsunami. Terrae motus factus est circa annum 10:06 a.m. Nihil opus est de tsunami hac terrae motu solliciti. Epicenter fuit in Praefectura Ibaraki meridionali, in altitudinem 50 km et magnitudine, quae indicat scalam terrae motuum, esse 5.0 aestimatur. Seismic intensio cuiusque municipii talis est. ▼ Intensior seismic inferior quam 5 in urbe Moka, Praefectura Tochigi fuit. ▼Seismic intensity 4 occurred in Shirakawa City, Fukushima Prefecture, Mito City, Ibaraki Prefecture, Kasama City, Ibaraki Prefecture, Moriya City, Ibaraki Prefecture, Chikusei City, Ibaraki Prefecture, Bando City, Ibaraki Prefecture, Sakuragawa City, Ibaraki Prefecture, and Utsu, Tochigi Prefecture. Miya urbs, Tochigi urbs, Tochigi Praefectura, Kanuma urbs, Tochigi Praefectura, urbs Oyama, Tochigi Praefectura, urbs Otawara, Tochigi Praefectura, urbs Shimono, Tochigi Praefectura, Mashiko Urbs, Tochigi Praefectura, Miyashiro Urbs, Saitama Chiba Praefectura, et Urbs Noda. Seismic intensio 3 occurrit in urbe Sukagawa, Praefectura Fukushima, Oppidum Kagamiishi, Fukushima Praefecturae ...",,,,random
f4082dd81552d6d88c6b5bc0c37a25c4,2026-04-01T01:27:57Z,Earthquake,,www.huffingtonpost.jp,ja,0.9,【速報】栃木で震度5弱の地震。震度3以上の地域一覧は【4月1日午前10時過ぎ】,"地震が発生した地域4月1日午前10時6分頃、栃木県で最大震度5弱の地震が起きた。
気象庁（午前10時10分発表）によると、震源地は茨城県南部。震源の深さは約50キロ、地震の規模（マグニチュード）は5.0と推定される。
この地震による津波の心配はない。
震度3以上を観測した地域は次の通り。
▽震度5弱
（栃木県）
真岡市
▽震度4
（栃木県）
宇都宮市 栃木市 鹿沼市 小山市 大田原市 下野市 益子町
（福島県）
白河市
（茨城県）
水戸市 笠間市 守谷市 筑西市 坂東市 桜川市
（埼玉…",https://www.huffingtonpost.jp/entry/story_jp_69cc7035e4b0332f12c04d30,https://img.huffingtonpost.com/asset/69cc717a170000b50b76ebf8.jpeg?cache=TLl3CluJAz&ops=1200_630,,"Skip to Main Content4110653
411065
1010505.0
3
5
4
3","[Breaking news] Earthquake with a seismic intensity of lower 5 in Tochigi. A list of areas with seismic intensity of 3 or higher [April 1st, after 10am]. Area where the earthquake occurred At around 10:06am on April 1st, an earthquake with a maximum seismic intensity of lower 5 occurred in Tochigi Prefecture.
According to the Japan Meteorological Agency (announced at 10:10 a.m.), the epicenter was in southern Ibaraki Prefecture. The depth of the epicenter is approximately 50 km, and the magnitude of the earthquake is estimated to be 5.0.
There is no worry about a tsunami from this earthquake.
The areas where seismic intensity of 3 or higher was observed are as follows.
▽Seismic intensity 5 lower
(Tochigi Prefecture)
Moka City
▽Seismic intensity 4
(Tochigi Prefecture)
Utsunomiya City Tochigi City Kanuma City Oyama City Otawara City Shimotsuke City Mashiko Town
(Fukushima Prefecture)
Shirakawa City
(Ibaraki Prefecture)
Mito City Kasama City Moriya City Chikusei City Bando City Sakuragawa City
(Saitama...","[Aktuelle Nachrichten] Erdbeben mit einer seismischen Intensität von unter 5 in Tochigi. Eine Liste von Gebieten mit einer seismischen Intensität von 3 oder höher [1. April, nach 10 Uhr]. Gebiet, in dem sich das Erdbeben ereignete. Am 1. April gegen 10:06 Uhr ereignete sich in der Präfektur Tochigi ein Erdbeben mit einer maximalen seismischen Intensität von unter 5.
Nach Angaben der Japan Meteorological Agency (Ankündigung um 10:10 Uhr) lag das Epizentrum in der südlichen Präfektur Ibaraki. Die Tiefe des Epizentrums beträgt etwa 50 km und die Stärke des Erdbebens wird auf 5,0 geschätzt.
Es besteht keine Sorge vor einem Tsunami durch dieses Erdbeben.
Die Gebiete, in denen eine seismische Intensität von 3 oder höher beobachtet wurde, sind wie folgt.
▽Seismische Intensität 5 niedriger
(Präfektur Tochigi)
Moka-Stadt
▽Seismische Intensität 4
(Präfektur Tochigi)
Stadt Utsunomiya, Stadt Tochigi, Stadt Kanuma, Stadt Oyama, Stadt Otawara, Stadt Shimotsuke, Stadt Mashiko
(Präfektur Fukushima)
Stadt Shirakawa
(Präfektur Ibaraki)
Mito-Stadt Kasama-Stadt Moriya-Stadt Chikusei-Stadt Bando-Stadt Sakuragawa-Stadt
(Saitama...","[Breking news] Terrae motus cum intensione seismica inferioris 5 in Tochigi. Indicem arearum cum intensione seismicorum 3 vel superiorum [April 1st, post 10am]. Area, ubi terrae motus factus est Circa annum 10:06, mense Aprili, terrae motus cum maximo seismico inferioris 5 vehementia in Praefectura Tochigi occurrit.
Secundum Procuratio Meteorologica Iaponiae (1010 a.m. annuntiata), epicenter in Praefectura Ibaraki meridionali fuit. Profunditas epicenter est circiter 50 km, et magnitudo terrae motus aestimatur 5.0.
Nulla anxietas tsunami ex hoc terrae motu.
Areae ubi intensio seismica 3 vel altior observata sunt hae sunt.
Seismic intensio V lower
(Praefecturae Tochigi)
Moka City
Seismic intensio 4
(Praefecturae Tochigi)
Utsunomiya City City Kanuma City Otawara City City Shimotsuke Mashiko Urbs
(Praefecturae Fukushima)
Shirakawa urbs
(Praefecturae Ibaraki)
Mito City Kasama City City Moriya Chikusei City Bando City Sakuragawa
(Saitama...",,,,random
81aee89c9caf339b91560a4a93c86f1b,2026-04-01T01:59:00Z,Thunderstorm,,www.newsit.gr,el,0.9,Καιρός σήμερα: Θυελλώδεις άνεμοι 9 και 10 μποφόρ σε Αιγαίο και Δωδεκάνησα – Σφοδρές καταιγίδες σε όλη τη χώρα,"Σφοδρές βροχές και καταιγίδες, χαλάζι και χιόνι καθώς και θυελλώδεις άνεμοι έως 10 μποφόρ αναμένεται να σημειωθούν σήμερα Τετάρτη (01.04.2026) με το πέρασμα της κακοκαιρίας ... 
To άρθρο Καιρός σήμερα: Θυελλώδεις άνεμοι 9 και 10 μποφόρ σε Αιγαίο και Δωδεκάνησ…",https://www.newsit.gr/ellada/kairos-simera-thyellodeis-anemoi-9-kai-10-mpofor-se-aigaio-kai-dodekanisa-sfodres-kataigides-se-oli-ti-xora/4639644/,https://www.newsit.gr/wp-content/uploads/2026/03/kairos-8-1200x630.jpg,http://web.archive.org/web/20260402091436/https://www.newsit.gr/ellada/kairos-simera-thyellodeis-anemoi-9-kai-10-mpofor-se-aigaio-kai-dodekanisa-sfodres-kataigides-se-oli-ti-xora/4639644/,", 10 (01.04.2026) .
 , , . , .
 , . .
 5 6 7, . 6 8, 9 10 .
 14 15 16 , 16 17 15 17 18 19 .
 :
<ol><li> ( ).</li><li> ( ).</li><li> , , ( ).</li><li> ( ).</li><li> ( ).</li><li> ( ).</li><li> (… [+285 chars]","Today's weather: Gusty winds 9 and 10 Beaufort in the Aegean and Dodecanese - Severe storms across the country. Heavy rain and storms, hail and snow as well as gale force winds up to 10 Beaufort are expected today Wednesday (04/01/2026) with the passing of bad weather ... 
The article Weather today: Stormy winds 9 and 10 Beaufort in the Aegean and Dodecanese...","Das heutige Wetter: Böige Winde mit 9 und 10 Beaufort in der Ägäis und im Dodekanes - Heftige Stürme im ganzen Land. Heute Mittwoch (01.04.2026) werden heftige Regenfälle und Unwetter, Hagel und Schnee sowie orkanartige Windstärken bis zu 10 Beaufort erwartet, wobei schlechtes Wetter vorüberzieht ... 
Der Artikel Wetter heute: Stürmischer Wind mit 9 und 10 Beaufort in der Ägäis und im Dodekanes...","Tempestas hodiernae: Venti 9 et 10 Beaufort in Aegaeo et Dodecanese - Tempestates graves per regionem. Imbribus gravis et procellis, grandinis et nivis necnon galeorum vis ventorum usque ad 10 Beaufort expectatur hodie Mercurii (04/01/2026) cum tempestatibus transitus ... 
Articulus Tempestatis hodie: Venti procellae 9 et 10 Beaufort in Aegaeo et Dodecanese...",,,,random
185d2323c0bae8988c108ad0f0f797a9,2026-04-01T04:01:44Z,Precipitation,,www.eldiario.es,es,0.8,El viento y las lluvias débiles protagonizan el miércoles de Semana Santa,"La Agencia Estatal de Meteorología (Aemet) mantiene avisos en cuatro comunidades por rachas fuertes
Qué tiempo va a hacer en Semana Santa: la previsión de la Aemet para el Jueves Santo y Viernes Santo


 El miércoles, ecuador de la Semana Santa, estará marc…",https://www.eldiario.es/sociedad/el-tiempo/viento-lluvias-debiles-protagonizan-miercoles-semana-santa-pm_1_13112248.html,https://static.eldiario.es/clip/feb795f3-353b-4867-90d3-2326d462ad87_facebook-watermarked-aspect-ratio_default_0.jpg,,"El miércoles, ecuador de la Semana Santa, estará marcado por las fuertes rachas de viento, por las lluvias débiles en el Cantábrico oriental y por una subida de las temperaturas en algunas zonas del … [+2081 chars]","The wind and light rains are the protagonists on Wednesday of Holy Week. The State Meteorological Agency (Aemet) maintains warnings in four communities due to strong gusts
What will the weather be like during Holy Week: the Aemet forecast for Holy Thursday and Good Friday


 Wednesday, the halfway point of Holy Week, will be marked…","Wind und leichter Regen sind die Protagonisten am Mittwoch der Karwoche. Die staatliche Meteorologiebehörde (Aemet) hält in vier Gemeinden Warnungen wegen starker Böen aufrecht. Wie das Wetter in der Karwoche sein wird: Die Aemet-Prognose für Gründonnerstag und Karfreitagmittwoch, die Halbzeit der Karwoche, wird markiert…","Imbres venti et imbres sunt protagonistae die Mercurii Hebdomadae sanctae. Publica Procuratio Meteorologica (Aemet) admonitiones servat in quattuor communitatibus ob vehementibus procellis
Qualis tempestas erit in Hebdomada Sancta: Aemet Providemus pro Feria V et VI Hebdomadae Sanctae?


 Feria quarta, medium punctum Hebdomadae sanctae, signabitur...",Ecuador,NWS,South-America,wmo
af3ef176dda2eb7d769027b137bb50b0,2026-04-01T04:10:34Z,Storm,,www.protothema.gr,el,0.9,"Η (χθεσινοβραδινή) μικρή ανάσταση των αγορών, το πασχαλινό Μ.Μ, γιατί όλοι τώρα τραβάνε λεφτά από τις αγορές πριν την καταιγίδα, η κρουαζιέρα έρχεται Ελλάδα","Χαίρετε, χθες είχαμε ένα ωραίο παρτάκι στις αγορές μετά τις βραδινές δηλώσεις του Πεζεσκιάν περί αποκλιμάκωσης, μη ρωτάτε αν είμαστε στο «ουφ, τελειώσαμε», αλλά καλό είναι όλο αυτό | Οικονομία",https://www.protothema.gr/economy/article/1796948/hthesinovradini-mikri-anastasi-agoron-pashalino-mm-travane-lefta-apo-agores-prin-kataigida-krouaziera-erhetai-ellada/,https://www.protothema.gr/images/640x360share/jpg/files/2026-04-01/xrwma_dr_new.jpg,,", , , .. , . «, » ., . .., , SMS . , , 17 , « , ». .. , .
- mood, - - . .: 
- (CO), , - (ETS). , , . , , , , , , , , ETS, . , , . , , . ETS , . , , . , , . , - .
- , 1 100 , . . , . 11 .
- 12 12 … [+3198 chars]","The (last night) small resurrection of the markets, the Easter PM, because everyone is now pulling money from the markets before the storm, the cruise is coming to Greece. Cheers, we had a nice run in the markets yesterday after Pezeskian's de-escalation remarks last night, don't ask if we're at 'ugh, we're done', but that's all good | Economy","Die (letzte Nacht) kleine Wiederauferstehung der Märkte, der Oster-Premiertag, weil jetzt alle Geld von den Märkten abziehen, bevor der Sturm kommt, kommt die Kreuzfahrt nach Griechenland. Prost, wir hatten gestern einen guten Lauf auf den Märkten, nachdem Pezeskian gestern Abend deeskalierende Bemerkungen gemacht hatte. Fragen Sie nicht, ob wir bei „pfui, wir sind fertig“ angelangt sind, aber das ist alles gut | Wirtschaft","Parva resurrectio mercatus, paschalis PM, quia omnes nunc pecuniam e mercatis ante tempestatem trahunt, lecythus in Graeciam venit. Iubilate, iucunde in mercatu currite heri post Pezeskiani de-escalationis verba heri dicta, non rogamus an 'ugh, facti sumus', sed omne bonum | Oeconomia",Greece,MED,Europe,wmo
0563aa199a9251a8d170e520315dab35,2026-04-01T07:00:10Z,Thunderstorm,,www.newsit.gr,el,0.9,Κακοκαιρία Erminio – Τσατραφύλλιας: Σε συναγερμό η Αττική από τις ισχυρές καταιγίδες – «Μέσα σε λίγες ώρες θα πέσει βροχή 3 μηνών»,"Συναγερμός σήμερα (01.04.2026) στην Αττική αλλά και στην υπόλοιπη χώρα από την επέλαση της κακοκαιρίας Erminio. Ισχυρές βροχές, καταιγίδες, θυελλώδεις ανέμους και χαλάζι αναμένεται να ... 
To άρθρο Κακοκαιρία Erminio – Τσατραφύλλιας: Σε συναγερμό η Αττική από…",https://www.newsit.gr/ellada/kakokairia-erminio-tsatrafyllias-se-synagermo-i-attiki-apo-tis-isxyres-kataigides-mesa-se-liges-ores-tha-pesei-vroxi-3-minon/4640202/,https://www.newsit.gr/wp-content/uploads/2026/04/vroxi-plimmira-eurok-1200x630.jpg,,"(01.04.2026) Erminio. , , .
 «» , . , 14:00 . , 3 .
 , «» : , , , , . .
 :
 .
 , 12:00 .
 , , , , , , , , – .
 11 .
 :
 .
Red Code 7 : , , , , , ..
To 
 . 4 30-03-26 12:15 , . .
 , 01-04… [+731 chars]","Bad weather Erminio - Tsatraphyllias: Attica is on alert due to the strong storms - ""Within a few hours 3 months of rain will fall"". Alarm today (01.04.2026) in Attica and in the rest of the country due to the advance of bad weather Erminio. Heavy rain, thunderstorms, gusty winds and hail are expected to ... 
The article Bad weather Erminio - Tsatraphyllias: Attica is on alert from...","Schlechtes Wetter Erminio – Tsatraphyllias: Attika ist wegen der starken Stürme in Alarmbereitschaft – „Innerhalb weniger Stunden wird es 3 Monate lang regnen“. Alarm heute (01.04.2026) in Attika und im Rest des Landes wegen des Vormarsches des schlechten Wetters Erminio. Es wird mit starken Regenfällen, Stürmen, orkanartigen Winden und Hagel gerechnet ... Der Artikel Schlechtes Wetter Erminio - Tsatraphyllias: Attika ist in Alarmbereitschaft von...","Tempestatibus tempestatibus Erminio - Tsatraphyllias: Atticae ob vehementis procellas intenti sunt - ""Intra paucas horas III menses pluviae cadent"". Terror hodie (01.04.2026) in Attica et in reliqua regione tempestatibus progressus ob tempestatem Erminio fuit. Imber gravis, tonitruum, procellosos ventos et grando exspectantur... 
Articulus Tempestatibus Erminio - Tsatraphyllias: Atticae erectus e...",,,,random
945b9b8332321d5aa73578026aa90f2e,2026-04-01T08:15:00Z,Thunderstorm,,www.protothema.gr,el,0.9,"Κόκκινη προειδοποίηση στην Κρήτη για την κακοκαιρία Erminio - Καταιγίδες και χαλάζι έπληξαν το Ηράκλειο, δείτε φωτογραφίες και βίντεο",Χαλάζι και δυνατή καταιγίδα «χτύπησαν» περιοχές του Ηρακλείου από νωρίς το πρωί | Κακοκαιρία Erminio | Καιρός | Κρήτη | Ελλάδα,https://www.protothema.gr/greece/article/1797077/kokkini-proeidopoiisi-stin-kriti-gia-tin-kakokairia-erminio-kataigides-kai-halazi-eplixan-to-irakleio/,https://www.protothema.gr/images/640x360share/jpg/files/2026-04-01/xalazoptosi_arthrou.jpg,,"To view this video please enable JavaScript, and consider upgrading to a
 web browser that supports HTML5 video","Red warning in Crete for bad weather Erminio - Storms and hail hit Heraklion, see photos and videos. Hail and a strong storm ""hit"" areas of Heraklion since early morning | Bad weather Erminio | Weather | Crete | Greece","Rote Warnung auf Kreta für schlechtes Wetter Erminio – Stürme und Hagel treffen Heraklion, siehe Fotos und Videos. Hagel und ein starker Sturm „heimgesucht“ Gebiete von Heraklion seit dem frühen Morgen | Schlechtes Wetter Erminio | Wetter | Kreta | Griechenland","Rubrum monitum in Creta pro tempestatibus Erminio - Tempestates et grandines Heraklion feriunt, vide imagines et videos. Ave et valida tempestas ""hit"" areas Heraklionis ab primo mane | Tempestatibus Erminio | Tempestas | Creta | Graecia",Greece,MED,Europe,wmo
2024e2322700ba8d5b5b19eceeeed626,2026-04-01T08:48:53Z,Thunderstorm,,www.newsit.gr,el,0.9,Κακοκαιρία Erminio: Σφοδρή χαλαζόπτωση και ισχυρές καταιγίδες στο Ηράκλειο,"Η Κρήτη πλήττεται από την έντονη κακοκαιρία Erminio με με χαλάζι και δυνατές βροχές από τις πρώτες ώρες της ημέρας, χωρίς μέχρι στιγμής σοβαρά προβλήματα. ... 
To άρθρο Κακοκαιρία Erminio: Σφοδρή χαλαζόπτωση και ισχυρές καταιγίδες στο Ηράκλειο δημοσιεύτηκε στ…",https://www.newsit.gr/ellada/kakokairia-erminio-sfodri-xalazoptosi-kai-isxyres-kataigides-sto-irakleio/4640336/,https://www.newsit.gr/wp-content/uploads/2026/04/kriti-erminio-neakriti-1200x630.jpg,,"11:48
1 2026
Erminio , . . , .
 , , . «»  ,       6:30 .
 , , , .
 , , .
 / neakriti
«» , , . , , , .
11:49 
 01.04.26
11:31 
 01.04.26
 15 2026 vouchers.gov.gr , , 
11:11 
 01.04.26
1… [+15 chars]","Bad weather Erminio: Heavy hail and strong storms in Heraklion. Crete has been affected by severe bad weather Erminio with hail and heavy rain since the early hours of the day, without serious problems so far. ... The article Bad weather Erminio: Heavy hail and strong storms in Heraklion was published in...","Schlechtes Wetter Erminio: Starker Hagel und starke Stürme in Heraklion. Kreta wurde seit den frühen Morgenstunden vom schweren Unwetter Erminio mit Hagel und starkem Regen heimgesucht, bisher ohne ernsthafte Probleme. ... Der Artikel Schlechtes Wetter Erminio: Starker Hagel und starke Stürme in Heraklion wurde veröffentlicht in...","Tempestatibus Erminio: Grando gravis et validae procellae in Heraklion. Creta gravibus tempestatibus Erminio cum grandine et pluvia gravi affectus est cum primis horis diei sine gravibus quaestionibus tantum abest. ... 
Articulus tempestatis Erminio: Grando gravis et validae procellae in Heraklion divulgata est.",,,,random
46aa00def06eddcf2e0f2f4409e5743a,2026-04-01T09:00:00Z,Earthquake,,eigokiji.cocolog-nifty.com,ja,0.9,「影響力の工作員」：自らの身を守るために、いかにしてネタニヤフは、トランプの家族を通じて、アメリカを戦争に引きずり込んだのか,"ヴィクトル・ミーヒン
2026年3月31日
New Eastern Outlook

　アメリカの国益を裏切る仕組みを暴露した辞任。

　

　2026年3月19日、通常の政治体制であれば大地震を引き起こすはずの出来事が起きた。アメリカ国家対テロセンター所長、ジョー・ケントが辞任したのだ。しかし、家族の事情や「戦略上の...",http://eigokiji.cocolog-nifty.com/blog/2026/04/post-7a5105.html,http://eigokiji.cocolog-nifty.com/.shared-pleasy/nifty_managed/images/web/ogp/default.png,,ヴィクトル・ミーヒン2026年3月31日New Eastern Outlook　アメリカの国益を裏切る仕組みを暴露した辞任。　　2026年3月19日、通常の政治体制であれば大地震を引き起こすはずの出来事が起きた。アメリカ国家対テロセンター所長、ジョー・ケントが辞任したのだ。しかし、家族の事情や「戦略上の意見の相違」といった、失脚した人物の辞任を隠蔽するためにワシントンがよく使う婉曲表現によるもの… [+39146 chars],"“Agents of influence”: How Netanyahu dragged America into war through the Trump family to protect himself. Viktor Mihin March 31, 2026 New Eastern Outlook Resignation exposes a system that betrays American interests.   On March 19, 2026, an event occurred that would have caused a major earthquake under a normal political system. Joe Kent, director of the US National Counterterrorism Center, has resigned. However, due to family circumstances and ""strategic...","„Agenten des Einflusses“: Wie Netanyahu Amerika durch die Trump-Familie in den Krieg zog, um sich selbst zu schützen. Viktor Mihin 31. März 2026 Der Rücktritt von New Eastern Outlook entlarvt ein System, das amerikanische Interessen verrät.   Am 19. März 2026 ereignete sich ein Ereignis, das unter einem normalen politischen System ein schweres Erdbeben verursacht hätte. Joe Kent, Direktor des US-amerikanischen National Counterterrorism Center, ist zurückgetreten. Aufgrund familiärer Umstände und „strategischer...“","""Agentia gratiae"": Quomodo Netanyahu Americam in bellum traxit per familiam Trump ad se defendendum. Viktor Mihin
Martii 31, 2026
Novus Orientis Outlook

Renuntiatio systema patebat, quod Americae nationales utilitates prodiderat.

　

Die 19 mensis Martii anno 2026 eventus evenit qui maiorem terrae motum in systemate politico normali movisset. Joe Kent, moderator Centri US Nationalis Counterterrorismi, renuntiavit. Sed ob adiuncta familiaria et ""opportuna...",,,,random
e6a055fb6ba8b8120667805a0b64f26e,2026-04-01T11:58:02Z,Thunderstorm,,www.newsit.gr,el,0.9,"Κακοκαιρία Erminio: Αφρικανική σκόνη και χαλάζι στο Ηράκλειο, πλημμύρες στην Κόρινθο, δρόμοι ποτάμια στην Εύβοια","«Σαρώνει» τη χώρα η κακοκαιρία Erminio με ισχυρές βροχές, καταιγίδες, χαλαζοπτώσεις, ακόμη και πυκνές χιονοπτώσεις, με την Αττική να βρίσκεται μεταξύ των επτά περιοχών που ... 
To άρθρο Κακοκαιρία Erminio: Αφρικανική σκόνη και χαλάζι στο Ηράκλειο, πλημμύρες σ…",https://www.newsit.gr/ellada/kakokairia-erminio-afrikaniki-skoni-kai-xalazi-sto-irakleio-plimmyres-stin-korintho-dromoi-potamia-stin-eyvoia/4640524/,https://www.newsit.gr/wp-content/uploads/2026/04/evoia-erminio-evima-gr-1200x630.jpg,http://web.archive.org/web/20260402070305/https://www.newsit.gr/ellada/kakokairia-erminio-afrikaniki-skoni-kai-xalazi-sto-irakleio-plimmyres-stin-korintho-dromoi-potamia-stin-eyvoia/4640524/,"«» Erminio , , , , . , 14.30 (01.04.2026)) 112 , , .
 112 , , Erminio.
 : « . ».
 112 
112 , , . « , ».
«».
         «»,  .
 korinthostv.gr    ,   , !
, , .
: (02.04)
 , / (ERMINIO) 1 2 202… [+841 chars]","Bad weather Erminio: African dust and hail in Heraklion, floods in Corinth, roads and rivers in Evia. The bad weather Erminio ""sweeps"" the country with heavy rains, storms, hailstorms, and even heavy snowfalls, with Attica being among the seven regions that ... 
The article Bad weather Erminio: African dust and hail in Heraklion, floods in...","Schlechtes Wetter Erminio: Afrikanischer Staub und Hagel in Heraklion, Überschwemmungen in Korinth, Straßen und Flüsse in Euböa. Das schlechte Wetter Erminio „fegt“ mit heftigen Regenfällen, Stürmen, Hagelstürmen und sogar starken Schneefällen über das Land, wobei Attika zu den sieben Regionen gehört, die ... 
Der Artikel Schlechtes Wetter Erminio: Afrikanischer Staub und Hagel in Heraklion, Überschwemmungen in...","Tempestatibus Erminio: pulvis Africae et grando in Heraklion, inundationes in Corintho, itinera et flumina in Evia. Tempestatibus Tempestatibus Erminio ""verrit"" patriam cum imbribus, procellis, grandinibus, atque etiam nivibus gravibus, Attica inter septem regiones, quae . 
Articulus tempestatis Erminio: pulvis Africanus et grando in Heraklion, inundationes in ...",,,,random
97e4a50e48b47ff6425545f675387acb,2026-04-01T12:13:11Z,Thunderstorm,,www.naftemporiki.gr,el,0.9,"Βαρύ πέπλο από σύννεφα στην Αττική, χαλάζι και κόκκινο τοπίο λόγω αφρικανικής σκόνης στην Κρήτη (video)","Έντονη νέφωση αυτήν την ώρα σε ολόκληρη την Αττική, και ενώ στο σύνολο σχεδόν του λεκανοπεδίου έχει ηχήσει το 112 με σύσταση για περιορισμό των μετακινήσεων στις απολύτως απαραίτητες από…
Βαρύ πέπλο από σύννεφα στην Αττική, χαλάζι και κόκκινο τοπίο λόγω αφρικ…",https://www.naftemporiki.gr/society/2092909/vary-peplo-apo-synnefa-stin-attiki-chalazi-kai-kokkino-topio-logo-afrikanikis-skonis-stin-kriti-video/,https://www.naftemporiki.gr/wp-content/uploads/2026/04/vroxi-athina.jpg,,,"Heavy veil of clouds in Attica, hail and red landscape due to African dust in Crete (video). Intense cloudiness at this time in the whole of Attica, and while almost the entire basin has sounded 112 with a recommendation to limit movements to the absolutely necessary from...
Heavy veil of clouds in Attica, hail and red landscape due to African…","Schwerer Wolkenschleier in Attika, Hagel und rote Landschaft durch afrikanischen Staub auf Kreta (Video). Zu dieser Zeit herrscht in ganz Attika eine intensive Bewölkung, und während fast im gesamten Becken der Alarm 112 mit der Empfehlung ausgesprochen wurde, die Bewegungen auf das absolut Notwendige zu beschränken, ... Schwerer Wolkenschleier in Attika, Hagel und rote Landschaft aufgrund Afrikas ...","Gravis velum nubium in Attica, grando et rubicundum ob pulverem Africanum in Creta (video). Nubes vehemens hoc tempore in tota Attica, ac pene totum pelvem insonuit, cum commendatione finiendae motus ad omnia necessaria, ex... Gravis velum nubium in Attica, grando et rubicunda ex Africa.",Greece,MED,Europe,wmo
aa4b7daa52b689922b69612657d163df,2026-04-01T12:15:44Z,Thunderstorm,,www.alphafreepress.gr,el,0.9,Κακοκαιρία Erminio – περιοχές: Ποιες θα χτυπηθούν περισσότερο,"Κακοκαιρία Erminio - περιοχές: Νέα προειδοποίηση της ΕΜΥ για ακραία φαινόμενα με έντονες βροχοπτώσεις, χαλάζι και ανέμους έως 10 μποφόρ σε πολλές περιοχές της χώρας.",https://www.alphafreepress.gr/2026/04/01/ellada/kakokairia-erminio-perioxes-poies-tha-xtypithoun-perissotero/,https://www.alphafreepress.gr/wp-content/uploads/2026/04/vroxi-omprella.jpg,,"«Erminio» (1/4), , . 112 , , . « » .
 , (1/4) , , , , , « ». , 10 , , .
:
 1 , , . , . , , , , .
 Alpha, , . , . , Open, , , . 2 , , , . , 9 10 , .","Bad weather Erminio - areas: Which will be hit the hardest. Bad weather Erminio - areas: New EMY warning for extreme events with heavy rains, hail and winds up to 10 Beaufort in many areas of the country.","Schlechtes Wetter Erminio – Gebiete: Welche werden am stärksten betroffen sein. Schlechtes Wetter Erminio – Gebiete: Neue EMY-Warnung für Extremereignisse mit starken Regenfällen, Hagel und Windstärken bis zu 10 Beaufort in vielen Gebieten des Landes.","Tempestatibus Erminio - areis: Quae durissima erunt. Tempestatibus Tempestatibus Erminio - areas: Nova EMY monitum propter extremas eventus cum imbribus, grandibus et ventis usque ad 10 Beaufort in multis regionibus regionis.",,,,random
b2c22c0e1dc1e58e92cc760c6e085e82,2026-04-01T13:18:41Z,Precipitation,,sports.yahoo.com,en,0.2, Y! Sports AM: The NBA’s two leagues,Some NBA teams are playing to win. Others are playing to lose.,https://sports.yahoo.com/articles/y-sports-am-nba-two-131841382.html,https://s.yimg.com/os/en/yahoo_sports_am_newsletters_819/5f36d5c080956d3d285b6875ff9488f8,,"Yahoo Sports AM is our daily newsletter that keeps you up to date on all things sports. Sign up here to get it every weekday morning.
Tiger to seek treatment: Tiger Woods announced Tuesday that he's… [+11198 chars]", Y! Sports AM: The NBA’s two leagues. Some NBA teams are playing to win. Others are playing to lose.,"Y! Sports AM: Die beiden Ligen der NBA. Einige NBA-Teams spielen um den Sieg. Andere spielen, um zu verlieren.",Y! Ludis AM: NBA duas leucas. Quidam NBA iunctos ludunt ut vincant. Alii ludunt perdere.,Seychelles,EIO,Africa,wmo
c2f05751d0e7c3cabf597bda5f7fa575,2026-04-01T14:38:45Z,Precipitation,,www.yenicaggazetesi.com,tr,0.9,AFAD ve İçişleri Bakanlığı uyardı: Risk altındaki iller… Fırtına ve sağanak kabus gibi çökecek,"Meteoroloji, İçişleri Bakanlığı ve AFAD’dan 24 il için kritik 'sarı kodlu' uyarı geldi. 2 Nisan Perşembe günü Ankara’dan Antalya’ya, İzmir’den deprem bölgesine kadar fırtına ve şiddetli sağanak etkili olacak. İşte bölge bölge risk altındaki iller...",https://www.yenicaggazetesi.com/afad-ve-icisleri-bakanligi-uyardi-risk-altindaki-iller-firtina-ve-saganak-kabus-gibi-cokecek-1014787h.htm,https://img.yenicaggazetesi.com/rcman/Cw1280h720q95gc/storage/files/images/2026/04/01/afad-ve-icisleri-bakanligi-uyardi-risk-altindaki-iller-firtina-ve-saganak-kabus-gibi-cokecek-7kcm.jpg,,"Meteoroloji Genel Müdürlüğü (MGM), İçişleri Bakanlığı ve AFAD, 2 Nisan 2026 Perşembe günü için Türkiye genelinde sarı kodlu uyarı yayımladı.
Ege ve İç Anadolu’da şiddetli fırtına beklenirken; Ankara… [+1457 chars]","AFAD and the Ministry of Internal Affairs warned: Provinces at risk... Storms and showers will descend like a nightmare. A critical 'yellow code' warning came from Meteorology, the Ministry of Internal Affairs and AFAD for 24 provinces. On Thursday, April 2, storms and heavy showers will be effective from Ankara to Antalya, from Izmir to the earthquake zone. Here are the provinces at risk, region by region...","AFAD und das Innenministerium warnten: Provinzen in Gefahr... Stürme und Regenschauer werden wie ein Albtraum auf uns zukommen. Eine kritische „Gelbcode“-Warnung kam von der Meteorologie, dem Innenministerium und der AFAD für 24 Provinzen. Am Donnerstag, 2. April, werden Stürme und heftige Regenfälle von Ankara bis Antalya, von Izmir bis zur Erdbebenzone wirksam sein. Hier sind die gefährdeten Provinzen, Region für Region …","AFAD et Ministerium Negotium Internum monuit: Provinciae in periculo ... Tempestates et imbres sicut visio nocturna descendent. Monitum criticum ""Flavum"" ex Meteorologia, Ministerio Negotium Internum et AFAD pro 24 provinciis venit. Die Iovis, die 2 mensis Aprilis, procellae et imbres ab Ancyra ad Antalyam, ab Smyrna usque ad zonam motus efficient. Hic periculo provinciae sunt, regiones per regiones.",,,,random
9eab3e97489c49043e66e3102df6c05e,2026-04-01T17:51:29Z,Thunderstorm,,www.terra.com.br,pt,0.9,Sexta-Feira da Paixão: Veja como fica o tempo neste feriado em todo o Brasil,O Instituto Nacional de Meteorologia (Inmet) alerta para chuvas isoladas e trovoadas em quase todas as regiões; Porto Alegre é a única capital com tempo firme garantido,"https://www.terra.com.br/noticias/sexta-feira-da-paixao-veja-como-fica-o-tempo-neste-feriado-em-todo-o-brasil,0bd00f4a19ad7f99309f396c29cf6604g9s18lwz.html",https://p2.trrsf.com/image/fget/cf/1200/630/middle/images.terra.com/2026/04/01/103076706-abre-perfil-brasil-20.jpg,,"As tradicionais encenações da Via-Sacra, que mobilizam milhares de fiéis em todo o país nesta Sexta-feira da Paixão (3), devem ocorrer sob condições climáticas instáveis. De acordo com o Instituto Na… [+1769 chars]",Good Friday: See what the weather is like on this holiday across Brazil. The National Institute of Meteorology (Inmet) warns of isolated rains and thunderstorms in almost all regions; Porto Alegre is the only capital with guaranteed firm weather,"Karfreitag: Sehen Sie, wie das Wetter an diesem Feiertag in ganz Brasilien ist. Das Nationale Institut für Meteorologie (Inmet) warnt vor vereinzelten Regenfällen und Gewittern in fast allen Regionen; Porto Alegre ist die einzige Hauptstadt mit garantiert festem Wetter",Feria Sexta in Parasceve: Vide quanta tempestas est in hac feria per Brasiliam. Institutum Nationale Meteororum (Inmet) monet inter omnes fere regiones imbres et tonitrua solitaria; Portu Alegre solus caput firma tempestate,,,,random
255c7d44b4400a58875219b75e9c6a76,2026-04-01T17:52:00Z,Storm,,dialogos.com.cy,el,0.9,«Βάφτηκε» πορτοκαλί η Κρήτη λόγω αφρικανικής σκόνης,"Ένα πρωτόγνωρο φαινόμενο καλύπτει την Κρήτη, καθώς ένα ισχυρό κύμα αφρικανικής σκόνης μετατρέπει το νησί σε ένα απόκοσμο τοπίο, που θυμίζει τόσο τη Σαχάρα όσο και τον πλανήτη Άρη. Στο επίκεντρο αυτής της «πορτοκαλί καταιγίδας» βρίσκεται το Ηράκλειο, όπου η πό…",https://dialogos.com.cy/vaftike-portokali-i-kriti-logo-afrikanikis-skonis/,https://dialogos.com.cy/wp-content/uploads/2026/04/image-4-1024x683.png,,"© Dialogos Media Group - , , , / , , , , ( ) , , , , , .","Crete was ""painted"" orange due to African dust. An unprecedented phenomenon covers Crete, as a powerful wave of African dust turns the island into an otherworldly landscape, reminiscent of both the Sahara and the planet Mars. At the center of this ""orange storm"" is Heraklion, where the po...","Kreta wurde aufgrund des afrikanischen Staubes orange „gestrichen“. Ein beispielloses Phänomen erfasst Kreta: Eine mächtige Welle afrikanischen Staubs verwandelt die Insel in eine jenseitige Landschaft, die sowohl an die Sahara als auch an den Planeten Mars erinnert. Im Zentrum dieses „orangefarbenen Sturms“ liegt Heraklion, wo die Po...","Creta ""pingitur"" aurantiaco ob pulverem Africanum. Inauditum phaenomenon Cretam operit, sicut vehemens pulveris Africani unda insulam in campum terrestrem vertit, tam Saharae quam Martis planetae simile. In medio huius ""tempestatis aurantiorum"" Heraklion est, ubi po...",,,,random
199c5a4bbaa3d55601c2b986a109a8d2,2026-04-01T17:55:02Z,Earthquake,,www.protothema.gr,el,0.7,"Σεισμός 4,5 Ρίχτερ ανοικτά της Κρήτης","Το επίκεντρο εντοπίστηκε νοτιοδυτικά των Κυθήρων, σε θαλάσσια περιοχή – Στα περίπου 65 χλμ. το εστιακό βάθος | Σεισμός | Κρήτη | Κύθηρα | Ελλάδα",https://www.protothema.gr/greece/article/1797397/seismos-45-rihter-anoikta-tis-kritis/,https://www.protothema.gr/images/640x360share/2/jpg/files/2026-04-01/seismos_kriti_xr.jpg,,"To view this video please enable JavaScript, and consider upgrading to a
 web browser that supports HTML5 video","4.5 Richter earthquake off Crete. The epicenter was located southwest of Kythira, in a marine area – At approximately 65 km the focal depth | Earthquake | Crete | Kythera | Greece","Erdbeben der Stärke 4,5 vor Kreta. Das Epizentrum lag südwestlich von Kythira, in einem Meeresgebiet – bei etwa 65 km lag die Fokustiefe | Erdbeben | Kreta | Kythera | Griechenland",4.5 Turnebus terrae motu Cretae. Epicenter inter meridiem et occidentem sita erat Kythira in area marina – Altitudo arx circiter 65 km | Terrae motus | Creta | Kythera | Graecia,Greece,MED,Europe,usgs
8af2f54ec4136b13458b7195c89828d2,2026-04-01T21:30:16Z,Storm,,pplware.sapo.pt,pt,0.3,"Novo Renault Twingo elétrico: pequeno no preço, mas gigante na ambição","Prestes a chegar ao mercado português, fomos conduzir o Renault Twingo e ver como se comporta na estrada o carro que os clientes se fartaram de pedir. Disponível por menos de 20.000 euros, este...",https://pplware.sapo.pt/motores/novo-renault-twingo-eletrico-pequeno-no-preco-mas-gigante-na-ambicao/,https://pplware.sapo.pt/wp-content/uploads/2026/04/renault-twingo-ibiza-testdrive2026-6.jpg,,"Prestes a chegar ao mercado português, fomos conduzir o Renault Twingo e ver como se comporta na estrada o carro que os clientes se fartaram de pedir. Disponível por menos de 20.000 euros, este urban… [+3529 chars]","New electric Renault Twingo: small in price, but huge in ambition. About to arrive on the Portuguese market, we went to drive the Renault Twingo and see how the car that customers were so tired of asking for behaves on the road. Available for less than 20,000 euros, this...","Neuer elektrischer Renault Twingo: klein im Preis, aber riesig im Ehrgeiz. Als wir kurz vor der Ankunft auf dem portugiesischen Markt standen, machten wir uns auf den Weg, um den Renault Twingo zu fahren und zu sehen, wie sich das Auto, nach dem die Kunden immer gefragt hatten, auf der Straße verhält. Für weniger als 20.000 Euro erhältlich...","New electrica Renault Twingo: parva in pretio, sed ingens in ambitione. Ad mercatum Lusitanum perventuri sumus, ut Renault Twingo agitare venimus et vide quomodo autocineti clientes tam fessi erant quaerendi causa agendi in via. Praesto minus quam 20000 nummis, hoc...",Ecuador,NWS,South-America,wmo
b4fe8d85be561029b464b0bcfddd419f,2026-04-01T23:17:52Z,Earthquake,,www.skai.gr,el,0.9,"Σεισμός 7,4 βαθμών στην Ινδονησία - Προειδοποίηση για τσουνάμι","Το επίκεντρο του σεισμού εντοπίστηκε περίπου 120 χιλιόμετρα από την πόλη Τερνάτε, στην επαρχία Βόρειου Μαλούκου της Ινδονησίας και είχε εστιακό βάθος 10 χλμ.",https://www.skai.gr/news/world/indonisia-seismos-78-vathmon,https://www.skai.gr/sites/default/files/styles/article_16_9/public/2026-04/seismos-indonesia_0.png?itok=umnRrx8M,http://web.archive.org/web/20260402013445/https://www.skai.gr/news/world/indonisia-seismos-78-vathmon,"7,4 06:48 ( · 01:48 ), , (USGS).
 120 , , 205.000 10 . (6,21 ), .
 , 7,8 .
Endonezya'nn Moluk Denizi'nde 7,8 büyüklüünde bir deprem meydana geldi. USGS#Breaking#Earthquake#Deprem#Sismo#Indonesia#T… [+722 chars]","7.4 Earthquake in Indonesia - Tsunami Warning. The epicenter of the earthquake was located about 120 km from the city of Ternate, in the North Maluku province of Indonesia, and had a focal depth of 10 km.",7.4 Erdbeben in Indonesien – Tsunami-Warnung. Das Epizentrum des Erdbebens lag etwa 120 km von der Stadt Ternate in der indonesischen Provinz Nord-Maluku entfernt und hatte eine Fokustiefe von 10 km.,"7.4 Terrae motus in Indonesia - Tsunami Monitum. Epicenter terrae motus circiter 120 km ab urbe Ternate, in provincia Maluku septentrionali Indonesia, sita erat et arx 10 km erat.",,,,random
7ad81c1fa63a9e627350b45627cb5b9b,2026-04-01T23:21:41Z,Earthquake,,www.protothema.gr,el,0.9,"Σεισμός 7.4 Ρίχτερ πλήττει την Ινδονησία, προειδοποίηση για τσουνάμι",Σεισμός 7.4 Ρίχτερ πλήττει την περιοχή Μολούκκα στην Ινδονησία | Κόσμος,https://www.protothema.gr/world/article/1797455/seismos-74-rihter-plittei-tin-indonisia-proeidopoiisi-gia-tsounami/,https://www.protothema.gr/images/640x360share/jpg/files/2025-12-06/maketa-seismografos.jpg,,"7.4 , 163 , .22:48 UTC 1 2026 (01:48 2/4), 35 .
, , 163 . 451,000 , 06:48:14.2 (2 2026).130 , 101,000, 07:48:14.2 (2 2026).
, . , .
« » , . , .","7.4 Richter earthquake hits Indonesia, tsunami warning. 7.4 magnitude earthquake hits the Moluccas region in Indonesia | World","Erdbeben der Stärke 7,4 erschüttert Indonesien, Tsunami-Warnung. Erdbeben der Stärke 7,4 erschüttert die Molukkenregion in Indonesien | Welt","7.4 Richter terrae motus Indonesiam, tsunami admonitionem pervenit. 7.4 Magnitudo terrae motus Moluccas regionem in Indonesia | Mundus",,,,random
a31caa13fe62b9658330552247f2d54a,2026-04-01T23:34:45Z,Earthquake,,news.web.nhk,ja,0.9,インドネシア付近 M7.6地震 日本は多少潮位変化も被害心配なし,ハワイにある太平洋津波警報センターから気象庁に入った連絡によりますと、日本時間の2日午前7時48分ごろ、インドネシアのモルッカ海付近を震源とするマグニチュード7.6の大きな地震がありました。気象庁によりますと、この地震で日本では多少の潮位の変化があるかもしれませんが被害の心配はないということです。気象庁は太平洋で津波が発生するおそれがあるとして、周辺の各国に「北西太平洋津波情報」を発表しました。,https://news.web.nhk/newsweb/na/na-k10015090441000,https://imgu.web.nhk/news/u/news/html/20260402/K10015090441_2604020828_0402083446_01_02.jpg,http://web.archive.org/web/20260401235906/https://news.web.nhk/newsweb/na/na-k10015090441000,Copyright NHK (Japan Broadcasting Corporation). All rights reserved.,"M7.6 Earthquake near Indonesia causes no damage in Japan despite slight changes in tide levels.According to the Japan Meteorological Agency from the Pacific Tsunami Warning Center in Hawaii, at around 7:48 a.m. Japan time on the 2nd, there was a large magnitude 7.6 earthquake with its epicenter near the Molucca Sea in Indonesia. According to the Japan Meteorological Agency, there may be some changes in the tide level in Japan due to this earthquake, but there is no fear of damage. The Japan Meteorological Agency has announced the ``Northwest Pacific Tsunami Information'' to surrounding countries, citing the possibility of a tsunami occurring in the Pacific Ocean.","Das Erdbeben der Stärke M7.6 in der Nähe von Indonesien verursacht in Japan trotz geringfügiger Änderungen des Gezeitenpegels keine Schäden. Nach Angaben der Japan Meteorological Agency vom Pacific Tsunami Warning Center in Hawaii ereignete sich am 2. gegen 7:48 Uhr japanischer Zeit ein großes Erdbeben der Stärke 7,6 mit seinem Epizentrum in der Nähe des Molukkenmeeres in Indonesien. Nach Angaben der Japan Meteorological Agency kann es aufgrund dieses Erdbebens zu einigen Änderungen des Gezeitenstands in Japan kommen, es besteht jedoch keine Gefahr von Schäden. Die Japan Meteorological Agency hat den umliegenden Ländern „Nordwestpazifik-Tsunami-Informationen“ mitgeteilt und auf die Möglichkeit eines Tsunamis im Pazifischen Ozean hingewiesen.","M7.6 Motus terrae prope Indonesiam nullam molestiam in Iaponia obstantibus levibus mutationibus aestus facit. Iaponia secundum Meteorologicum Agency Pacifici Tsunami Warning Centre in Hawaii, circa annum septimum 7:48 a.m. Iaponia die 2 facta est magna magnitudo 7.6 terrae motus cum suo epicente prope Mare Moluccam in Indonesia. Secundum Iaponiae Meteorologicum Procuratio aliquas mutationes in aestu gradu in Iaponia ob hoc terrae motu possunt esse, sed metus damni non est. Procuratio Meteorologica Iaponia denuntiavit `Northwest Pacific Tsunami Information'' in regionibus circumiacentibus, citans facultatem tsunami in Oceano Pacifico occurrentis.",,,,random
1572c23ec54335fb943097977f1075ad,2026-04-01T23:51:53Z,Earthquake,,www.newsit.gr,el,0.9,"Σεισμός 7,8 Ρίχτερ στην Ινδονησία και προειδοποίηση για τσουνάμι, βίντεο από το χτύπημα του Εγκέλαδου","Πολύ ισχυρός σεισμός μεγέθους 7,8 βαθμών της κλίμακας Ρίχτερ καταγράφτηκε στον θαλάσσιο χώρο ανοικτά της Ινδονησίας, ανακοίνωσε το αμερικανικό ινστιτούτο γεωλογικών ερευνών (USGS) στις 2 ... <a title=""Σεισμός 7,8 Ρίχτερ στην Ινδονησία και προειδοποίηση για τσ…",https://www.newsit.gr/kosmos/seismos-7-8-rixter-stin-indonisia-kai-proeidopoiisi-gia-tsounami-vinteo-apo-to-xtypima-tou-egkeladou/4640968/,https://www.newsit.gr/wp-content/uploads/2026/04/indonesia-02042026-1200x630.jpg,,"7,8 , (USGS) 2 (02.04.2026) .
, (PTWC), 7,8 .
Circulating images | First footage showing the impact of the M7.4 earthquake in North Sulawesi, Indonesia. pic.twitter.com/9UJRZ0hXq5
The Middle East … [+35 chars]","7.8 earthquake in Indonesia and tsunami warning, video of Enceladus impact. A very strong earthquake measuring 7.8 on the Richter scale was recorded in the sea off Indonesia, the US Geological Survey (USGS) announced on 2 ... <a title=""7.8 earthquake in Indonesia and a warning for th...","Erdbeben der Stärke 7,8 in Indonesien und Tsunami-Warnung, Video des Enceladus-Einschlags. Im Meer vor Indonesien wurde ein sehr starkes Erdbeben der Stärke 7,8 auf der Richterskala registriert, teilte der US Geological Survey (USGS) am 2. mit ... <a title=""7,8 Erdbeben in Indonesien und eine Warnung für die...","7.8 terrae motus in Indonesia et tsunami monitus, video Enceladum ictum. Terrae motus validissimus mensurae 7.8 in scalis Richter commemoratur in mari ab Indonesia, US Geological Survey (USGS) nuntiatus in 2 ... <a title=""7.8 terrae motus in Indonesia et admonitio pro th...",,,,random
3205bbc8865a183972325307656a4684,2026-04-02 00:00:00,Tsunami,,www-in-gr.cdn.ampproject.org,el,0.9,www-in-gr.cdn.ampproject.org/v/s/www.in.gr/2026/04/02/world/seismos-74-rixter-sygklonizei-tin-indonisia-kindynos-gia-tsounami/amp/?amp_js_v=0.1&amp_gsa=1#webview=1,"Σεισμός 7,4 Ρίχτερ συγκλονίζει τις παράκτιες περιοχές της Ινδονησίας, με το επίκεντρό του να εντοπίζεται στη Θάλασσα των Μολούκων, ενώ εκδόθηκε προειδοποίηση για τσουνάμι.",https://www-in-gr.cdn.ampproject.org/v/s/www.in.gr/2026/04/02/world/seismos-74-rixter-sygklonizei-tin-indonisia-kindynos-gia-tsounami/amp/?amp_js_v=0.1&amp_gsa=1#webview=1,,,,"www-in-gr.cdn.ampproject.org/v/s/www.in.gr/2026/04/02/world/seismos-74-rixter-sygklonizei-tin-indonisia-kindynos-gia-tsounami/amp/?amp_js_v=0.1&_gsa=1#webview=1. A 7.4-magnitude earthquake jolts coastal Indonesia, centered in the Moluccas Sea, and a tsunami warning has been issued.","www-in-gr.cdn.ampproject.org/v/s/www.in.gr/2026/04/02/world/seismos-74-rixter-sygklonizei-tin-indonisia-kindynos-gia-tsounami/amp/?amp_js_v=0.1&_gsa=1#webview=1. Ein Erdbeben der Stärke 7,4 erschüttert die indonesische Küste mit Schwerpunkt im Molukkenmeer und es wurde eine Tsunami-Warnung ausgegeben.","www-in-gr.cdn.ampproject.org/v/s/www.in.gr/2026/04/02/world/seismos-74-rixter-sygklonizei-tin-indonisia-kindynos-gia-tsounami/amp/?amp_js_v=0.1&_gsa=1#webview=1. A 7.4-magnitudo terrae motus succorum Indonesia maritima, in Mare Moluccas sitas, et monitum tsunami divulgatum est.",,,,random
e22efa5c02438cbd1d3e5257cabfc466,2026-04-02 00:00:00,Storm,,www-tanea-gr.cdn.ampproject.org,el,0.3,Κρήτη: Αδέλφια τσακώθηκαν για την… αφρικανική σκόνη – Ο ένας υποστήριξε τον γείτονα που έριχνε νερό,"Ένα απίστευτο περιστατικό σημειώθηκε την Τετάρτη (01/04/2026) στο Ηράκλειο της Κρήτης καθώς η… αφρικανική σκόνη που σκέπασε την πόλη προκάλεσε έντονη λογομαχία ανάμεσα σε δύο αδέρφια, ηλικίας 60 και 57 ετών, η οποία κατέληξε σε αλληλομηνύσεις στο αστυνομικό τμήμα. Η ένταση ξεκίνησε σε γειτονιά του Ηρακλείου, με αφορμή τη διαφωνία τους για την καθαριότητα. Σύμφωνα με […]",https://www-tanea-gr.cdn.ampproject.org/v/s/www.tanea.gr/2026/04/02/greece/kriti-adelfia-tsakothikan-gia-tin-afrikaniki-skoni-o-enas-ypostirikse-ton-geitona-pou-erixne-nero/amp/?amp_js_v=0.1&amp_gsa=1#webview=1,,,,"Crete: Brothers fought over... African dust - One supported the neighbor who was pouring water. An incredible incident took place on Wednesday (01/04/2026) in Heraklion, Crete as the... African dust that covered the city caused a heated argument between two brothers, aged 60 and 57, which ended in mutual complaints at the police station. The tension started in a neighborhood of Heraklion, due to their disagreement about cleanliness. According to […]","Kreta: Brüder stritten um... Afrikanischen Staub – Einer unterstützte den Nachbarn, der Wasser ausgoss. Ein unglaublicher Vorfall ereignete sich am Mittwoch (01.04.2026) in Heraklion, Kreta, als der afrikanische Staub, der die Stadt bedeckte, einen hitzigen Streit zwischen zwei Brüdern im Alter von 60 und 57 Jahren auslöste, der mit gegenseitigen Beschwerden auf der Polizeistation endete. Die Spannungen begannen in einem Viertel von Heraklion, weil es Meinungsverschiedenheiten über die Sauberkeit gab. Entsprechend [...]","Creta: Fratres pugnaverunt super pulverem Africanum. Incredibile facinus die Mercurii (01/04/2026) factum est in Heraklion, Creta sicut pulvis Africae..., qui urbem operiebat, argumentum calidum inter duos fratres annos LX et LVII effecit, quod mutuis querelis apud stationem vigilum desiit. Contentio in vicinia Heraklion incepit, ob dissensionem de munditia. Secundum […]",Jamaica,CAR,North-America,wmo
7e46562c39c35c9f212fab36fd466114,2026-04-02 02:16:09,Earthquake,,www.businessdaily.gr,el,0.9,"Ισχυρός σεισμός 7,8 Ρίχτερ στην Ινδονησία, σύμφωνα με το USGS","Σεισμός μεγέθους 7,8 Ρίχτερ σημειώθηκε στη θαλάσσια περιοχή ανοιχτά της Ινδονησίας, σύμφωνα με το αμερικανικό ινστιτούτο γεωλογικών ερευνών (USGS).",https://www.businessdaily.gr/diethni/198040_ishyros-seismos-78-rihter-anoihta-tis-indonisias-symfona-me-usgs,,,,"Strong earthquake of 7.8 on the Richter scale in Indonesia, according to the USGS. An earthquake measuring 7.8 on the Richter scale occurred in the sea area off Indonesia, according to the US Geological Survey (USGS).","Nach Angaben des USGS starkes Erdbeben der Stärke 7,8 auf der Richterskala in Indonesien. Nach Angaben des US Geological Survey (USGS) ereignete sich im Seegebiet vor Indonesien ein Erdbeben der Stärke 7,8 auf der Richterskala.","Terrae motus validus 7.8 in scale Richter in Indonesia, secundum USGS. Terrae motus mensurae 7.8 in scala Richter facta in area maris Indonesiae, secundum Geological Survey US (USGS).",,,,random
a3267db8708dfb0dd21a017a540bbacb,2026-04-02 02:19:20,Earthquake,,www.iefimerida.gr,el,0.9,"Μία 70χρονη νεκρή από τα 7,4 Ρίχτερ στην Ινδονησία","Πολύ ισχυρός σεισμός 7,4 Ρίχτερ καταγράφτηκε στον θαλάσσιο χώρο ανοικτά της Ινδονησίας.",https://www.iefimerida.gr/kosmos/poly-ishyros-seismos-74-rihter-stin-indonisia,,,,A 70-year-old woman died from the 7.4 Richter in Indonesia. A very strong 7.4 magnitude earthquake was recorded in the sea area off Indonesia.,"Eine 70-jährige Frau starb in Indonesien an den Folgen des 7,4 Richters. Im Seegebiet vor Indonesien wurde ein sehr starkes Erdbeben der Stärke 7,4 registriert.",Femina LXX annorum mortua est a 7.4 Richter in Indonesia. Magnitudo terrae motus validissima 7.4 in area maris Indonesia scripta est.,,,,random
9159b2138795984ac9060ab9e1093d8c,2026-04-02 05:13:00,Earthquake,,www.vietnam.vn,el,0.9,Εικόνες από τον σεισμό και το τσουνάμι στην Ινδονησία.,"Ένας ισχυρός σεισμός μεγέθους 7,4 Ρίχτερ στα ανοικτά των ακτών της Ινδονησίας προκάλεσε μικρά τσουνάμι στην περιοχή και σκότωσε τουλάχιστον ένα άτομο.",https://www.vietnam.vn/el/hinh-anh-ve-tran-dong-dat-gay-song-than-o-indonesia,,,,Images of the earthquake and tsunami in Indonesia.. A powerful 7.4 magnitude earthquake off the coast of Indonesia triggered small tsunamis in the area and killed at least one person.,"Bilder des Erdbebens und des Tsunamis in Indonesien. Ein starkes Erdbeben der Stärke 7,4 vor der Küste Indonesiens löste in der Region kleine Tsunamis aus und tötete mindestens eine Person.",Imagines terrae motu et tsunami in Indonesia.,,,,random
8d0d79ea43723f8b8fc97626560acf09,2026-04-02 07:00:28,Earthquake,,www.kathimerini.gr,el,0.9,"Ινδονησία: Ισχυρότατος σεισμός μεγέθους 7,6 βαθμών – Ενας νεκρός","Ενας άνθρωπος έχασε τη ζωή του όταν κατέρρευσε κτίριο στη Μανάντο, στην επαρχία της Βόρειας Κελέβης.",https://www.kathimerini.gr/world/564155908/indonisia-ischyrotatos-seismos-megethoys-7-6-vathmon-enas-nekros/,,,,"Indonesia: Strong 7.6 magnitude earthquake - One dead. One person lost his life when a building collapsed in Manado, North Kelevi province.","Indonesien: Starkes Erdbeben der Stärke 7,6 – ein Toter. Eine Person kam ums Leben, als in Manado in der Provinz Nord-Kelevi ein Gebäude einstürzte.","Indonesia: Fortis 7.6 magnitudinis terrae motus - One dead. Unus homo vitam amisit cum aedificium in Manado, provinciae Kelevi septentrionalis.",,,,random
b9137c3a5f1eee9148bbbbe4eb6c6a35,2026-04-02 07:01:54,Drought,,www.ieidiseis.gr,el,0.3,Σουρεαλιστικός καβγάς στην Κρήτη: Τσακώθηκε με τον αδελφό του γιατί πήρε το μέρος του γείτονα για την αφρικανική σκόνη,"Απίστευτη τροπή πήρε μια διαφωνία στο Ηράκλειο, όπου δύο αδέλφια αλληλομηνύθηκαν εξαιτίας της αφρικανικής σκόνης.",https://www.ieidiseis.gr/ellada/731049/soyrealistikos-kavgas-stin-kriti-tsakothike-me-ton-adelfo-toy-giati-pire-to-meros-toy-geitona-gia-tin-afrikaniki-skoni/,,,,"Surreal fight in Crete: He fought with his brother because he took the neighbor's side for the African dust. An argument took an incredible turn in Heraklion, where two brothers sued each other because of the African dust.","Surrealer Kampf auf Kreta: Er kämpfte mit seinem Bruder, weil er sich wegen des afrikanischen Staubs auf die Seite des Nachbarn stellte. In Heraklion nahm ein Streit eine unglaubliche Wendung, als zwei Brüder sich gegenseitig wegen des afrikanischen Staubs verklagten.","Pugna Surreal in Creta: Ipse cum fratre pugnavit quia latus proximi pro pulvere Africano accepit. Argumentum incredibile in Heraklion sumpsit, ubi duo fratres propter pulverem Africanum inter se contenderunt.",Greece,MED,Europe,edo
c8a80211120c9271019fa68420d4ff04,2026-04-02 10:08:54,Drought,,www-enikos-gr.cdn.ampproject.org,el,0.3,Ηράκλειο: Αδέλφια τσακώθηκαν επειδή ο γείτονάς τους… έριχνε νερό για να απομακρύνει την αφρικανική σκόνη,Διαβάστε πώς δύο αδέλφια στο Ηράκλειο κατέληξαν στο αστυνομικό τμήμα μετά από καβγά για αφρικανική σκόνη και τον λογαριασμό του νερού.,https://www-enikos-gr.cdn.ampproject.org/v/s/www.enikos.gr/society/irakleio-adelfia-tsakothikan-epeidi-o-geitonas-tous-erichne-nero-gia-na-apomakrynei-tin-afrikaniki-skoni/2559144/amp/?amp_js_v=0.1&amp_gsa=1#webview=1,,,,Heraklion: Brothers fought because their neighbor... was pouring water to remove African dust. Read how two brothers in Heraklion ended up at the police station after a fight over African powder and the water bill.,"Heraklion: Brüder kämpften, weil ihr Nachbar ... Wasser ausgoss, um afrikanischen Staub zu entfernen. Lesen Sie, wie zwei Brüder in Heraklion nach einem Streit um afrikanisches Pulver und die Wasserrechnung auf der Polizeiwache landeten.",Heraklion: Fratres pugnaverunt quod vicinus eorum aquam fundebat ad removendum pulverem Africanum. Lege quomodo duo fratres in Heraklion in statione vigilum confecta sunt post pugnam super pulverem Africanum et aquam rogationis.,Albania,MED,Europe,edo
b33df238eae83c0b7cf07a0f904e94c4,2026-04-02 10:12:56,Storm,,www-newsit-gr.cdn.ampproject.org,el,0.3,Ηράκλειο – Αφρικανική σκόνη: Αδέρφια αλληλομυνήθηκαν επειδή διαφώνησαν για την καθαριότητα με νερό,Η αφρικανική σκόνη κάλυψε τα πάντα στο Ηράκλειο με την ατμόσφαιρα να γίνεται αποπνικτική,https://www-newsit-gr.cdn.ampproject.org/v/s/www.newsit.gr/ellada/irakleio-afrikaniki-skoni-aderfia-allilomynithikan-epeidi-diafonisan-gia-tin-kathariotita-me-nero/4641181/amp/?amp_js_v=0.1&amp_gsa=1#webview=1,,,,Heraklion - African dust: Brothers fought each other because they disagreed about cleaning with water. African dust covered everything in Heraklion with the atmosphere becoming suffocating,"Heraklion – Afrikanischer Staub: Brüder kämpften gegeneinander, weil sie sich über die Reinigung mit Wasser nicht einig waren. Afrikanischer Staub bedeckte alles in Heraklion und die Atmosphäre wurde stickig",Heraklion - pulvis Africanus: Fratres inter se pugnaverunt quia dissenserunt de purgando aqua. pulvis Africanus omnia in Heraklion cum atmosphaera obducta evocet,,EAU,Oceania,aidr
22719c532b5a64995ffe3856c39e814a,2026-04-02 10:20:39,Heat Wave,,www.huffingtonpost.gr,el,0.3,Κρήτη: Άγριος καυγάς ανάμεσα σε αδέλφια για την αφρικανική σκόνη και τον λογαριασμό του νερού – Κατέληξαν στο Αστυνομικό Τμήμα,"Τα δύο αδέλφια ηλικίας 60 και 57 ετών, που είναι και γείτονες, αφού εξύβρισαν ο ένας τον άλλον για την αφρικανική σκόνη, στην συνέχεια αλληλομηνύθηκαν και κατέληξαν στο Α.Τ.",https://www.huffingtonpost.gr/kinonia/kriti-agrios-kavgas-anamesa-se-adelfia-gia-tin-afrikaniki-skoni-kai-ton-logariasmo-tou-nerou-katelixan-sto-astynomiko-tmima/,,,,"Crete: Fierce fight between brothers over African dust and the water bill – They ended up at the Police Department. The two brothers aged 60 and 57, who are also neighbors, after insulting each other about the African dust, then sued each other and ended up in A.T.","Kreta: Heftiger Streit zwischen Brüdern wegen afrikanischem Staub und der Wasserrechnung – Sie landeten bei der Polizei. Die beiden Brüder im Alter von 60 und 57 Jahren, die auch Nachbarn sind, nachdem sie sich gegenseitig wegen des afrikanischen Staubs beleidigt hatten, verklagten sich dann gegenseitig und landeten bei A.T.","Creta: Ferum certamen inter fratres super pulverem Africanum et libellum aquae — Finiunt usque ad Department Police. Duo fratres aetatis LX et LVII, qui et vicini sunt, contumeliis inter se de pulvere Africano, deinde inter se contenderunt et finierunt in A.T.",,,,random
0801ab3c52b0cee5d3a9aafe211d6707,2026-04-02 15:28:57,Earthquake,,e--thessalia-gr.cdn.ampproject.org,el,0.3,Αδέλφια αλληλομηνύθηκαν για την... αφρικανική σκόνη,Χαμός έγινε ανάμεσα σε δύο αδέλφια που ζουν στο Ηράκλειο Κρήτης ως γείτονες και έφτασαν στο σημείο να τσακωθούν και …,https://e--thessalia-gr.cdn.ampproject.org/v/s/e-thessalia.gr/adelfia-allilominythikan-gia-tin-afrikaniki-skoni/amp/?amp_js_v=0.1&amp_gsa=1#webview=1,,,,"Brothers sued each other over... African dust. There was chaos between two brothers who live in Heraklion, Crete as neighbors and they got to the point of fighting and...","Brüder verklagten sich gegenseitig wegen ... afrikanischem Staub. Es herrschte Chaos zwischen zwei Brüdern, die als Nachbarn in Heraklion auf Kreta leben, und es kam zu Kämpfen und ...","Fratres inter se contenderunt super pulverem Africanum. Chaos erat inter duos fratres Heraklion habitantes, Cretam vicinos et usque ad dimicationem et...",Greece,MED,Europe,usgs
2699f0baec77eaa758a4dc8cc461b92a,2026-04-02T05:21:11Z,Tsunami,,dialogos.com.cy,el,0.9,"Σεισμός 7,4 βαθμών στην Ινδονησία, άρση προειδοποίησης για τσουνάμι","Ο συναγερμός για τσουνάμι στην Ινδονησία μπορεί να θεωρηθεί ότι έληξε μετά τον σεισμό 7,4 βαθμών που σημειώθηκε στον θαλάσσιο χώρο ανοικτά του ανατολικού τμήματος του αρχιπελάγους, γνωστοποίησε το αμερικανικό κέντρο έγκαιρης προειδοποίησης για τσουνάμι στον Ε…",https://dialogos.com.cy/seismos-74-vathmon-stin-indonisia-arsi-proeidopoiisis-gia-tsoynami/,https://dialogos.com.cy/wp-content/uploads/2025/01/AP24070242913197.jpg,,"© Dialogos Media Group - , , , / , , , , ( ) , , , , , .","7.4 earthquake in Indonesia, tsunami warning lifted. The tsunami warning in Indonesia can be considered ended after the 7.4-magnitude earthquake struck in the sea off the eastern part of the archipelago, the US Tsunami Early Warning Center told the E...","Erdbeben der Stärke 7,4 in Indonesien, Tsunami-Warnung aufgehoben. Die Tsunami-Warnung in Indonesien kann als beendet betrachtet werden, nachdem das Erdbeben der Stärke 7,4 das Meer vor dem östlichen Teil des Archipels erschütterte, teilte das US-amerikanische Tsunami-Frühwarnzentrum der E... mit.","7.4 Terrae motus in Indonesia, tsunami admonitionem sustulit. Monitio tsunami in Indonesia finiri potest post 7.4-magnitudo terrae motus in mari percussus ab orientali parte archipelagi, US Tsunami Praemature Warning Centre nuntiavit E...",,,,random
dafca4ed0c6fd49e5d6a37ae62401ab0,2026-04-02T06:05:09Z,Storm,,skepticalscience.com,en,0.2,Skeptical Science New Research for Week #14 2026,"Open access notables

Quantifying climate loss and damage consistent with a social cost of carbon, Burke et al., Nature

Climate change is causing measurable harm globally1,2. Political and legal efforts seek to link these damages with specific emissions, inc…",https://skepticalscience.com/new_research_2026_14.html,https://skepticalscience.com/public/assets/images/og/button_sks_200.jpg,http://web.archive.org/web/20260402063711/https://skepticalscience.com/new_research_2026_14.html,"Posted on 2 April 2026 by Doug Bostrom, Marc Kodack
Open access notables
Quantifying climate loss and damage consistent with a social cost of carbon, Burke et al., Nature
Climate change is causing… [+40741 chars]","Skeptical Science New Research for Week #14 2026. Open access notables

Quantifying climate loss and damage consistent with a social cost of carbon, Burke et al., Nature

Climate change is causing measurable harm globally1,2. Political and legal efforts seek to link these damages with specific emissions, inc…","Skeptical Science Neue Forschung für Woche #14 2026. Open-Access-Prominente Quantifizierung von Klimaverlusten und -schäden im Einklang mit den sozialen Kosten von Kohlenstoff, Burke et al., Nature Der Klimawandel verursacht weltweit messbare Schäden1,2. Politische und rechtliche Bestrebungen zielen darauf ab, diese Schäden mit bestimmten Emissionen zu verknüpfen, u. a.","Scientiae Scepticae Novae Investigationis per Hebdomadam # 14 2026. Aperta aditus notabilium

Damnum quantitatis et damni climatis congruens cum sumptu sociali carbonis, Burke et al., Natura

Mutatio climatis causat damnum mensurabile globally1,2. Conatus politicus et legalis haec damna cum certis emissionibus coniungi quaerunt, inc...",India,SAS,Asia,wmo
f124dfe84716ac2b2bbd3a40a78415ce,2026-04-02T06:17:00Z,Precipitation,,www.protothema.gr,el,0.7,"Κακοκαιρία: Νεροποντή στην Ύδρα μετά την έντονη βροχόπτωση, δείτε βίντεο",Η βροχή χθες βράδυ ήταν ιδιαίτερα έντονη και αρκετοί δρόμοι είχαν γεμίσει με λάσπες | Κακοκαιρία | Ύδρα | Βροχή | Ελλάδα,https://www.protothema.gr/greece/article/1797526/kakokairia-neropodi-stin-udra-meta-tin-edoni-vrohoptosi-deite-video/,https://www.protothema.gr/images/640x360share/2/jpg/files/2026-04-02/ydra-kakokairia-s.jpg,,"To view this video please enable JavaScript, and consider upgrading to a
 web browser that supports HTML5 video","Bad weather: Downpour in Hydra after heavy rain, see video. The rain last night was particularly intense and several roads were filled with mud | Bad weather | Hydra | Rain | Greece","Schlechtes Wetter: Platzregen auf Hydra nach starkem Regen, siehe Video. Der Regen letzte Nacht war besonders stark und mehrere Straßen waren mit Schlamm gefüllt | Schlechtes Wetter | Hydra | Regen | Griechenland","Tempestates malae: Imber in Hydra post pluviam gravem, vide video. Imber noctis maxime intensus fuit et multae viae limo repletae sunt Bad weather | Hydra | Pluvia | Graecia",Greece,MED,Europe,wmo
6ab564a8f5e01c670521d75212a9f5d0,2026-04-02T06:33:50Z,Tsunami,,dialogos.com.cy,el,0.9,Μείωση παραγγελιών στις ξενοδοχειακές μονάδες – Έρχεται τσουνάμι αυξήσεων τις επόμενες μέρες,"Εξαιρετικά δύσκολη χαρακτήρισε την κατάσταση για όσους ασχολούνται με το εμπόριο καθώς δεν μπορεί να γίνει καμία πρόβλεψη για τη διάρκεια του πολέμου, ο πρόεδρος του Συνδέσμου προμηθευτών ευρείας κατανάλωσης Γιώργος Τσακκιστός, κάνοντας λόγο για αναμενόμενο τ…",https://dialogos.com.cy/meiosi-paraggelion-stis-xenodocheiakes-monades-erchetai-tsoynami-ayxiseon-tis-epomenes-meres/,https://dialogos.com.cy/wp-content/uploads/2021/12/super_market-kalathi-pswnia-trofima-1.jpg,,"© Dialogos Media Group - , , , / , , , , ( ) , , , , , .","Decrease in orders in hotel units – A tsunami of increases is coming in the next few days. The president of the Association of consumer goods suppliers Giorgos Tsakkistos characterized the situation as extremely difficult for those involved in trade as no prediction can be made for the duration of the war, speaking of the expected...","Rückgang der Bestellungen in Hoteleinheiten – In den nächsten Tagen kommt ein Tsunami an Zuwächsen. Der Präsident des Verbandes der Konsumgüterlieferanten, Giorgos Tsakkistos, bezeichnete die Situation für die Handelsteilnehmer als äußerst schwierig, da keine Prognose für die Dauer des Krieges abgegeben werden könne, und sprach von der erwarteten...","Ordines minuere in deversorium unitates – Tsunami incrementorum proximis diebus venit. Praeses Associationis bonorum consumentium Giorgos Tsakkistos praebitorum condicionem difficiliorem notavit iis qui in commerciis implicantur, cum nulla praedictio duratio belli fieri possit, loquens de exspectatione...",,,,random
5a7291018342e1c872be7e5fb80a2697,2026-04-02T06:42:00Z,Flood,,www.lanacion.com.ar,es,0.3,"“Andá, hacelo con honor”. Su padre voló en la RAF y combatió a los nazis, él piloteó Mirages argentinos y enfrentó a la RAF en Malvinas","Marcos Czerwinski, hijo del piloto polaco Witold Czerwinski, participó en la primera misión del 1 de mayo de 1982, día que marcó el bautismo de fuego de la Fuerza Aérea Argentina",https://www.lanacion.com.ar/lifestyle/anda-hacelo-con-honor-su-padre-volo-en-la-raf-y-combatio-a-los-nazis-el-piloteo-mirages-argentinos-y-nid02042026/,https://resizer.glanacion.com/resizer/v2/witold-y-marcos-czerwinski-padre-e-hijo-pilotos-LPZHIS2MBBALFNB3HVPOVMKCX4.png?auth=91dbf128e9fc19f8bc890b95022d57119770154644e415f7a1e58272ee22f668&width=1200&quality=85&smart=true&height=675,,"2 de abril de 1982. En la Base Aérea Militar de Río Gallegos, un reducido grupo de pilotos y cinco jets supersónicos Mirage pertenecientes al Grupo 8 de Caza aguardaron en alerta ante la posibilidad … [+13419 chars]","“Go ahead, do it with honor.” His father flew in the RAF and fought the Nazis, he piloted Argentine Mirages and faced the RAF in the Falklands. Marcos Czerwinski, son of the Polish pilot Witold Czerwinski, participated in the first mission on May 1, 1982, the day that marked the baptism of fire of the Argentine Air Force","„Machen Sie weiter, tun Sie es mit Ehre.“ Sein Vater flog in der RAF und kämpfte gegen die Nazis, er flog die argentinischen Mirages und trat der RAF auf den Falklandinseln gegenüber. Marcos Czerwinski, Sohn des polnischen Piloten Witold Czerwinski, nahm am ersten Einsatz am 1. Mai 1982 teil, dem Tag, der die Feuertaufe der argentinischen Luftwaffe markierte","""Perge, fac cum honore."" Pater eius in RAF volavit et Nazis pugnavit, Argentinae Mirages gubernavit et contra RAF in Falkland. Marcus Czerwinski, filius Witoldi gubernatoris Poloniae Czerwinski, primae missionis die 1 mensis Maii anno 1982 interfuit, quo die baptismum ignis Argentinae Air Force notavit.",United States,CNA,North-America,wmo
a861c6d21c4ef497579b078028e5b1ec,2026-04-02T09:43:32Z,Precipitation,,www.newsit.gr,el,0.9,"Νέα Μάκρη: To drone του newsit.gr στο σημείο όπου παρασύρθηκε από ρέμα ο 54χρονος – Λάσπες, κλειστοί δρόμοι και απελπισία","Εικόνες από την κατάσταση που δημιούργησε η χθεσινή (1.4.26) νεροποντή στις ανατολικές κυρίως περιοχές της Αττικής, κατέγραψε το drone του newsit.gr. To Πικέρμι, η Νέα ... 
To άρθρο Νέα Μάκρη: To drone του newsit.gr στο σημείο όπου παρασύρθηκε από ρέμα ο 54χρ…",https://www.newsit.gr/ellada/nea-makri-to-drone-tou-newsit-gr-sto-simeio-opou-parasyrthike-apo-rema-o-54xronos-laspes-kleistoi-dromoi-kai-apelpisia/4641290/,https://www.newsit.gr/wp-content/uploads/2026/04/makri-foto-1200x630.jpg,,"(1.4.26) , drone newsit.gr. To , , «» Erminio .
 12 , , Erminio.
 .
 drone newsit.gr 54 . , .
 .
 :
<ul><li> , , , .</li><li> , , .</li><li> , , .</li><li> , . , .</li><li> , , , .</li></ul>","Nea Makri: The newsit.gr drone at the spot where the 54-year-old was swept away by a stream - Mud, closed roads and despair. Images from the situation created by yesterday's (1.4.26) downpour in the eastern main areas of Attica, recorded by newsit.gr's drone. Pikermi, the New... 
The article Nea Makri: The newsit.gr drone at the point where the 54-year-old was swept away by a stream...","Nea Makri: Die newsit.gr-Drohne an der Stelle, an der der 54-Jährige von einem Bach mitgerissen wurde – Schlamm, gesperrte Straßen und Verzweiflung. Bilder von der Situation, die durch den gestrigen (1.4.26) Regenguss in den östlichen Hauptgebieten Attikas entstanden ist, aufgenommen von der Drohne von newsit.gr. Pikermi, der Neue... 
Der Artikel Nea Makri: Die newsit.gr-Drohne an der Stelle, an der der 54-Jährige von einem Bach mitgerissen wurde...","Nea Makri: Fucus newsit.gr in loco ubi rivus 54 annorum sternebatur - Mud, viarum clausa et desperatio. Imagines e situ ab heri (1.4.26) factae pluviae in locis principalibus orientalis Atticae, a fuco divulgato pernotuerunt. Pikermi, Novus... 
Articulus Nea Makri: fucus newsit.gr in eo loco ubi rivus 54 annorum raptus est.",,,,random
d467ecaadea36fc0ddb8ab04d4fd6ae8,2026-04-02T12:03:59Z,Storm,,observador.pt,pt,0.9,"Município de Leiria vê visita de Seguro como ""um estímulo""","Presidente da câmara Leiria está confiante que Presidência Aberta não deixe ""esquecer o território afetado pelas tempestades"". Diz ser ""estímulo e um porto de confiança"" para ultrapassar dificuldades.",https://observador.pt/2026/04/02/municipio-de-leiria-ve-visita-do-presidente-da-republica-a-regiao-como-um-estimulo/,https://wm.observador.pt/wm/l/https%3A%2F%2Fbordalo.observador.pt%2Fv2%2Frs%3Afill%3A770%3A403%2Fc%3A2000%3A1123%3Anowe%3A0%3A7%2Fq%3A70%2Ff%3Awebp%2Fplain%2Fhttps%3A%2F%2Fs3.observador.pt%2Fwp-content%2Fuploads%2F2026%2F03%2F15111943%2F46744671.jpg?layer=obstop:T,,O presidente da Câmara de Leiria garantiu esta quinta-feira à agência Lusa que as expectativas para a Presidência Aberta são “muito elevadas” e vê a visita de António José Seguro como um “estímulo” e… [+2020 chars],"Municipality of Leiria sees Seguro’s visit as “a stimulus”. Mayor Leiria is confident that Presidencia Aberta will not allow the territory affected by the storms to be “forgotten”. He says it is ""stimulus and a source of confidence"" to overcome difficulties.","Die Gemeinde Leiria sieht Seguros Besuch als „Anreiz“. Bürgermeister Leiria ist zuversichtlich, dass Presidencia Aberta nicht zulassen wird, dass das von den Stürmen betroffene Gebiet „vergessen“ wird. Er sagt, es sei „Ansporn und eine Quelle des Vertrauens“, um Schwierigkeiten zu überwinden.","Municipium Leiria videt Seguro visitare ""stimulum"". Major Leiria confidit Praesidencia Aberta territorium tempestatibus affectus ""obliviscere"" non passurum esse. Dicit ""stimulum et fontem fiduciae"" ad difficultates superandas.",Portugal,MED,Europe,wmo
c54a53f4cecdbae11b71b1b7277e5b88,2026-04-02T12:19:39Z,Snow&Ice,,dialogos.com.cy,el,0.9,Στήριξη ΠΑΣΥΔΥ στον αγώνα των Τ/Κ για την ΑΤΑ,"Η ΠΑΣΥΔΥ δηλώνει την αμέριστη στήριξή της «στον δίκαιο αγώνα της KTAMS και των υπολοίπων τουρκοκυπριακών συνδικάτων και οργανώσεων ενάντια στο διάταγμα για πάγωμα της ΑΤΑ». Σε ανακοίνωσή της, αναφέρει ότι η έντονη αντίδραση των τουρκοκυπριακών συντεχνιών κλιμ…",https://dialogos.com.cy/stirixi-pasydy-ston-agona-ton-t-k-gia-tin-ata/,https://dialogos.com.cy/wp-content/uploads/2026/03/image-478.png,,"© Dialogos Media Group - , , , / , , , , ( ) , , , , , .","PASYDY support in the T/K fight for ATA. PASYDY declares its undivided support ""to the just struggle of KTAMS and the other Turkish Cypriot unions and organizations against the decree to freeze ATA"". In her announcement, she states that the strong reaction of the Turkish Cypriot climate unions...","PASYDY-Unterstützung im T/K-Kampf um ATA. PASYDY erklärt seine ungeteilte Unterstützung „für den gerechten Kampf von KTAMS und den anderen türkisch-zypriotischen Gewerkschaften und Organisationen gegen das Dekret, ATA einzufrieren“. In ihrer Ankündigung stellt sie fest, dass die starke Reaktion der türkisch-zypriotischen Klimagewerkschaften...","PASYDY subsidium in T/K pugna pro ATA. PASYDY indivisum suum subsidium declarat ""justum certamen KTAMS et caeterorum Cypriorum Turcorum unionum et Institutorum contra decretum ATA congelatur"". In eius annuntiatione asserit validam unionum climatis Cyprii Turci reactionem...",,,,random
80355dd781ea796adb0180ab68e4f73b,2026-04-02T13:44:06Z,Storm,,www.newsit.gr,el,0.9,Μπαρτζώκας: Πάντα γίνεται χαμός μετά τα παιχνίδια με τον Παναθηναϊκό,"Ο Γιώργος Μπαρτζώκας μίλησε για την αναμέτρηση του Ολυμπιακού με τη Βιλερμπάν στη Γαλλία για την 35η αγωνιστική της Euroleague. Το βράδυ της Παρασκευής (21:00, ... 
To άρθρο Μπαρτζώκας: Πάντα γίνεται χαμός μετά τα παιχνίδια με τον Παναθηναϊκό δημοσιεύτηκε στο…",https://www.newsit.gr/athlitika/mpartzokas-panta-ginetai-xamos-meta-ta-paixnidia-me-ton-panathinaiko/4641633/,https://www.newsit.gr/wp-content/uploads/2026/04/bartzokas-1-1200x630.jpg,,"35 Euroleague.
 (21:00, 3/4/2026, Novasports Prime), , .
 , .
: 4 . EuroLeague .
: . , , , . , , , .
: . 300 . 2,20 , . , , , .
 : . , EuroLeague . , rotation . rotation , , .
: , , . , , , .","Bartzokas: There is always chaos after the games with Panathinaikos. Giorgos Bartzokas spoke about the match between Olympiakos and Villerban in France for the 35th matchday of the Euroleague. Friday night (21:00, ... 
The article Bartzokas: There is always chaos after the games with Panathinaikos was published in...","Bartzokas: Nach den Spielen mit Panathinaikos herrscht immer Chaos. Giorgos Bartzokas sprach über das Spiel zwischen Olympiakos und Villerban in Frankreich am 35. Spieltag der Euroleague. Freitagabend (21:00, ...) 
Der Artikel Bartzokas: Nach den Spielen mit Panathinaikos herrscht immer Chaos wurde in... veröffentlicht.","Bartzokas: Semper est chaos post ludos cum Panathinaikos. Giorgos Bartzokas locutus est de congressione inter Olympiakos et Villerbanum in Gallia pro XXXV nuptiis Europaei. Nocte Diei Veneris (21:00, ... Articulus Bartzokas: Semper chaos post ludos cum Panathinaikos editus est...",,,,random
0ef75333bd485bb2f87b18fdb6fc123a,2026-04-02T14:42:00Z,Landslide,,www.protothema.gr,el,0.9,"Ο Νότιος Ευβοϊκός έγινε καφέ λόγω της κακοκαιρίας Erminio, τόνοι λάσπης και φερτά υλικά στη θάλασσα, εντυπωσιακά πλάνα από drone","Οι ισχυρές βροχοπτώσεις που σημειώθηκαν τα ξημερώματα της Πέμπτης (2/4) μετέτρεψαν τη θάλασσα σε μια απέραντη καφέ έκταση, με αποτέλεσμα να θυμίζει λασπώδη λίμνη | Νέα Μάκρη | Κακοκαιρία | Θάλασσα | Λάσπη | Ελλάδα",https://www.protothema.gr/greece/article/1797841/i-kakokairia-erminio-allaxe-hroma-ston-euvoiko-kolpo-tonoi-laspis-kai-ferta-ulika-eduposiaka-plana-apo-drone/,https://www.protothema.gr/images/640x360share/jpg/files/2026-04-02/plimira-xrm.jpg,,"To view this video please enable JavaScript, and consider upgrading to a
 web browser that supports HTML5 video","South Euboea turned brown due to bad weather Erminio, tons of mud and transported materials in the sea, impressive drone footage. The heavy rains that occurred in the early hours of Thursday (2/4) turned the sea into a vast brown expanse, resembling a muddy lake | Nea Makri | Bad weather | Sea | Mud | Greece","Süd-Euböa wurde durch schlechtes Wetter braun Erminio, Tonnen von Schlamm und transportiertem Material im Meer, beeindruckende Drohnenaufnahmen. Die starken Regenfälle in den frühen Morgenstunden des Donnerstags (2.4.) verwandelten das Meer in eine riesige braune Fläche, die einem schlammigen See ähnelte | Nea Makri | Schlechtes Wetter | Meer | Schlamm | Griechenland","Meridionalis Euboea brunneis ob tempestatem Erminio, talentis lutis et materiae in mare transportata, footage impressive fucus. Imbres graves, quae primis horis Iovis (2/4) factae sunt, mare in immensum fuscum expansum converterunt, lacu turbido simile | Nea Makri | Bad weather | Sea | Mud | Graecia",,,,random
d47f7c35738c1509b1d5e5b1197ee972,2026-04-02T15:49:10Z,Flood,,anglotopia.net,en,0.2,100 of the Most Hilarious 100% Real British Place Names (And Why They’re Called That),"A Guided Tour of Britain’s Most Unintentionally Brilliant Geography Introduction Britain is a country with over two thousand years of recorded place names, layered on top of each other like geological strata — Celtic, Roman, Anglo-Saxon, Viking, Norman French…",https://anglotopia.net/site-news/uncategorized/100-of-the-most-hilarious-100-real-british-place-names-and-why-theyre-called-that/,https://i0.wp.com/anglotopia.net/wp-content/uploads/2020/04/anglotopia-zoom-backgrounds-gold-hill.jpg?fit=1920%2C1080&ssl=1,,"A Guided Tour of Britain’s Most Unintentionally Brilliant Geography
Britain is a country with over two thousand years of recorded place names, layered on top of each other like geological strata — C… [+57656 chars]","100 of the Most Hilarious 100% Real British Place Names (And Why They’re Called That). A Guided Tour of Britain’s Most Unintentionally Brilliant Geography Introduction Britain is a country with over two thousand years of recorded place names, layered on top of each other like geological strata — Celtic, Roman, Anglo-Saxon, Viking, Norman French…","100 der urkomischsten 100 % echten britischen Ortsnamen (und warum sie so heißen). Eine geführte Tour durch Großbritanniens ungewollt brillanteste Geographie Einführung Großbritannien ist ein Land mit über zweitausend Jahren aufgezeichneten Ortsnamen, die wie geologische Schichten übereinander geschichtet sind – keltisch, römisch, angelsächsisch, wikingerzeitlich, normannisch-französisch …","100 Altissimi HILARIS C% Verus Britanniae Place Names (Et quare appellati sunt). Introductio Britannia est regio cum supra duo milia annorum in loco memoratorum locorum nomina, super inter se quasi stratam geologicam — Celtica, Romana, Anglo-Saxonica, Vikingus, Normannus Gallicus...",United States,CNA,North-America,wmo
1e34d13599c72c8200491d2b422baee6,2026-04-02T16:00:00Z,Fog,,www.ftchinese.com,zh,0.5,特朗普为伊朗战争付出“四重代价”,"更新于2026年4月3日 17:36
叶胜舟为FT中文网撰稿




美以与伊朗的战争已满一个月，美以“速战、速决、速胜”幻想破产，进入双方都煎熬的战略相持阶段。伊朗损失更大、耐心更大，受到重创但未致残。美国总统特朗普草率发动非法的侵略战争，损失和代价日益凸显，如今骑虎难下、后悔莫及，渴望及早体面抽身，伊朗却不积极配合。

军事代价

美军死伤累积。交战双方公布的战报都严重失真，很多不可信。美国国防部确认，至3月27日，美军死亡13人、受伤303人。死亡13人已公布身份信息，可信度极高。美军厌战，全球最先进…",https://www.ftchinese.com/story/001109372,https://d1sh1cgb4xvhl.cloudfront.net/unsafe/1200x630/picture/3/000327843_piclink.jpg,,"32713303132330600
152200250082300090%9200164.524100
20182025620262-332632730
203152000171400
1135.21F-353F-15E4002000
20%40%22670.75120327112.5759.11%3262262.983263.985013.239523111.723203030
3… [+402 chars]","Trump paid a ""fourfold price"" for the Iran war. Updated at 17:36 on April 3, 2026. Ye Shengzhou wrote for FT Chinese. The war between the United States and Israel has been a month old. The United States and Israel's illusion of ""quick war, quick decision, and quick victory"" has gone bankrupt and entered a stage of strategic stalemate that both sides are suffering from. Iran suffered greater losses and greater patience, battered but not crippled. U.S. President Trump has hastily launched an illegal war of aggression, and the losses and costs have become increasingly apparent. Now he is in a difficult position, regretting it, and longing for an early and honorable exit, but Iran is not actively cooperating. The military cost is the accumulation of U.S. military casualties. The battle reports released by both warring parties are seriously distorted, and many of them are not credible. The U.S. Department of Defense confirmed that as of March 27, 13 U.S. troops had been killed and 303 injured. The identity information of the 13 people who died has been released, and the credibility is extremely high. The US military is war-weary and the most advanced in the world...","Trump zahlte einen „vierfachen Preis“ für den Iran-Krieg. Aktualisiert am 3. April 2026 um 17:36 Uhr
Ye Shengzhou schreibt für die FT Chinese-Website




Der Krieg zwischen den Vereinigten Staaten und Israel dauert seit einem Monat. Die Illusion der Vereinigten Staaten und Israels von einem „schnellen Krieg, einer schnellen Entscheidung und einem schnellen Sieg“ ist bankrott gegangen und befindet sich in einer Phase der strategischen Pattsituation, unter der beide Seiten leiden. Der Iran erlitt größere Verluste und größere Geduld, er war angeschlagen, aber nicht verkrüppelt. US-Präsident Trump hat in aller Eile einen illegalen Angriffskrieg begonnen, und die Verluste und Kosten werden immer offensichtlicher. Jetzt befindet er sich in einer schwierigen Lage, bedauert es und sehnt sich nach einem baldigen und ehrenvollen Ausstieg, doch der Iran kooperiert nicht aktiv.

Militärkosten

Die Zahl der Opfer des US-Militärs häufte sich. Die von beiden Kriegsparteien veröffentlichten Kampfberichte sind stark verfälscht und viele von ihnen sind nicht glaubwürdig. Das US-Verteidigungsministerium bestätigte, dass bis zum 27. März 13 US-Soldaten getötet und 303 verletzt worden seien. Die Identitätsinformationen der 13 Verstorbenen wurden veröffentlicht und die Glaubwürdigkeit ist äußerst hoch. Das US-Militär ist kriegsmüde und das fortschrittlichste der Welt ...","Trump ""quadruplum pretium"" pro bello Iraniano solvit. Renovata die 17:36 in die 3 Aprilis 2026. Vos Shengzhou scripsit pro FT Seres. Bellum inter Civitates Americae Unitas et Israel unum mensem vetus fuit. In Civitatibus Foederatis et Israel illusio ""bellum velox, consilium velox, victoria velox"" decoquere abiit et stalimatus opportuna in scaenam ingressus est, qui utrimque laborant. Irania maiora damna et maiora patientiae perpessa est, quassata sed non debilitata. Praeses Trump iniustum bellum irascibilis festinanter fecit, et damna et impensae in dies magis apparent. Nunc est in loco difficili, paenitendo et desiderio primi et honesti exitus, at Irania non est actuose cooperans. Pretium militare est cumulus caedes militum Americae. Renuntiationes pugnae ab utraque parte bellantes dimissae graviter sunt deformatae, et multae ex eis non sunt credibiles. Americae Department Defensionis confirmavit sicut ante diem quartum Kalendas Apriles, XIII copias US occisos esse et 303 laesum. Informatio identitatis XIII hominum qui mortuus est dimissus est et fides altissima est. US militaris est bellum lassum et antecedens in mundo ...",China,EAS,Asia,wmo
5552c84bddb3c6f315bb267126b57c5e,2026-04-02T16:00:00Z,Thunderstorm,,www.newsit.gr,el,0.9,Καιρός αύριο: Ισχυρές βροχές και χαλάζι σε όλη την χώρα – Θυελλώδεις άνεμοι έως 8 μποφόρ σε Αιγαίο και Κρήτη,"Βροχερός θα συνεχίζει να είναι ο καιρός και αύριο Παρασκευή (03.04.2026), με καταιγίδες να σημειώνονται στο μεγαλύτερο μέρος της χώρας και ισχυρούς ανέμους έως 8 ... 
To άρθρο Καιρός αύριο: Ισχυρές βροχές και χαλάζι σε όλη την χώρα – Θυελλώδεις άνεμοι έως 8 μ…",https://www.newsit.gr/ellada/kairos-ayrio-isxyres-vroxes-kai-xalazi-se-oli-tin-xora-thyellodeis-anemoi-eos-8-mpofor-se-aigaio-kai-kriti/4641607/,https://www.newsit.gr/wp-content/uploads/2026/04/kairos-3-1200x630.jpg,,"(03.04.2026), 8 .
 , , , , . – .
 :
<ol><li>  </li><li> ( ) </li><li></li><li> .</li></ol> . .
 , 5 7 8 . 3 5 .
 15 17 18 .
, : . . . .: 3 4 . 4 6 , .: 06 16 17 . 3 4 .
 , , , : . , , ..: 5 7 … [+175 chars]","Weather tomorrow: Heavy rain and hail across the country – Gusty winds up to 8 Beaufort in the Aegean and Crete. The weather will continue to be rainy tomorrow Friday (03.04.2026), with storms occurring in most of the country and strong winds up to 8 ... 
The article Weather tomorrow: Heavy rain and hail across the country – Gusty winds up to 8 m…","Wetter morgen: Starker Regen und Hagel im ganzen Land – Böiger Wind mit bis zu 8 Beaufort in der Ägäis und auf Kreta. Das Wetter bleibt morgen Freitag (03.04.2026) weiterhin regnerisch, im größten Teil des Landes kommt es zu Stürmen und starken Winden bis zu 8 ... 
Der Artikel Wetter morgen: Starker Regen und Hagel im ganzen Land – Böige Winde bis zu 8 m…","Tempestas cras: Imber gravis et grando per patriam – Venti Impetus usque ad 8 Beaufort in Aegaeo et Creta. Tempestas crastina die Veneris (03.04.2026) futurum est, cum procellis occurrentibus in maxima regione et ventis validis usque ad VIII... 
Articulus Tempestatis crastinus: Imber gravis et grando per regionem – Venti Impatientes usque ad 8 m…",,,,random
1e13197e30d874b027585e8376202ea6,2026-04-02T16:04:58Z,Landslide,,www.protothema.gr,el,0.7,"Σφοδρή κακοκαιρία πλήττει την κεντρική και νότια Ιταλία: Κατέρρευσε γέφυρα στην περιφέρεια Μολίζε, δείτε βίντεο","Στην περιφέρεια της Απουλίας  πλημμύρισαν τεράστιες γεωργικές εκτάσεις, με αποτέλεσμα να εγκλωβιστούν κάτοικοι και οδηγοί οχημάτων | Ιταλία | Κακοκαιρία | Κατολίσθηση | Πλημμύρες | Γέφυρα | Κόσμος",https://www.protothema.gr/world/article/1797874/italia-kuma-kakokairias-plittei-tis-kedrikes-kai-noties-periohes-tis-horas-katerreuse-gefura-stin-perifereia-molize/,https://www.protothema.gr/images/640x360share/1/jpg/files/2026-04-02/xrwma-italy-2.jpg,,", (1/4) .","Severe weather hits central and southern Italy: A bridge collapsed in the Molise region, see video. In the region of Apulia, huge agricultural lands were flooded, leaving residents and drivers stranded | Italy | Bad weather | Landslide | Floods | Bridge | World","Unwetter trifft Mittel- und Süditalien: In der Region Molise ist eine Brücke eingestürzt, siehe Video. In der Region Apulien wurden riesige landwirtschaftliche Flächen überschwemmt, wodurch Anwohner und Fahrer festsaßen | Italien | Schlechtes Wetter | Erdrutsch | Überschwemmungen | Brücke | Welt","Gravis tempestas mediam et meridionalem Italiam pervenit: Pons in regione Molise concidit, vide video. In Apuliae regione, agri rustici ingentes inundati sunt, relictis habitantibus et rectoribus destitutus | Italia | Bad weather | Landslide | Flumina | Pontem | Mundus",,,,random
9903854cd8f3687756bfb40e15a3d9a2,2026-04-02T17:58:39Z,Storm,,www.newsit.gr,el,0.7,Χάποελ Τελ Αβίβ – Παναθηναϊκός: Χαμός από 6.000 πράσινους οπαδούς στη Σόφια,"Σαν να παίζει στο σπίτι του ήταν ο Παναθηναϊκός στο εκτός έδρας παιχνίδι με τη Χάποελ Τελ Αβίβ για την 35η αγωνιστική της Euroleague. Οπαδοί ... 
To άρθρο Χάποελ Τελ Αβίβ – Παναθηναϊκός: Χαμός από 6.000 πράσινους οπαδούς στη Σόφια δημοσιεύτηκε στο NewsIT .",https://www.newsit.gr/athlitika/xapoel-tel-aviv-panathinaikos-xamos-apo-6-000-prasinous-opadous-sti-sofia/4641816/,https://www.newsit.gr/wp-content/uploads/2026/04/pao-kosmos-1200x630.jpg,,"35 Euroleague.
 Sofia Arena Telekom Center.
 6.000 , .
EUROKINISSI
EUROKINISSI
EUROKINISSI
Euroleague.","Hapoel Tel Aviv – Panathinaikos: Destruction by 6,000 green fans in Sofia. It was as if Panathinaikos was playing at home in the away game against Hapoel Tel Aviv for the 35th matchday of the Euroleague. Fans ... The article Hapoel Tel Aviv – Panathinaikos: Destruction by 6,000 green fans in Sofia was published in NewsIT.","Hapoel Tel Aviv – Panathinaikos: Zerstörung durch 6.000 grüne Fans in Sofia. Es war, als würde Panathinaikos im Auswärtsspiel gegen Hapoel Tel Aviv am 35. Spieltag der Euroleague zu Hause spielen. Fans... 
Der Artikel Hapoel Tel Aviv – Panathinaikos: Zerstörung durch 6.000 grüne Fans in Sofia wurde in NewsIT veröffentlicht.","Hapoel Tel Aviv – Panathinaikos: Contritio a 6.000 viridis fans in Sofia. Tamquam si Panathinaikos domi in ludo abeunte contra Hapoel Tel Aviv luderet pro 35 gradu Europaei. Aliquam nisl... 
Articulus Hapoel Tel Aviv – Panathinaikos: Destructio per 6.000 viridium fanorum in Sofia in NewsIT divulgata est.",,,,random
bb7df2a9e526cf5b8dacb6a777a0c350,2026-04-02T17:59:00Z,Wildfire,,www.protothema.gr,el,0.9,Επίθεση με drone σε αμερικανική εγκατάσταση στο αεροδρόμιο της Βαγδάτης,"Στοχοθέτησαν το κέντρο υλικοτεχνικής υποστήριξης, προκαλώντας πυρκαγιά, χωρίς όμως να υπάρξουν τραυματίες | Βαγδάτη | Drones | Κόσμος",https://www.protothema.gr/world/article/1797995/epithesi-me-drone-se-amerikaniki-egatastasi-sto-aerodromio-tis-vagdatis/,https://www.protothema.gr/images/640x360share/jpg/files/2026-04-02/30836817.jpg,,", online scroll, brands . !","Drone attack on US facility at Baghdad airport. They targeted the logistical support center, causing a fire, but no injuries Baghdad | Drones | World","Drohnenangriff auf US-Anlage am Flughafen Bagdad. Sie zielten auf das logistische Unterstützungszentrum und verursachten einen Brand, aber keine Verletzten. Bagdad | Drohnen | Welt",Fucus impetus in US facultatem Bagdad aeroportus. Iagebant logisticam centrum subsidium causantes ignem sed Bagdad iniurias non | drones | Mundus,,,,random
af13165b67602ff4af286cc2458a99ca,2026-04-02T19:18:32Z,Storm,,www.newsit.gr,el,0.7,Χαμός στο Ερυθρός Αστέρας – Παρτιζάν: Σοβαρά επεισόδια στη Μπεογκράτσκα Αρένα,"Τα επεισόδια δεν έλειψαν από το ντέρμπι του Ερυθρού Αστέρα με την Παρτιζάν για την 35η αγωνιστική της Euroleague. Πριν το τζάμπολ του σερβικού εμφυλίου ... 
To άρθρο Χαμός στο Ερυθρός Αστέρας – Παρτιζάν: Σοβαρά επεισόδια στη Μπεογκράτσκα Αρένα δημοσιεύτηκε στ…",https://www.newsit.gr/athlitika/xamos-sto-erythros-asteras-partizan-sovara-epeisodia-sti-mpeogkratska-arena/4641860/,https://www.newsit.gr/wp-content/uploads/2026/04/erithros-asteras-1200x630.jpg,http://web.archive.org/web/20260403024543/https://www.newsit.gr/athlitika/xamos-sto-erythros-asteras-partizan-sovara-epeisodia-sti-mpeogkratska-arena/4641860/,"35 Euroleague. Euroleague, . , , . , .","Mayhem at Red Star – Partizan: Serious incidents at Beogradska Arena. The episodes were not lacking from the derby between Red Star and Partizan for the 35th matchday of the Euroleague. Before the jambol of the Serbian civil war... 
The article Red Star Destruction – Partizan: Serious incidents at the Beogradska Arena was published on…",Chaos bei Red Star – Partizan: Schwerwiegende Vorfälle in der Beogradska Arena. Beim Derby zwischen Roter Stern und Partizan am 35. Spieltag der Euroleague mangelte es nicht an Episoden. Vor dem Trubel des serbischen Bürgerkriegs ... Der Artikel Red Star Destruction – Partizan: Schwerwiegende Zwischenfälle in der Beogradska Arena wurde veröffentlicht am…,Mayhem in Rubrum stella - Partizan: Gravia incident in Beogradska Arena. episodia non defuerunt e Derbiae inter Rubrum stellam et Partizan pro 35 parem diem Europaei. Ante jambolum belli civilis Serbici ... Articulus Destructio stellata rubra – Partizan: Gravis eventus in Beogradska Arena in ... divulgatus est.,,,,random
f310c6b4b7b54930a8bc342693977102,2026-04-02T20:03:46Z,Thunderstorm,,www.youtube.com,ru,0.9,Ходорковский LIVE: ⚡️НОВОСТИ | МОЩНОЕ ЗЕМЛЕТРЯСЕНИЕ. ЖЕРТВЫ | НАВОДНЕНИЕ В РОССИИ | ДТП: ЗАГОРЕЛСЯ ТРОЛЛЕЙБУС (2026-02-04),"Главные новости 2 апреля.
- Иран заявил, что будет вести войну вплоть до капитуляции США и Израиля.
- Троллейбус с пассажирами загорелся прямо во время рейса в Калининграде.
- Прибыль российских компаний упала на 30%.
- Более 70 очагов бешенства скота официал…",https://www.youtube.com/supported_browsers?next_url=https://www.youtube.com/watch%3Fv%3DM62CBawYJSc,,,Your browser isnt supported anymore. Update it to get the best YouTube experience and our latest features. Learn more,"Khodorkovsky LIVE: ⚡️NEWS | POWERFUL EARTHQUAKE. VICTIMS | FLOODING IN RUSSIA | Accident: TROLLEYBUS FIRE (2026-02-04). Main news April 2.
- Iran has declared that it will wage war until the surrender of the United States and Israel.
- A trolleybus with passengers caught fire during a trip in Kaliningrad.
- Profits of Russian companies fell by 30%.
- More than 70 foci of rabies in livestock are officially…","Chodorkowski LIVE: ⚡️NEWS | STARKES ERDBEBEN. OPFER | Überschwemmungen in Russland | Unfall: TROLLEYBUS-FEUER (04.02.2026). Hauptnachrichten 2. April. – Der Iran hat erklärt, dass er bis zur Kapitulation der Vereinigten Staaten und Israels Krieg führen wird. - Ein Trolleybus mit Passagieren fing während einer Fahrt in Kaliningrad Feuer. - Die Gewinne russischer Unternehmen gingen um 30 % zurück. - Mehr als 70 Tollwutherde bei Nutztieren sind offiziell...",Khodorkovsky LIVE: ⚡️NEWS | MOTUS POTENS. VICTIMAE | FLOODING IN RUSSIA | Accidens: TROLLEYBUS IGNIS (2026-02-04). Praecipuum nuntium April 2. - Irania declaravit bellum futurum esse usque ad deditionem Americae Foederatae et Israelis. - A trolleybus cum vectoribus igne per iter in Kaliningradum arsit. - Proficua societatum Russiae per 30% ceciderunt. - Plus quam 70 foci rabies in pecoribus publice sunt ...,,,,random
c75cd6a6b69f457e868499fb21d25a66,2026-04-02T22:00:17Z,Snow&Ice,,www.huffingtonpost.jp,ja,0.5,福島・双葉の伝承館で「対話」。芥川賞作家・鈴木結生さんも参加、「叫びに寄り添うのが文学の役割であってほしい」,"「復興」という言葉では、語りきれないものもある。
福島県双葉町の「東日本大震災・原子力災害伝承館」で3月22日、被災や復興について語り合うイベント「対話福島」が開かれた。
進行役を務めたのは、同館の開沼博上級研究員（東京大学大学院准教授）。ゲストには、2025年に小説「ゲーテはすべてを言った」で芥川賞を受賞した作家・鈴木結生さんが招かれた。
福島県郡山市で幼少期を過ごした鈴木さんは、県内など各地から集まった参加者とともに現地を歩き、言葉を交わした。
いまの福島をどう見たのか。参加者と何を語り、何を感じたの…",https://www.huffingtonpost.jp/entry/story_jp_69c3361fe4b0e447525ae400,https://img.huffingtonpost.com/asset/69cb71c124000008e230a326.jpg?cache=zLuwB0gG3M&ops=1200_630,,"322
2025
2025
U
2016710
FUTATABI FUTABA FUKUSHIMA 
1
3336
20453
2000
6
336","“Dialogue” at the Folklore Museum in Futaba, Fukushima. Akutagawa Prize-winning author Yui Suzuki also participated, saying, ``I want literature's role to be to accompany the cries.'' There are some things that can't be explained with the word ``recovery.''
On March 22nd, an event called ``Dialogue Fukushima'' was held at the ``Great East Japan Earthquake and Nuclear Disaster Museum'' in Futaba Town, Fukushima Prefecture, to discuss the disaster and recovery.
The facilitator was Hiroshi Kainuma, senior researcher at the museum (associate professor at the University of Tokyo Graduate School). Yui Suzuki, a writer who won the Akutagawa Prize in 2025 for the novel ``Goethe Said Everything,'' was invited as a guest.
Suzuki, who spent her childhood in Koriyama City, Fukushima Prefecture, walked around the site and exchanged words with participants from all over the prefecture and elsewhere.
How do you see Fukushima now? What did you talk about with the participants and what did you feel?","„Dialog“ im Folkloremuseum in Futaba, Fukushima. Auch die mit dem Akutagawa-Preis ausgezeichnete Autorin Yui Suzuki beteiligte sich und sagte: „Ich möchte, dass die Rolle der Literatur darin besteht, die Schreie zu begleiten.“ Es gibt einige Dinge, die sich nicht mit dem Wort „Genesung“ erklären lassen.
Am 22. März fand im „Museum für Erdbeben und Nuklearkatastrophen im Großen Ostjapan“ in der Stadt Futaba in der Präfektur Fukushima eine Veranstaltung mit dem Titel „Dialog Fukushima“ statt, um über die Katastrophe und den Wiederaufbau zu diskutieren.
Der Moderator war Hiroshi Kainuma, leitender Forscher am Museum (außerordentlicher Professor an der Graduiertenschule der Universität Tokio). Als Gast war Yui Suzuki eingeladen, ein Schriftsteller, der 2025 für den Roman „Goethe sagte alles“ den Akutagawa-Preis gewann.
Suzuki, die ihre Kindheit in der Stadt Koriyama in der Präfektur Fukushima verbrachte, spazierte über das Gelände und tauschte sich mit Teilnehmern aus der ganzen Präfektur und anderswo aus.
Wie sehen Sie Fukushima jetzt? Worüber haben Sie mit den Teilnehmern gesprochen und was haben Sie gefühlt?","""Dialogus"" apud Folklore Museum in Futaba, Fukushima. Akutagawa Praemium victor auctor Yui Suzuki etiam participavit dicens, `Opus litterarum munus comitari clamores.'' Quaedam sunt quae explicari non possunt cum verbo ` `recuperationis.'' Kalendis Martiis, eventus qui vocatur `Dialogus Fukushima' habita est apud `Magnum Orientem Iaponiae Terraemotus et Praefectus Fusorum, Praefectus Convictionis,'. recuperatio. Facilitator fuit Hiroshi Kainuma, inquisitor senior in museo (praeses professor in universitate Tokyo in schola Graduate). Yui Suzuki, scriptor qui Akutagawa Praemium in 2025 vicit, novi ` `Goethe Omnia dixit', ut hospes invitatus est. Suzuki, qui pueritiam egit in urbe Koriyama, Fukushima Praefectura, circum locum ambulavit et verba cum participantibus ex toto orbe praefecturae et alibi commutavit. Quomodo nunc Fukushima vides? Quid loqueris cum participantium et quid sentis?",Republic of Moldova,WCE,Europe,wmo
92a63d731c2b979a3f4e77c89694a409,2026-04-03 10:00:02,Earthquake,,www.newsbomb.gr,el,0.7,"Σεισμός 3,9R στη Θεσπρωτία",Στα 5 χιλιόμετρα το εστιακό βάθος,https://www.newsbomb.gr/ellada/seismoi/story/1726421/seismos-tora-sti-thesprotia,,,,3.9R earthquake in Thesprotia. At 5 kilometers the focal depth,"Erdbeben der Stärke 3,9 in Thesprotia. Bei 5 Kilometern liegt die Schärfentiefe",3.9R Terrae motus in Thesprotia. Ad 5 chiliometrorum arx profunditas,,,,random
6df35f57aa3f86323bd6531ea15b74cb,2026-04-03 11:32:52,Precipitation,,pelop-gr.cdn.ampproject.org,el,0.3,Ηράκλειο: Στα δικαστήρια δύο αδέλφια για καβγά που άρχισε από την.... αφρικανική σκόνη!,"Με ποινές φυλάκισης με αναστολή τιμωρήθηκαν από το Αυτόφωρο Δικαστήριο Ηρακλείου δύο αδέλφια, τα οποία για έναν καβγά που ξεκίνησε από ασήμαντη αφορμή",https://pelop-gr.cdn.ampproject.org/v/s/pelop.gr/irakleio-sta-dikastiria-dyo-adelfia-gia-kavga-pou-archise-apo-tin-afrikaniki-skoni/?amp=1&amp_js_v=0.1&amp_gsa=1#webview=1,,,,"Heraklion: In the courts two brothers for a fight that started from.... African dust!. Two brothers were punished with suspended prison sentences by the Autoforous Court of Heraklion, who for a fight that started for a trivial reason","Heraklion: Vor Gericht zwei Brüder für einen Kampf, der mit... afrikanischem Staub begann!. Zwei Brüder wurden vom Autoforous-Gericht von Heraklion mit Bewährungsstrafen bestraft, weil sie einen Streit begangen hatten, der aus trivialem Grund begonnen hatte","Heraklion: In atriis duorum fratrum pugnae quae incepit ex .... Africano pulvere!. Duo fratres sententiis carceris suspensis puniti sunt ab Curia Autoforous Heraklion, qui propter pugnam levi de causa incepit.",Greece,MED,Europe,wmo
0bca899022b80072b105526aa6dfa3c2,2026-04-03 17:15:00,Snow Avalanche,,www.parapolitika.gr,el,0.3,"Κρήτη: ""Ρεσιτάλ"" από δύο αδέρφια στο Ηράκλειο - Αλληλομηνύθηκαν για την αφρικανική σκόνη",Σε ποινή φυλάκισης 8 μηνών στον έναν και 6 μήνες στον άλλο επέβαλλε το αυτόφωρο δικαστήριο Ηρακλείου σε δύο αδέρφια που αλληλομηνύθηκαν με αφορμή την… αφρικανική σκόνη και άρχισαν να απειλούν ο ένας τον άλλο.,https://www.parapolitika.gr/ellada/article/1703618/irakleio-kritis-aderfia-allilominuthikan-me-aformi-tin-afrikaniki-skoni/,,,,"Crete: ""Recital"" by two brothers in Heraklion - They talked about the African dust. In a prison sentence of 8 months for one and 6 months for the other, the court of Heraklion imposed on two brothers who sued each other on the occasion of... African dust and started threatening each other.","Kreta: „Rezital“ zweier Brüder in Heraklion – Sie sprachen über den afrikanischen Staub. Das Gericht von Heraklion verhängte eine Gefängnisstrafe von 8 Monaten für den einen und 6 Monaten für den anderen gegen zwei Brüder, die sich anlässlich des ... afrikanischen Staubs gegenseitig verklagten und begannen, sich gegenseitig zu bedrohen.","Creta: ""Recital"" a duobus fratribus in Heraklion - loquebantur de pulvere Africano. Sententia carceris per menses 8 per unum et 6 menses pro altero, curia Heraklion imposuit duobus fratribus, qui occasione pulveris Africani inter se contendebant et se invicem minabantur.",Norway,NEU,Europe,wmo
273f1e1072f2e5b41167aad09f281282,2026-04-03T01:26:17Z,Precipitation,,eiji.txt-nifty.com,ja,0.3333333333333333,石器時代へという不吉,南関東地方はほぼ一週間ぶりくらいにようやく晴れました。今日は、膨大なニュース量です。　昨日は株価は下がりました。ところが下がったのは、前々...,https://eiji.txt-nifty.com/diary/2026/04/post-6b198c.html,https://eiji.txt-nifty.com/.shared-cocolog/nifty_managed/images/web/ogp/default.png,,南関東地方はほぼ一週間ぶりくらいにようやく晴れました。今日は、膨大なニュース量です。　昨日は株価は下がりました。ところが下がったのは、前々日のほんの半分。そして、今朝はもう戻している。米市場は昨日下げたにもかかわらず。　つくづく株屋というのはしょうもない連中ですね。株価が上がる芽は、それがどんなに小さかろうがみんなで飛びつく。わしづかみにする。　ところが、目の前に迫る炎には、みんなで気付かないふ… [+9544 chars],"Ominous as we move into the Stone Age. It's finally sunny in the southern Kanto region for the first time in about a week. There is a huge amount of news today. Stock prices fell yesterday. However, it went down a while ago...","Unheilvoll, wenn wir in die Steinzeit vordringen. Zum ersten Mal seit fast einer Woche ist es in der südlichen Kanto-Region endlich sonnig. Heute gibt es eine Menge Neuigkeiten. Die Aktienkurse sind gestern gefallen. Allerdings ist es vor einiger Zeit ausgefallen...","Scaurum, dum in Aevum Lapideum transimus. Tandem serenum est in regione Kanto meridionali primum circiter octo. Ingens copia nuntiorum hodie est. Stock prices heri cecidit. Sed id ipsum ante.",Saudi Arabia,ARP,Asia,wmo
fc59bcb27b9cf262045ab2aff35bb81d,2026-04-03T05:38:45Z,Storm,,www.skai.gr,el,0.7,Χαμός με τον Ντέιβιντ Ντουκόβνι: Η τολμηρή εμφάνιση που έγινε «viral» (video),"Ο ηθοποιός έχει αφήσει το δικό του «στίγμα» στην τηλεόραση μέσα από τη θρυλική σειρά «The X-Files», όπου υποδύθηκε τον πράκτορα Fox Mulder",https://www.skai.gr/news/life-style-wellness/xamos-me-ton-nteivint-ntoukovni-i-tolmiri-emfanisi-pou-egine-viral,https://www.skai.gr/sites/default/files/styles/article_16_9/public/2026-04/david_duchovny.jpg?itok=3MGAuONs,http://web.archive.org/web/20260404094133/https://www.skai.gr/news/life-style-wellness/xamos-me-ton-nteivint-ntoukovni-i-tolmiri-emfanisi-pou-egine-viral,", drag .
 65 «Soapbox» , . , , , , . Laverne Cox, , .
 drag , . drag , . «Soapbox», , « ». Andrew Jay Cohen, Max Barbakow.
David Duchovny shocks with drag makeover as he dons blond wig and racy ne… [+296 chars]","Shame on David Duchovny: The bold look that went ""viral"" (video). The actor has left his own ""mark"" on television through the legendary series ""The X-Files"", where he played agent Fox Mulder","Schande über David Duchovny: Der kühne Look, der „viral“ ging (Video). Der Schauspieler hat durch die legendäre Serie „Akte X“, in der er den Agenten Fox Mulder spielte, seine eigenen Spuren im Fernsehen hinterlassen","Pudeat David Duchovny: Audaces vultus qui ""virales"" (video). Actor suum ""signum"" in televisione per seriem fabulosa ""X-Filia"" reliquit, ubi agens Fox Mulder egit.",,,,random
d2fee31c23c15dcb7b66d20fe147be70,2026-04-03T07:27:00Z,Thunderstorm,,www.haber7.com,tr,0.9,"Meteoroloji il il uyardı: Şiddetli yağış, kar ve toz taşınımı kapıda!","Meteoroloji, yurt genelinde bugün parçalı ve çok bulutlu hava ile aralıklı yağışlar beklendiğini açıkladı. Kıyı Ege, Akdeniz ve doğu illerinde kuvvetli yağış, Doğu Anadolu’da kar, Doğu Akdeniz ve Güneydoğu’da ise toz taşınımı uyarısı var.",https://www.haber7.com/guncel/haber/3617010-meteoroloji-il-il-uyardi-siddetli-yagis-kar-ve-toz-tasinimi-kapida,https://i20.haber7.net/resize/1280x720//haber/haber7/photos/2026/14/meteoroloji_il_il_uyardi_siddetli_yagis_kar_ve_toz_tasinimi_kapida_1775201134_26.jpg,,"Meteoroloji Genel Müdürlüü tarafndan yaplan son deerlendirmelere göre, bugün ülkemiz genelinin parçal, çok bulutlu ve aralkl yal geçecei tahmin ediliyor. 
Yalarn genellikle yamur ve saanak, Marmara,… [+6872 chars]","Meteorology warned from province to province: Heavy rain, snow and dust transport are at the door! Meteorology announced that partly and very cloudy weather and intermittent rains are expected throughout the country today. There is a warning for heavy rainfall in the coastal Aegean, Mediterranean and eastern provinces, snow in Eastern Anatolia, and dust transport in the Eastern Mediterranean and the Southeast.","Meteorologie warnt von Provinz zu Provinz: Starker Regen, Schnee und Staubtransport stehen vor der Tür! Die Meteorologie gab bekannt, dass heute im ganzen Land teilweise und sehr bewölktes Wetter und zeitweise Regenfälle zu erwarten sind. Es besteht eine Warnung vor starken Regenfällen in den Küstenprovinzen der Ägäis, im Mittelmeerraum und in den östlichen Provinzen, Schnee in Ostanatolien und Staubtransport im östlichen Mittelmeerraum und im Südosten.","Meteorologicum de provincia ad provinciam monuit: Imber, nix et pulvis portae sunt ante ianuam! Meteorologia nuntiat partim et tempestates nubilosas et imbres intermissos per universam regionem hodie expectari. Monetur de pluviis gravibus in provinciis maritimis Aegaeo, Mediterraneo et Orientali, nivibus in Anatolia orientali, et in onerariis pulveris in Mediterraneo Orientali et Meridiano.",,,,random
eaf54a01d12df32f778b9d9b29212c2f,2026-04-03T08:30:00Z,Storm,,expresso.pt,pt,0.3,Lisboa e o resto do país,"Se um telhado voa na Avenida da Liberdade, temos diretos de três horas e especialistas em meteorologia de plantão. Quando Leiria fica às escuras, com estradas cortadas e prejuízos por contabilizar, a cobertura é um rodapé, uma nota breve entre dois temas de p…",https://expresso.pt/geracao-e/2026-04-03-lisboa-e-o-resto-do-pais-a339ecac,https://images.impresa.pt/expresso/2026-04-02-tiago-pollmann-33e19bbb/1.91x1?wm=true&outputFormat=jpeg,,"Falo de barriga cheia. Nasci e cresci na segunda maior cidade de Portugal: o Porto. Aqui, respira-se uma certa autonomia; há emprego, identidade, cultura e uma vida social que não pede licença a ning… [+3495 chars]","Lisbon and the rest of the country. If a roof flies off on Avenida da Liberdade, we have three hours of live coverage and meteorological experts on call. When Leiria is left in the dark, with roads closed and losses to be accounted for, the coverage is a footnote, a brief note between two main topics…","Lissabon und der Rest des Landes. Wenn auf der Avenida da Liberdade ein Dach abfliegt, haben wir drei Stunden Live-Berichterstattung und meteorologische Experten auf Abruf. Wenn Leiria im Dunkeln tappt, die Straßen gesperrt sind und die Verluste berücksichtigt werden müssen, ist die Berichterstattung eine Fußnote, eine kurze Anmerkung zwischen zwei Hauptthemen …","Ulyssipone et reliquam regionem. Si tectum volat in Avenida da Liberdade, habemus tres horas vivae coverage et periti meteorologici in vocatione. Cum Leiria in tenebris relinquitur, cum viis clausis et detrimentis aestimandis, coverage nota est, brevis notula inter duo argumenta praecipua…",Moldova,WCE,Europe,wmo
58a52653b4ebe0557dc42563d18e23dd,2026-04-03T14:00:00Z,Flood,,journals.plos.org,en,0.2,Benthic bacteria communities of coral reefs are shaped by sediment properties rather than coral trophic state,"Understanding how different reef components contribute to ecosystem stability and function is crucial for assessing the health of reefs. Reef sediments and their associated bacteria are essential for reef productivity and stability, but are often overlooked i…",https://journals.plos.org/plosone/article?id=10.1371/journal.pone.0346135,https://journals.plos.org/plosone/article/figure/image?id=10.1371/journal.pone.0346135.g003&size=inline,http://web.archive.org/web/20260412052104/https://journals.plos.org/plosone/article?id=10.1371/journal.pone.0346135,"Citation: Olmos Pin A, Clark GF, Burkart-Radtke R, Quade J, Gardner SG (2026) Benthic bacteria communities of coral reefs are shaped by sediment properties rather than coral trophic state. PLoS One 2… [+61546 chars]","Benthic bacteria communities of coral reefs are shaped by sediment properties rather than coral trophic state. Understanding how different reef components contribute to ecosystem stability and function is crucial for assessing the health of reefs. Reef sediments and their associated bacteria are essential for reef productivity and stability, but are often overlooked i…","Benthische Bakteriengemeinschaften von Korallenriffen werden eher durch Sedimenteigenschaften als durch den trophischen Zustand der Korallen geprägt. Für die Beurteilung der Gesundheit von Riffen ist es von entscheidender Bedeutung, zu verstehen, wie verschiedene Riffkomponenten zur Stabilität und Funktion des Ökosystems beitragen. Riffsedimente und die damit verbundenen Bakterien sind für die Produktivität und Stabilität des Riffs von entscheidender Bedeutung, werden jedoch oft übersehen.","Communitates bacteria scopulorum coralium benticarum magis sedimentorum proprietatibus quam corallium statu trophico conformantur. Intellectus quam variae scopuli partes ad stabilitatem ecosystematis ac functionem conferant, pendet pro scopulis sanitati aestimandis. Scopuli faeces eorumque bacteria adiuncti sunt necessaria pro scopulo fructibus et stabilitate, sed saepe neglecti sunt i…",United States,CNA,North-America,wmo
6321d271cf534053d8f3e7b6bd60ad67,2026-04-03T14:10:54Z,Storm,,www.newsit.gr,el,0.9,Η Αντζελίνα Τζολί «αγνώριστη» στη Σανγκάη: Ακραίες θεωρίες συνωμοσίας για σωσία και χαμός στα social media,"Αντιδράσεις μέχρι και ακραίες θεωρίες συνωμοσίας προκάλεσε η πρόσφατη εμφάνιση της Αντζελίνα Τζολί στην εβδομάδας μόδας στη Σανγκάη, με ορισμένους θαυμαστές να φτάνουν στο σημείο ... 
To άρθρο Η Αντζελίνα Τζολί «αγνώριστη» στη Σανγκάη: Ακραίες θεωρίες συνωμοσ…",https://www.newsit.gr/lifestyle/i-antzelina-tzoli-agnoristi-sti-sangkai-akraies-theories-synomosias-gia-sosia-kai-xamos-sta-social-media/4642480/,https://www.newsit.gr/wp-content/uploads/2026/04/jolie-1200x630.jpg,,", .
 50 , , Tom Ford. , social media.
 , , .
 , .
« !» , « » « ». « », « , ». , , .
 / Credit line: TK / imago stock&amp;people / IMAGO
, , . « », , .
 , , . , TIME France, .
« », , .
 2016,… [+11 chars]","Angelina Jolie ""unrecognizable"" in Shanghai: Extreme conspiracy theories for salvation and destruction on social media. Angelina Jolie's recent appearance at Shanghai Fashion Week has sparked backlash and even extreme conspiracy theories, with some fans going so far as to ... 
The article Angelina Jolie ""unrecognizable"" in Shanghai: Extreme conspiracy theories...","Angelina Jolie in Shanghai „nicht wiederzuerkennen“: Extreme Verschwörungstheorien zu Rettung und Zerstörung in den sozialen Medien. Angelina Jolies jüngster Auftritt auf der Shanghai Fashion Week hat Gegenreaktionen und sogar extreme Verschwörungstheorien ausgelöst, wobei einige Fans sogar so weit gingen, ... 
Der Artikel Angelina Jolie in Shanghai „nicht wiederzuerkennen“: Extreme Verschwörungstheorien...","Angelina Jolia ""incomprehensibilis"" in Shanghai: Extrema conjuratio theoremata salutis et interitus in instrumentis socialibus. Angelina Jolia recentis species apud Shanghai Fashion Hebdomadae backlash commovit et etiam extremae coniurationis theorias, cum nonnullis alits usque ad ... 
Articulus Angelina Jolia ""incomprehensibilis"" in Shanghai: extrema coniuratio theoriis...",,,,random
1ea91ffd371af17d300edcdedd89a969,2026-04-03T14:13:57Z,ice jam,,www.yenicaggazetesi.com,tr,0.9,İçişleri Bakanlığı'ndan kritik uyarı: Sarı kodlu risk kapıda,"İçişleri Bakanlığı, İzmir, Aydın, Muğla, Diyarbakır, Batman, Siirt, Şırnak, Hakkari ve Bitlis illeri için sağanak yağış ve toz taşınımı nedeniyle “sarı” kodlu meteorolojik uyarı yayımladı. Vatandaşların sel, su baskını ve görüş mesafesi azalması gibi risklere…",https://www.yenicaggazetesi.com/icisleri-bakanligindan-kritik-uyari-sari-kodlu-risk-kapida-1015480h.htm,https://img.yenicaggazetesi.com/rcman/Cw1280h720q95gc/storage/files/images/2026/04/03/icisleri-bakanligindan-kritik-uyari-sari-kodlu-risk-kapida-pae1.jpg,http://web.archive.org/web/20260404052213/https://www.yenicaggazetesi.com/icisleri-bakanligindan-kritik-uyari-sari-kodlu-risk-kapida-1015480h.htm,"İçişleri Bakanlığı'nın sosyal medya hesabından, Meteoroloji Genel Müdürlüğünden alınan son bilgiler doğrultusunda ""sarı"" kodla işaretlenen illerin yer aldığı Türkiye haritası paylaşıldı.
Paylaşımda,… [+1835 chars]","Critical warning from the Ministry of Internal Affairs: Code yellow risk is at the door. The Ministry of Internal Affairs issued a ""yellow"" coded meteorological warning for the provinces of Izmir, Aydın, Muğla, Diyarbakır, Batman, Siirt, Şırnak, Hakkari and Bitlis due to heavy rain and dust transport. Citizens are exposed to risks such as floods, floods and reduced visibility...","Kritische Warnung des Innenministeriums: Die Gefahr des Code-Gelb steht vor der Tür. Das Innenministerium hat für die Provinzen Izmir, Aydın, Muğla, Diyarbakır, Batman, Siirt, Şırnak, Hakkari und Bitlis aufgrund von starkem Regen und Staubtransport eine „gelb“ codierte Wetterwarnung herausgegeben. Bürger sind Risiken wie Überschwemmungen, Überschwemmungen und eingeschränkter Sicht ausgesetzt...","Monitum criticum de Ministerio Rebus Internorum: Codex flavus periculum in limine est. Ministerium Negotium Internum edixit ""flavum"" monitum meteorologicum pro provinciis Izmir, Aydın, Muğla, Diyarbakır, Batman, Siirt, Şırnak, Hakkari et Bitlis ob pluviam et pulverem onerariis gravibus. Cives periculis obnoxii sunt sicut inundationes, inundationes et visibilis reduci...",,,,random
b922e8503cb01c9211abc275714891f5,2026-04-03T18:24:00Z,Snow&Ice,,www.yenicaggazetesi.com,tr,0.3,Türkiye’de bazı şehirler çöl tozuna büründü: Çamur yağdı,"Kuzey Afrika kaynaklı çöl tozları, Türkiye’nin güney illerinde etkili oldu; Mersin, Adana, Hatay, Osmaniye ve Antalya’da araçlar ve caddeler çamurla kaplandı.",https://www.yenicaggazetesi.com/turkiyede-bazi-sehirler-col-tozuna-burundu-camur-yagdi-1015563h.htm,https://img.yenicaggazetesi.com/rcman/Cw1280h720q95gc/storage/files/images/2026/04/03/turkiyede-bazi-sehirler-col-tozuna-burundu-camur-yagdi-n7n7.jpg,,"Akdeniz Bölgesi ile İç Anadolu'nun güneyinde etkili olan Kuzey Afrika kaynaklı toz taşınımının, akşam saatlerinde Güneydoğu Anadolu ve Doğu Anadolu'nun güneydoğusunu da etkilemesi bekleniyor. Akşam s… [+1859 chars]","Some cities in Türkiye were covered in desert dust: It rained mud. Desert dust originating from North Africa was effective in the southern provinces of Türkiye; Vehicles and streets were covered with mud in Mersin, Adana, Hatay, Osmaniye and Antalya.","Einige Städte in Türkiye waren mit Wüstenstaub bedeckt: Es regnete Schlamm. Der aus Nordafrika stammende Wüstenstaub war in den südlichen Provinzen der Türkei wirksam; In Mersin, Adana, Hatay, Osmaniye und Antalya waren Fahrzeuge und Straßen mit Schlamm bedeckt.","Quaedam civitates in Türkiye pulvere deserto opertae sunt: ​​luto pluit. Deserti pulvis ex Africa Septentrionali oriundus efficax fuit in provinciis Türkiye meridionalibus; Vehicula et plateae in Mersin, Adana, Hatay, Osmaniye et Antalya caeno obducta sunt.",Argentina,SES,South-America,wmo
9a6dec9baaecaa4a66e0bab2e4cddb85,2026-04-03T23:00:18Z,Earthquake,,www.huffingtonpost.jp,ja,0.3333333333333333,女性への家事・介護の「負担」偏り、災害でより浮き彫りに。ある映画が追った福島の家族と、見えてきた「家父長制」的な価値観,"ドキュメンタリーで密着した一家の、（左から）シゲコさん、テツさん、タケマサさん「住む場所や仕事、そしてこれまでの役割を失った人々にとって『その後を生きること』はいまも続いている問い」
東日本大震災と東京電力福島第一原発事故により、故郷や家業を追われた人たちの生活の変化や、家族のかたちを記録したドキュメンタリー映画『三角屋の交差点で』が、4月4日のポレポレ東中野（東京都）での公開を皮切りに、神奈川、福島、山形各県などで上映される。
同作では、老老介護の家族が原発事故の「その後」を生きる姿に密着。「ジェンダー」や…",https://www.huffingtonpost.jp/entry/story_jp_69ca2e05e4b051d223be35c5,https://img.huffingtonpost.com/asset/69ca2f342400009ab630a142.jpg?cache=ffoMbm0GVL&ops=1200_630,http://web.archive.org/web/20260404080032/https://www.huffingtonpost.jp/entry/story_jp_69ca2e05e4b051d223be35c5,"Skip to Main Content
44
3
20117
99
2011
32017
20183
10Yahoo!
1
2
2
15
15
15
 /","Disasters have highlighted the disproportionate burden of housework and nursing care on women. A film follows a family in Fukushima and the ``patriarchal'' values that come to light. Shigeko, Tetsu, and Takemasa, members of the family closely followed in the documentary, ``For those who have lost their place to live, their job, and their previous roles, ``living after'' is an ongoing question.''
The documentary film ``At the Sankakuya Crossing'', which documents the changes in the lives of people who were forced to leave their hometowns and family businesses and their families due to the Great East Japan Earthquake and the TEPCO Fukushima Daiichi Nuclear Disaster, will be screened in Kanagawa, Fukushima, Yamagata prefectures, and other prefectures, starting with its release on April 4th at Polepole Higashi-Nakano (Tokyo).
The film closely follows the lives of families caring for the elderly in the aftermath of the nuclear power plant accident. ""Gender"" and...","Katastrophen haben die unverhältnismäßige Belastung von Frauen durch Hausarbeit und Pflege deutlich gemacht. Ein Film folgt einer Familie in Fukushima und den „patriarchalen“ Werten, die ans Licht kommen. Shigeko, Tetsu und Takemasa, Mitglieder der Familie, folgten in der Dokumentation aufmerksam: „Für diejenigen, die ihren Wohnort, ihren Job und ihre früheren Rollen verloren haben, ist das ‚Leben danach‘ eine ständige Frage.“
Der Dokumentarfilm „At the Sankakuya Crossing“, der die Veränderungen im Leben von Menschen dokumentiert, die aufgrund des großen Erdbebens in Ostjapan und der Nuklearkatastrophe von TEPCO Fukushima Daiichi gezwungen waren, ihre Heimatstädte, Familienunternehmen und ihre Familien zu verlassen, wird in den Präfekturen Kanagawa, Fukushima, Yamagata und anderen Präfekturen gezeigt, beginnend mit seiner Veröffentlichung am 4. April im Polepole Higashi-Nakano (Tokio).
Der Film verfolgt aufmerksam das Leben von Familien, die sich nach dem Atomkraftwerksunglück um ältere Menschen kümmern. „Geschlecht“ und...","Calamitates extulerunt incomparabile onus domesticorum et nutrimentorum curas mulierum. Pellicula consequitur familiam in Fukushima et valores `patriarchales' qui in lucem veniunt. Shigeko, Tetsu, et Takemasa, sodales familiae in documentis proxime secuti, `Pro iis qui vitam, officium suum et partes priores amiserunt, `postquam viventes' continua quaestio est.'
Pelliculae documentalis `Ad Sankakuya Transgressus', quae documenta mutationes in vita hominum, qui domos suas et negotia familiaria et familias suas relinquere coacti sunt, magna Terraemotus Iaponia Orientalis et TEPCO Fukushima Daiichi Clades nuclearis, in Kanagawa, Fukushima, Yamagata praefecturis et aliis praefecturis emissio die 4 Aprilis incipiendo, in Kanagawa, Fukushima, Yamagata Higashi-Nakpoleano praefecturas emissio (Tokyo).
Pellicula arcte sequitur vitas familiarum curandi senes in casu plantae potentiae nuclearis reparata. ""Genus"" et...",Japan,EAS,Asia,usgs
8a50c70afd75aff8056f3110a8d79d3d,2026-04-04 00:00:00,Earthquake,,www-in-gr.cdn.ampproject.org,el,0.9,www-in-gr.cdn.ampproject.org/v/s/www.in.gr/2026/04/04/greece/seismos-tora-sti-thesprotia/amp/?amp_js_v=0.1&amp_gsa=1#webview=1,"ΠερισσόΥπενθυμίζεται ότι στις 8 Μαρτίου είχε σημειωθεί σεισμός 5,3 Ρίχτερ στην Λεπτοκαρυά Θεσπρωτίαςτερα σε λίγο…",https://www-in-gr.cdn.ampproject.org/v/s/www.in.gr/2026/04/04/greece/seismos-tora-sti-thesprotia/amp/?amp_js_v=0.1&amp_gsa=1#webview=1,,,,"www-in-gr.cdn.ampproject.org/v/s/www.in.gr/2026/04/04/greece/seismos-tora-sti-thesprotia/amp/?amp_js_v=0.1&_gsa=1#webview=1. PerissoIt is recalled that on March 8th there was a 5.3 Richter earthquake in Leptokarya, Thesprotia, shortly after...","www-in-gr.cdn.ampproject.org/v/s/www.in.gr/2026/04/04/greece/seismos-tora-sti-thesprotia/amp/?amp_js_v=0.1&amp_gsa=1#webview=1. PerissoEs wird daran erinnert, dass es am 8. März in Leptokarya, Thesprotia, kurz danach ein Erdbeben der Stärke 5,3 Richter gab...","www-in-gr.cdn.ampproject.org/v/s/www.in.gr/2026/04/04/greece/seismos-tora-sti-thesprotia/amp/?amp_js_v=0.1&amp_gsa=1#webview=1. PerissoIt memoratur die 8 Martii a 5.3 Richter terrae motus in Leptokarya, Thesprotia paulo post...",,,,random
92c4da078713bdd754eae4edb038b5d4,2026-04-04T11:12:00Z,Snow&Ice,,www.newsit.gr,el,0.9,WRC: Η Hyundai ετοιμάζεται για το ράλι Κροατίας,"Από την άσφαλτο με πάγο και χιόνι στο Μόντε Κάρλο, στο απόλυτο χιονισμένο πεδίο της Σουηδίας, και στις λασπωμένες χωμάτινες ειδικές διαδρομές της Κένυας, το ... 
To άρθρο WRC: Η Hyundai ετοιμάζεται για το ράλι Κροατίας δημοσιεύτηκε στο NewsIT .",https://www.newsit.gr/auto/wrc-i-hyundai-etoimazetai-gia-to-rali-kroatias/4642243/,https://www.newsit.gr/wp-content/uploads/2026/04/wrc-croacia-preview2026-01-1200x630.jpg,http://web.archive.org/web/20260405031308/https://www.newsit.gr/auto/wrc-i-hyundai-etoimazetai-gia-to-rali-kroatias/4642243/,", , , WRC .
 , (9-12 ), 5 .
 9 shakedown , .
 8 , 8 12 4 .
 Toyota 3 Hyundai, 2026 .
, , 300,28 , , .
 Hyundai Motorsport , (2021, 2022 2024).
 2026 Hyundai Motorsport .
 Hyundai Motorsport W… [+165 chars]","WRC: Hyundai prepares for Rally Croatia. From the ice and snow tarmac in Monte Carlo, to the absolute snow field of Sweden, and the muddy dirt special tracks of Kenya, the ... 
The article WRC: Hyundai prepares for Rally Croatia was published in NewsIT.","WRC: Hyundai bereitet sich auf die Rallye Kroatien vor. Vom Eis- und Schneeasphalt in Monte Carlo über das absolute Schneefeld Schwedens bis hin zu den schlammigen, unbefestigten Spezialpisten Kenias ... 
Der Artikel WRC: Hyundai bereitet sich auf die Rallye Kroatien vor wurde in NewsIT veröffentlicht.","WRC: Hyundai prepares for Rally Croatia. Ex tarmac glacie et nivis in Monte Carlo, ad absolutam nivem agri Sueciae, et lutum limosum peculiares vestigia Keniae, in ... 
Articulus WRC: Hyundai parat Rally Croatia in NewsIT divulgatum est.",,,,random
a5930dd5f4069e5a0a7157f67810acd1,2026-04-04T20:00:18Z,Precipitation,,veja.abril.com.br,pt,0.3,Previsão do tempo no Domingo de Páscoa: os estados com maior risco de chuva,Cidade de São Paulo terá mínima de 18°C e máxima de 27°C,https://veja.abril.com.br/agenda-verde/previsao-do-tempo-no-domingo-de-pascoa-os-estados-com-maior-risco-de-chuva/,"https://veja.abril.com.br/wp-content/uploads/2025/07/GettyImages-1238523667.jpg?quality=70&strip=info&resize=1080,565&crop=1",,"Pular para o conteúdo
Chegou o 4.4: VEJA por apenas 4,40Chuva no Rio (Fabio Teixeira/Anadolu Agency via Getty Images/Getty Images)
Continua após publicidade
<ul><li>O Domingo de Páscoa será de cal… [+4236 chars]",Weather forecast for Easter Sunday: the states most at risk of rain. City of São Paulo will have a minimum of 18°C ​​and a maximum of 27°C,Wettervorhersage für Ostersonntag: Die Staaten sind am stärksten von Regen bedroht. Die Stadt São Paulo wird ein Minimum von 18°C ​​und ein Maximum von 27°C haben,Tempestas praecognoscendum est dominicae Paschae: civitates maxime in periculo pluviae sunt. Urbs Sancti Pauli minimum 18°C ​​habebit et maximam 27°C,Ecuador,NWS,South-America,wmo
2656ba4eb27cf1ca58da6f0511483e21,2026-04-05T04:30:00Z,Tsunami,,dialogos.com.cy,el,0.9,Έρχεται τσουνάμι αυξήσεων στις τιμές προιόντων,"Σοβαρές αυξήσεις ζητούν οι εμπλεκόμενοι στους κρίκους της εφοδιαστικής αλυσίδας  Οι μεγαλύτερες πιέσεις για τους προμηθευτές είναι στα μεταφορικά, που αυξήθηκαν στο 20% Του Κώστα Α. Κωνσταντίνου Σοβαρές αυξήσεις καταγράφουν η μία μετά την άλλη οι αλυσίδες του…",https://dialogos.com.cy/erchetai-tsoynami-ayxiseon-stis-times-proionton/,https://dialogos.com.cy/wp-content/uploads/2024/08/iperagora.jpg,,", 20%
 . 
 , , , .
 , , , .
 , , .
 , , 20%, , .
 , , 10% .
 , .
 , . . , . .
 , , , , , , .
 , , , , , .. , , .
, , , .
, , , , , , .
 , , , , , , .
 , 28 , 1,41, 01-04-2026 1,87. , 8,… [+242 chars]","A tsunami of product price increases is coming. Serious increases are requested by those involved in the links of the supply chain The biggest pressures on suppliers are in transport, which increased to 20% By Kostas A. Constantinou Serious increases are recorded one after another by the chains of...","Ein Tsunami an Produktpreiserhöhungen steht bevor. Erhebliche Steigerungen werden von denjenigen gefordert, die an den Gliedern der Lieferkette beteiligt sind. Der größte Druck auf die Lieferanten liegt im Transportbereich, der auf 20 % angestiegen ist. Von Kostas A. Constantinou Erhebliche Steigerungen werden nacheinander von den Ketten der Lieferkette verzeichnet...",Pretium productum tsunami crescit. Augmenta gravia postulantur ab iis qui nexus copiae catenae implicantur Maximus premuntur onerariae in onerariis quae augentur ad 20% Per Kostas A. Constantinou Gravia incrementa inter se per vincula memorantur...,,,,random
884eb8568b71ea0d7eac4f8ca5b37718,2026-04-05T06:04:16Z,Thunderstorm,,dialogos.com.cy,el,0.9,Καιρός: Που αναμένονται καταιγίδες με χαλάζι σήμερα,"Ασθενής χαμηλή πίεση επηρεάζει την περιοχή. Σήμερα, ο καιρός θα είναι αρχικά μερικώς συννεφιασμένος με πιθανότητα μεμονωμένων βροχών ή και καταιγίδας, κυρίως στα δυτικά και τα ορεινά, ενώ το μεσημέρι και νωρίς το απόγευμα θα καταστεί τοπικά κυρίως συννεφιασμέ…",https://dialogos.com.cy/kairos-poy-anamenontai-kataigides-me-chalazi-simera/,https://dialogos.com.cy/wp-content/uploads/2026/02/b_kairos-vroxes21.jpg,,"© Dialogos Media Group - , , , / , , , , ( ) , , , , , .","Weather: Where hail storms are expected today. Weak low pressure affects the area. Today, the weather will initially be partly cloudy with the possibility of isolated rains or storms, mainly in the west and in the mountains, while at noon and early afternoon it will become locally mostly cloudy...","Wetter: Wo heute Hagelstürme erwartet werden. Schwacher Tiefdruck wirkt sich auf das Gebiet aus. Heute ist das Wetter zunächst teilweise bewölkt mit der Möglichkeit vereinzelter Regenfälle oder Stürme, vor allem im Westen und in den Bergen, während es am Mittag und am frühen Nachmittag örtlich überwiegend bewölkt wird...","Tempestas: Ubi grandines tempestates hodie desiderantur. Debilis humilis pressura area afficit. Hodie, tempestas partim nubilum erit cum possibilitate pluviarum vel tempestatum solitarum, maxime in occidente et in montibus, cum meridiano et primo post meridiem localiter plerumque nubilum fiet.",,,,random
6a04c15633892f107eba0be32767f046,2026-04-05T06:07:47Z,Volcano,,www.aajtak.in,hi,0.9,"11 मई तक मीन राशि में ज्वालामुखी योग, 4 राशियों के लिए स्ट्रेस वाला समय","Shani Mangal Conjunction: 2 अप्रैल से मीन राशि में इन दोनों ग्रहों की युति शुरू हो चुकी है, जो 11 मई 2026 तक चलेगी. इसे ज्योतिषीय भाषा में 'विस्फोटक' या 'ज्वालामुखी' योग कहा जाता है.",https://www.aajtak.in/religion/news/story/shani-mangal-conjunction-pisces-2026-impact-on-zodiac-signs-remedies-tvisz-dskc-2515734-2026-04-05,https://akm-img-a-in.tosshub.com/aajtak/images/story/202604/69d1fafce56e9-shani-mangal-conjunction-2026-050231457-16x9.jpg,,"Mars-Saturn Conjunction in Pisces: .  2 2026 , .   ' ' ( ) , 11 2026 . 
 () () , .   38 12 . 
 4 (Positive Impact) (Taurus): . .   .
 (Gemini): . , 11 .
 (Libra): - . .  .
 (Sagittarius): - . . … [+120 chars]","Volcanic Yoga in Pisces till 11th May, stressful time for 4 zodiac signs. Shani Mangal Conjunction: The conjunction of these two planets has started in Pisces from April 2, which will continue till May 11, 2026. In astrological language it is called 'explosive' or 'volcanic' yoga.","Vulkanisches Yoga in den Fischen bis zum 11. Mai, stressige Zeit für 4 Sternzeichen. Shani Mangal-Konjunktion: Die Konjunktion dieser beiden Planeten hat in den Fischen am 2. April begonnen und wird bis zum 11. Mai 2026 andauern. In der astrologischen Sprache wird sie „explosives“ oder „vulkanisches“ Yoga genannt.","Volcanus Yoga in Piscibus usque ad diem 11 mensis Maii, tempus stressum pro 4 signis zodiaci. Shani Mangal Coniunctio: Coniunctio harum duarum planetarum a die 2 Aprilis in Piscibus incepit, quae usque ad diem 11 mensis Maii anno 2026. Pergit in lingua astrologica ""explosiva"" vel 'volcanica' yoga.",,,,random
e2a16656f1e5d575ce2d52f83d3424e4,2026-04-05T06:10:06Z,Snow&Ice,,www.skai.gr,el,0.7,"Ενεργειακή κρίση: «Πάγωμα» σταθερών τιμολογίων ρεύματος, επιδοτήσεις και πλαφόν στα υγρά καύσιμα","Κρατικές επιδοτήσεις, πλαφόν και αυτοσυγκράτηση της αγοράς οδηγούν μέχρι στιγμής  σε απορρόφηση σημαντικού τμήματος της επιβάρυνσης των καταναλωτών από την ενεργειακή κρίση, που έχει οδηγήσει σε αύξηση των διεθνών τιμών του αργού, των υγρών καυσίμων και του φ…",https://www.skai.gr/news/finance/energeiaki-krisi-pagoma-statheron-timologion-reymatos-epidotiseis-kai-plafon-sta-ygra-kays,https://www.skai.gr/sites/default/files/styles/article_16_9/public/2022-05/ap-venzini.jpg?itok=-OwTpTiv,,", , 09:00 21:00
, , , .
, , , .
 , """" 17 % , , : , 1,6-1,7 . () . , 60 % , , 6 - 7 % """" .
 , """" 14 25 , () 11 , - - . , , """" .
 , energycost.gr.
 , 1 20 . .
 . fuel pass, 50 (60 ) 30 (35 ). ( … [+161 chars]","Energy crisis: ""Freeze"" of fixed electricity tariffs, subsidies and caps on liquid fuels. Government subsidies, caps and market restraint lead so far to absorb a significant part of the burden on consumers from the energy crisis, which has led to an increase in the international prices of crude oil, liquid fuels and f...","Energiekrise: „Einfrieren“ fester Stromtarife, Subventionen und Obergrenzen für flüssige Brennstoffe. Staatliche Subventionen, Obergrenzen und Marktbeschränkungen haben bisher dazu geführt, dass ein erheblicher Teil der Belastung der Verbraucher durch die Energiekrise aufgefangen werden konnte, die zu einem Anstieg der internationalen Preise für Rohöl, flüssige Kraftstoffe und Kraftstoffe geführt hat.","Discrimen industria: ""Congelo"" certarum electricitatis portoriis, subsidiis et pileis in fuels liquida. Subsidia gubernationis, pilei et temperantiae mercaturae eo usque agunt ut magnam partem oneris consumerent ex crisi energiae hauriendam, quae ad augmentum internationalis pretii crudi olei, liquoris et f... induxit.",,,,random
acd92c642af7fbddf688a2bb2b2b4cf2,2026-04-05T07:00:00Z,Flood,,rurales.elpais.com.uy,es,0.3,La Federación Uruguaya de Grupos Crea celebra en este 2026 su sexagésimo aniversario,"Con seis décadas de existencia, Fucrea ha estado en más de un cuarto de la historia del Uruguay, viviendo momentos buenos y de los otros",https://rurales.elpais.com.uy/ganaderia/la-federacion-uruguaya-de-grupos-crea-celebra-en-este-2026-su-sexagesimo-aniversario,https://imgs.elpais.com.uy/dims4/default/7a1b3aa/2147483647/strip/true/crop/1440x700+0+0/resize/1440x700!/quality/90/?url=https%3A%2F%2Fel-pais-uruguay-production-web.s3.us-east-1.amazonaws.com%2Fbrightspot%2Fc8%2Fa8%2F8962452e4fa5af0f1430e171e2c7%2Fdescarga-2.jpg,,"La Federación Uruguaya de Grupos Crea (Fucrea), celebra en este 2026 sus 60 años de vida, y por tal motivo, es que se prepara un año donde habrán varias instancias de celebraciones. Es un momento muy… [+5817 chars]","The Uruguayan Federation of Crea Groups celebrates its sixtieth anniversary in 2026. With six decades of existence, Fucrea has been in more than a quarter of Uruguay's history, experiencing good times and others.",Der uruguayische Verband der Crea-Gruppen feiert im Jahr 2026 sein sechzigjähriges Bestehen. In sechs Jahrzehnten seines Bestehens war Fucrea an mehr als einem Viertel der Geschichte Uruguays beteiligt und erlebte gute und andere Zeiten.,"Foederatio Uruguayan Circulorum Creae anno 2026 suum annum sexagesimum celebrat, Fucrea cum sex decenniis exsistentiae plus quam quarta pars historiae Uruguay fuit, bonis temporibus et aliis experiens.",United States,CNA,North-America,wmo
7b308ecc535c3becd6304d20bec79675,2026-04-05T07:00:41Z,Drought,,www.repubblica.it,it,0.3,"Lampedusa, i 44 sopravvissuti dopo 5 giorni sulla piattaforma. “Pensavamo di non farcela”","A soccorrerli è stata Aurora di Sea Watch, arrivata a Lampedusa all’alba. La capomissione: “Il tentativo di mandarci a Porto Empedocle è solo una strategia per tenerci lontani dal Mediterraneo”",https://www.repubblica.it/cronaca/2026/04/05/news/lampedusa_44_migranti_piattaforma-425265243/,https://www.repstatic.it/content/nazionale/img/2026/04/05/090024119-2f81949e-234c-47fd-a5ed-d993b942989a.jpg,,"Sono arrivati a Lampedusa allalba stremati. Dopo cinque giorni bloccati sulla Didon, la piattaforma petrolifera abbandonata dove avevano cercato rifugio quando la tempesta li ha sorpresi, i 44 naufra… [+3830 chars]","Lampedusa, the 44 survivors after 5 days on the platform. “We thought we couldn't do it.” They were rescued by Aurora from Sea Watch, who arrived in Lampedusa at dawn. The head of the mission: ""The attempt to send us to Porto Empedocle is just a strategy to keep us away from the Mediterranean""","Lampedusa, die 44 Überlebenden nach 5 Tagen auf der Plattform. „Wir dachten, wir schaffen das nicht.“ Sie wurden von Aurora von Sea Watch gerettet, die im Morgengrauen in Lampedusa ankam. Der Leiter der Mission: „Der Versuch, uns nach Porto Empedocle zu schicken, ist nur eine Strategie, um uns vom Mittelmeer fernzuhalten.“","Lampedusa, post V dies 44 superstites in contionibus. ""Nos putavimus non potuimus facere."" Elevati sunt ab Aurora a Vigilia maris, qui in Lampedusa prima luce venit. Caput missionis: ""Conatus nos in Porto Empedocle mittere solum est consilium ut nos a Mediterraneo prohibeamus"".",Somalia,NEAF,Africa,edo
34d8d372bfd2ffa53ab30c06796802c2,2026-04-05T07:23:33Z,Wildfire,,www.skai.gr,el,0.7,Ρωσία: Πυρκαγιά ξέσπασε στο διυλιστήριο NORSI έπειτα από επίθεση με drones,"Από την επίθεση υπέστησαν ζημιές ένας σταθμός παραγωγής ενέργειας και μερικά σπίτια - Σύμφωνα με τις πρώτες πληροφορίες, δεν υπάρχουν τραυματίες",https://www.skai.gr/news/world/rosia-pyrkagia-ksespase-sto-diylistirio-norsi-epeita-apo-epithesi-me-drones,https://www.skai.gr/sites/default/files/styles/article_16_9/public/2026-04/norsi-x.jpg?itok=a_9xJlSI,,"NORSI, , drones, , , Telegram.
 , .
 , .
 .Skai.gr Google News .","Russia: Fire breaks out at NORSI refinery after drone attack. A power station and some houses were damaged by the attack - According to initial information, there are no injuries",Russland: Nach Drohnenangriff bricht Feuer in der NORSI-Raffinerie aus. Ein Kraftwerk und einige Häuser wurden durch den Angriff beschädigt – Verletzte gibt es ersten Informationen zufolge nicht,Russia: Ignis in conflatorio NORSI erumpit post impetum fuci. Potestas stationis quaedam domus ab oppugnatione laesa sunt - Secundum ad initialem informationem nullae sunt iniuriae,,,,random
8134cdbd8eec9a65b881fdf00a5d6140,2026-04-05T12:57:36Z,Flood,,life.ru,ru,0.9,"Вода сносит дома и людей: Хроника наводнения в Дагестане, страшнее которого не видели 100 лет","В конце марта в Республике Дагестан прошли аномально сильные ливневые осадки, ставшие одними из самых мощных за последние 100+ лет. Они вызвали масштабное наводнение и паводки. По данным МЧС России и администрации главы Дагестана Сергея Меликова, в регионе бы…",https://life.ru/p/1860049,https://static.life.ru/ip/unsafe/rs:fit:1200:/q:98/sh:0.5/czM6Ly9saWZlLXN0YXRpYy9wdWJsaWNhdGlvbnMvMjAyNi80LzUvMTQyMzgyOTQ2OTk4Ny41NTcxLnBuZw==.webp,http://web.archive.org/web/20260405135434/https://life.ru/p/1860049,", 100+ . . , , , , . 5 , Life.ru.
 , . , , , . - , . , , , .
 , . . , . .
 5 2026 . , , . .
 , , , . , , , .
 , «» Life.ru.","Water demolishes houses and people: Chronicle of a flood in Dagestan, the worst of which has not been seen for 100 years. At the end of March, the Republic of Dagestan experienced abnormally heavy rainfall, which became one of the most powerful in the last 100+ years. They caused widespread flooding and flooding. According to the Russian Ministry of Emergency Situations and the administration of the head of Dagestan Sergei Melikov, the region would...","Wasser zerstört Häuser und Menschen: Chronik einer Überschwemmung in Dagestan, deren schlimmstes Ausmaß seit 100 Jahren nicht mehr erlebt wurde. Ende März kam es in der Republik Dagestan zu ungewöhnlich heftigen Regenfällen, die zu den stärksten der letzten 100 Jahre zählten. Sie verursachten großflächige Überschwemmungen und Überschwemmungen. Nach Angaben des russischen Ministeriums für Notsituationen und der Verwaltung des Chefs von Dagestan, Sergej Melikow, würde die Region...","Domos et populos aqua dirut: Chronica diluvii in Dagestan, quae pessima visa non est per 100 annos. Fine Martio, Respublica Dagestania enormis pluvias gravissimas expertus est, quae in proximis 100 annis potentissima fiebat. Inundationem et inundationem late fecerunt. Secundum Ministerium Russicum Emergency Situationes et administrationem capitis Dagestan Sergei Melikov, regionem fore...",Russia,ESB,Europe,wmo
dd4b162f226d3a2357cb82160ff268ae,2026-04-05T13:04:11Z,Snow&Ice,,www.diariodocentrodomundo.com.br,pt,0.3,El Niño 2026: conheça os impactos assustadores que o fenômeno causará no Brasil,"O fenômeno climático El Niño pode voltar em 2026, com probabilidade de formação entre junho e agosto, segundo dados da NOAA. A chance é de 62% nesse período e pode chegar a 80% até o fim do ano. Com informações do Estadão. Especialistas indicam que o aquecime…",https://www.diariodocentrodomundo.com.br/el-nino-2026-conheca-os-impactos-assustadores-que-o-fenomeno-causara-no-brasil/,https://www.diariodocentrodomundo.com.br/wp-content/uploads/2026/04/el-nino.jpg,,"Em tons de vermelho, uma anomalia de calor sobre o mar causada pelo El Niño. Reprodução
O fenômeno climático El Niño pode voltar em 2026, com probabilidade de formação entre junho e agosto, segundo … [+1659 chars]","El Niño 2026: learn about the frightening impacts that the phenomenon will cause in Brazil. The El Niño climate phenomenon could return in 2026, with a probability of forming between June and August, according to NOAA data. The chance is 62% during this period and could reach 80% by the end of the year. With information from Estadão. Experts indicate that warming…","El Niño 2026: Erfahren Sie mehr über die beängstigenden Auswirkungen, die das Phänomen in Brasilien haben wird. Laut NOAA-Daten könnte das Klimaphänomen El Niño im Jahr 2026 zurückkehren und sich wahrscheinlich zwischen Juni und August bilden. Die Wahrscheinlichkeit liegt in diesem Zeitraum bei 62 % und könnte bis zum Jahresende 80 % erreichen. Mit Informationen aus Estadão. Experten weisen darauf hin, dass die Erwärmung…","El Niño 2026: discite de impulsus horribilibus quae phaenomenon in Brasilia causabunt. Phaenomenon climatis El Niño anno 2026 reverti potuit, probabili ratione inter Iunium et Augustum, secundum data NOAA. Casus 62% durante hoc tempore et ad 80% finem anni pervenire potuit. Cum notitia ex Estadão. Periti indicant calefacientem…",Austria,WCE,Europe,wmo
87b0545faa2e75543d9a773b4269fd29,2026-04-05T14:55:35Z,Storm,,musashikosugi.blog.shinobi.jp,ja,0.7058823529411765,川崎フロンターレがロマニッチ＆河原創殊勲弾で浦和戦逆転勝利、川崎大師エリアの魅力伝えるイベントも盛況,"本日、明治安田J1百年構想リーグ 地域リーグラウンド第9節「川崎フロンターレvs浦和レッズ戦」がUvanceとどろきスタジアム by Fujitsu（等々力陸上競技場）で開催されました。
国立競技場での大敗から再起を期す川崎フロンターレは、いずれも途中出場のラザル ロマニッチ選手と河原創選手のゴールにより勝ち越し、土壇場で3-2の逆転勝利を挙げました。

また浦和戦のホームゲームイベントとして行われたのが、川崎大師周辺の魅力をフィーチャーする「川崎大師マンブラザーズ」です。
川崎が誇る名刹・川崎大師（平間寺）の全…",http://musashikosugi.blog.shinobi.jp/Entry/7193/,http://blog.cnobi.jp/v1/blog/user/0ad47e9f18d9065b97b411739eb8d18f/1677403099,,"J1 9vsUvance by Fujitsu 3-2
FC
FC
FC
J19
J1
1
391-1
30PKVAR
VARJ1
2
21-2782-2
90+4
3-2
3
1Uvance
T
1
MARUKADO
MARUKADO
100
100
MARUKADO
412
9
20262026/1/13202652026/2/1302720… [+81 chars]","Kawasaki Frontale come from behind to win against Urawa thanks to Romanic and Kawahara Soshuun Bullet, and the event to convey the appeal of the Kawasaki Daishi area was a success.Today, Meiji Yasuda J1 Centenary Concept League Regional League Round Round 9 ``Kawasaki Frontale vs. Urawa Reds'' was held at Uvance Todoroki Stadium by Fujitsu (Todoroki Athletics Stadium). Kawasaki Frontale, looking to make a comeback after a crushing defeat at the National Stadium, came through with goals from substitute Lazar Romanic and Hajime Kawahara, and achieved a 3-2 come-from-behind victory in the last minute. Another home game event for the match against Urawa was ``Kawasaki Daishi Man Brothers,'' which featured the charms of the Kawasaki Daishi area. All about Kawasaki Daishi (Heikenji), a famous temple that Kawasaki is proud of...","Kawasaki Frontale kam dank Romanic und Kawahara Soshuun Bullet von hinten und gewann gegen Urawa, und die Veranstaltung, die die Attraktivität des Kawasaki-Daishi-Gebiets vermitteln sollte, war ein Erfolg. Heute fand im Uvance Todoroki-Stadion von Fujitsu (Todoroki-Leichtathletikstadion) die 9. Runde der Meiji Yasuda J1 Centenary Concept League Regional League „Kawasaki Frontale vs. Urawa Reds“ statt. Kawasaki Frontale, das nach einer krachenden Niederlage im Nationalstadion ein Comeback anstrebte, setzte sich mit Toren der eingewechselten Lazar Romanic und Hajime Kawahara durch und erzielte in der letzten Minute einen 3:2-Sieg nach Rückstand. Ein weiteres Heimspielereignis für das Spiel gegen Urawa war „Kawasaki Daishi Man Brothers“, bei dem der Charme der Gegend von Kawasaki Daishi vorgestellt wurde. Alles über Kawasaki Daishi (Heikenji), einen berühmten Tempel, auf den Kawasaki stolz ist ...","Kawasaki Frontale venit post ut vinceret contra Urawa gratia Romanic et Kawahara Soshuun Bullet, et eventus ut appellatio Kawasaki Daishi regio successus fuit. Hodie, Meiji Yasuda J1 Centenary Conceptus League Regionalis Foedus Round 9 `Kawasaki Frontale vs. Urawa Reds'' habita est apud Uv.s. Stadium).
Kawasaki Frontale, regressum facere spectans post stragem in National Stadium oppressam, cum proposita ex substitutione Lazar Romanic et Hajime Kawahara accessit, et victoriam 3-2 venientem in ultimo momento consecutus est.

Alius eventus lusus domesticus pro congressu contra Urawa erat `Kawasaki Daishi Man Brothers', qui amoenitas Kawasaki Daishi area erat.
Omnes de Kawasaki Daishi (Heikenji), templum celebre Kawasaki superbum est...",New Zealand,NZ,Oceania,wmo
67ef8429be6ca8171e8ac03d9794acb2,2026-04-05T18:48:15Z,Storm,,www.abc.net.au,en,0.2,"How close a tree is planted can affect property prices, new report shows","Tree canopy coverage is being boosted in every capital city, but one micro-level analysis has found a link between property prices and the proximity of trees to houses.",https://www.abc.net.au/news/2026-04-06/how-street-side-trees-could-impact-property-prices-explained/106408856,https://live-production.wcms.abc-cdn.net.au/de9fbdd3af5ef9e8b7a0186a5d52110b?impolicy=wcms_watermark_news&cropH=909&cropW=1616&xPos=0&yPos=171&width=862&height=485&imformat=generic,,"In the heart of the City of Sydney, Paddington's streets are lined with London plane trees and weeping figs.
Entwined overhead, they shade the suburb's heritage terrace homes and provide a cloud of … [+11508 chars]","How close a tree is planted can affect property prices, new report shows. Tree canopy coverage is being boosted in every capital city, but one micro-level analysis has found a link between property prices and the proximity of trees to houses.","Wie nah ein Baum gepflanzt wird, kann sich auf die Immobilienpreise auswirken, wie ein neuer Bericht zeigt. Die Baumkronenbedeckung wird in jeder Hauptstadt verstärkt, eine Analyse auf Mikroebene hat jedoch einen Zusammenhang zwischen Immobilienpreisen und der Nähe von Bäumen zu Häusern festgestellt.","Quam comminus arbor plantata possessiones pretiis afficere possit, nova fama ostendit. Arbor tegumenti coverage in omni urbe capitali boosted, sed una analysi parvarum librarum nexum inter pretia proprietatis et propinquitatem lignorum ad domuum invenit.",Canada,NEN,North-America,wmo
756800db78d4471c539b7fe82d9ea3d6,2026-04-05T19:27:18Z,Flood,,www.cbc.ca,en,0.2,Environment Canada says strong winds are coming to parts of B.C. starting Monday,"A special weather statement issued for much of British Columbia's southern coast and parts of Vancouver Island is warning of ""strong and gusty"" winds starting on Monday.",https://www.cbc.ca/news/canada/british-columbia/strong-winds-b-c-9.7153739,"https://i.cbc.ca/ais/cc06f8cd-c563-4f07-9536-777d89e89c6f,1775416467409/full/max/0/default.jpg?im=Crop%2Crect%3D%280%2C156%2C3000%2C1687%29%3BResize%3D620",,"A special weather statement issued for much of British Columbia's southern coast and parts of Vancouver Island is warning of ""strong and gusty"" winds starting on Monday.
The notice from Environment … [+579 chars]","Environment Canada says strong winds are coming to parts of B.C. starting Monday. A special weather statement issued for much of British Columbia's southern coast and parts of Vancouver Island is warning of ""strong and gusty"" winds starting on Monday.","Environment Canada sagt, dass in Teilen von B.C. starke Winde aufkommen. ab Montag. Eine spezielle Wettererklärung, die für einen Großteil der Südküste von British Columbia und Teile von Vancouver Island herausgegeben wurde, warnt vor „starken und böigen“ Winden ab Montag.","Invironment Canada dicit ventos validos ad partes B.C. venire. incipiens Lunae. Peculiaris tempestas denuntiatio pro multis orae meridionalis Columbiae Britanniae et partes Islandiae Vancouver monet ""ventos fortes et procellosos die Lunae incipiens.",United States,CNA,North-America,wmo
b7da2558a8a6d6bfb90d652ce480e239,2026-04-05T19:35:51Z,Flood,,www.lanacion.com.ar,es,0.3,"Café, choripán y dulce de leche: el “avión” argentino que aterrizó en Miami y busca más destinos",El Sky Coffee Buenos Aires es una experiencia gastronómica temática en crecimiento; la dueña vendió su casa para emprender este negocio único en Florida y EE.UU.,https://www.lanacion.com.ar/estados-unidos/florida/cafe-choripan-y-dulce-de-leche-el-avion-argentino-que-aterrizo-en-miami-y-busca-mas-destinos-nid05042026/,https://resizer.glanacion.com/resizer/v2/rosana-bentos-a-la-izquierda-la-duena-del-sky-572JJJX225EFDJQKA25YQJWF2I.jpg?auth=7befc62671ddbd1fe3f068916e15ce34e00634277a6eac70090e2e66ae154824&width=1200&quality=85&smart=true&height=675,,MIAMI. ¿Un avión con rica comida? Sky Coffee Buenos Aires tiene más opciones que pollo o pasta. ¿Tostado de miga o panqueque con dulce de leche? ¿Choripán o lasaña? ¿Café Casa Rosada o Glaciar Perito… [+5993 chars],"Coffee, choripán and dulce de leche: the Argentine “plane” that landed in Miami and is looking for more destinations. Sky Coffee Buenos Aires is a growing themed dining experience; The owner sold her house to start this unique business in Florida and the US.","Kaffee, Choripán und Dulce de Leche: das argentinische „Flugzeug“, das in Miami gelandet ist und nach weiteren Zielen sucht. Sky Coffee Buenos Aires ist ein wachsendes thematisches kulinarisches Erlebnis. Die Eigentümerin verkaufte ihr Haus, um dieses einzigartige Unternehmen in Florida und den USA zu gründen.","Coffee, choripán et dulce de leche: Argentinum ""planum"" quod in Miami appulerat et plura loca quaerit. Sky Coffee Buenos Aires est luctus increscens usus triclinii; Dominus domum suam vendidit ut hoc unicum negotium in Florida et in US inciperet.",United States,CNA,North-America,wmo
5428166521ac8da147ddf12a8e5572fe,2026-04-05T21:05:42Z,Drought,,news.livedoor.com,ja,0.625,わが子のために妻は仕事を辞めたのに、教育費が払えなくなった――世帯年収1400万円の30代夫婦が陥った「借金1200万円」の皮肉【FPが助言】,"「子どものために」と信じて疑わなかった選択が、わが子の未来を奪いかけていた――。地方在住の30代夫婦、誠さんと美咲さん（いずれも仮名）は、かつて世帯年収1,400万円を誇る共働きカップルだった。第二子の妊娠を機に美咲さんが退職し、子どもの教育に専念する道を選んだ。それから5年。2人には、カードローンの借入総額1,200万円という現実が待っていた。「うちは収入が高いから」「教育費は惜しまない主義だから」――そう思っている人ほど、この夫婦の話は他人事ではないかもし全文デイリー新潮 04月06日06時05分",https://news.livedoor.com/article/detail/30918021/,https://image.news.livedoor.com/newsimage/stf/6/6/6669a_1523_9472fd59_2ee6c316.jpg,,"301,400521,200
1,000
1,000400
2300
5,000
1,200FP
51,200200
1,000
8001,500
100
1CFPR198629ADHDFP","My wife quit her job for the sake of our child, but they were unable to pay for his education - the irony of the ``12 million yen debt'' that a couple in their 30s with an annual household income of 14 million yen found themselves in [Advice from FP]. The choices they made without doubting that they were ``for the sake of their child'' were about to take away their future. Makoto and Misaki (both pseudonyms), a couple in their 30s living in a rural area, were once a working couple with an annual household income of 14 million yen. When Misaki became pregnant with her second child, she decided to quit her job and focus on her child's education. Five years have passed since then. The two were faced with the reality of having to pay a total of 12 million yen for card loans. ``Because we have a high income'' ``Because we don't spare educational expenses'' - for those who think so, this couple's story may not be someone else's problem.Full text Daily Shincho April 6th 06:05","Meine Frau hat wegen unseres Kindes ihren Job gekündigt, aber sie konnten seine Ausbildung nicht bezahlen – die Ironie der „12-Millionen-Yen-Schulden“, die sich in [Ratschlägen von FP] einem Paar in den Dreißigern mit einem jährlichen Haushaltseinkommen von 14 Millionen Yen wiederfand. Die Entscheidungen, die sie trafen, ohne daran zu zweifeln, dass sie „für ihr Kind“ waren, waren kurz davor, ihre Zukunft zu zerstören. Makoto und Misaki (beide Pseudonyme), ein Paar in den Dreißigern, das in einer ländlichen Gegend lebt, waren einst ein berufstätiges Paar mit einem jährlichen Haushaltseinkommen von 14 Millionen Yen. Als Misaki mit ihrem zweiten Kind schwanger wurde, beschloss sie, ihren Job zu kündigen und sich auf die Ausbildung ihres Kindes zu konzentrieren. Seitdem sind fünf Jahre vergangen. Die beiden wurden mit der Realität konfrontiert, insgesamt 12 Millionen Yen für Kartenkredite bezahlen zu müssen. „Weil wir ein hohes Einkommen haben“ „Weil wir nicht an Bildungsausgaben sparen“ – für diejenigen, die das glauben, ist die Geschichte dieses Paares vielleicht nicht das Problem eines anderen.Volltext Daily Shincho 6. April 06:05","Uxor mea officium suum emisit propter nostrum filium, sed pro eius educatione reddere non potuerunt - ironia `12 decies centena milia nummorum I'. Electiones, quas sine dubitatione faciebant, `propter puerum' futurum eorum auferturae erant. Makoto et Misaki (utriusque pseudonymi) duo in 30s suis in regione rustica habitantes semel cooperati fuerunt cum annuo familiari reditus 14 decies ven. Cum Misaki gravida facta est cum secundo filio suo, placuit officium suum deserere et in educatione infantis intendere. Quinque anni elapsi sunt. Duo erant coram veritate habendi summam 12 miliones nummorum Iaponensium solvendi pro mutuis card. `Quia magnum habemus vectigalium'' `Quia non parcimus expensis scholasticis' - iis qui ita putant, fabulae huius copulae non potest esse alterius problematis.Full text Daily Shincho April 6th 06:05",Bangladesh,SAS,Asia,edo
234b11117694a5e7397fff9eb432518b,2026-04-05T21:08:44Z,Snow Avalanche,,www.newsit.gr,el,0.7,Θεόφιλος Λεονταρίδης για ΟΠΕΚΕΠΕ: Ζητώ ο ίδιος να αρθεί η βουλευτική ασυλία μου,"«Χιονοστιβάδα» οι ανακοινώσεις βουλευτών της Νέας Δημοκρατίας και πρώην υπουργών της κυβέρνησης, οι οποίοι ζητούν να αρθεί η βουλευτική ασυλία τους με φόντο την ογκώδη ... 
To άρθρο Θεόφιλος Λεονταρίδης για ΟΠΕΚΕΠΕ: Ζητώ ο ίδιος να αρθεί η βουλευτική ασυλία μ…",https://www.newsit.gr/politikh/theofilos-leontaridis-gia-opekepe-zito-o-idios-na-arthei-i-vouleytiki-asylia-mou/4643985/,https://www.newsit.gr/wp-content/uploads/2026/04/theofilos-leontaridis-1200x630.jpg,,"«» , .
 , , , , (05.04.2026) Facebook, .
 , , 2021.
 :
« , .
 , , , , .
 , , , , .
 , , .
 , . , , , .
 , , , .
 , , , .
, , , . .
 , , , .
 .
 .
  , , », «» .","Theofilos Leontaridis for OPEKEPE: I myself request that my parliamentary immunity be lifted. ""An avalanche"" of the announcements of New Democracy MPs and former government ministers, who are asking for their parliamentary immunity to be lifted against the backdrop of the massive ... Theophilos Leontaridis article for OPEKEPE: I myself am asking for parliamentary immunity to be lifted with...","Theofilos Leontaridis für OPEKEPE: Ich selbst beantrage die Aufhebung meiner parlamentarischen Immunität. Die Ankündigungen von Abgeordneten der Neuen Demokratie und ehemaligen Ministern der Regierung, die vor dem Hintergrund der massiven ... die Aufhebung ihrer parlamentarischen Immunität fordern ... 
Artikel von Theofilos Leontaridis für OPEKEPE: Ich selbst beantrage die Aufhebung der parlamentarischen Immunität mit...","Theofilos Leontaridis pro OPEKEPE: Ipse peto ut parlamentaria mea immunitas tollatur. Annuntiationes Novae Democratiae MPs et ministrorum regiminis pristini, qui rogant immunitatem parlamentariam suam levari in curriculo ingentes... 
Theofilos Leontaridis articulus pro OPEKEPE: Ipse peto ut parlamentaria immunitas cum elevetur...",,,,random
5e84daf2ca771fd99f6a194248fec94b,2026-04-05T23:10:56Z,Snow Avalanche,,www.dailyshincho.jp,ja,0.625,コメに野菜、卵や魚も“高騰”は不可避…トランプ大統領「イラン攻撃」継続宣言が“日本の食卓”を直撃する　「円安に原油高が加わってあらゆる商品が値上がり」と専門家 | デイリー新潮,「週刊新潮」の発売前日に速報が届く！ メールマガジン登録 デイリー新潮とは？ 広告掲載について お問い合わせ 著作権・リンクについて ご購入について 免責事項 プライバシーポリシー データポリシー 運営：株式会社新潮社 Copyright © SHINCHOSHA All Rights Reserved. すべての画像・データについて無断転用・無断転...,https://www.dailyshincho.jp/article/2026/04060502/,https://www.dailyshincho.com/wp-content/uploads/2026/04/1438341_2.jpg,,Copyright © SHINCHOSHA All Rights Reserved.,"It is inevitable that prices of rice, vegetables, eggs, and fish will rise too...President Trump's declaration of continued attack on Iran will hit the Japanese dining table directly. Experts say that the weak yen and high crude oil prices will cause all kinds of products to rise in price. | Daily Shincho. Breaking news arrives the day before Weekly Shincho is released! Email newsletter registration What is Daily Shincho? About Advertising Contact Us About Copyrights and Links About Purchases Disclaimer Privacy Policy Data Policy Operated by: Shinchosha Co., Ltd. Copyright © SHINCHOSHA All Rights Reserved. All images and data may be used without permission.","Es ist unvermeidlich, dass die Preise für Reis, Gemüse, Eier und Fisch in die Höhe schnellen werden ... Die Erklärung von Präsident Trump, den Iran weiterhin anzugreifen, wird den japanischen Esstisch direkt treffen. Experten sagen: „Der schwache Yen in Kombination mit dem hohen Rohölpreis wird dazu führen, dass die Preise für alle Arten von Produkten steigen.“ | Täglicher Shincho. Eilmeldungen kommen einen Tag vor der Veröffentlichung von „Weekly Shincho“! E-Mail-Newsletter-Anmeldung Was ist Daily Shincho? Über Werbung Kontaktieren Sie uns über Urheberrechte und Links Über Käufe Haftungsausschluss Datenschutzrichtlinie Datenrichtlinie Betrieben durch: Shinchosha Co., Ltd. Copyright © SHINCHOSHA Alle Rechte vorbehalten. Alle Bilder und Daten dürfen ohne Genehmigung verwendet werden.","Necessarium est ut pretia oryzae, leguminum, ovorum et piscium evigilabunt... Praeses Trump declarationem continuae oppugnationis in Irania pulsabit directe mensam Iaponicam. Periti dicunt: ""Infirmus Iaponensium cum magno pretio crudi olei causabit omnia genera productorum in pretio surgere"". | Cotidiana Shincho. Nuntium fractionis Pridie venit antequam emissio ""Weekly Shincho""! Email newsletter registration What is Daily Shincho? About Advertising Contact Us About Copyrights and Links About Purchases Disclaimer Privacy Policy Data Policy Operated by: Shinchosha Co., Ltd. Copyright © SHINCHOSHA All Rights Reserved. Omnes imagines et notitia sine permissione adhiberi possunt.",Norway,NEU,Europe,wmo
856359088ae8ec137473ddc7596d65ae,2026-04-06T04:06:01Z,Snow&Ice,,www.huffingtonpost.jp,ja,0.5714285714285714,サンド・富澤、宇都宮の楽屋で餃子を食べ比べ。名店のケータリングに「ウマーベラス！」,"お笑いコンビ・サンドウィッチマンの富澤たけしさんが4月5日、自身のブログを更新。栃木県宇都宮市で開催されたお笑いライブで用意された、豪華な楽屋ケータリングの数々を公開しました。
【画像】ウマーベラス！宇都宮の名店餃子を食べ比べ
この日、富澤さんは宇都宮市文化会館で開催されたお笑いライブ「爆笑⭐︎オン・パレード」に出演したことを報告。「ケータリングも栃木攻め！」とつづり、「関東・栃木レモン（レモン牛乳）」やイチゴなど、大量に並んだ地元の名産品を紹介しました。
なかでも富澤さんが絶賛したのが、宇都宮名物の餃子。…",https://www.huffingtonpost.jp/entry/story_jp_69d31ad9e4b0d214cc71dce9,https://img.huffingtonpost.com/asset/690320fd2300002a2cbe1d9d.jpg?cache=8NI4vViODJ&ops=1200_630,,Skip to Main Content,"Taste and compare gyoza in the dressing room of Sando Tomizawa and Utsunomiya. ``Umarbellous!'' for catering at a famous restaurant. Takeshi Tomizawa, a member of the comedy duo Sandwichman, updated his blog on April 5th. We have released a variety of luxurious backstage catering prepared for a comedy live held in Utsunomiya City, Tochigi Prefecture. [Image] Umarbellas! On this day, Mr. Tomizawa reported that he appeared in the comedy live ""Bakusho⭐︎On Parade"" held at the Utsunomiya City Cultural Hall. He spelled out, ``We're attacking Tochigi in catering too!'' and introduced a large array of local specialties, including ``Kanto Tochigi lemon (lemon milk)'' and strawberries. Among them, Mr. Tomizawa highly praised Utsunomiya's specialty gyoza. …","Probieren und vergleichen Sie Gyoza in der Umkleidekabine von Sando Tomizawa und Utsunomiya. „Umarbellous!“ für das Catering in einem berühmten Restaurant. Takeshi Tomizawa, Mitglied des Comedy-Duos Sandwichman, hat seinen Blog am 5. April aktualisiert. Wir haben eine Reihe luxuriöser Backstage-Caterings für ein Comedy-Live in der Stadt Utsunomiya in der Präfektur Tochigi vorbereitet. [Bild] Umarbellas! An diesem Tag berichtete Herr Tomizawa, dass er in der Live-Comedy „Bakusho⭐︎On Parade“ in der Kulturhalle der Stadt Utsunomiya aufgetreten sei. Er erklärte: „Wir greifen Tochigi auch im Catering an!“ und stellte eine große Auswahl lokaler Spezialitäten vor, darunter „Kanto Tochigi-Zitrone (Zitronenmilch)“ und Erdbeeren. Unter ihnen lobte Herr Tomizawa die Gyoza-Spezialität von Utsunomiya in hohem Maße. …","Gustate et confer gyoza in conclavi Sando Tomizawa et Utsunomiya. `Umarbellous!' obsonandi in caupona famosa. Takeshi Tomizawa, sodalis comoediae duo Sandwichman, suum diarium renovavit die 5 Aprilis. Nos varias scenopegiae delicatae metus paratam comoediam degunt, quae in urbe Utsunomiya, Tochigi Praefectura habita est.
Umarbellas! Compare the famous gyoza popinae in Utsunomiya
Hoc die Tomizawa nuntiatum est se in comoedia ""Bakusho⭐︎On Parade"" habitam esse in urbe Cultural Centre Utsunomiya. Ille evolvit, `Tochigi etiam in obsonationibus aggredimur!' et magnam locorum specialium aciem introduxit, inter `Kanto Tochigi lemon (lac CITREA)' et fraga.
Inter eos, D. Tomizawa proprium specialitatem gyoza Utsunomiya magnopere laudavit. ...",Argentina,SES,South-America,wmo
e8d68e3095db2e149c8aabdf96473375,2026-04-06T06:30:00Z,Storm,,www.elpais.com.uy,es,0.3,La Aguada: un barrio que se construyó sobre el Río de la Plata y el plan de US$ 40 millones para que no se inunde,"El agua siempre vuelve en La Aguada: el barrio está construido sobre terrenos ganados al Río de la Plata, sobre la bahía, arena y antiguas zonas de playa, además de arroyos hoy entubados",https://www.elpais.com.uy/que-pasa/la-aguada-un-barrio-que-se-construyo-sobre-el-rio-de-la-plata-y-el-plan-de-us-40-millones-para-que-no-se-inunde,https://imgs.elpais.com.uy/dims4/default/fb5b6fb/2147483647/strip/true/crop/1600x1000+0+54/resize/1200x750!/format/webp/quality/90/?url=https%3A%2F%2Fel-pais-uruguay-production-web.s3.us-east-1.amazonaws.com%2Fbrightspot%2F0b%2F87%2F8a8c4a684c389bae7b9f936fc892%2Fwhatsapp-image-2026-04-03-at-8-05-40-pm.jpeg,,"Cada vez que la lluvia aprieta en poco tiempo, hay un punto de Montevideo donde en minutos el agua le gana terreno al asfalto. En el barrio de La Aguada, desde Paraguay hasta Avenida Libertador, a la… [+15708 chars]","La Aguada: a neighborhood that was built on the Río de la Plata and the US$ 40 million plan to prevent it from flooding. The water always returns in La Aguada: the neighborhood is built on land reclaimed from the Río de la Plata, on the bay, sand and old beach areas, as well as streams that are now piped","La Aguada: ein Viertel, das am Río de la Plata gebaut wurde und einen 40-Millionen-US-Dollar-Plan hat, um es vor Überschwemmungen zu schützen. Das Wasser kehrt in La Aguada immer wieder zurück: Das Viertel wurde auf dem vom Río de la Plata zurückgewonnenen Land, an der Bucht, an Sand- und alten Strandabschnitten sowie an Bächen gebaut, die jetzt verrohrt sind","La Aguada: vicinitas quae in Río de la Plata aedificata est et US$ XL miliones consilium impedire ne inundaret. Aqua semper in La Aguada redit: vicinia aedificatur in terra quae a Río de la Plata, in sinu, arena, et antiquis locis littus, necnon rivi qui nunc canunt.",Ecuador,NWS,South-America,wmo
63f9eeb42bd855876be0dd8cc9573cbc,2026-04-06T07:11:48Z,Flood,,www.youtube.com,ru,0.9,Ходорковский LIVE: ⚡️НОВОСТИ | НАВОДНЕНИЕ. ЖЕРТВЫ. ЭВАКУАЦИЯ | РЕЖИМ ЧС В РОССИИ | УЛЬТИМАТУМ ТРАМПА | УДАР ПО ДОМУ (2026-06-04),"Главные новости к утру понедельника, 6 апреля: 
- ВСУ этой ночью нанесли мощный удар по Новороссийску. Также был атакован оккупированный Крым. 
- В Дагестане страшное наводнение привело к гибели людей и массовой эвакуации.
- Иран и США ведут переговоры о 45-д…",https://www.youtube.com/supported_browsers?next_url=https://www.youtube.com/watch%3Fv%3DGYHkrKcjJA4,,,"Your browser isnt supported anymore. Update it to get the best YouTube experience and our latest features. Learn more
Remind me later","Khodorkovsky LIVE: ⚡️NEWS | FLOOD. VICTIMS. EVACUATION | EMERGENCY REGIME IN RUSSIA | TRUMP ULTIMATUUM | HIT THE HOUSE (2026-06-04). The main news for the morning of Monday, April 6: - The Ukrainian Armed Forces dealt a powerful blow to Novorossiysk that night. Occupied Crimea was also attacked. - In Dagestan, a terrible flood led to death and mass evacuation. - Iran and the United States are negotiating the 45-d...","Chodorkowski LIVE: ⚡️NEWS | FLUT. OPFER. Evakuierung | NOTFALLREGIME IN RUSSLAND | TRUMP ULTIMATUUM | HIT THE HOUSE (04.06.2026). Die wichtigsten Nachrichten für den Montagmorgen, den 6. April: - Die ukrainischen Streitkräfte versetzten Noworossijsk in dieser Nacht einen schweren Schlag. Auch die besetzte Krim wurde angegriffen. - In Dagestan führte eine schreckliche Überschwemmung zum Tod und zur Massenevakuierung. - Iran und die Vereinigten Staaten verhandeln über das 45-Tage-Abkommen...",Khodorkovsky LIVE: ⚡️NEWS | DILUVIUM. CAEDIS. EVACUATION | EMERGENCY REGIME IN RUSSIA | BUCINUM ULTIMATUUM | HIT DOMO (2026-06-04). Praecipuum nuntium mane Lunae die 6 mensis Aprilis - Copiae armatae Ucrainae gravem ictum in Novorossiysk nocte illa tractaverunt. Occupavit Chersonesum item oppugnatum. — In Dagestan dirum diluvium ducitur ad necem et molem emissus. - Irania et Civitates Foederatae Americae 45-d.,Russia,ESB,Europe,wmo
6aa4e54eac1fbce4ee53ff9836e1e9f0,2026-04-06T08:03:09Z,Snow Avalanche,,www.naftemporiki.gr,el,0.9,Κ. Μητσοτάκης: Το μήνυμα του πρωθυπουργού στη σκιά των νέων δικογραφιών για τον ΟΠΕΚΕΠΕ,"Τηλεοπτικό μήνυμα εν μέσω της δίνης των νέων δικογραφιών για τον ΟΠΕΚΕΠΕ απευθύνει ο πρωθυπουργός Κυριάκος Μητσοτάκης.
Η «χιονοστιβάδα» αποκαλύψεων και οι διάλογοι -«φωτιά» που βλέπουν το φως της δημοσιοτητας…
Κ. Μητσοτάκης: Το μήνυμα του πρωθυπουργού στη σκι…",https://www.naftemporiki.gr/politics/2094732/k-mitsotakis-to-tileoptiko-minyma-toy-prothypoyrgoy-sti-skia-ton-neon-dikografion-gia-ton-opekepe/,https://www.naftemporiki.gr/wp-content/uploads/2023/04/mitsotakis_diaggelma-e1721463072950.jpg,,"« » .
« . – “ ” – .. » .
 2027, , .
 :
« , . , , .
 .
, 11 , .
 2020 . . , , . , , , 2021.
 . . , , . .
, . , , : .
 , , . , , , .
 , . . , , .
 , , «», . , «».
, : , , . . , . , .
 . «… [+234 chars]","K. Mitsotakis: The Prime Minister's message in the shadow of the new court cases for OPEKEPE. Prime Minister Kyriakos Mitsotakis addresses a televised message in the midst of the whirlwind of new lawsuits against OPEKEPE.
The ""avalanche"" of revelations and the ""fire"" dialogues that see the light of day...
K. Mitsotakis: The Prime Minister's message to skiing...","K. Mitsotakis: Die Botschaft des Premierministers im Schatten der neuen Gerichtsverfahren für OPEKEPE. Premierminister Kyriakos Mitsotakis hält eine im Fernsehen übertragene Botschaft inmitten des Wirbelsturms neuer Klagen gegen OPEKEPE. Die „Lawine“ an Enthüllungen und die „Feuer“-Dialoge, die das Licht der Welt erblicken... K. Mitsotakis: Die Botschaft des Premierministers an den Skisport...","K. Mitsotakis: Nuntius Primi Ministri in umbra novae causae curiae pro OPEKEPE. Primus minister Kyriakos Mitsotakis nuntium televisificum alloquitur in medio turbine novarum iudiciorum contra OPEKEPE. De ""avalanche"" revelationum et ""ignis"" dialogorum qui lucem diei vident ... K. Mitsotakis: Nuntius Primi Ministri ad nartis prolabitur...",,,,random
6f8dbb7c1598d428f12c094677e1af79,2026-04-06T10:36:48Z,Precipitation,,www.metropoles.com,pt,0.9,Frente fria e ciclone causam chuvas e derrubam temperaturas; confira,"Inmet emitiu alertas de ""perigo potencial"" para chuvas intensas e tempestade para todas as regiões do Brasil",https://www.metropoles.com/brasil/frente-fria-e-ciclone-causam-chuvas-e-derrubam-temperaturas-confira,https://i.metroimg.com/joDCtCeHr5IRydqmaPrPnPkwXUsqWt7sWSU9ilqLtr0/w:1200/q:90/f:webp/plain/https://images.metroimg.com/3d3a1046-sp-tera-sensacao-de-calor-e-chuvas-isoladas-na-primeira-semana-do-ano.jpg,,"A semana começa com temperaturas ainda elevadas em praticamente todo o Brasil. Contudo, a formação de uma frente fria e de um ciclone extratropical vão provocar chuvas intensas em várias partes do te… [+1851 chars]","Cold front and cyclone cause rain and drop temperatures; check it out. Inmet issued warnings of ""potential danger"" for intense rain and storms for all regions of Brazil",Kaltfront und Zyklon verursachen Regen und sinkende Temperaturen; Hör zu. Inmet warnte vor „potenzieller Gefahr“ durch starken Regen und Stürme für alle Regionen Brasiliens,"Frigido frontis et cyclonis pluviam causat et temperaturas guttatim; coerceret. Inmet monita ""periculi potentialis"" pro intensa pluvia et procellis pro omnibus regionibus Brasiliae",,,,random
7c7a1d9231ee4d1275612c4773a8c99f,2026-04-06T12:20:51Z,Storm,,yaraon-blog.com,ja,0.9,外国人「ハガレンは史上最もなにもないアニメ」「ハガレンは過大評価だ。だって最高潮の瞬間がないから、ずっと7/10なんだ。」,1:　 名無しさん  2026/04/06(月) 18:31:25.83 ID:3aQhYcqdr  54:　 名無しさん  2026/04/06(月) 18:39:55.93 ID:wFzgWVh20&g...,http://yaraon-blog.com/archives/296984,https://blog-imgs-184.fc2.com/y/a/r/yarakan/43_20260406202309b9e.jpg,,,"Foreigner: ``Hagaren is the most boring anime of all time'' ``Hagaren is overrated. Because there is no climax moment, it's always 7/10.'' 1: Anonymous 2026/04/06 (Mon) 18:31:25.83 ID:3aQhYcqdr 54: Anonymous 2026/04/06 (Mon) 18:39:55.93 ID:wFzgWVh20&g...","Ausländer: „Hagaren ist der langweiligste Anime aller Zeiten.“ „Hagaren wird überbewertet. Da es keinen Höhepunkt gibt, ist es immer 7/10.'' 18:39:55.93 ID:wFzgWVh20&g...","Peregrinus: `Hagaren est anima taediosa omnium temporis'' `Hagaren praegravata est'. Quia nullum momentum est, semper est 7/10.'' 1: Anonymous 2026/04/06 (Mon) 18:31:25.83 ID:3aQhYcqdr 54: Anonymous 2026/04/06 (Mon) 18:39:55.93 ID:wFzgWVh20&g...",,,,random
50b1495285e308e69cb61dc8917f37d5,2026-04-06T14:30:05Z,Precipitation,,www.elpais.com.uy,es,0.7,Alerta amarilla de Inumet por tormentas y lluvias: el mapa con las zonas más afectadas,El Instituto Uruguayo de Meteorología también emitió un aviso especial en el que advierte por la llegada de un ciclón extratropical que provocará fuertes vientos.,https://www.elpais.com.uy/informacion/servicios/alerta-de-inumet-por-tormentas-y-lluvias-el-mapa-con-las-zonas-mas-afectadas-lunes-6-abril-2026,https://imgs.elpais.com.uy/dims4/default/5b14222/2147483647/strip/true/crop/5000x3125+0+104/resize/1200x750!/format/webp/quality/90/?url=https%3A%2F%2Fel-pais-uruguay-production-web.s3.us-east-1.amazonaws.com%2Fbrightspot%2F0e%2Fb4%2F34c202de4db0b01bc4315d028e7c%2Fnia7408.JPG,,"El Instituto Uruguayo de Meteorología (Inumet) emitió una alerta amarilla en la mañana de este lunes, al tiempo que también publicó un aviso especial a la población por ""tormentas fuertes y posterior… [+4334 chars]",Inumet yellow alert for storms and rain: the map with the most affected areas. The Uruguayan Institute of Meteorology also issued a special warning warning of the arrival of an extratropical cyclone that will cause strong winds.,"Gelber Inumet-Alarm für Stürme und Regen: die Karte mit den am stärksten betroffenen Gebieten. Das uruguayische Institut für Meteorologie gab außerdem eine Sonderwarnung heraus, die vor der Ankunft eines außertropischen Wirbelsturms warnt, der starke Winde verursachen wird.",Inumet flavis intenti procellis et pluviis: tabula cum locis affectis. In Uruguayan Institutum Meteorologicum etiam specialem admonitionem praebuit de adventu cycli extratropici qui fortes ventos efficiet.,Uruguay,SES,South-America,wmo
0fc874d51e1911fa355b8f87edeacd64,2026-04-06T14:55:00Z,Wildfire,,www.protothema.gr,el,0.9,"Πυρκαγιά σε τερματικό σταθμό πετρελαίου στο Νοβοροσίσκ μετά από χτύπημα ουκρανικών drones, βίντεο","Η πυρκαγιά ξέσπασε κατά την διάρκεια της νύχτας στον τερματικό σταθμό πετρελαίου Τσεσκάρις στο ρωσικό λιμάνι του Νοβοροσίσκ στην Μαύρη Θάλασσα, μετά την επίθεση των ουκρανικών μη επανδρωμένων αεροσκαφών | Μαύρη Θάλασσα | Ρωσία | Ουκρανία | Λιμάνι | Drones | Ν…",https://www.protothema.gr/world/article/1799545/purkagia-se-termatiko-stathmo-petrelaiou-sto-novorosisk-meta-apo-htupima-/,https://www.protothema.gr/images/640x360share/jpg/files/2025-12-23/ukraine_drones_fire.jpg,http://web.archive.org/web/20260406150752/https://www.protothema.gr/world/article/1799545/purkagia-se-termatiko-stathmo-petrelaiou-sto-novorosisk-meta-apo-htupima-/,", , , ., , .BREAKING:
Massive Ukrainian drone swarm attack against Russian oil terminals in the Port of Novorossiysk in the Krasnodar region of Russia.
Oil infrastructure is on fire across the port… [+67 chars]","Fire at an oil terminal in Novorossiysk after a Ukrainian drone strike, video. The fire broke out overnight at the Cheskaris oil terminal in the Russian port of Novorossiysk on the Black Sea, following an attack by Ukrainian drones | Black Sea | Russia | Ukraine | Port | Drones | N…","Brand in einem Ölterminal in Noworossijsk nach einem ukrainischen Drohnenangriff, Video. Nach einem Angriff ukrainischer Drohnen brach über Nacht das Feuer am Ölterminal Tscheskaris im russischen Hafen Noworossijsk am Schwarzen Meer aus Schwarzes Meer | Russland | Ukraine | Hafen | Drohnen | N…","Ignis apud oleum terminale in Novorossiysk post percussionem fuci Ucrainae, video. Ignis pernoctare in oleo Cheskaris terminali in portu Russico Novorossiysk in Ponto orto, impetum fuci Ucrainae secutus | Black Sea | Russia | Ucraina | Port | drones | N…",,,,random
49ef09a61cc013aac0c10d7d3416ccff,2026-04-06T16:00:48Z,Snow Avalanche,,www.protothema.gr,el,0.9,Δύο νεκροί και δύο τραυματίες μετά από χιονοστιβάδα στη Νορβηγία,"Η χιονοστιβάδα σημειώθηκε κοντά στο χιονοδρομικό κέντρο του Χέμσενταλ, βορειοδυτικά του Όσλο | Νορβηγία | Χιονοστιβάδα | Νεκροί | Κόσμος",https://www.protothema.gr/world/article/1799573/duo-anthropoi-vrikan-ton-thanato-exaitias-hionostivadas-sti-norvigia/,https://www.protothema.gr/images/640x360share/jpg/files/2025-12-29/xionostivada_1.jpg,,", . ( 30 ) ( 20 ), . 11 ( , 12:00 ) , .
, . ,. .
.","Two dead and two injured after an avalanche in Norway. The avalanche occurred near the Hemsendal ski resort, northwest of Oslo | Norway | Avalanche | Dead | World","Zwei Tote und zwei Verletzte nach einem Lawinenunglück in Norwegen. Die Lawine ereignete sich in der Nähe des Skigebiets Hemsendal, nordwestlich von Oslo | Norwegen | Lawine | Tot | Welt","Duo mortui sunt et duo vulnerati post montem cadentem in Norvegia. Avalanche factum est prope Hemsendal ski, Osloae ad chorum | Norvegia | Avalanche | Mortuus | Mundus",,,,random
4ac9aa3a25dbf782b76b51ddbbee7354,2026-04-06T16:18:08Z,Flood,,www.latercera.com,es,0.3,"Kast destaca encuentro bilateral con Milei: se trataron temáticas de inversión, turismo, minería y seguridad","El mandatario sostuvo su primera visita como presidente en ejercicio al país trasandino, en medio de la polémica por la fuga de Galvarino Apablaza. Durante la tarde de este lunes estará de regreso en Chile.",https://www.latercera.com/politica/noticia/kast-destaca-encuentro-bilateral-con-milei-se-trataron-tematicas-de-inversion-turismo-mineria-y-seguridad/,https://www.latercera.com/resizer/v2/75RYHUC7ERF7RM6HKN6QHEDH3E.jpg?auth=979c942cf43c61a624cfb26ea8c2c397e2105315252b591be081c9fb8bd6f17e&height=630&width=1200&smart=true,http://web.archive.org/web/20260406170843/https://www.latercera.com/politica/noticia/kast-destaca-encuentro-bilateral-con-milei-se-trataron-tematicas-de-inversion-turismo-mineria-y-seguridad/,"El Presidente José Antonio Kast fue recibido este lunes en la Casa Rosada por su par, Javier Milei, en lo que resulta su primer encuentro bilateral en el extranjero como mandatario en ejercicio.
Kas… [+3106 chars]","Kast highlights bilateral meeting with Milei: investment, tourism, mining and security issues were discussed. The president made his first visit as president in office to the trans-Andean country, in the midst of the controversy over the escape of Galvarino Apablaza. During this Monday afternoon he will be back in Chile.","Kast hebt das bilaterale Treffen mit Milei hervor: Es wurden Investitions-, Tourismus-, Bergbau- und Sicherheitsfragen besprochen. Der Präsident stattete dem transandinen Land seinen ersten Besuch als amtierender Präsident ab, mitten in der Kontroverse um die Flucht von Galvarino Apablaza. An diesem Montagnachmittag wird er wieder in Chile sein.","Kast elucidat conventum bilateralem cum Milei: de obsidione, voluptuaria, fodienda et quaestiones securitatis agitatae sunt. Praesidens in officio ad patriam trans-Andean primam visitationem suam fecit praesidens controversiam de evasione Galvarino Apablaza in medio. Hoc die Lunae post meridiem in Chilia revertetur.",United States,CNA,North-America,wmo
d09c531626d843404f15b1fe6443fc8f,2026-04-06T16:21:18Z,Landslide,,www.protothema.gr,el,0.9,"Τουρκία: Διπλό τάκλιν στη βοηθό διαιτητή, δείτε βίντεο","Ένα με τη λάσπη έγινε η βοηθός διαιτητή σε αγώνα για τη Γ΄ Εθνική κατηγορία της Τουρκίας, μετά από διπλό τάκλιν | Μπούρσασπορ | Μαρντίν | Τουρκία | Sports",https://www.protothema.gr/sports/article/1799132/tourkia-diplo-taklin-sti-voitho-diaititi-kai-voutia-sti-laspi-deite-video/,https://www.protothema.gr/images/640x360share/jpg/files/2026-04-05/mploum.jpg,,", online scroll, brands . !","Turkey: Double tackle on the assistant referee, see video. One with the mud became the assistant referee in a match for the 3rd National Division of Turkey, after a double tackle | Bursaspor | Mardin | Turkey | Sports","Türkei: Doppeltackling gegen den Schiedsrichterassistenten, siehe Video. Einer mit dem Schlamm wurde nach einem Doppeltackling zum Schiedsrichterassistenten in einem Spiel der 3. Nationalliga der Türkei | Bursaspor | Mardin | Türkei | Sport","Turcia: Duplex armamenta in referendarius assistentis, vide video. Una cum caeno factus est adiutor referendarius in par pro 3 divisione nationali Turciae, post duplicem armamenta. | Bursaspor | Mardin | Turkey | Sports",,,,random
28a1d90e99e615c5bcf3fb580e157858,2026-04-06T17:14:48Z,Precipitation,,www.elpais.com.uy,es,0.7,MetSul describe la “ruta del ciclón extratropical” en Uruguay: se esperan vientos de más de 100 Km/h,"El fenómeno se formará entre martes y miércoles y ""desestabilizará el clima con lluvias localmente fuertes, riesgo de tormentas y una alta probabilidad de vientos fuertes a intensos"".",https://www.elpais.com.uy/informacion/servicios/metsul-describe-la-ruta-del-ciclon-extratropical-en-uruguay-se-esperan-vientos-de-mas-de-100-km-h,https://imgs.elpais.com.uy/dims4/default/13c0b69/2147483647/strip/true/crop/1620x1013+0+67/resize/1200x750!/format/webp/quality/90/?url=https%3A%2F%2Fel-pais-uruguay-production-web.s3.us-east-1.amazonaws.com%2Fbrightspot%2F1a%2F48%2F7059f61f4d8a90885295850e11a7%2Fwhatsapp-image-2026-01-10-at-4-25-21-pm.jpeg,,"MetSul Meteorologia, observatorio meteorológico privado con sede en el sur de Brasil, reiteró que un ciclón extratropical se formará entre este martes y miércoles en Uruguay y en el sur de Río Grande… [+5657 chars]","MetSul describes the “extratropical cyclone route” in Uruguay: winds of more than 100 km/h are expected. The phenomenon will form between Tuesday and Wednesday and ""will destabilize the climate with locally heavy rains, risk of storms and a high probability of strong to intense winds.""","MetSul beschreibt die „extratropische Zyklonroute“ in Uruguay: Es werden Windgeschwindigkeiten von mehr als 100 km/h erwartet. Das Phänomen werde sich zwischen Dienstag und Mittwoch bilden und „das Klima mit örtlich starken Regenfällen, Sturmgefahr und einer hohen Wahrscheinlichkeit starker bis starker Winde destabilisieren“.","MetSul describit ""meatus cycli extratropici"" in Uruguay: venti plus quam 100 km/h exspectantur. Phaenomenon inter Martis et Mercurii et ""aerum"" localiter imbribus, periculorum tempestatum et magno probabilitate validorum ventis intensissimis reddet"".",Uruguay,SES,South-America,wmo
9f522a8bd49bd9190e1c951610357f37,2026-04-06T17:32:05Z,Snow Avalanche,,www.naftemporiki.gr,el,0.9,Νορβηγία: Δύο σκιέρ έχασαν τη ζωή τους σε χιονοστιβάδα,"Δύο σκιέρ έχασαν τη ζωή τους και δύο ακόμη τραυματίστηκαν σε χιονοστιβάδα στη Νορβηγία, όπως ανακοίνωσε τη Δευτέρα (6/4) η αστυνομία της σκανδιναβικής χώρας.
«Μια γυναίκα περίπου 20 ετών και…
Νορβηγία: Δύο σκιέρ έχασαν τη ζωή τους σε χιονοστιβάδα - Η ΝΑΥΤΕΜΠΟ…",https://www.naftemporiki.gr/kosmos/2095100/norvigia-dyo-skier-echasan-ti-zoi-toys-se-chionostivada/,https://www.naftemporiki.gr/wp-content/uploads/2026/04/norbigia_nekroi_skier_xionostibada.jpg,,,"Norway: Two skiers died in an avalanche. Two skiers died and two others were injured in an avalanche in Norway, as the Scandinavian country's police announced on Monday (4/6).
""A woman about 20 years old and…
Norway: Two skiers died in an avalanche - NAUTEMBO...","Norwegen: Zwei Skifahrer kamen bei einer Lawine ums Leben. Bei einem Lawinenunglück in Norwegen kamen zwei Skifahrer ums Leben und zwei weitere wurden verletzt, wie die Polizei des skandinavischen Landes am Montag (4.6.) mitteilte.
„Eine Frau etwa 20 Jahre alt und…
Norwegen: Zwei Skifahrer kamen bei Lawine ums Leben - NAUTEMBO...","Norvegia: Duo nartatores in NIVIS CASUS mortui sunt. Duo nautae mortui sunt et duo alii in avalanche in Norvegia laesi sunt, ut vigiles patriae Scandinaviani die Lunae (4/6).
""Femina circiter XX annos nata et…
Norvegia: Duo nautae in NIVIS - NAUTEMBO... mortui sunt.",,,,random
c7f6e491250cf5cda787a84c95c29384,2026-04-06T17:50:26Z,Snow Avalanche,,www.skai.gr,el,0.9,Νορβηγία: Δύο σκιέρ έχασαν τη ζωή τους σε χιονοστιβάδα,"Η τραγωδία σημειώθηκε κοντά στο χιονοδρομικό κέντρο Χέμσενταλ, βορειοδυτικά του Όσλο - Μία γυναίκα 20 ετών και ένας άνδρας 30 ετών τα θύματα",https://www.skai.gr/news/world/norvigia-dyo-skier-exasan-ti-zoi-tous-se-xionostivada,https://www.skai.gr/sites/default/files/styles/article_16_9/public/2026-04/hionostivada_ap_2.jpg?itok=8ltFIqYp,,"- . , .
, - 20 30 
, (6/4) .
« 20 30 », . 11:00 , .
 . , . , .
 . , «» , .
 .Skai.gr Google News .
© 2026 skai.gr - All Rights Reserved","Norway: Two skiers died in an avalanche. The tragedy occurred near the Hemsedal ski resort, northwest of Oslo - A 20-year-old woman and a 30-year-old man the victims","Norwegen: Zwei Skifahrer kamen bei einer Lawine ums Leben. Die Tragödie ereignete sich in der Nähe des Skigebiets Hemsedal, nordwestlich von Oslo – eine 20-jährige Frau und ein 30-jähriger Mann waren die Opfer","Norvegia: Duo nautae in NIVIS CASUS mortui sunt. Tragoedia prope Hemsedal ski facta est, inter septentrionem Osloae - femina XX annorum et victimarum triginta annorum.",,,,random
8c05830eff06520b6a9274900a362a9f,2026-04-06T18:27:38Z,ice jam,,www.youtube.com,ru,0.9,"Александр Плющев: Обвал набора на войну, Блокировки — просчет Кремля? Трамп отверг мир. Обсудим с Сергеем Пархоменко (2026-06-04)","В программе ""Обсудим"" мы в прямом эфире говорим о самых важных событиях с нашими гостями. Гость сегодняшнего выпуска — журналист Сергей Пархоменко. Обсудим с ним последствия блокировок в интернете для Кремля, ситуацию вокруг Ормузского пролива, наводнение в М…",https://www.youtube.com/supported_browsers?next_url=https://www.youtube.com/watch%3Fv%3D68irknjM3XA,,,"Your browser isnt supported anymore. Update it to get the best YouTube experience and our latest features. Learn more
Remind me later","Alexander Plyushchev: Collapse of recruitment for war, blocking - a miscalculation of the Kremlin? Trump rejected peace. Let's discuss with Sergei Parkhomenko (2026-06-04). In the “Let’s Discuss” program we talk live about the most important events with our guests. The guest of today's episode is journalist Sergei Parkhomenko. We will discuss with him the consequences of Internet blocking for the Kremlin, the situation around the Strait of Hormuz, the flood in M...","Alexander Plyushchev: Scheitern der Kriegsrekrutierung, Blockade – eine Fehleinschätzung des Kremls? Trump lehnte einen Frieden ab. Lassen Sie uns mit Sergei Parkhomenko (04.06.2026) diskutieren. Im „Lass uns diskutieren“-Programm sprechen wir live mit unseren Gästen über die wichtigsten Ereignisse. Der Gast der heutigen Folge ist der Journalist Sergei Parkhomenko. Wir werden mit ihm über die Folgen der Internetsperre für den Kreml, die Situation rund um die Straße von Hormus, die Überschwemmung in Moskau sprechen.","Alexander Plyushchev: Collapse cooptationes belli, interclusio - miscalculatio Kremlini? BUCINUM pacem repudiavit. Discutiamus cum Sergei Parkhomenko (2026-06-04). In programmate ""Disputationis"" loquimur de maximis eventibus cum hospitibus nostris. Hodiernae eventus hospes diurnarius est Sergei Parkhomenko. Cum eo tractabimus de consectariis interretialibus interclusionis pro Kremlin, situ circa Fretum Hormuz, diluvio in M...",,,,random
23423ee31ac65547841a5b412d569693,2026-04-06T19:50:31Z,Precipitation,,veja.abril.com.br,pt,0.7,"Nova frente fria atinge o país nesta terça, 7: saiba os estados mais afetados","Formação de ciclone aumenta a instabilidade no Brasil; em São Paulo, a chuva volta a ganhar força entre a tarde e a noite",https://veja.abril.com.br/agenda-verde/nova-frente-fria-atinge-o-pais-nesta-terca-7-saiba-os-estados-mais-afetados/,"https://veja.abril.com.br/wp-content/uploads/2025/05/GettyImages-542049184.jpg?quality=70&strip=info&resize=1080,565&crop=1",,"Pular para o conteúdo
Aniversário da Abril: VEJA por apenas 9,90Frente fria vai derrubar as temperaturas em parte do país nesta terça, 7 (Cris Faga/NurPhoto/Getty Images)
Continua após publicidade… [+4022 chars]","A new cold front hits the country this Tuesday, 7th: find out the most affected states. Cyclone formation increases instability in Brazil; in São Paulo, the rain gains strength again between the afternoon and evening","Diesen Dienstag, den 7., trifft eine neue Kaltfront auf das Land: Finden Sie heraus, welche Staaten am stärksten betroffen sind. Zyklonbildung erhöht die Instabilität in Brasilien; In São Paulo nimmt der Regen zwischen Nachmittag und Abend wieder an Stärke zu","Novum frigus ante regionem hanc Martis, 7. Formatio Cyclonis inconstantiam in Brasilia auget; in São Paulo, pluvia inter meridiem et vesperum rursus convalescit",Brazil,SAM,South-America,wmo
b05ae2ff6d6340ecb44e79ff9e1a9cdc,2026-04-07T00:07:43Z,Flood,,www.revistabula.com,pt,0.3,Chuva sem acidez de serotonina,"A Bula entrou numa nova fase, vê-se logo na página inicial. Layout renovado. Ou escrever “layout” entrega a idade deste que vosA Bula entrou numa nova fase, vê-se logo na página inicial. Layout renovado. Ou escrever “layout” entrega a idade deste que vos",https://www.revistabula.com/158027-chuva-sem-acidez-de-serotonina/,https://www.revistabula.com/wp/wp-content/uploads/2026/04/Edward-Hopper.webp,,"A Bula entrou numa nova fase, vê-se logo na página inicial. Layout renovado. Ou escrever layout entrega a idade deste que vos traz estas mal digitadas? Deve ser interface. Interface, fica sendo inter… [+9993 chars]","Rain without serotonin acidity. The Bula has entered a new phase, you can see it right on the home page. Renovated layout. Or writing “layout” gives away the age of this one that you have entered a new phase, you can see it right on the home page. Renovated layout. Or writing “layout” gives the age of the person you","Regen ohne Serotoninsäure. Die Bula ist in eine neue Phase eingetreten, das können Sie direkt auf der Startseite sehen. Renoviertes Layout. Oder wenn Sie „Layout“ schreiben, verrät das Alter dieses Dokuments, dass Sie in eine neue Phase eingetreten sind. Sie können es direkt auf der Startseite sehen. Renoviertes Layout. Oder das Schreiben von „Layout“ verrät das Alter der Person, die es tut","Pluviis sine acorem serotonin. In Bula novam periodum ingressus est, rectam in pagina domestica videre potes. Renovatur at arcu. Vel scribendo ""proposito"" hanc aetatem largitur quam intrasti novam periodum, videre licet in pagina prima. Renovatur at arcu. Aut scribens ""layout"" dat aetatem illius qui",United States,CNA,North-America,wmo
51127235265af2ba4e7846c7c587646b,2026-04-07T01:00:00Z,Storm,,prtimes.jp,ja,0.9,【4月9日 新発売】3秒で、上向き肌印象をロック。撮影現場のプロが認めた『お肌の補正下着』、RCVモデルミストがついにサロン専売で一般発売。,"[株式会社PLAISIR]
「撮影直前の数秒で、モデルのコンディションを最高潮へ導きたい」--そんなプロの現場の切実な声から生まれたフェイシャルミストが、ついにベールを脱ぎます。美容事業を展開する株式会社PLAISIR（群馬県高崎市）...",https://prtimes.jp/main/html/rd/p/000000001.000097720.html,https://prcdn.freetls.fastly.net/release_image/97720/1/97720-1-88264a1f2922a480f075daa39dbee929-1920x1080.jpg?format=jpeg&auto=webp&fit=bounds&width=2400&height=1260,http://web.archive.org/web/20260408084221/https://prtimes.jp/main/html/rd/p/000000001.000097720.html,"PLAISIRRCV
RCV
223 
RCV
3
RCVReadyConfidenceVivid3 
RCV
 Morning 
 Daytime 
 Evening
 RCV 
 100mL
 3,960
 202649() 
 PLAISIR
370-0069 1380-3 TEL027-362-7450","[New release on April 9th] Lock in an upward facing skin impression in 3 seconds. RCV Model Mist, the ``skin-correcting underwear'' approved by professionals at photo shoots, is finally on sale to the general public exclusively at salons. [PLAISIR Co., Ltd.]
``We want to bring our models to the peak of their condition in the seconds before a photo shoot.'' - The facial mist that was born from the urgent voice of professionals has finally been unveiled. PLAISIR Co., Ltd. (Takasaki City, Gunma Prefecture), which operates a beauty business...","[Neue Veröffentlichung am 9. April] Sichern Sie in 3 Sekunden einen nach oben gerichteten Hautabdruck. RCV Model Mist, die von Profis bei Fotoshootings bewährte „hautkorrigierende Unterwäsche“, ist endlich exklusiv in Salons für die breite Öffentlichkeit erhältlich. [PLAISIR Co., Ltd.]
„Wir wollen unsere Models in den Sekunden vor einem Fotoshooting auf den Höhepunkt ihrer Verfassung bringen.“ – Das Gesichtsspray, das aus der eindringlichen Stimme von Profis entstand, wurde endlich enthüllt. PLAISIR Co., Ltd. (Stadt Takasaki, Präfektur Gunma), die ein Schönheitsgeschäft betreibt...","[Nova emissio die 9 Aprilis] Obfirmo in sursum versus impressionem cutis in 3 secundis. RCV Exemplar Nebula, `cutis sub ubi corrigens' a professionalibus ad propagines photographicas probatus est, tandem venditus est publico solo apud Salonas. [PLAISIR Co., Ltd.]
`Volumus exempla nostra ad culmen suae conditionis in secundis ante arborem photographicam afferre.'' - Nebula faciei quae ex urgenti voce professionalium nata tandem detecta est. PLAISIR Co, Ltd.",,,,random
a78762c5a76c21425444df24bcc86db3,2026-04-07T01:30:00Z,Drought,,japan.cnet.com,ja,0.875,Panorama Data Insights Ltd.マイクログリッド・アズ・ア・サービス市場：2036年に144.8億米ドルへ拡大、CAGR15.01％で加速する分散型エネルギー革命,市場概観：サービス化がもたらすエネルギーインフラの新潮流マイクログリッド・アズ・ア・サービス（Microgrid-as-a-Service：MaaS）市場は、2025年の31.1億米ドルから2036年には144.8億米ドルへと大幅な拡大が見込まれており、2026年から2036年にかけて年平均成長率（CAGR）15.01％という高い成長が予測されています。...,https://japan.cnet.com/release/31159574/,https://japan.cnet.com/media/c/2012/images/logo/logo_ogp_1200.png,,"Microgrid-as-a-ServiceMaaS202531.12036144.820262036CAGR15.01CAPEX
TOC @ -
MaaSBCPESG
CAPEXOPEX
MaaSMaaSOPEXMaaS
AIIoT
AIIoTDX
Schneider ElectricSiemensGeneral ElectricHoneywellABBEatonMicrogri… [+206 chars]","Panorama Data Insights Ltd. Microgrid-as-a-Service Market: Expanding to USD 14.48 Billion in 2036, Distributed Energy Revolution Accelerating at a CAGR of 15.01%. Market overview: New trends in energy infrastructure brought about by servitization The Microgrid-as-a-Service (MaaS) market is expected to expand significantly from USD 3.11 billion in 2025 to USD 14.48 billion in 2036, with a high growth rate of 15.01% compound annual growth rate (CAGR) from 2026 to 2036. ...","Panorama Data Insights Ltd. Microgrid-as-a-Service-Markt: Wachstum auf 14,48 Milliarden US-Dollar im Jahr 2036, Revolution der dezentralen Energie beschleunigt sich mit einer durchschnittlichen jährlichen Wachstumsrate von 15,01 %. Marktüberblick: Neue Trends in der Energieinfrastruktur durch Servitisierung Der Microgrid-as-a-Service (MaaS)-Markt wird voraussichtlich erheblich wachsen, von 3,11 Milliarden US-Dollar im Jahr 2025 auf 14,48 Milliarden US-Dollar im Jahr 2036, mit einer hohen Wachstumsrate von 15,01 % durchschnittlicher jährlicher Wachstumsrate (CAGR) von 2026 bis 2036. ...","Panorama Data Insights Ltd. Microgrid-as-a-Service Market: Expandens ad USD 14.48 Billion in 2036, Energy Revolution Distribuit Accelerans ad CAGR of 15.01%. Market overview: Novae trends in industria infrastructurae per servitizationem effectae mercatus Microgrid-as-a-a-a-a-Servicius (MaaS) expectatur ut signanter augeatur ab USD 3.11 sescenti 2025 ad USD 14,48 sescenti in 2036, cum magno incremento 15.01% mixti incrementi annui (CAGR) ab 2026 ad 2036. ...",Madagascar,MDG,Africa,edo
8382ac7f08c3f9d889bd30e31f0d82ac,2026-04-07T06:04:23Z,Thunderstorm,,www.libertaddigital.com,es,0.7,Giro brusco del tiempo: alerta por tormentas y lluvias de barro en el oeste de España,"La AEMET activa alertas en Andalucía, Castilla y León, Extremadura y Galicia por la entrada de una vaguada que provocará un desplome térmico.",https://www.libertaddigital.com/servicios/eltiempo/2026-04-07/giro-brusco-del-tiempo-alerta-por-tormentas-y-lluvias-de-barro-en-el-oeste-de-espana-1b-7384417/,https://s1.staticld.com/2026/04/07/1200/675/lluvia-barcelona-20012026-16-9.jpg,,El tiempo da un giro brusco este martes 7 de abril en buena parte de España. La entrada de una vaguada asociada a aire frío ha llevado a la Agencia Estatal de Meteorología (Aemet) a activar avisos am… [+3003 chars],"Sudden turn of the weather: alert for storms and mud rains in western Spain. The AEMET activates alerts in Andalusia, Castilla y León, Extremadura and Galicia due to the entry of a trough that will cause a thermal collapse.","Plötzlicher Wetterumschwung: Warnung vor Stürmen und Schlammregen im Westen Spaniens. Das AEMET löst in Andalusien, Kastilien und León, Extremadura und Galizien Warnungen aus, da ein Tiefpunkt eintritt, der einen thermischen Kollaps verursachen wird.","Subita tempestas est: alacer pro procellis et imbres caeni in Hispania occidentali. AEMET summis in Baetica, Castilla y Leon, Extremadura et Galicia operatur propter ingressum canalis qui ruinam scelerisque causat.",Spain,MED,Europe,wmo
cdb844f1ac4790a51d950b293049c2af,2026-04-07T06:49:25Z,Wildfire,,www.skai.gr,el,0.9,Σαουδική Αραβία: Πυρκαγιά σε πετροχημικό συγκρότημα στο ανατολικό τμήμα έπειτα από επίθεση,«Επίθεση προκάλεσε πυρκαγιά στα εργοστάσια της Sabic» - Στην Τζουμπάιλ βρίσκεται μια από τις μεγαλύτερες βιομηχανικές ζώνες στον κόσμο,https://www.skai.gr/news/world/saoudiki-aravia-pyrkagia-se-petroximiko-sygkrotima-sto-anatoliko-tmima-epeita-apo-epithesi,https://www.skai.gr/sites/default/files/styles/article_16_9/public/feedelio/ap4952958169775586.jpg?itok=JTAH1uTb,,"-  
« Sabic» - 
, AFP , .
« Sabic . », Saudi Basic Industries Corporation, .
 , , , , .
 .
.Skai.gr Google News .
© 2026 skai.gr - All Rights Reserved","Saudi Arabia: Fire at petrochemical complex in eastern part after attack. ""Attack caused fire at Sabic factories"" - Jubail is home to one of the largest industrial zones in the world",Saudi-Arabien: Brand im Petrochemiekomplex im östlichen Teil nach Angriff. „Angriff löste Brand in Sabic-Fabriken aus“ – In Jubail befindet sich eines der größten Industriegebiete der Welt,"Arabia Saudiana: Ignis in complexu petrochemico in parte orientali post impetum. ""Ignem in officinarum Sabicarum impetum fecit"" - Jubail est domus uni ex maximis zonis industrialibus in mundo",,,,random
795107e74c4b1632e07e200b1b6f7d80,2026-04-07T07:19:38Z,Tropical Cyclone,,news.yahoo.co.jp,ja,0.5,国民の8割が愛子天皇を望んでいるのに…もう限界の「男系男子」をゴリ押しする高市首相が愛子様から奪うもの（プレジデントオンライン） - Yahoo!ニュース,"■高市首相は「裏切り者」とみなされている

　「8割の民意を蔑ろにするのであれば、無傷では済むまい」

　週刊新潮(4月2日号)は、愛子天皇誕生を望んでいる8割の国民を無視して、皇室典範を改正しよう",https://news.yahoo.co.jp/articles/1b4aef76d97e32cd62ff429c98b5a248704b5a37,https://s.yimg.jp/images/news-web/versions/20260407-26265a3/all/images/ogp_default.png,,"8
(42)8
316(=)
(47)(24)(66)(62)323
(=47)
(=49)
(414)
3(=)
(=)
2","Even though 80% of the people want Emperor Aiko...Prime Minister Takaichi, who is pushing the limits of ""male-lineage men"", takes away from Princess Aiko (President Online) - Yahoo! News. ■Prime Minister Takaichi is considered a ""traitor""

""If you disregard 80% of the people's will, you won't come out unscathed.""

Weekly Shincho (April 2 issue) ignores the 80% of people who want Emperor Aiko to be born and calls for amending the Imperial House Law.","Auch wenn 80 % der Menschen Kaiser Aiko wollen ... Premierminister Takaichi, der die Grenzen der „Männer männlicher Abstammung“ überschreitet, nimmt Prinzessin Aiko (Präsident Online) - Yahoo! Nachricht. ■Premierminister Takaichi gilt als „Verräter“

„Wenn man 80 % des Volkswillens missachtet, wird man nicht ungeschoren davonkommen.“

Weekly Shincho (Ausgabe vom 2. April) ignoriert die 80 % der Menschen, die die Geburt von Kaiser Aiko wollen, und fordert eine Änderung des Kaiserhausgesetzes.","Etsi 80% populi vis Imperatoris Aiko... Primus minister Takaichi, qui limites ""viri generis masculini"" pellit, Principem Aiko tollit - Yahoo! Nuntium. Primus minister Takaichi ""proditor"" censetur.

""Si LXXX% populi voluntatem neglegis, inviolato non egredieris.""

Shincho weekly (April 2 exitus) LXXX% hominum ignorat, qui Imperator Aiko nasci volunt et ad emendandam legem Domus Caesareae vocat.",Solomon Islands,EPO,Oceania,wmo
de88c748caa635b4e9f09db114f4a387,2026-04-07T09:00:00Z,Flood,,www.lanacion.com.ar,es,0.3,Un nuevo estado de gracia,Un nuevo estado de gracia,https://www.lanacion.com.ar/cultura/un-nuevo-estado-de-gracia-nid07042026/,https://resizer.glanacion.com/resizer/v2/el-vinculo-entre-abuelos-y-nietos-es-una-relacion-BCPHOE5BDBHWLBMLNCTNC32QG4.jpg?auth=d5660cb173e9ff31156cf79604bb5d678beaaf538790e1f3ef7c33104acdf1b3&width=1200&quality=85&smart=true&height=675,http://web.archive.org/web/20260408035346/https://www.lanacion.com.ar/cultura/un-nuevo-estado-de-gracia-nid07042026/,"Abuelo. Una palabra fuerte, temida o emocionante según el momento. No conocí a ninguno de los míos. Andrés Cortina Escalza murió en 1953 en La Rasa, Galicia. José Antonio Fernández Vega de la Vega fu… [+3549 chars]",A new state of grace. A new state of grace,Ein neuer Zustand der Gnade. Ein neuer Zustand der Gnade,Status novus gratiae. Status novus gratiae,United States,CNA,North-America,wmo
38738890af5562b5464b499cafb1ffac,2026-04-07T09:21:10Z,Storm,,www.newsit.gr,el,0.7,"Άρης Καβατζίκης για Ιωάννα Τούνη: «Αυτό που κάνει, ξεπερνάει κάποια όρια»","Χαμός έγινε σήμερα το πρωί (07.04) στον αέρα του «Buongiorno», όταν η παρέα της εκπομπής σχολίαζε όλα όσα συνέβησαν στην Ιωάννα Τούνη το περασμένο Σάββατο ... 
To άρθρο Άρης Καβατζίκης για Ιωάννα Τούνη: «Αυτό που κάνει, ξεπερνάει κάποια όρια» δημοσιεύτηκε στο…",https://www.newsit.gr/lifestyle/aris-kavatzikis-gia-ioanna-touni-ayto-pou-kanei-ksepernaei-kapoia-oria/4645024/,https://www.newsit.gr/wp-content/uploads/2026/04/kavatzikis-ndpphoto-petros-nikolareas-1200x630.jpg,,"(07.04) «Buongiorno», , . influencer , .
 « , . .
 , , . , .
 ! . , , ;», .
 : « . , . ».","Aris Kavatzikis for Ioanna Tounis: ""What she does exceeds certain limits"". There was chaos this morning (04.07) on the air of ""Buongiorno"", when the company of the show was commenting on everything that happened to Ioanna Tounis last Saturday ... Aris Kavatzikis' article about Ioanna Tounis: ""What she does, exceeds certain limits"" was published on...","Aris Kavatzikis für Ioanna Tounis: „Was sie tut, überschreitet gewisse Grenzen“. Heute Morgen (07.04.) herrschte Chaos in der Sendung von „Buongiorno“, als die Kompanie der Sendung alles kommentierte, was Ioanna Tunis letzten Samstag widerfahren war ... 
Der Artikel von Aris Kavatzikis über Ioanna Tounis: „Was sie tut, überschreitet bestimmte Grenzen“ wurde in... veröffentlicht.","Aris Kavatzikis pro Ioanna Tounis: ""Quod certos limites facit"". Hoc chaos mane (04.07) in aere ""Buongiorno"" factum est, cum spectaculorum societas omnia explanabat quae Ioanna Tounis proximo Sabbato contigerunt... Aris Kavatzikis articulus de Ioanna Tounis: ""Quod facit, certos limites excedit"", editum est.",,,,random
af327754b654487354592045bcb8baae,2026-04-07T10:05:45Z,Precipitation,,www.20minutos.es,es,0.7,Hallan muerta a una pareja abrazada dentro de su coche arrastrado por una riada: volvían a casa de una boda y les esperaban allí sus hijos,"Las víctimas, Mariano Robles, de 28 años, y Solana Albornoz, de 32, dejaban atrás una boda en Argentina cuando la lluvia les obligó a detener su trayecto.",https://www.20minutos.es/internacional/muere-una-pareja-arrastrada-por-una-riada-argentina-policia-los-encontro-abrazados-su-coche_6954946_0.html,https://imagenes.20minutos.es/files/image_1920_1080/uploads/imagenes/2026/04/07/69d4c8c6609723-55508681.jpeg,,"Una pareja de jóvenes ha fallecido en la provincia argentina de Tucumántras ser arrastrado su vehículo por una riada, provocada por un fuerte temporal mientras regresaban a su domicilio después de as… [+1611 chars]","A couple is found dead hugging inside their car swept away by a flood: they were returning home from a wedding and their children were waiting for them there. The victims, Mariano Robles, 28, and Solana Albornoz, 32, were leaving behind a wedding in Argentina when the rain forced them to stop their journey.","Ein Paar wird tot umarmt in seinem von einer Überschwemmung überschwemmten Auto aufgefunden: Sie waren auf dem Heimweg von einer Hochzeit und ihre Kinder warteten dort auf sie. Die Opfer, Mariano Robles, 28, und Solana Albornoz, 32, verließen gerade eine Hochzeit in Argentinien, als der Regen sie zwang, ihre Reise abzubrechen.","Coniuges mortui reperiuntur amplectentes intra currum suum abreptum diluvio: domum e nuptiis redierunt et eorum filii ibi eos exspectabant. Hostiae, Mariano Robles, XXVIII, et Solana Albornoz, XXXII, nuptiae in Argentina relictae sunt, cum pluvia eos iter prohibere coegit.",Argentina,SES,South-America,wmo
94af07d589af821ebfb87d368c385a3b,2026-04-07T11:51:46Z,Landslide,,www.skai.gr,el,0.7,Σκάνδαλο στην Ιταλία: Δημοσιεύθηκε φωτογραφία της Μελόνι με συνεργό της Καμόρα,Η «σέλφι» φέρεται να τραβήχθηκε τον Φεβρουάριο του 2019. «Λάσπη στον ανεμιστήρα» σχολιάζει για τα δημοσιεύματα η πρωθυπουργός της Ιταλίας,https://www.skai.gr/news/world/salos-stin-italia-selfi-tis-meloni-me-synergo-tis-kamora,https://www.skai.gr/sites/default/files/styles/article_16_9/public/2026-04/x_meloni_mafia_2.jpg?itok=9LKQbvMW,,"«» ,  , .
 «» 2019, « » . Fanpage, o , , , , , « », «» .
Che ci fa luomo che ha fatto sedere allo stesso tavolo i referenti milanesi di Matteo Messina Denaro, i capi delle locali lombarde della ndr… [+291 chars]","Scandal in Italy: A photo of Meloni with a Camorra accomplice was published. The ""selfie"" was allegedly taken in February 2019. ""Mud in the fan"" comments on the reports of the Italian Prime Minister",Skandal in Italien: Ein Foto von Meloni mit einem Camorra-Komplizen wurde veröffentlicht. Das „Selfie“ wurde angeblich im Februar 2019 aufgenommen. „Schlamm im Fan“ kommentiert die Berichte des italienischen Ministerpräsidenten,"Scandalum in Italia: Imaginatio photographica Meloni cum complicibus Camorra divulgata est. The ""selfie"" was asserted in February 20119. ""Lud in ventilabrum"" commentationes de relationibus Primi Ministri Italiae",,,,random
39182c60ed0a2459accd19d9532cb6f2,2026-04-07T13:22:00Z,Storm,,www.yenicaggazetesi.com,tr,0.9,"Meteoroloji uyardı: Kar, zirai don, fırtına geliyor","Meteoroloji Genel Müdürlüğü Hava Tahmin Uzmanı Abdullah Macit, ülke genelinde sıcaklıkların mevsim normallerinin altına düşeceği yeni bir yağışlı hava dalgasına karşı vatandaşları uyardı.",https://www.yenicaggazetesi.com/meteoroloji-uyardi-kar-zirai-don-firtina-geliyor-1016649h.htm,https://img.yenicaggazetesi.com/rcman/Cw1280h720q95gc/storage/files/images/2026/04/07/meteoroloji-uyardi-kar-zirai-don-firtina-geliyor-p4dx.jpg,,"Kuzey kesimlerinde etkili olması beklenen zirai don, yarın akşam saatlerinden itibaren başlayacak.
Ankara'da cuma günü yer yer kar beklenirken, İstanbul ve İzmir'de sağanak etkili olacak.Yurdun kuze… [+2327 chars]","Meteorology warned: Snow, frost and storm are coming. General Directorate of Meteorology Weather Forecast Expert Abdullah Macit warned citizens against a new wave of rainy weather in which temperatures across the country will drop below seasonal norms.","Meteorologie warnt: Schnee, Frost und Sturm kommen. Der Wettervorhersageexperte der Generaldirektion Meteorologie, Abdullah Macit, warnte die Bürger vor einer neuen Regenwetterwelle, bei der die Temperaturen im ganzen Land unter die saisonalen Normen fallen werden.","Meteorologia monuit: Nives, pruinae et procellae veniunt. Praeses Generalis Meteorologiae Tempestas Praedictio Peritus Abdullah Macit cives monuit contra novam tempestatem pluviae in qua temperaturas per patriam infra normas temporis temporis decidet.",,,,random
0c6c5cff517807c211d4086d2db55c2f,2026-04-07T14:26:07Z,Flood,,rurales.elpais.com.uy,es,0.3,"Alfonsina Maldonado ganó el Pass of Tears 2026, una carrera de 400 km en la Patagonia con precipicios y tormentas","La uruguaya tuvo a Santiago Ruiz como compañero en un desafío que requirió de resistencia, estrategia y fortaleza mental",https://rurales.elpais.com.uy/historias/alfonsina-maldonado-gano-el-pass-of-tears-2026-una-carrera-de-400-km-en-la-patagonia-con-precipicios-y-tormentas,https://imgs.elpais.com.uy/dims4/default/48c5195/2147483647/strip/true/crop/1600x778+0+240/resize/1440x700!/quality/90/?url=https%3A%2F%2Fel-pais-uruguay-production-web.s3.us-east-1.amazonaws.com%2Fbrightspot%2F65%2Fd1%2F1fb71b5147e6b0256573a093c76d%2Fwhatsapp-image-2026-04-07-at-10-49-21.jpeg,,"Alfonsina Maldonado, la reconocida atleta uruguaya y embajadora de la Marca País, se coronó campeona de la primera edición del Pass of Tears, una travesía ecuestre de resistencia de 400 kilómetros po… [+2189 chars]","Alfonsina Maldonado won the Pass of Tears 2026, a 400 km race in Patagonia with cliffs and storms. The Uruguayan had Santiago Ruiz as a partner in a challenge that required resistance, strategy and mental strength","Alfonsina Maldonado gewann den Pass of Tears 2026, ein 400-km-Rennen in Patagonien mit Klippen und Stürmen. Der Uruguayer hatte Santiago Ruiz als Partner in einer Herausforderung, die Widerstand, Strategie und mentale Stärke erforderte","Alfonsina Maldonado transitum lacrymarum 2026 vicit, genus 400 km in Patagonia cum rupibus et procellis. Uruguayan socium habuit in provocatione Santiago Ruiz quae resistentia, consilio et viribus mentis postulabat",United States,CNA,North-America,wmo
16555458e94020c0f920b15c4b2981f3,2026-04-07T20:03:23Z,Precipitation,,veja.abril.com.br,pt,0.9,"Frente fria avança e aumenta risco de chuva forte no Sudeste nesta quarta, 8: saiba os estados mais afetados",Previsão do Climatempo indica tempo instável em grande parte do Brasil,https://veja.abril.com.br/agenda-verde/frente-fria-avanca-e-aumenta-risco-de-chuva-forte-no-sudeste-nesta-quarta-8-saiba-os-estados-mais-afetados/,"https://veja.abril.com.br/wp-content/uploads/2025/09/GettyImages-2207240997.jpg?quality=70&strip=info&resize=1080,565&crop=1",,"Pular para o conteúdo
Aniversário da Abril: VEJA por apenas 9,90Chuva em São Paulo (Faga Almeida/UCG/Universal Images Group/Getty Images)
Continua após publicidade
<ul><li>Nesta quarta, 8, o Brasi… [+3901 chars]","A cold front advances and increases the risk of heavy rain in the Southeast this Wednesday, 8th: find out the most affected states. Climatempo forecast indicates unstable weather in much of Brazil","An diesem Mittwoch, dem 8., rückt eine Kaltfront vor und erhöht die Gefahr von Starkregen im Südosten: Finden Sie heraus, welche Staaten am stärksten betroffen sind. Die Climatempo-Prognose deutet auf instabiles Wetter in weiten Teilen Brasiliens hin",Anterius frigus auget et periculum gravis pluviae in Southeast hac Mercurii die 8. auget: civitates affectatas inveniunt. Climatempo praenuntientur indicat instabiles tempestates in multa Brazil,,,,random
e65fc2e3b9814b680abaaa92def05cd1,2026-04-07T23:58:32Z,Earthquake,,www.lanacion.com.ar,es,0.3,Graciela Aráoz: “Siempre he sostenido que mi palabra es mi cuerpo: se desea como se escribe”,"Directora del Festival Internacional de Poesía de Buenos Aires y una de las impulsoras de la Sociedad de Escritoras y Escritores de la Argentina hace más de veinte años, publicó un nuevo poemario donde confluyen el deseo y los amores literarios",https://www.lanacion.com.ar/cultura/graciela-araoz-siempre-he-sostenido-que-mi-palabra-es-mi-cuerpo-se-desea-como-se-escribe-nid07042026/,https://resizer.glanacion.com/resizer/v2/graciela-araoz-publico-un-nuevo-poemario-el-rio-ZWDP4I6DMJEZ7DOHAWNT2Y3GEY.jpg?auth=54cf3480a5008cca795a88758c0aa2baa5bc5be128f4e7f233f65155d7cfbade&width=1200&quality=85&smart=true&height=675,,"En su nuevo poemario, El río que escribo (Aérea, de RIL Editores, $ 22.700), la escritora y gestora cultural Graciela Aráoz -directora del Festival Internacional de Poesía de Buenos Aires y actual vi… [+6029 chars]","Graciela Aráoz: “I have always maintained that my word is my body: it is desired as it is written.” Director of the Buenos Aires International Poetry Festival and one of the promoters of the Society of Writers of Argentina for more than twenty years, she published a new collection of poems where desire and literary loves come together.","Graciela Aráoz: „Ich habe immer behauptet, dass mein Wort mein Körper ist: Es wird so gewünscht, wie es geschrieben steht.“ Als Direktorin des Buenos Aires International Poetry Festival und seit mehr als zwanzig Jahren eine der Fördererinnen der Gesellschaft der Schriftsteller Argentiniens veröffentlichte sie eine neue Gedichtsammlung, in der Sehnsucht und literarische Liebe zusammenkommen.","Graciela Aráoz: « Semper affirmavi meum verbum esse corpus meum: desideratur ut scriptum est ». Director Buenos Aires Internationalis Poeticae Festival et unus ex auctoribus Societatis Scriptorum Argentinae plus quam viginti annos, novam collectionem carminum edidit ubi desiderium et amores literarii conveniunt.",Argentina,SES,South-America,usgs
bbda165684ad491c3f3343cab3a5c110,2026-04-08T02:11:34Z,ice jam,,www.youtube.com,ru,0.7,Ходорковский LIVE: ⚡️НОВОСТИ | ТРАМП ОБЪЯВИЛ ПЕРЕМИРИЕ | НАВОДНЕНИЕ УСИЛИТСЯ | ЭКСПОРТ НЕФТИ РУХНУЛ | КАДЫРОВ НА МОНЕТЕ (2026-08-04),"Главные новости к утру 8 апреля:
- Дональд Трамп согласился на двухнедельное перемирие после того как пообещал стереть Иран с лица земли. В сторону исламской республики уже вылетели американские бомбардировщики Б-52, способные нести ядерный боезаряд и восемь …",https://www.youtube.com/supported_browsers?next_url=https://www.youtube.com/watch%3Fv%3DH1mcAlJou3U,,,"Your browser isnt supported anymore. Update it to get the best YouTube experience and our latest features. Learn more
Remind me later","Khodorkovsky LIVE: ⚡️NEWS | TRUMP ANNOUNCED A TRUCE | FLOODING WILL INCREASE | OIL EXPORTS CRASHED | KADYROV ON THE COIN (2026-08-04). The main news for the morning of April 8:
- Donald Trump agreed to a two-week truce after promising to wipe Iran off the face of the earth. American B-52 bombers, capable of carrying a nuclear warhead and eight...","Chodorkowski LIVE: ⚡️NEWS | TRUMP KÜNDIGT EINEN WAFFENSTAND AN | Überschwemmungen werden zunehmen | ÖL-EXPORTE ABGESCHLOSSEN | KADYROV AUF DER MÜNZE (04.08.2026). Die wichtigsten Nachrichten am Morgen des 8. April: - Donald Trump stimmte einem zweiwöchigen Waffenstillstand zu, nachdem er versprochen hatte, den Iran von der Erdoberfläche zu tilgen. Amerikanische B-52-Bomber, die einen Atomsprengkopf und acht... tragen können.","Khodorkovsky LIVE: ⚡️NEWS | BUCINUM denuntiavit inducias | DILATIO crescet | CIL EXPORTS concrepuit | KADYROV DE NUMMO (2026-08-04). Praecipuum nuntium mane Aprili VIII: - Donald Trump consensit inducias duas hebdomadas postquam pollicitus est Iranam abstergendam faciem terrae esse. American B-52 bombers, capax belli nuclei et octo...",,,,random
9546b92ca47cad042b3cce242edbf421,2026-04-08T02:44:39Z,Drought,,news.yahoo.co.jp,ja,0.375,高市首相と「安倍元首相の側近」大ゲンカが勃発！　官邸の内幕をレポート　「秘書官たちは、総理を支える気がなくなっている」（デイリー新潮） - Yahoo!ニュース,"“国難”の今、日本のかじ取りを担う高市早苗首相（65）と、側近たちとの間には埋め難い深い溝が生じているという。いったい何が起きているのか。主が求心力を失った官邸の内幕をリポートする。

　＊＊＊",https://news.yahoo.co.jp/articles/c9ef818406b1d5471a7ea26abc52f4fba017a514,https://newsatcl-pctr.c.yimg.jp/t/amd-img/20260408-00010001-shincho-000-1-view.jpg?exp=10800,,"- - - - - - - - Copyright © 2026 SHINCHOSHA 
© LY Corporation","A big fight breaks out between Prime Minister Takaichi and ""former Prime Minister's aide""! Report on the inner workings of the Prime Minister's Office: ``Secretaries are no longer willing to support the Prime Minister'' (Daily Shincho) - Yahoo! News. In this time of ``national crisis,'' there is reportedly a deep gap between Prime Minister Sanae Takaichi (65), who is responsible for steering Japan, and her aides that are difficult to bridge. What on earth is happening? We will report on the inner workings of the official residence where the master has lost his centripetal force.

　＊＊＊","Zwischen Premierminister Takaichi und dem „Berater des ehemaligen Premierministers Abe“ kommt es zu einem heftigen Streit! Bericht über die Vorgänge im Büro des Premierministers: „Sekretäre sind nicht länger bereit, den Premierminister zu unterstützen“ (Daily Shincho) – Yahoo! Nachricht. In dieser Zeit der „nationalen Krise“ besteht Berichten zufolge eine tiefe Kluft zwischen Premierministerin Sanae Takaichi (65), die für die Führung Japans verantwortlich ist, und ihren Beratern, die schwer zu überbrücken ist. Was zum Teufel ist da los? Wir berichten über das Innenleben des Amtssitzes, in dem der Meister seine Zentripetalkraft verloren hat.  ＊＊＊","Magna pugna inter Primo Ministrum Takaichi et ""auxilium Primi Ministri pristini"" erumpit! Referre de internis operibus Officii Primi Ministri: `Secretarii non amplius volunt Primi Ministri sustinere' (Shincho Cotidie) - Yahoo! Nuntium. In hoc tempore `discriminis nationalis,' parem inter Primo Ministrum Sanae Takaichi (65), qui ad Iaponiam gubernandam et ad pontes difficiles adiutores gubernandos pertinet, in promptu est. Quid in terris agitur? Narrabimus de operibus residentiae officialis ubi dominus vim centripetam amiserit.

　.",Australia,CAU,Oceania,acwe
85cf66c0e64dff295756090ed0521044,2026-04-08T03:32:24Z,Earthquake,,www.dailyshincho.jp,ja,0.625,高市首相と「安倍元首相の側近」大ゲンカが勃発！　官邸の内幕をレポート　「秘書官たちは、総理を支える気がなくなっている」 | デイリー新潮,「週刊新潮」の発売前日に速報が届く！ メールマガジン登録 デイリー新潮とは？ 広告掲載について お問い合わせ 著作権・リンクについて ご購入について 免責事項 プライバシーポリシー データポリシー 運営：株式会社新潮社 Copyright © SHINCHOSHA All Rights Reserved. すべての画像・データについて無断転用・無断転...,https://www.dailyshincho.jp/article/2026/04081132/,https://www.dailyshincho.com/wp-content/uploads/2026/04/1439418_1.jpg,http://web.archive.org/web/20260409025653/https://www.dailyshincho.jp/article/2026/04081132/,Copyright © SHINCHOSHA All Rights Reserved.,"A big fight breaks out between Prime Minister Takaichi and ""former Prime Minister's aide""! Report on what goes on inside the Prime Minister's office: ""Secretaries are no longer willing to support the Prime Minister"" | Daily Shincho. Breaking news arrives the day before the release of ""Weekly Shincho""! Email newsletter registration What is Daily Shincho? About Advertising Contact Us About Copyrights and Links About Purchases Disclaimer Privacy Policy Data Policy Operated by: Shinchosha Co., Ltd. Copyright © SHINCHOSHA All Rights Reserved. All images and data may be used without permission.","Zwischen Premierminister Takaichi und dem „Berater des ehemaligen Premierministers“ kommt es zu einem heftigen Streit! Bericht über die Vorgänge im Büro des Premierministers: „Sekretäre sind nicht länger bereit, den Premierminister zu unterstützen“ | Täglicher Shincho. Eilmeldungen kommen einen Tag vor der Veröffentlichung von „Weekly Shincho“! E-Mail-Newsletter-Anmeldung Was ist Daily Shincho? Über Werbung Kontaktieren Sie uns über Urheberrechte und Links Über Käufe Haftungsausschluss Datenschutzrichtlinie Datenrichtlinie Betrieben durch: Shinchosha Co., Ltd. Copyright © SHINCHOSHA Alle Rechte vorbehalten. Alle Bilder und Daten dürfen ohne Genehmigung verwendet werden.","Magna pugna inter Primo Ministrum Takaichi et ""priorem Ministrum Abe adiutorem"" erumpit! Report de internis Officii Ministri Primi Ministri: `Secretarii voluntatem primi Ministri sustinendi amiserunt' | Cotidiana Shincho. Nuntium fractionis advenit Pridie quam emissio `Weekly Shincho'! Email newsletter registration What is Daily Shincho? About Advertising Contact Us About Copyrights and Links About Purchases Disclaimer Privacy Policy Data Policy Operated by: Shinchosha Co., Ltd. Copyright © SHINCHOSHA All Rights Reserved. Omnes imagines et notitia sine permissione adhiberi possunt.",Japan,EAS,Asia,usgs
a718c456b2e9ba0a07679dc238b09077,2026-04-08T12:31:41Z,Volcano,,www.protothema.gr,el,0.9,1.000 χρόνια οι άνθρωποι έτρωγαν στο ίδιο σημείο: Και κάπως έτσι δημιουργήθηκε ένα ολόκληρο νησί,"Στα Φίτζι υπάρχει ένα μικρό νησί που δεν δημιουργήθηκε από ηφαίστειο ή άμμο, αλλά από αιώνες επαναλαμβανόμενων ανθρώπινων πράξεων που άλλαξαν αθόρυβα τη φύση | Best of network",https://www.protothema.gr/best-of-network/article/1800537/1000-hronia-oi-anthropoi-etrogan-sto-idio-simeio-kai-kapos-etsi-dimiourgithike-ena-olokliro-nisi/,https://www.protothema.gr/images/640x360share/jpg/files/2026-04-08/arthrou-fiji.jpg,,"To Vanua Levu . , « ». , . , , , ., . , , . , . , .
: https://www.gazzetta.gr","For 1,000 years people ate in the same spot: And that's how an entire island was created. In Fiji there is a small island that was not created by a volcano or sand, but by centuries of repeated human actions that quietly changed nature | Best of network","1000 Jahre lang aßen die Menschen an derselben Stelle: Und so entstand eine ganze Insel. Auf Fidschi gibt es eine kleine Insel, die nicht durch einen Vulkan oder Sand entstanden ist, sondern durch jahrhundertelange wiederholte menschliche Eingriffe, die die Natur still und leise verändert haben | Das Beste aus dem Netzwerk","Nam 1,000 annos homines eodem in loco edebant: Sic tota insula creata est. In Fiji parva insula est quae a vulcano vel arena creata non est, sed per saecula crebris actionibus humanis quae naturam quiete mutaverunt | Optimus retis",,,,random
6089f4e51acb59f7756bbb6b99d66bc2,2026-04-08T15:19:55Z,Landslide,,www.protothema.gr,el,0.9,"Μεγάλη κατολίσθηση με μέτωπο 4 χιλιομέτρων έκοψε στα δύο την Ιταλία, δείτε βίντεο",Ο Ιταλικός Τύπος μιλά για μια από τις μεγαλύτερες κατολισθήσεις της Ευρώπης - Την προκάλεσαν σφοδρές βροχές των τελευταίων ημερών | Ιταλία | Κατολίσθηση | Κόσμος,https://www.protothema.gr/world/article/1800654/megali-katolisthisi-me-metopo-4-hiliometron-ekopse-sta-duo-tin-italia-deite-video/,https://www.protothema.gr/images/640x360share/jpg/files/2026-04-08/italia-katolisthisi.jpg,,"To view this video please enable JavaScript, and consider upgrading to a
 web browser that supports HTML5 video","Large landslide with a front of 4 km cut Italy in two, see video. The Italian press talks about one of Europe's biggest landslides - It was caused by heavy rains of the last days | Italy | Landslide | World","Großer Erdrutsch mit einer Front von 4 km teilte Italien in zwei Teile, siehe Video. Die italienische Presse spricht von einem der größten Erdrutsche Europas – Er wurde durch heftige Regenfälle der letzten Tage verursacht | Italien | Erdrutsch | Welt","Magnae LAPSUS cum fronte 4 km secabit Italiam in duas, vide video. Italica diurnaria loquitur de una maxima proruit Europae - Is causata est ex imbribus novissimorum dierum | Italia | Landslide | Mundus",,,,random
7a8bfcbc23018b166d9c942054cdaf17,2026-04-08T22:44:04Z,Heat Wave,,life.ru,ru,0.7,Клава Кока посвятила песню Диме Масленникову после объявления о помолвке,"Клава Кока впервые вышла на сцену вместе с блогером Димой Масленниковым. Это случилось после того, как пара объявила о помолвке. Певица посвятила жениху песню на премии «Жара Media Awards» в Москве.",https://life.ru/p/1861426,https://static.life.ru/ip/unsafe/rs:fit:1200:/q:98/sh:0.5/czM6Ly9saWZlLXN0YXRpYy9wdWJsaWNhdGlvbnMvMjAyNi80LzgvMzY5NDE1MzMyNzE5Ljk0NTIuanBlZw==.webp,,". , . « Media Awards» .
 . . .
 . . . . , .
, . . .
, «» Life.ru.",Klava Koka dedicated the song to Dima Maslennikov after announcing their engagement. Klava Koka first appeared on stage together with blogger Dima Maslennikov. This happened after the couple announced their engagement. The singer dedicated a song to her groom at the Heat Media Awards in Moscow.,"Klava Koka widmete das Lied Dima Maslennikov, nachdem sie ihre Verlobung bekannt gegeben hatte. Klava Koka stand erstmals zusammen mit der Bloggerin Dima Maslennikov auf der Bühne. Dies geschah, nachdem das Paar seine Verlobung bekannt gegeben hatte. Bei den Heat Media Awards in Moskau widmete die Sängerin ihrem Bräutigam ein Lied.",Canticum Klava Koka Dima Maslennikov dedicavit postquam pugnam suam nuntiaverunt. Klava Koka primus in scaena una cum blogger Dima Maslennikov apparuit. Hoc factum est postquam duo proelium commiserunt. Cantor canticum sponso suo in Media Praemia Moscuae Calori dedicavit.,Russia,ESB,Europe,wmo
e822dbe37313c8631a9d6e261f1e6257,2026-04-09T01:52:21Z,Flood,,www.abc.net.au,en,0.2,'Melbourne-like weather' predicted for SA's Gather Round,"AFL fans are facing a weekend of wet weather for Gather Round as the South Australian Premier says he is ""not going to rush"" negotiations on the future of the event.",https://www.abc.net.au/news/2026-04-09/wet-weekend-in-adelaide-ahead-of-afl-gather-round/106545172,https://live-production.wcms.abc-cdn.net.au/12277c4a19b32af71924f91f44fc8afb?impolicy=wcms_watermark_news&cropH=2268&cropW=4032&xPos=0&yPos=582&width=862&height=485&imformat=generic,http://web.archive.org/web/20260410030753/https://www.abc.net.au/news/2026-04-09/wet-weekend-in-adelaide-ahead-of-afl-gather-round/106545172,"AFL fans are facing a weekend of wet weather for Gather Round as the South Australian Premier says he is ""not going to rush"" negotiations on the future of the event.
Adelaide Oval attendees have bee… [+2705 chars]","'Melbourne-like weather' predicted for SA's Gather Round. AFL fans are facing a weekend of wet weather for Gather Round as the South Australian Premier says he is ""not going to rush"" negotiations on the future of the event.","„Melbourne-ähnliches Wetter“ wird für die Gather Round in Südafrika vorhergesagt. Den AFL-Fans steht bei der Gather Round ein Wochenende mit nassem Wetter bevor, da der südaustralische Premier sagt, er werde die Verhandlungen über die Zukunft der Veranstaltung „nicht überstürzen“.","Quasi tempestas melbourne praedictum est pro Round SA colligendi. AFL fans contra volutpat tempestatis humidi sunt ad colligentes Circum sicut SUMMUS Australiae Australis dicit se ""non ruturum"" negotia futuri eventus.",Australia,CAU,Oceania,wmo
c90e21099217c5133fb8ff77df3628d9,2026-04-09T02:47:13Z,Storm,,www.rbbtoday.com,ja,0.9,BTS、ワールドツアー本日（9日）開幕！“360ステージ”で届ける完全体パフォーマンスに期待最高潮,BTSのワールドツアーがついに開幕する。,https://www.rbbtoday.com/article/2026/04/09/246343.html,https://www.rbbtoday.com/imgs/ogp_f/1003077.jpg,,"BTS
BTS49BTS WORLD TOUR ARIRANG
ALV
BTS3275thARIRANGSWIM2.0MVHooliganMV
SWIMBTS2.0Hooligan2.0Hooligan
SWIM2.01YouTube600400HooliganMV2480011000SWIMLive Clip II. (Swimming Pool ver.)
BTS WORLD T… [+48 chars]","BTS, world tour begins today (9th)! Expectations are high for the complete performance that will be delivered on the “360 stage”. BTS’s world tour has finally begun.","BTS, Welttournee beginnt heute (9.)! Die Erwartungen an die Gesamtleistung, die auf der „360°-Bühne“ geboten wird, sind hoch. Die Welttournee von BTS hat endlich begonnen.","BTS, mundi pretium hodie incipit (9th)! Exspectationes altae sunt ad perficiendum perficiendum quod in «360 scaena traditum est». BTS mundi pretium est tandem incipiens.",,,,random
0dd686e792e73bdfd9ec02f1e952c1ae,2026-04-09T03:00:00Z,Drought,,prtimes.jp,ja,0.375,時代劇マンガの名匠が描く「時代劇BL」の傑作『天稟 （てんぴん）1巻』ついに全書店版配信開始！,"[株式会社新潮社]
時代劇マンガの名匠として知られる高瀬理恵が、名義を「たかせりえ」に改めて挑んだ新境地――それが“本格時代劇BL”『天稟（てんぴん）』です。
2025年よりコミックシーモアにて連載がスタートし、ついに2026年4月9...",https://prtimes.jp/main/html/rd/p/000002800.000047877.html,https://prcdn.freetls.fastly.net/release_image/47877/2800/47877-2800-95a80adf6090af261e7d0e5d25fa6221-844x1200.jpg?format=jpeg&auto=webp&fit=bounds&width=2400&height=1260,,Copyright © PR TIMES Corporation All Rights Reserved.,"“Tenpin Volume 1”, a masterpiece of “historical drama BL” drawn by a master historical drama manga artist, is finally available at all bookstores! [Shinchosha Co., Ltd.] Rie Takase, who is known as a master of historical drama manga, has taken on a new challenge under the name ``Rie Takase'' - that is the ``authentic period drama BL'' ``Tenpin''. The series will start in Comic Seymour from 2025, and will finally be published on April 9, 2026...","„Tenpin Volume 1“, ein Meisterwerk des „historischen Dramas BL“, gezeichnet von einem meisterhaften historischen Drama-Manga-Künstler, ist endlich in allen Buchhandlungen erhältlich! [Shinchosha Co., Ltd.] Rie Takase, die als Meisterin des historischen Manga-Dramas bekannt ist, hat sich unter dem Namen „Rie Takase“ einer neuen Herausforderung gestellt – dem „authentischen Historiendrama BL“ „Tenpin“. Die Serie startet ab 2025 im Comic Seymour und erscheint schließlich am 9. April 2026...","""Tenpin Volume 1"", magisterium ""dramatis historici BL"" a magistro historico dramatis manga artificio extractum, tandem praesto est omnibus libellis! [Shinchosha Co., Ltd.]
Rie Takase, qui magister periodi dramatis manga notus est, novam provocationem sumpsit sub nomine `Rie Takase'' - hoc est `drama authenticum tempus BL'' `Tenpin'.
Series in Comic Seymour ab 2025 incipiet, ac demum die 9 Aprilis 2026. edetur.",Faroe Islands,NEU,Europe,edo
7e1b5de3083d3407745d52d506d158c2,2026-04-09T03:11:45Z,ice jam,,www.youtube.com,ru,0.7,Ходорковский LIVE: ⚡️НОВОСТИ | НАВОДНЕНИЕ УГРОЖАЕТ МОСКВЕ | ПАРАД ПОБЕДЫ ОТМЕНЯЮТ | КОЛЛАПС БЮДЖЕТА | ПЕРЕМИРИЮ КОНЕЦ (2026-09-04),"Главные новости к утру 9 апреля:
- Наводнения – уже по всей России. Паводки пришли в Поволжье и даже подбираются к Москве. В Дагестане - хотя накануне вроде как проблемой озаботился Путин и даже ввел в регионе режим ЧС – по-прежнему сущий кошмар. Люди справля…",https://www.youtube.com/supported_browsers?next_url=https://www.youtube.com/watch%3Fv%3DAqTpYHixrB0,,,"Your browser isnt supported anymore. Update it to get the best YouTube experience and our latest features. Learn more
Remind me later","Khodorkovsky LIVE: ⚡️NEWS | FLOOD THREATENES MOSCOW | VICTORY PARADE CANCELED | BUDGET COLLAPSE | THE TRUCE IS ENDED (2026-09-04). The main news by the morning of April 9:
- Floods are already happening all over Russia. Floods have reached the Volga region and are even approaching Moscow. In Dagestan - although Putin seemed to be preoccupied with the problem the day before and even introduced a state of emergency in the region - it is still a complete nightmare. People are coping...","Chodorkowski LIVE: ⚡️NEWS | Überschwemmung bedroht Moskau | SIEGESPARADE ABGESAGT | HAUSHALTSKOLLAP | Der Waffenstillstand ist beendet (04.09.2026). Die wichtigsten Nachrichten am Morgen des 9. April: - In ganz Russland kommt es bereits zu Überschwemmungen. Überschwemmungen haben die Wolgaregion erreicht und nähern sich sogar Moskau. In Dagestan ist es immer noch ein absoluter Albtraum, obwohl Putin am Vortag offenbar mit dem Problem beschäftigt war und sogar den Ausnahmezustand in der Region verhängte. Die Leute kommen zurecht...",Khodorkovsky LIVE: ⚡️NEWS | DILUVIUM MINATICUM MOSCOW | VICTORIAM PARADE CANCELLED | BUDGET COLLAPSE | Inducias finitur (2026-09-04). Praecipuum nuntium mane diei 9 mensis Aprilis - diluvia iam per Russiam fiunt. Flumina Volgae regionem attigerunt et Moscuam etiam appropinquant. In Dagestan - quamquam Putin pridie quam quaestionem praeoccupari videbatur et etiam statum necessitatis in regione introduxit - adhuc completa visio nocturna est. Populus parietum...,,,,random
3b4c602a4f3b61201c8abedb0e53e78b,2026-04-09T03:52:55Z,Earthquake,,www.huffingtonpost.jp,ja,0.9,ブルーインパルス、熊本市での飛行ルート・時間は？熊本地震から10年【4月10・11日】,"熊本地震から10年の節目を迎えるにあたり、犠牲となった人々への追悼と復興を支えた人々への感謝を込め、熊本でアクロバット飛行チーム「ブルーインパルス」が展示飛行を実施する。
【画像】ブルーインパルスの飛行ルートがこれだ
飛行は4月11日午前11時5分頃から約20分間を予定。熊本市中心部から半径およそ10kmの空域を飛行し、東区戸島、西区河内町、南区富合町、北区植木町付近を通過する。展示飛行終了後は益城町、南阿蘇村を通過する計画だ。
前日の4月10日には、同じく午前11時5分頃から約20分間のテスト飛行も行われ…",https://www.huffingtonpost.jp/entry/story_jp_69d71217e4b0ccb589eadb35,https://img.huffingtonpost.com/asset/67fb1f9d1700002f00e1c45d.jpg?ops=1200_630,,"Skip to Main Content
10
4111152010km
41011520
 202610 916
20174 9
××","What is the flight route and time for Blue Impulse in Kumamoto City? 10th Anniversary of the Kumamoto Earthquake [April 10th and 11th]. To mark the 10th anniversary of the Kumamoto Earthquake, the aerobatic flight team ``Blue Impulse'' will conduct an exhibition flight in Kumamoto to commemorate the victims and express gratitude to those who supported the recovery. [Image] This is the flight route of Blue Impulse.The flight is scheduled to start at around 11:05 a.m. on April 11th and last for about 20 minutes. It will fly in an airspace approximately 10 km in radius from the center of Kumamoto City, passing near Tojima in Higashi Ward, Kawachi Town in Nishi Ward, Tomiai Town in Minami Ward, and Ueki Town in Kita Ward. After the demonstration flight, it plans to pass through Mashiki Town and Minamiaso Village. On the previous day, April 10th, a test flight of about 20 minutes was also conducted starting at around 11:05 a.m.","Wie ist die Flugroute und -zeit für Blue Impulse in Kumamoto City? 10. Jahrestag des Kumamoto-Erdbebens [10. und 11. April]. Anlässlich des 10. Jahrestages des Kumamoto-Erdbebens wird das Kunstflugteam „Blue Impulse“ einen Ausstellungsflug in Kumamoto durchführen, um der Opfer zu gedenken und denjenigen zu danken, die die Bergung unterstützt haben. [Bild] Dies ist die Flugroute von Blue Impulse. Der Flug soll am 11. April gegen 11:05 Uhr starten und etwa 20 Minuten dauern. Es wird in einem Luftraum mit einem Radius von etwa 10 km vom Zentrum der Stadt Kumamoto fliegen und in der Nähe von Tojima im Higashi-Bezirk, der Kawachi-Stadt im Nishi-Bezirk, der Tomiai-Stadt im Minami-Bezirk und der Ueki-Stadt im Kita-Bezirk vorbeifliegen. Nach dem Demonstrationsflug ist eine Durchquerung der Stadt Mashiki und des Dorfes Minamiaso geplant. Am Vortag, dem 10. April, wurde ebenfalls ein etwa 20-minütiger Testflug durchgeführt, der gegen 11:05 Uhr startete.","Quid est fuga itineris et tempus Blue Impetus in Kumamoto urbe? 10th Anniversarium Terrae Motus Kumamoto [April 10th and 11th]. Ad decimum 10 anniversarium anniversarium Terrae Kumamoto notandum, turmae fugae aerobaticae ` `Blue Impulse' in Kumamoto ostensionem faciet volatum ad victimas commemorandas et gratiam exprimendam illis qui recuperationem sustinent. [Imago] Haec est via fugae Blue Impulse. Fugae horarium est incipere circiter 11:05 a.m. die 11 mensis Aprilis et circiter XX minutarum. Volabit in aeroplano circiter 10 km in radio a centro urbis Kumamoto, prope Tojima in Higashi Ward, Kawachi oppidum in Nishi Ward, oppidum Tomiai in Minami Ward, et oppidum Ueki in Kita Ward. Post demonstrationem fugae, per Mashiki Oppidum et Minamiaso Village transire disponit. Proximo die ante diem tertium Idus Apriles, testium fugae circiter XX minutarum perductum est etiam incipiens circa 11:05 a.m.",,,,random
876e445c23877ccb1fde5581cd96997e,2026-04-09T08:00:00Z,Earthquake,,prtimes.jp,ja,0.9,【熊本市×港区】震災から10年、被災地の“今”と“教訓”を東京へ。,"[熊本市]
熊本市（市長：大西 一史）は、平成28年熊本地震から10年の節目を迎えるにあたり、令和8年4月13日（月）より東京都港区の高輪地区総合支所にて「-熊本地震から10年-防災パネル展」を開催します。本イベントでは、...",https://prtimes.jp/main/html/rd/p/000000234.000047922.html,https://prcdn.freetls.fastly.net/release_image/47922/234/47922-234-5432ed659d7341997839255800563964-3780x1890.png?format=jpeg&auto=webp&fit=bounds&width=2400&height=1260,,"28108413-10-10 
(1)8(2026)413()30() /8305
9450
(2)1 1625
(3)
(4)
2025810                 
TEL03-3262-3840 e-mailtoukyoujimusho@city.kumamoto.lg.jp","[Kumamoto City x Minato Ward] 10 years since the earthquake, we bring the “present” and “lessons” of the disaster area to Tokyo. [Kumamoto City] To mark the 10th anniversary of the 2016 Kumamoto Earthquake, Kumamoto City (Mayor: Kazushi Onishi) will hold the ``-10th Anniversary of the Kumamoto Earthquake'' from Monday, April 13, 2020 at the Takanawa District General Branch Office in Minato-ku, Tokyo. At this event...","[Kumamoto City x Minato Ward] 10 Jahre nach dem Erdbeben bringen wir die „Gegenwart“ und „Lehren“ des Katastrophengebiets nach Tokio. [Stadt Kumamoto] Anlässlich des 10. Jahrestages des Kumamoto-Erdbebens 2016 veranstaltet die Stadt Kumamoto (Bürgermeister: Kazushi Onishi) ab Montag, dem 13. April 2020, im Takanawa District General Branch Office in Minato-ku, Tokio, den „10. Jahrestag des Kumamoto-Erdbebens“. Bei dieser Veranstaltung...","[Kumamoto City x Minato Ward] X annis post terrae motum, ""praesentem"" et ""lectiones"" regionis calamitatis Tokyo deferimus. [Kumamoto City] Ad decimum 10 anniversarium anni MMXVI Kumamoto Terraemotus, urbs Kumamoto (Maior: Kazushi Onishi) tenebit `10th anniversarium Terrae motus Kumamoto' a die Lunae, XIII Aprilis, 2020 ad Takanawa Districtus Generalis Branch Officium in Minato-ku, Tokyo. Hoc eventu...",,,,random
5e2c173b9b8fc37ac4c98bd0b01c4bbd,2026-04-09T11:00:00Z,Storm,,www.theatlantic.com,en,0.3,Winners of the 2026 World Press Photo Contest,"The winning entries of this year’s World Press Photo Contest were just announced. This year, according to organizers, 57,376 images were submitted for judging, made by 3,747 photographers from 141 countries.",https://www.theatlantic.com/photography/2026/04/winners-2026-world-press-photo-contest/686733/,https://cdn.theatlantic.com/thumbor/t7c8__X9EZ1uPgE1opx0XSQv_8g=/0x615:4954x3195/1200x625/media/img/mt/2026/04/a01_115_Shrestha/original.jpg,,"Narendra Shrestha / EPA Images
West, Central, and South Asia, Singles—Nepal’s Gen Z Uprising: Fire and smoke engulf Singha Durbar after protesters stormed and set the government complex alight durin… [+15498 chars]","Winners of the 2026 World Press Photo Contest. The winning entries of this year’s World Press Photo Contest were just announced. This year, according to organizers, 57,376 images were submitted for judging, made by 3,747 photographers from 141 countries.",Gewinner des World Press Photo Contest 2026. Die Gewinnerbeiträge des diesjährigen World Press Photo Contest wurden gerade bekannt gegeben. Nach Angaben der Veranstalter wurden in diesem Jahr 57.376 Bilder von 3.747 Fotografen aus 141 Ländern zur Bewertung eingereicht.,"Victores de MMXXVI Orbis Terrarum Press Photo Contest. Victrices paginae huius anni Press Photo Conflictus modo nuntiati sunt. Hoc anno, secundum ordinatores, 57,376 imagines diiudicandae sunt, factae per 3,747 photographers ex 141 regionibus.",United States,CNA,North-America,wmo
c9c8d85a69bc868729bbad8269bc7f78,2026-04-09T11:53:00Z,Precipitation,,www.protothema.gr,el,0.9,Εντυπωσιακές εικόνες από δορυφόρο της NASA με τη χιονισμένη έρημο της Παταγονίας,"Το τοπίο στις πεδιάδες της νότιας Αργεντινής εμφανίζεται συχνά ξηρό, αλλά μια καταιγίδα στις αρχές Απριλίου κάλυψε μεγάλες εκτάσεις γης με χιόνι | Αργεντινή | Χιόνι | Παταγονία | NASA | Έρημος | Κόσμος",https://www.protothema.gr/world/article/1801125/eduposiaki-eikona-apo-doruforo-tis-nasa-me-ti-hionismeni-erimo-tis-patagonias/,https://www.protothema.gr/images/640x360share/jpg/files/2026-04-09/xioni-erimos.jpg,,"one-stop , . , online supermarket , .","Impressive NASA satellite images of the snowy Patagonian desert. The landscape on the plains of southern Argentina often appears dry, but an early April storm covered large swathes of land in snow | Argentina | Snow | Patagonia | NASA | Desert | World","Beeindruckende NASA-Satellitenbilder der verschneiten patagonischen Wüste. Die Landschaft in den Ebenen im Süden Argentiniens erscheint oft trocken, doch ein Sturm Anfang April bedeckte weite Landstriche mit Schnee | Argentinien | Schnee | Patagonien | NASA | Wüste | Welt","NASA magni ponderis satellite imagines deserti nivis Patagonian. Orbis Terrarum in campis Argentinae meridionalis saepe siccus apparet, sed tempestas matutina Aprilis magnis fasciculis terrae nivis obtecta est | Argentina | Nives | Patagonia | NASA | Desert | Mundus",,,,random
7433ce18ee8f5e921b33b339587c8a8b,2026-04-09T12:29:29Z,Cold Wave,,consent.yahoo.com,zh,0.5,小米 REDMI K90 Max 外觀公佈！太空銀配色+鋁合金中框，風扇格柵替代揚聲器開孔,"<ol><li>Yahoo新聞</li><li>新聞總覽</li><li>小米 REDMI K90 Max 外觀公佈！太空銀配色+鋁合金中框，風扇格柵替代揚聲器開孔</li></ol>
文章來源：Qooah.com
小米官方公佈 REDMI K90 Max 將於本月正式發佈並對外公佈了這款新機的外觀設計。該機延續了直屏與直邊結合的硬朗造型，並推出了太空銀配色，冷調銀色機身搭配鋁合金中框。整機輪廓與 K90 Pro Max 大體相似，背部依舊採用橫向大模組佈局，不過右側原有的揚聲器開孔被替換為風扇格柵，模組下方…",https://consent.yahoo.com/v2/collectConsent?sessionId=1_cc-session_7e41e5ee-1c16-4ff5-a44d-2d145c358ba9,,,"If you click 'Accept all', we and our partners, including 251 who are part of the IAB Transparency &amp; Consent Framework, will also store and/or access information on a device (in other words, use … [+1045 chars]","Xiaomi REDMI K90 Max appearance revealed! Space silver color + aluminum alloy middle frame, fan grille instead of speaker opening. <ol><li>Yahoo News</li><li>News Overview</li><li>Xiaomi REDMI K90 Max appearance announced! Space silver color + aluminum alloy middle frame, fan grille replaces speaker opening</li></ol>
Article source: Qooah.com
Xiaomi officially announced that the REDMI K90 Max will be officially released this month and announced the appearance design of this new phone. The machine continues the tough shape of a straight screen and straight edges, and is available in space silver color, with a cold-toned silver body and an aluminum alloy middle frame. The overall outline of the machine is roughly similar to that of the K90 Pro Max. The back still uses a large horizontal module layout, but the original speaker opening on the right side has been replaced with a fan grille, and below the module...","Xiaomi REDMI K90 Max Auftritt angekündigt! Space-Silberfarbe + Mittelrahmen aus Aluminiumlegierung, Lüftergitter ersetzt Lautsprecheröffnung.<ol><li> Yahoo-Neuigkeiten</li><li> Nachrichtenübersicht</li><li> Xiaomi REDMI K90 Max Auftritt angekündigt! Space-Silberfarbe + Mittelrahmen aus Aluminiumlegierung, Lüftergitter ersetzt Lautsprecheröffnung</li></ol> Artikelquelle: Qooah.com Xiaomi gab offiziell bekannt, dass das REDMI K90 Max diesen Monat offiziell veröffentlicht wird, und kündigte das Erscheinungsbild dieses neuen Telefons an. Die Maschine setzt die robuste Form fort, die gerade Bildschirme mit geraden Kanten kombiniert, und ist in der Farbe Space Silver mit einem kalt getönten silbernen Gehäuse und einem Mittelrahmen aus Aluminiumlegierung erhältlich. Der Gesamtaufbau des Geräts ähnelt in etwa dem des K90 Pro Max. Auf der Rückseite wird immer noch ein großes horizontales Modullayout verwendet, aber die ursprüngliche Lautsprecheröffnung auf der rechten Seite wurde durch ein Lüftergitter ersetzt, und unterhalb des Moduls ...","Xiaomi REDMI K90 Max species revelata! Spatium argenteum colorem + aluminium mixturae mediae tabulae, cratem ventilabrum loco loquentis aperiens. <ol><li>Yahoo Nuntii</li><li>Nuntii Overview</li><li>Xiaomi REDMI K90 Max specie nuntiata! Spatium argenteum colorem + aluminium mixturae mediae tabulae, cratem ventilabrum foramen oratorium substituit</li></ol>
Articulus fons: Qooah.com
Xiaomi publice denuntiavit REDMI K90 Max publice hoc mense solvendum esse et consilium speciei huius telephonicii nuntiavit. Machina pergit lenta figuram recti tegumentum et oras rectas, et praesto est in spatio argenteo colore, cum corpore frigido toned argenteo et aluminium mixturae mediae corporis. Forma totius machinae fere similis est cum K90 Pro Max. Dorsum adhuc magna extensione moduli horizontalis utitur, sed aperitio oratoris originalis in dextra parte reposita est cum crate ventilabro et infra modulum...",China,EAS,Asia,wmo
264fbac9eba2b8183f94e23914298752,2026-04-09T13:05:54Z,Cold Wave,,consent.yahoo.com,zh,0.25,OPPO Find X9 Ultra 官宣！哈蘇大師模式原生菲林，九款風格,"<ol><li>Yahoo新聞</li><li>新聞總覽</li><li>OPPO Find X9 Ultra 官宣！哈蘇大師模式原生菲林，九款風格</li></ol>
文章來源：Qooah.com
OPPO 將於 4月21日晚舉行 OPPO x 哈蘇影像新品聯合發佈會，將推出 Find X9s Pro、Find X9 Ultra 等新裝置。4月8日，OPPO Find系列產品負責人卓世傑表示，Find X9s Pro、Find X9 Ultra兩款機型均支援全新哈蘇大師模式原生菲林，支援九款菲林風格。
原…",https://consent.yahoo.com/v2/collectConsent?sessionId=1_cc-session_a4738038-d348-4262-83e0-a946bedf3efa,,,"If you click 'Accept all', we and our partners, including 251 who are part of the IAB Transparency &amp; Consent Framework, will also store and/or access information on a device (in other words, use … [+1045 chars]","OPPO Find X9 Ultra official announcement! Hasselblad master mode native film, nine styles.<ol><li> Yahoo news</li><li> News overview</li><li> OPPO Find X9 Ultra official announcement! Hasselblad master mode native film, nine styles</li></ol> Article source: Qooah.com OPPO will hold a joint OPPO x Hasselblad imaging new product launch conference on the evening of April 21, and will launch new devices such as Find X9s Pro and Find X9 Ultra. On April 8, OPPO Find series product manager Zhuo Shijie said that both Find X9s Pro and Find X9 Ultra models support the new Hasselblad master mode native film and support nine film styles. Original…","Offizielle Ankündigung von OPPO Find X9 Ultra! Hasselblad-Mastermodus für native Filme, neun Stile.<ol><li> Yahoo-Neuigkeiten</li><li> Nachrichtenübersicht</li><li> Offizielle Ankündigung von OPPO Find X9 Ultra! Hasselblad-Mastermodus für native Filme, neun Stile</li></ol> Artikelquelle: Qooah.com OPPO wird am Abend des 21. April eine gemeinsame OPPO x Hasselblad Imaging-Konferenz zur Einführung neuer Produkte abhalten und neue Geräte wie Find X9s Pro und Find X9 Ultra auf den Markt bringen. Am 8. April sagte Zhuo Shijie, Produktmanager der OPPO Find-Serie, dass sowohl die Modelle Find X9s Pro als auch Find X9 Ultra den neuen nativen Hasselblad-Master-Modus und neun Filmstile unterstützen. Original…","OPPO Reperio X9 Ultra publica denuntiatio! Dominus Hasselblad modus cinematographici nativi, novem styli.<ol><li> Yahoo nuntium</li><li> News overview</li><li> OPPO Reperio X9 Ultra publica denuntiatio! Dominus Hasselblad modus cinematographici nativae, novem styli</li></ol> Articulus fons: Qooah.com OPPO iuncturam OPPO x Hasselblad imaginem novi operis deducendi colloquium in vespera diei 21 Aprilis habebit, et novas cogitationes mittet ut X9s Pro Reperio et X9 Ultra Find. Pridie Kalendas Apriles, OPPO Reperio seriem producti procuratorem Zhuo Shijie dixit utrumque Find X9s Pro et X9 Ultra exempla sustinere novum dominum Hasselblad modum cinematographici nativi ac novem styli cinematographici sustinendum. Originale…",China,EAS,Asia,wmo
ed160a96974bc381679d939da609ca90,2026-04-09T15:12:28Z,Storm,,www.youtube.com,ru,0.2,Ходорковский LIVE: Обыски в Москве. Россиян обманули с ЖКХ. Дочь Путина выступила. В РПЦ обличили инопланетян | ВОЗДУХ (2026-09-04),"Сегодня в программе «Воздух»:
- Главные новости 9 апреля.
- Перемирие Ирана и США может быть прервано.
- В центре Москвы проходят обыски в офисе «Новой Газеты».
- Младшая дочь Владимира Путина Катерина Тихонова выступила на форуме Data Fusion.
- Житель Красно…",https://www.youtube.com/supported_browsers?next_url=https://www.youtube.com/watch%3Fv%3DMa6H1Bv4zRo,,,"Your browser isnt supported anymore. Update it to get the best YouTube experience and our latest features. Learn more
Remind me later","Khodorkovsky LIVE: Searches in Moscow. The Russians were deceived by the housing and communal services. Putin's daughter spoke. The Russian Orthodox Church denounced aliens | AIR (2026-09-04). Today on the “Air” program:
- Main news on April 9.
- The truce between Iran and the United States may be interrupted.
- In the center of Moscow, searches are taking place at the office of Novaya Gazeta.
- Vladimir Putin’s youngest daughter Katerina Tikhonova spoke at the Data Fusion forum.
- Resident of Krasno...","Chodorkowski LIVE: Durchsuchungen in Moskau. Die Russen wurden von den Wohnungs- und Kommunaldiensten getäuscht. Putins Tochter sprach. Die Russisch-Orthodoxe Kirche verurteilte Ausländer | LUFT (04.09.2026). Heute im „Air“-Programm:
- Hauptnachrichten vom 9. April.
- Der Waffenstillstand zwischen Iran und den Vereinigten Staaten könnte unterbrochen werden.
- Im Zentrum von Moskau finden Durchsuchungen im Büro der Nowaja Gaseta statt.
- Wladimir Putins jüngste Tochter Katerina Tikhonova sprach auf dem Data Fusion-Forum.
- Einwohner von Krasno...","Khodorkovsky VIVERE: Inquisitiones Moscuae. Russi officia habitationum et communitatum decepti sunt. Putin filia locutus est. Orthodoxae Russicae Ecclesiae alienigenis denuntiarunt | AER (2026-09-04). Hodie in progressio ""Aeris"":
— Praecipuum nuntium die 9 Aprilis.
- Indutiae inter Iran et Civitates Americae Unitas interrumpere possunt.
- In centro Moscuae, inquisitiones fiunt in officio Novayae Gazetae.
- Vladimir Putin filia minimus Katerina Tikhonova in foro Data Fusion locutus est.
- Residens Krasno...",Australia,SAU,Oceania,aidr
c70e4b0d09e8fa43138f294b11d644bd,2026-04-09T15:16:43Z,Snow&Ice,,www.ilpost.it,it,0.2,L’Argentina vuole facilitare le attività minerarie nelle zone dei ghiacciai,"Con una legge appena approvata dal parlamento, che secondo gli ambientalisti danneggerà parecchio le riserve idriche del paese",https://www.ilpost.it/2026/04/09/argentina-legge-tutela-ghiacciai/,https://static-prod.cdnilpost.com/wp-content/uploads/2026/04/09/1775744946-ilpost_20260409162839656_5db715a404ea085488dfd71b97ad87e4.jpg,,Il parlamento argentino ha approvato una riforma molto contestata dagli ambientalisti che facilita le attività minerarie nelle aree del paese in cui si trovano i ghiacciai. Dora in poi saranno le pro… [+2788 chars],"Argentina wants to facilitate mining activities in glacier areas. With a law just approved by parliament, which according to environmentalists will significantly damage the country's water reserves","Argentinien will Bergbauaktivitäten in Gletschergebieten erleichtern. Mit einem gerade vom Parlament verabschiedeten Gesetz, das laut Umweltschützern die Wasserreserven des Landes erheblich schädigen wird","Argentina actiones fodiendi in locis glacieris faciliorem esse vult. Lege iusta a parlamento approbata, quae iuxta environmentalistae subsidia aquae patriae significanter laedunt",Switzerland,WCE,Europe,wmo
77dfd29b8b00bf3c88146f32479bf2c7,2026-04-09T15:57:09Z,Fog,,consent.yahoo.com,zh,0.25,DJI 於 4月精選優惠，DJI Neo 只需 HK$999 起,"<ol><li>Yahoo新聞</li><li>新聞總覽</li><li>DJI 於 4月精選優惠，DJI Neo 只需 HK$999 起</li></ol>
文章來源：Qooah.com
DJI
於 4 月時份推出復活節精選優惠，與大眾齊齊歡渡佳節。復活節精選優惠包括 DJI 多款產品，除了飛機類及手持類外，HOME 產品亦推出優惠。當中最搶眼必然是 DJI Neo 淨機售價只要 HK$999，入門必搶；另 DJI Mic 3、Mic 2、Osmo Mobile 7P、DJI RS 4 Mini 及 DJ…",https://consent.yahoo.com/v2/collectConsent?sessionId=1_cc-session_d9eb909e-2c3a-4ab1-994f-46d7eb182332,,,"If you click 'Accept all', we and our partners, including 251 who are part of the IAB Transparency &amp; Consent Framework, will also store and/or access information on a device (in other words, use … [+1045 chars]","DJI’s selected offers in April, DJI Neo starts at only HK$999. <ol><li>Yahoo News</li><li>News Overview</li><li>DJI’s selected offers in April, DJI Neo starts at HK$999</li></ol>
Article source: Qooah.com
DJI
We will launch special Easter offers in April to celebrate the festival with everyone. Easter special offers include a variety of DJI products. In addition to aircraft and handheld products, HOME products also have discounts. The most eye-catching among them is definitely the DJI Neo, which is priced at only HK$999. It is a must-have for beginners. There are also DJI Mic 3, Mic 2, Osmo Mobile 7P, DJI RS 4 Mini and DJ...","DJIs ausgewählte Angebote im April, DJI Neo startet bei nur HK$999. <ol><li>Yahoo News</li><li>News-Übersicht</li><li>DJIs ausgewählte Angebote im April, DJI Neo startet bei HK$999</li></ol>
Artikelquelle: Qooah.com
DJI
Wir werden im April spezielle Osterangebote starten, um das Fest mit allen zu feiern. Die Sonderangebote zu Ostern umfassen eine Vielzahl von DJI-Produkten. Neben Flugzeug- und Handheld-Produkten gibt es auch für HOME-Produkte Rabatte. Der auffälligste unter ihnen ist definitiv der DJI Neo, der nur 999 HK$ kostet. Es ist ein Muss für Anfänger. Außerdem gibt es DJI Mic 3, Mic 2, Osmo Mobile 7P, DJI RS 4 Mini und DJ...","DJI speciales condiciones pro Aprili DJI Neo-HK$999 tantum incipit.<ol><li> Yahoo nuntium</li><li> News overview</li><li> DJI speciales condiciones mense Aprili DJI Neo-HK$ 999 . incipit a</li></ol> Articulus fons: Qooah.com DJI deductae delecti infringo paschali mense Aprili ad celebrandum diem festum cum publico. Paschae speciale offert varios fructus DJI. Praeter elit et products manuteneati, products HOME etiam infringo habent. Maxime oculorum captans apud eos est certus DJI Neo, qui tantum HK$999 precii est. Debetur incipientibus. Altera DJI Mic 3, Mic 2, Osmo Mobile 7P, DJI RS 4 Mini et DJ…",China,EAS,Asia,wmo
ddf24d30a8688ebd346fcd99976ce6be,2026-04-09T16:16:20Z,Landslide,,www.protothema.gr,el,0.9,"Λαζαρίδης: Το ΠΑΣΟΚ λειτουργεί ως ουρά του Πολάκη και του Κασσελάκη, καταφεύγει στη λάσπη και τα fake news","Κάνει λόγο για «νέα συγκυβέρνηση» που –κατά τον ίδιο– οραματίζεται ο Νίκος Ανδρουλάκης, «χωρίς πρόγραμμα, χωρίς σοβαρότητα, με μοναδικό εργαλείο την τοξικότητα» | Παύλος Πολάκης | Μακάριος Λαζαρίδης | ΠΑΣΟΚ | Πολιτική",https://www.protothema.gr/politics/article/1801286/lazaridis-to-pasok-leitourgei-os-oura-tou-polaki-kai-tou-kasselaki-katafeugei-sti-laspi-kai-ta-fake-news/,https://www.protothema.gr/images/640x360share/jpg/files/2025-11-19/maakriso-lazaridis.jpg,,", ., « » , , « fake news», « » .
, « » , « , , »., «», , «The College of Southeastern Europe», , . , « ».
, «», « », « ».
« 
 , , ., fake news, . « » : , , . , «», . ( «The College of Southeaster… [+10 chars]","Lazaridis: PASOK acts as the tail of Polakis and Kasselakis, resorting to mud and fake news. He speaks of a ""new co-government"" that - according to him - is envisioned by Nikos Androulakis, ""without a program, without seriousness, with the only tool being toxicity"" | Pavlos Polakis | Makarios Lazaridis | PASOK | Policy","Lazaridis: PASOK fungiert als Verfolger von Polakis und Kasselakis und greift auf Schlamm und Fake News zurück. Er spricht von einer „neuen Ko-Regierung“, die sich Nikos Androulakis seiner Meinung nach vorstellt, „ohne Programm, ohne Ernsthaftigkeit, mit dem einzigen Werkzeug in der Toxizität“ | Pavlos Polakis | Makarios Lazaridis | PASOK | Politik","Lazaridis: PASOK cauda Polakis et Kasselakis agit, ad caenum et fictum nuntium confluentem. Loquitur de ""novo co-regimine"" quod - secundum ipsum - a Nikos Androulakis praevidetur, ""sine ratione, sine gravitate, cum instrumento toxicitatis"" | Pavlos Polakis | Makarios Lazaridis | PASOK | Policy",,,,random
4ab804e05d0622af9634b6961510c749,2026-04-09T16:25:45Z,Storm,,www.lanacion.com.ar,es,0.3,El Gobierno confirmó que Javier Milei viajará a los festejos de la independencia de Israel,"El Presidente prevé estar entre el 19 y el 22 de este mes; la mudanza de la embajada a Jerusalén, aún sin confirmar",https://www.lanacion.com.ar/politica/el-gobierno-confirmo-que-javier-milei-viajara-a-los-festejos-de-la-independencia-de-israel-nid09042026/,https://resizer.glanacion.com/resizer/v2/el-primer-ministro-de-israel-benjamin-netanyahu-GOKZNPD7QZBG7IGB67WARMK5MY.jpg?auth=b4cb53935b598448e6192c89a0ecd5fd95e6c2083be3849a9afe1c525e12a37c&width=1200&quality=85&smart=true&height=675,,"Ni los recientes bombardeos de Israel contra el Hezbollah en el Líbano, ni la respuesta de Irán contra ciudades del estado hebreo, ni las amenazas del presidente Donald Trump de escalar en el conflic… [+3066 chars]","The Government confirmed that Javier Milei will travel to the celebrations of Israel's independence. The President expects to be between the 19th and 22nd of this month; the move of the embassy to Jerusalem, still unconfirmed","Die Regierung bestätigte, dass Javier Milei zu den Feierlichkeiten zur Unabhängigkeit Israels reisen wird. Der Präsident erwartet, zwischen dem 19. und 22. dieses Monats zu sein; der Umzug der Botschaft nach Jerusalem, noch unbestätigt","Regimen confirmavit Iavier Milei iter ad celebrationes independentiae Israelis. Praeses expectat se esse inter diem 19 et 22 huius mensis; legationis motus in Jerusalem, adhuc confirmatus",Chile,SWS,South-America,wmo
f41c934861c7fd2aa3e091070b445785,2026-04-09T16:45:40Z,Cold Wave,,consent.yahoo.com,zh,0.5,HUAWEI Pura X Max 曝光！7.69吋16:10闊摺疊屏，Kirin 9030 Pro加持,"<ol><li>新聞總覽</li><li>HUAWEI Pura X Max 曝光！7.69吋16:10闊摺疊屏，Kirin 9030 Pro加持</li></ol>
HUAWEI 將在本月正式推出新一代闊摺疊屏手機，綜合多方爆料，新機 Pura X Max 將提供標準版與典藏版兩種選擇，發佈時間鎖定在四月下旬。
作為闊摺疊產品線的重大升級，Pura X Max 在屏幕尺寸上實現突破，成為全球首款真正意義上的大屏闊摺疊機型。其內屏達到 7.69吋，外屏則為 5.5吋，並採用獨特的 16:10 黃金寬屏比例。相…",https://consent.yahoo.com/v2/collectConsent?sessionId=1_cc-session_c016d1ee-6610-47e3-be32-ca09069e0672,,,"If you click 'Accept all', we and our partners, including 251 who are part of the IAB Transparency &amp; Consent Framework, will also store and/or access information on a device (in other words, use … [+1045 chars]","HUAWEI Pura X Max revealed! 7.69-inch 16:10 wide folding screen, powered by Kirin 9030 Pro.<ol><li> News overview</li><li> HUAWEI Pura X Max revealed! 7.69-inch 16:10 wide folding screen, powered by Kirin 9030 Pro</li></ol> HUAWEI will officially launch a new generation of wide folding screen mobile phones this month. According to various sources, the new phone Pura As a major upgrade in the wide folding product line, Pura X Max achieves a breakthrough in screen size and becomes the world's first truly large-screen folding model. Its inner screen reaches 7.69 inches, and the outer screen is 5.5 inches, and adopts a unique 16:10 golden widescreen ratio. Mutually…","HUAWEI Pura X Max enthüllt! 7,69 Zoll breiter Faltbildschirm im 16:10-Format, angetrieben von Kirin 9030 Pro. <ol><li>News-Übersicht</li><li>HUAWEI Pura X Max enthüllt! 7,69-Zoll-Klappbildschirm im 16:10-Format, angetrieben von Kirin 9030 Pro</li></ol>
HUAWEI wird diesen Monat offiziell eine neue Generation von Mobiltelefonen mit breitem Klappbildschirm auf den Markt bringen. Verschiedenen Quellen zufolge ist das neue Telefon Pura
Als wesentliche Weiterentwicklung der Wide-Folding-Produktlinie erzielt Pura Sein Innenbildschirm erreicht eine Größe von 7,69 Zoll und der Außenbildschirm ist 5,5 Zoll groß und verfügt über ein einzigartiges goldenes Breitbildformat von 16:10. Gegenseitig…","HUAWEI Pura X Max revelata! 7.69-inch 16:10 velum latum plicatile, powered by Kirin 9030 Pro.<ol><li> News overview</li><li> HUAWEI Pura X Max revelata! 7.69-inch 16:10 velum latum plicatile, powered by Kirin 9030 Pro</li></ol> HUAWEI novam generationem late plicarum telephonicas mobiles hoc mense publice mittet. Secundum varios fontes, novus telephonicus Pura Cum maior upgrade in ampla plicatili linea producta, Pura X Max perrumpit in screen magnitudine ac primum mundi exemplar vere magnum velum complicatum consequitur. Tegumentum internum ad 7.69 digitos, ac tegumentum externum 5.5 digitorum est, ac unicam 1610 aurei amplitudinis rationem assumit. Mutuo...",China,EAS,Asia,wmo
f5f8340fc7fd8783db9531c012f11bdc,2026-04-09T18:18:35Z,Heat Wave,,www.commondreams.org,en,0.7,US Endured Hottest March on Record as Experts Warned of 'Nonsurvivable' Heatwaves,The National Oceanic and Atmospheric Administration confirmed Thursday that last month—which featured a heatwave that cooked the US West and caused a snow drought—was the hottest March in the 132-year record for the contiguous United States.The average temper…,https://www.commondreams.org/news/march-heatwave,https://www.commondreams.org/media-library/image.jpg?id=65499598&width=1200&height=600&coordinates=0%2C167%2C0%2C167,http://web.archive.org/web/20260410061154/https://www.commondreams.org/news/march-heatwave,The National Oceanic and Atmospheric Administration confirmed Thursday that last monthwhich featured a heatwave that cooked the US West and caused a snow droughtwas the hottest March in the 132-year … [+4221 chars],US Endured Hottest March on Record as Experts Warned of 'Nonsurvivable' Heatwaves. The National Oceanic and Atmospheric Administration confirmed Thursday that last month—which featured a heatwave that cooked the US West and caused a snow drought—was the hottest March in the 132-year record for the contiguous United States.The average temper…,"Die USA erlebten den wärmsten März seit Beginn der Aufzeichnungen, da Experten vor „unüberlebbaren“ Hitzewellen warnten. Die National Oceanic and Atmospheric Administration bestätigte am Donnerstag, dass der letzte Monat – der von einer Hitzewelle geprägt war, die den Westen der USA erhitzte und eine Schneedürre verursachte – der heißeste März seit 132 Jahren in den angrenzenden Vereinigten Staaten war. Die durchschnittliche Temperatur…","US calidissimus Martius pertulit in Record ut periti admoniti de 'nonsurvivable' Heatwaves. National Oceanica et Atmosphaerica Administrationis confirmavit Iovis mensem illum ultimum, qui caloris aestus US occidentales coxit et siccitatem nivalem effecit, calidissimus fuit Martius in CXXXII annorum recordo pro Civitatibus Foederatis contiguis. Mediocris ingenium…",United States,CNA,North-America,wmo
1427086281c34c8bd2be3aef4c43422a,2026-04-09T20:00:21Z,Drought,,veja.abril.com.br,pt,0.3,Climatempo: efeitos de ciclone influenciam tempo no Sudeste nesta sexta; saiba a previsão,Região terá chuvas ao longo do dia,https://veja.abril.com.br/agenda-verde/climatempo-efeitos-de-ciclone-influenciam-tempo-no-sudeste-nesta-sexta-saiba-a-previsao/,"https://veja.abril.com.br/wp-content/uploads/2022/05/frio-1.jpg?quality=70&strip=info&resize=1080,565&crop=1",,"Pular para o conteúdo
Aniversário da Abril: VEJA por apenas 9,90 (Marcelo Camargo/Agência Brasil)
Continua após publicidade
<ul><li>A frente fria continua agitando o Brasil nesta sexta, 10 de abri… [+4213 chars]",Weather: cyclone effects influence weather in the Southeast this Friday; know the forecast. The region will experience rain throughout the day,Wetter: Zykloneffekte beeinflussen das Wetter im Südosten an diesem Freitag; Kenne die Prognose. In der Region wird es den ganzen Tag über regnen,Tempestas: cyclone effecta influentia tempestatis in meridiem hodie Veneris; praesagio cognoscere. Experietur regione pluviam per diem,Macao,EAS,Asia,edo
9cc271fee6a7bc479dff1ce6ef9d24ae,2026-04-09T20:54:07Z,Tropical Cyclone,,news.yahoo.co.jp,ja,0.25,高市首相から「誠意を感じない」と嫌われて…　存在感薄れる「玉木雄一郎」代表の行く末は（デイリー新潮） - Yahoo!ニュース,高市首相から「誠意を感じない」と嫌われて…　存在感薄れる「玉木雄一郎」代表の行く末は（デイリー新潮） - Yahoo!ニュースyahoo.co.jp,https://news.yahoo.co.jp/articles/768435cf1fe7d957634b9d502ff3c1137cd72c34,https://newsatcl-pctr.c.yimg.jp/t/amd-img/20260410-01438251-shincho-000-1-view.jpg?exp=10800,,"- - - - - - - - Copyright © 2026 SHINCHOSHA 
© LY Corporation","What is the fate of representative Yuichiro Tamaki, who is disliked by Prime Minister Takaichi as having ""no sense of sincerity"" and whose presence is diminished (Daily Shincho) - Yahoo! News. What is the fate of representative Yuichiro Tamaki, who is disliked by Prime Minister Takaichi as having ""no sense of sincerity"" and whose presence is diminished (Daily Shincho) - Yahoo! News yahoo.co.jp","Was ist das Schicksal des Abgeordneten Yuichiro Tamaki, der von Premierminister Takaichi nicht gemocht wird, weil er „keinen Sinn für Aufrichtigkeit“ hat und dessen Präsenz geschwächt ist (Daily Shincho) - Yahoo! Nachricht. Was ist das Schicksal des Abgeordneten Yuichiro Tamaki, der von Premierminister Takaichi nicht gemocht wird, weil er „keinen Sinn für Aufrichtigkeit“ hat und dessen Präsenz geschwächt ist (Daily Shincho) - Yahoo! Nachrichten yahoo.co.jp","Quae sors est repraesentativi Yuichiro Tamaki, qui a Primo Ministro Takaichi displicet tamquam ""sensum sinceritatis"" habere et cuius praesentia minuitur (Dily Shincho) - Yahoo! Nuntium. Quae sors est repraesentativi Yuichiro Tamaki, qui a Primo Ministro Takaichi displicet tamquam ""sensum sinceritatis"" habere et cuius praesentia minuitur (Dily Shincho) - Yahoo! News yahoo.co.jp",Denmark,NEU,Europe,wmo
26eec8417ec09a05332ce1abda395127,2026-04-09T21:00:02Z,Precipitation,,news.livedoor.com,ja,0.5,午前の「ワイドショー」が消えたフジテレビ　それでも、歯が立たない「1強状態」の番組とは,4月改編の行方フジテレビは2016年度から昨年度まで視聴率が4位。視聴率と連動するCM売上高も低迷している。苦境を脱するため、4月改編では平日午前帯の大改革を行い、夕方帯のニュース「Live News イット！」のMCも交代した。成功したのか？【高堀冬彦/放送コラムニスト、ジャーナリスト】＊＊＊【写真】各界からこんなにも…。フジテレビに「子供が通っている」有名人フジが4月改編で行った平日午前帯の大改革とは、ワイドショー型情報番組の幕引き。ワイドショー型情報番組は全文デイリー新潮 04月10日06時00分,https://news.livedoor.com/article/detail/30956906/,https://image.news.livedoor.com/newsimage/stf/6/9/69e9a_1523_9cd748f1_c05b04ff.jpg,,"4
20164CM4Live News MC/
461327
814950330136
53MC525814946
MC1052MC95011950
389199502
45NHK
34/323278149501.9NHK181594.5ZIP375593.4DayDay.1910252.489555.6TBS1.4
9891
55
47MC5
2DayDay.1
41… [+314 chars]","Fuji TV's morning ""Wide Show"" has disappeared, but what is the program that is still in the top spot? Fuji TV, which was reorganized in April, ranked 4th in audience ratings from 2016 to last year. Commercial sales, which are linked to audience ratings, are also sluggish. In order to get out of the predicament, the April reorganization included a major overhaul of the morning hours on weekdays, and the MC of the evening news program ``Live News It!'' was also replaced. Was it successful? [Fuyuhiko Takahori/broadcast columnist, journalist] ＊＊＊ [Photo] So many people from all walks of life... The April reorganization of Fuji TV, a celebrity whose children attend Fuji TV, marked the end of a wide-show information program. Wide show type information program full text Daily Shincho April 10th 06:00","Die morgendliche „Wide Show“ von Fuji TV ist verschwunden, aber welche Sendung steht noch immer an der Spitze? Fuji TV, das im April neu organisiert wurde, belegte von 2016 bis zum letzten Jahr den 4. Platz bei den Einschaltquoten. Auch der kommerzielle Verkauf, der an die Einschaltquoten gekoppelt ist, verläuft schleppend. Um aus der misslichen Lage herauszukommen, beinhaltete die Umstrukturierung im April eine umfassende Überarbeitung der Morgenstunden an Wochentagen, und auch der MC der Abendnachrichtensendung „Live News It!“ wurde ersetzt. War es erfolgreich? [Fuyuhiko Takahori/Rundfunkkolumnistin, Journalistin] ＊＊＊ [Foto] So viele Menschen aus allen Gesellschaftsschichten ... Die Umstrukturierung von Fuji TV, einer Berühmtheit, deren Kinder Fuji TV besuchen, im April markierte das Ende einer breit angelegten Informationssendung. Breites Show-Informationsprogramm im Volltext, täglicher Shincho, 10. April, 06:00 Uhr","Fuji TV mane `spectaculum late' evanuit, sed quid est propositum quod adhuc in summo loco est? Fuji TV, quod mense Aprili ordinatum est, in auditorio ratings ab anno 2016 usque ad annum quartum computaverunt. Sales commerciales, quae cum aestimationes auditorum coniunguntur, etiam pigrae sunt. Ut de praedicamento exiret, Aprili ordinatio maioris reformationis ad hebdomadem horis matutinis inclusa est, et MC ad nuntium vespertinum ""Vive Nuntium It!"" repositum est. An bene? [Fuyuhiko Takahori/passim columnista, diurnarius] ＊＊＊ [Photo] Tot homines ab omnibus ambulationibus vitae... Aprilis ordinatio Fuji TV, celebritas cuius infantes Fuji televisificae frequentant, maiorem suae hebdomadis horis matutinam reformationem intulerunt, finem late-species informationis programmatis notantes. Wide spectaculum genus notitia progressio est plena text Daily Shincho April 10th 06:00",Saudi Arabia,ARP,Asia,wmo
43cc1938fd046a7857ce254498130d35,2026-04-10T03:04:44Z,Storm,,www.abc.net.au,en,0.2,Rain easing for AFL Gather Round as negotiations for event's future continue,"The Bureau of Meteorology says wet weather conditions will improve for AFL Gather Round matches as the weekend progresses, as the premier shares his ongoing bid to keep the event in South Australia.",https://www.abc.net.au/news/2026-04-10/rainy-weather-easing-for-afl-gather-round-weekend-barossa/106550314,https://live-production.wcms.abc-cdn.net.au/9401b390da5aa6c0d262d19d565e3bed?impolicy=wcms_watermark_news&cropH=1125&cropW=2000&xPos=0&yPos=0&width=862&height=485&imformat=generic,http://web.archive.org/web/20260411025644/https://www.abc.net.au/news/2026-04-10/rainy-weather-easing-for-afl-gather-round-weekend-barossa/106550314,"The Bureau of Meteorology says wet weather conditions will improve for AFL Gather Round matches as the weekend progresses, as the premier shares his ongoing bid to keep the event in South Australia. … [+4346 chars]","Rain easing for AFL Gather Round as negotiations for event's future continue. The Bureau of Meteorology says wet weather conditions will improve for AFL Gather Round matches as the weekend progresses, as the premier shares his ongoing bid to keep the event in South Australia.","Der Regen lässt für die AFL Gather Round nach, während die Verhandlungen über die Zukunft der Veranstaltung fortgesetzt werden. Das Bureau of Meteorology sagt, dass sich die nassen Wetterbedingungen für die Spiele der AFL Gather Round im Laufe des Wochenendes verbessern werden, da der Premier sein anhaltendes Bestreben mitteilt, die Veranstaltung in Südaustralien abzuhalten.","Pluviae levatio pro AFL Circumspice ut tractatus de futuro eventu perseveret. Meteorologiae hendrerit in umida condiciones tempestatum dicit AFL Congregare rotundum meliores condiciones sicut volutpat progressiones, sicut premier communicat suum iussum permanentem ad eventum servandum in Australia Australi.",United Kingdom,NEU,Europe,wmo
a270184283e491d327c39c3f4ba10063,2026-04-10T05:21:00Z,Earthquake,,www.elpais.com.uy,es,0.3,Hicieron uno de los mejores discos uruguayos de 2025 y reivindican el encuentro como una forma de sobrevivir,"La banda Ninguna Higuera se transforma en quinteto y este sábado presenta en vivo ""Métanle"", uno de los trabajos más destacados de la cosecha uruguaya del año pasado. Sobre eso, esta charla.",https://www.elpais.com.uy/tvshow/musica/ninguna-higuera-hicieron-uno-de-los-mejores-discos-uruguayos-de-2025-y-reivindican-el-encuentro-como-una-forma-de-sobrevivir,https://imgs.elpais.com.uy/dims4/default/067241d/2147483647/strip/true/crop/1200x750+0+0/resize/1200x750!/format/webp/quality/90/?url=https%3A%2F%2Fel-pais-uruguay-production-web.s3.us-east-1.amazonaws.com%2Fbrightspot%2F0f%2F37%2F94aaafb947d996554f8b935cc2c5%2Fhiguera.jpg,,"""¿Por qué hacer música?, repite Emilia Benia mientras en Montevideo cae una lluvia de esas en las que todos los misterios del mundo se hacen más profundos.
Habla de ensayar con resaca un domingo a l… [+3900 chars]","They made one of the best Uruguayan albums of 2025 and claim the meeting as a way to survive. The band Nadie Higuera becomes a quintet and this Saturday presents live ""Métanle"", one of the most outstanding works of last year's Uruguayan harvest. About that, this talk.","Sie haben eines der besten uruguayischen Alben des Jahres 2025 gemacht und behaupten, das Treffen sei eine Möglichkeit zum Überleben. Die Band Nadie Higuera wird zum Quintett und präsentiert an diesem Samstag live „Métanle“, eines der herausragendsten Werke der letztjährigen uruguayischen Ernte. Darüber, dieses Gespräch.","Unum ex primis albums Uruguayan fecerunt 2025 et conventum ut viam superesse affirmant. Grex Nadie Higuera quintet fit et hoc Saturni munera ""Métanle"" vivunt, una ex praestantissimis operibus messis Uruguayan superioris anni. De illo, hoc sermone.",Peru,NWS,South-America,usgs
22727129563e77df5755308cc9c655f1,2026-04-10T05:32:58Z,Earthquake,,k-tai.watch.impress.co.jp,ja,0.9,熊本地震から10年、LINEヤフーが特設サイト公開,LINEヤフーは、平成28年に発生した熊本地震から10年の節目に、被災地支援を目的とした特設サイト「想いをつなぐ、未来を築く」を公開した。,https://k-tai.watch.impress.co.jp/docs/news/2100756.html,https://k-tai.watch.impress.co.jp/img/ktw/list/2100/756/01.png,,Copyright ©2018Impress Corporation. All rights reserved.,"10 years since the Kumamoto Earthquake, LINE Yahoo has released a special website. To mark the 10th anniversary of the Kumamoto earthquake that occurred in 2016, LINE Yahoo has released a special website ``Connecting Thoughts, Building the Future'' aimed at supporting the disaster-stricken areas.","10 Jahre nach dem Kumamoto-Erdbeben hat LINE Yahoo eine spezielle Website veröffentlicht. Anlässlich des 10. Jahrestages seit dem Kumamoto-Erdbeben im Jahr 2016 hat LINE Yahoo eine spezielle Website mit dem Titel „Connecting Thoughts, Building the Future“ veröffentlicht, die darauf abzielt, die von der Katastrophe betroffenen Gebiete zu unterstützen.","X annis post Kumamoto Terraemotus LINEA Yahoo speciale website dimisit. Ad 10 anniversarium notare ab Kumamoto Terrae motu quod anno 2016 factum est, LINEA Yahoo dimisit singularem locum `cogitationes connectens, aedificans Future' destinavit ad calamitates incommodos areas sustinendas.",,,,random
efc9b041120d8c2712900c4228cc2645,2026-04-10T12:08:32Z,Volcano,,dialogos.com.cy,el,0.9,Χαβάη: Νέα έκρηξη του ηφαιστείου Κιλαουέα – Λάβα εκτοξεύτηκε σε ύψος 190 μέτρων,"Εντυπωσιακές εικόνες καταγράφηκαν στη Χαβάη, όπου το ηφαίστειο Κιλαουέα εκτόξευσε λάβα σε μεγάλα ύψη, σύμφωνα με το United States Geological Survey (USGS), το οποίο παρακολουθεί στενά τη δραστηριότητα του. Σύμφωνα με το USGS, η εκτόξευση λάβας ξεκίνησε στις 1…",https://dialogos.com.cy/chavai-nea-ekrixi-toy-ifaisteioy-kilaoyea-lava-ektoxeytike-se-ypsos-190-metron/,https://dialogos.com.cy/wp-content/uploads/2026/04/volcano-640x426-1.webp,,"© Dialogos Media Group - , , , / , , , , ( ) , , , , , .","Hawaii: Kilauea volcano erupts again - Lava spews 190 meters high. Impressive images were captured in Hawaii, where the Kilauea volcano spewed lava at great heights, according to the United States Geological Survey (USGS), which is closely monitoring its activity. According to the USGS, the lava spewing began on 1…","Hawaii: Vulkan Kilauea bricht erneut aus – Lava speit 190 Meter hoch. Beeindruckende Bilder wurden auf Hawaii aufgenommen, wo der Vulkan Kilauea nach Angaben des United States Geological Survey (USGS), der seine Aktivität genau überwacht, Lava in große Höhen spuckte. Nach Angaben des USGS begann das Lavaspucken am 1…","Hawaii: Kilauea vulcano denuo erumpit - Lava vomit 190 metra alta. Imagines impressivae in Hawaii captae sunt, ubi Kilauea vulcano lavam in magna altitudine evomuit, secundum in Civitatibus Foederatis Americae Geological Survey (USGS), quae vigilantia eius actionis est arcte. Secundum USGS, lava vomitus incepit in 1…",,,,random
49f12f205405a03ac5f0895dbbe32c0e,2026-04-10T13:44:56Z,Precipitation,,rollingstone.com.br,pt,0.9,BTS apresenta sucessos e enfrenta chuva forte no início da turnê,"O grupo performou todas as músicas do seu novo álbum 'Arirang', exceto uma, além de alguns de seus maiores sucessos até o momento",https://rollingstone.com.br/musica/bts-apresenta-sucessos-e-enfrenta-chuva-forte-no-inicio-da-turne/,https://p2.trrsf.com/image/fget/cf/1200/630/middle/images.terra.com/2026/04/10/452963893-bts-kim-hong-ji-pool-getty-images-foto-jornalistica-2267667470.jpg,,"Dezenas de milhares de fãs do BTS enfrentaram o que a BBC descreveu como ""chuva torrencial"" nesta quinta, 9, para assistir ao início oficial da turnê Arirangdo grupo no Estádio Goyang, perto de Seul,… [+2654 chars]","BTS performs hits and faces heavy rain at the start of the tour. The group performed all but one song from their new album 'Arirang', as well as some of their biggest hits to date.",BTS führt zu Beginn der Tour Hits aus und muss mit starkem Regen rechnen. Die Gruppe spielte alle bis auf einen Song ihres neuen Albums „Arirang“ sowie einige ihrer bisher größten Hits.,"Hits et pluviae graves facies in initio Peregrinationis peragit. Coetus omnia praeter unum carmen ex novo album 'Arirang' praestitit, ac nonnullis ex maximis eorum hits ad modernum.",,,,random
7e08c75f24866b076873661570f69ef4,2026-04-10T14:20:00Z,Flood,,techblog.gr,el,0.3,Οι Android Ultra ναυαρχίδες κινδυνεύουν να παγώσουν λόγω κόστους μνήμης,"Οι αυξήσεις σε RAM και μνήμη απειλούν την επόμενη γενιά Android Ultra smartphones από κινεζικές εταιρείες.
Συνεχίστε την ανάγνωση στο Techblog.gr
Το άρθρο δημοσιεύτηκε αρχικά στο Techblog (Οι Android Ultra ναυαρχίδες κινδυνεύουν να παγώσουν λόγω κόστους μνήμη…",https://techblog.gr/mobile/oi-android-ultra-navarchides-kindynevoun-na-pagosoun-logo-kostous-mnimis/,https://techblog.gr/wp-content/uploads/2026/04/Oppo-Find-X9-Ultra-camera-profile.jpg,,Νέα διαρροή δείχνει ότι η επόμενη γενιά Android Ultra smartphones από κινεζικές εταιρείες μπορεί να καθυστερήσει ή ακόμη και να ακυρωθεί εξαιτίας της αύξησης στις τιμές RAM και αποθηκευτικής μνήμης. … [+2710 chars],"Android Ultra flagships are at risk of freezing due to memory cost. Increases in RAM and memory threaten the next generation of Android Ultra smartphones from Chinese companies.
Continue reading at Techblog.gr
Article originally published on Techblog (Android Ultra flagships at risk of freezing due to memory costs…","Bei Android-Ultra-Flaggschiffen besteht aufgrund der Speicherkosten die Gefahr, dass sie einfrieren. Zuwächse bei RAM und Speicher gefährden die nächste Generation von Android-Ultra-Smartphones chinesischer Unternehmen.
Lesen Sie weiter auf Techblog.gr
Ursprünglich auf Techblog veröffentlichter Artikel (Android-Ultra-Flaggschiffe laufen Gefahr, aufgrund von Speicherkosten einzufrieren …)","Android Ultra navis navis in periculo torpore ob memoriam sumptus sunt. Crescit in RAM et memoria posteros Android Ultra smartphones e societatibus Sinensium minantur.
Continue reading apud Techblog.gr
Articulus originaliter editus in Techblog (Android Ultra navis praetoria in periculo torpore ob memoriam gratuita…",United States,CNA,North-America,wmo
577dd175317d47e289b7441772a995c6,2026-04-10T17:20:00Z,Wildfire,,www.protothema.gr,el,0.9,"Φανέλα μπάσκετ, ιστορικός χάρτης και βιβλία: Τα συμβολικά δώρα του Μακρόν στον Πάπα",Μεταξύ άλλων ο Γάλλος Πρόεδρος έδωσε στον Πάπα βιβλίο το οποίο καταγράφει την πορεία αποκατάστασης του καθεδρικού ναού της Παναγίας των Παρισίων μετά την πυρκαγιά του 2019 | Εμανουέλ Μακρόν | Πάπας Λέων | Βατικανό | Δώρα | Κόσμος,https://www.protothema.gr/world/article/1801688/fanela-basket-istoriko-harti-kai-vivlia-ta-sumvolika-dora-tou-makron-ston-papa/,https://www.protothema.gr/images/640x360share/2/jpg/files/2026-04-10/macron-papas.jpg,,", ., , . , , . 
 , 1673 .
 , , . 19851998.«Combat pour la liberté» , . , . 
, «Rebâtir Notre-Dame de Paris» , 2019. , , .","Basketball jersey, historical map and books: Macron's symbolic gifts to the Pope. Among other things, the French President gave the Pope a book that records the restoration process of the Notre Dame Cathedral after the fire of 2019 | Emmanuel Macron | Pope Leo | Vatican | Gifts | World","Basketballtrikot, historische Karte und Bücher: Macrons symbolische Geschenke an den Papst. Unter anderem schenkte der französische Präsident dem Papst ein Buch, das den Restaurierungsprozess der Kathedrale Notre Dame nach dem Brand von 2019 dokumentiert | Emmanuel Macron | Papst Leo | Vatikan | Geschenke | Welt","Basketball Jersey, tabula historica et libri: Macroni dona symbolica ad Papam. Inter alia, Praeses Gallus Papae librum dedit, qui processus restaurationis Cathedralis Notre-Dame post incendium 2019 commemorat | Emmanuel Macron | Leo Papa | Vatican | Gifts | Mundus",,,,random
b1be6d9796d86647710537d8886e286d,2026-04-10T18:56:00Z,Wildfire,,www.protothema.gr,el,0.9,Επίθεση με μολότοφ στο σπίτι του Σαμ Άλτμαν της OpenAI: Συνελήφθη 20χρονος,"Η μολότοφ προκάλεσε πυρκαγιά στην εξωτερική πύλη του σπιτιού, χωρίς ωστόσο να υπάρξουν τραυματισμοί ή περαιτέρω ζημιές | Σαμ Άλτμαν | Επίθεση με μολότοφ | Μολότοφ | Κόσμος",https://www.protothema.gr/world/article/1801703/epithesi-me-molotof-sto-spiti-tou-sam-altman-tis-openai-sunelifthi-20hronos/,https://www.protothema.gr/images/640x360share/jpg/files/2026-04-10/altman-xrm.jpg,,"one-stop , . , online supermarket , .","Molotov cocktail attack on OpenAI's Sam Altman's home: 20-year-old arrested. The Molotov cocktail caused a fire at the outer gate of the house, but there were no injuries or further damage | Sam Altman | Molotov cocktail attack | Molotov | World","Molotowcocktail-Angriff auf das Haus von Sam Altman von OpenAI: 20-Jähriger verhaftet. Der Molotowcocktail verursachte einen Brand am Außentor des Hauses, es gab jedoch keine Verletzten oder weiteren Schaden | Sam Altman | Molotowcocktail-Angriff | Molotow | Welt","Molotov cocktail impetum in domum Sam Altman OpenAI: XX annos captus est. Cocktail Molotov ignem in porta domus exterioris effecit, sed nullae erant iniuriae vel damnum | Sam Altman | Molotov cocktail impetum | Molotov | Mundus",,,,random
6111199d13ac7efb7ae554a94f4e4283,2026-04-10T22:34:26Z,Drought,,farofafa.com.br,pt,0.3,Alvin L (1959-2026),"“É a vida/ é assim/ sim, eu me arrependo de tudo”, diz uma das últimas letras conhecidas de Alvin L, que morreu no domingo, 5, aos 67 anos. Nascido baiano em Salvador, mas registrado carioca, ele se fez notar a partir do final dos anos 1970, nas faces múltipl…",https://farofafa.com.br/2026/04/10/alvin-l-1959-2026/,https://farofafa.com.br/wp-content/uploads/2026/04/Encarte-2.jpg,,"“É a vida/ é assim/ sim, eu me arrependo de tudo”, diz uma das últimas letras conhecidas de Alvin L, que morreu no domingo, 5, aos 67 anos. Nascido baiano em Salvador, mas registrado carioca, ele se … [+21306 chars]","Alvin L (1959-2026). “That’s life/ that’s how it is/ yes, I regret everything”, says one of the last known lyrics by Alvin L, who died on Sunday, the 5th, at the age of 67. Born from Bahia in Salvador, but registered as a Rio de Janeiro native, he made himself known from the late 1970s onwards, in multiple…","Alvin L (1959-2026). „So ist das Leben/ so ist es/ ja, ich bereue alles“, heißt es in einem der letzten bekannten Texte von Alvin L, der am Sonntag, dem 5., im Alter von 67 Jahren starb. Er wurde aus Bahia in Salvador geboren, war aber als gebürtiger Rio de Janeiro-Amerikaner registriert und machte sich ab den späten 1970er Jahren in mehreren…","Alvin L (1959-2026). ""Vita/ut sit/ita, paenitet omnia"", dicit unam ex ultima notis lyrics by Alvin L, qui obiit die Dominico, V, anno aetatis LXVII. Natus est ex Bahia in Salvador, sed in Rio de Janeiro relatus est, ex proximis annis 1970 postea, multipliciter se notum fecit.",Portugal,NAO,Atlantic Ocean,edo
fe9049f74903fdd87f35b4486f292100,2026-04-10T23:16:07Z,Storm,,observador.pt,pt,0.3,Tendências mundiais das indústrias de Defesa,Esperamos que Portugal aproveite a oportunidade e faça parte dos países da UE que contribuem para o esforço de produção interna e se constitua um cluster de indústrias de defesa capaz de exportar.,https://observador.pt/opiniao/tendencias-mundiais-das-industrias-de-defesa/,https://wm.observador.pt/wm-op/wide-circle/https%3A%2F%2Fbordalo.observador.pt%2Fv2%2Frs%3Afill%3A900%2Fc%3A763%3A763%3Anowe%3A209%3A248%2Fq%3A70%2Ff%3Awebp%2Fplain%2Fhttps%3A%2F%2Fs3.observador.pt%2Fwp-content%2Fuploads%2F2021%2F02%2F15172400%2Fhelder-sousa-silva-presidente-da-cm-mafra.jpg,,"para o esforço de produção para as nossas necessidades e, supletivamente, que se constitua um cluster português de indústrias de defesa capaz de exportar.
Há uma frase bastante ouvida nos corredores… [+9551 chars]",Global trends in Defense industries. We hope that Portugal will take advantage of the opportunity and be part of the EU countries that contribute to the internal production effort and establish a cluster of defense industries capable of exporting.,"Globale Trends in der Verteidigungsindustrie. Wir hoffen, dass Portugal die Chance nutzt und zu den EU-Ländern gehört, die zum internen Produktionsaufwand beitragen und ein Cluster exportfähiger Verteidigungsindustrien aufbauen.","Global trends in Defensionis industries. Speramus Portugallam opportunitatem acturam esse et partem in terris UE, quae operam ad productionem internam conferunt et botrum defensionis industriarum educendi capacem constituent.",Ecuador,NWS,South-America,wmo
a717ee440ca0018ee4608439483c3cb1,2026-04-11T03:00:03Z,Storm,,news.livedoor.com,ja,0.75,キース・ジャレット“伝説的ライブ”の仕掛け人は「18歳の女子高生」だった…史上最も売れたピアノソロの名盤“誕生秘話”を描いた映画「1975年のケルン・コンサート」が話題,1970年代後半、FM東京で、毎週日曜日の23時に「夜のみちくさ55分」という番組が放送されていた。パーソナリティは俳優の故・岡田真澄。いま60代以上で、中高生時代にFMをよく聴いていた方なら、記憶があるはずだ。非常に凝ったジャンルレスな番組で、たとえば「鳥たちの音楽会」と題した回では、カザルスが演奏するチェロ曲《鳥の歌》につづいて、ザ・タイガースの《青い鳥》が。「ダイニング・キッチンの詩」の回では遠藤賢司《カレーライス》に、ホット・バター《ポップコーン》…全文デイリー新潮 04月11日12時00分,https://news.livedoor.com/article/detail/30968872/,https://image.news.livedoor.com/newsimage/stf/f/d/fd578_1523_0232f1c0_6c7b415c.jpg,,"1970FM235560FM
PART1CM1977911
1975
50
1975124111945
ECM11450
18
19752025
1956
2829
1ECM2OK
290
2
11975124
2197511ECMCD450
319913
2001
PartIIa5051
202550
420251The Koln Concert 4
5… [+95 chars]","Keith Jarrett's ``Legendary Live'' was instigated by an ``18-year-old high school girl''...The movie ``1975 Cologne Concert'', which depicts the best-selling piano solo masterpiece in history, ``The Secret Story'', is a hot topic.In the late 1970s, FM Tokyo aired a program called ``Yoronomichikusa 55 Minutes'' every Sunday at 11:00 p.m. The personality is the late actor Masumi Okada. If you're in your 60s or older and used to listen to FM a lot when you were in middle school or high school, you probably remember it. It's a very elaborate, genre-less show, and for example, in the episode titled ``Birds' Concert,'' Casals performed ``Birdsong,'' followed by The Tigers' ``Blue Bird.'' In the ""Dining Kitchen Poetry"" episode, Kenji Endo's ``Curry Rice'' and Hot Butter ``Popcorn''...Full text Daily Shincho April 11th 12:00","Keith Jarretts „Legendary Live“ wurde von einem „18-jährigen Highschool-Mädchen“ ins Leben gerufen ... Der Film „1975 Cologne Concert“, der das meistverkaufte Klaviersolo-Meisterwerk der Geschichte, „The Secret Story“, zeigt, ist ein heißes Thema. In den späten 1970er Jahren strahlte FM Tokyo jeden Sonntag um 11:00 Uhr eine Sendung mit dem Titel „Yoronomichikusa 55 Minutes“ aus Uhr Die Persönlichkeit ist der verstorbene Schauspieler Masumi Okada. Wenn Sie in den 60ern oder älter sind und in der Mittel- oder Oberschule viel UKW gehört haben, erinnern Sie sich wahrscheinlich daran. Es handelt sich um eine sehr aufwändige, genrelose Show, und in der Episode mit dem Titel „Birds‘ Concert“ spielte Casals beispielsweise „Birdsong“, gefolgt von „Blue Bird“ der Tigers. In der „Dining Kitchen Poetry“-Folge Kenji Endos „Curry Rice“ und Hot Butter „Popcorn“ ... Volltext Daily Shincho, 11. April, 12:00 Uhr","Keith Jarrett scriptor `Legendarius Live'' instigatus est a `18 annorum schola puella alta'... pellicula ``1975 Coloniae Concertae', quae in historia ""Yoronomichik"", `Yoronomichik', p. Personalitas nuper actor Masumi Okada est. Si in 60s vel maioribus tuis es et FM multum audire solebas cum in juniore alta vel alta schola esses, probabiliter meministi. Programma admodum elaboratum est, genre minus, et exempli gratia in episodio quod ``aves' Concertus inscripsit,' 'Casales cello fragmentum ``aves' fecerunt,' quem secuti sunt tigres' `Avis Blue'. In ""dining coquinaria Poetica"" res, Kenji Endo' ""Curry Rice"" et Hot Butter ""Popcorn"".",Qatar,ARP,Asia,wmo
4ad3701b064423652c900ef8db62ac8a,2026-04-11T03:15:11Z,Snow&Ice,,hindi.moneycontrol.com,hi,0.3,"Delhi Weather Today: दिल्ली में गर्मी का कहर शुरू, आज 35°C तक पहुंचेगा पारा, धूल भरी हवाएं बढ़ाएंगी परेशानी","Delhi Weather Today: दिल्ली में शनिवार (11 अप्रैल) को गर्म और शुष्क मौसम रहने की संभावना है, साथ ही दिन में तेज हवाएं चलने की भी आशंका है। इन हवाओं के कारण धूल भरी हवाएं चल सकती हैं और हल्की असुविधा हो सकती है, हालांकि आसमान साफ ​​रहेगा। धूप तेज रहेगी, जिससे …",https://hindi.moneycontrol.com/india/heat-wave-grips-delhi-mercury-set-to-reach-35-degree-celsius-today-dusty-winds-to-worsen-woes-article-2390940.html,https://images.moneycontrol.com/static-hindinews/2026/04/Delhi-Weather-Today_.jpg,,"Delhi Weather Today:  (11 ) , , , 35 , 19 
 , 60% 35% , 
: 
IMD , , 
 IMD Weather Alert ! A heat surge is on the way! Temperatures expected to rise sharply across regions: Northwest India: +68°C … [+765 chars]","Delhi Weather Today: Heat havoc begins in Delhi, mercury will reach 35°C today, dusty winds will increase the problem. Delhi Weather Today: There is a possibility of hot and dry weather in Delhi on Saturday (April 11), and there is also a possibility of strong winds during the day. These winds may cause dusty winds and mild inconvenience, although the sky will remain clear. The sun will be bright, due to which…","Delhi-Wetter heute: In Delhi beginnt eine Hitzekatastrophe, die Quecksilbertemperatur wird heute 35 °C erreichen, staubige Winde werden das Problem verstärken. Delhi-Wetter heute: Am Samstag (11. April) besteht in Delhi möglicherweise heißes und trockenes Wetter, und tagsüber besteht auch die Möglichkeit starker Winde. Diese Winde können staubige Winde und leichte Unannehmlichkeiten verursachen, der Himmel bleibt jedoch klar. Die Sonne wird hell sein, weshalb…","Tempestas Delhi Hodie: Calor strages in Delhi incipit, Mercurius ad 35°C hodie perveniet, venti pulverulenti problema augebunt. Tempestas Delhi Hodie: Delhi verisimile est tempestatem calidam et siccitatem die Sabbati (April 11) cum ventis validis interdiu expectatis. Hi venti pulverulenta faciant incommodum et placidum, caelum tamen serena manebit. Sol clarus erit, ex quo…",Austria,WCE,Europe,wmo
48117ecff2e3ae3d49acfb6f3e39d1e3,2026-04-11T05:48:05Z,Earthquake,,www.asahi.com,ja,0.9,ブルーインパルス、熊本城でアクロバット　地震復興10年、市民歓声,熊本地震から10年となる節目を前に、航空自衛隊の曲技飛行チーム「ブルーインパルス」が11日、熊本市などの上空で展示飛行を披露した。　晴天のもと、ブルーインパルスの6機が熊本城の上空に現れ、白いスモー…,https://www.asahi.com/articles/ASV4C1SM0V4CPQIP00BM.html,https://imgopt.asahi.com/ogp/AS20260411001739_comm.jpg,,Copyright © The Asahi Shimbun Company. All rights reserved. No reproduction or republication without written permission.,"Blue Impulse performs acrobatics at Kumamoto Castle, 10 years after earthquake recovery, cheers from citizens.Ahead of the 10th anniversary of the Kumamoto Earthquake, the Japan Air Self-Defense Force's aerobatic team Blue Impulse performed a demonstration flight over Kumamoto City and other areas on the 11th. Under clear skies, six Blue Impulse planes appeared in the sky above Kumamoto Castle, and white smoke...",Blue Impulse führt 10 Jahre nach der Erdbebenerholung Akrobatik auf der Burg Kumamoto auf und wird von den Bürgern bejubelt. Vor dem 10. Jahrestag des Kumamoto-Erdbebens führte das Kunstflugteam Blue Impulse der Japan Air Self-Defense Force am 11. einen Demonstrationsflug über Kumamoto City und anderen Gebieten durch. Bei klarem Himmel erschienen sechs Blue Impulse-Flugzeuge am Himmel über der Burg Kumamoto und weißer Rauch ...,"Impetus posuere posuere apud Kumamoto Castle, habitant laetificet 10 annos post recuperationem terrae.Ahead de 10 anniversario Terrae Kumamoto, Iaponia Air se-Defensionis vis aerobaticae turmae Blue Impetus demonstrationem fugae in Kumamoto urbe et aliis locis die 11 praestiterunt. Sub sereno caelo sex plana impulsus blue supra castrum Kumamoto in caelo apparuerunt et fumus albus.",,,,random
cd818e5db9e2aab92602432d23f9c0e2,2026-04-11T06:32:01Z,Snow&Ice,,www.telerama.fr,fr,0.3,"À la découverte des serres parisiennes, d’Auteuil à Vincennes, pour une escapade sous les tropiques","Abritant des espèces des cinq continents, ces palais de verre offrent un véritable dépaysement en plein Paris, ainsi qu’une mine d’informations sur la biodiversité. Végétation luxuriante, atmosphère humide, chants d’oiseaux : un ravissement des sens.",https://www.telerama.fr/restos-loisirs/a-la-decouverte-des-serres-parisiennes-d-auteuil-a-vincennes-pour-une-escapade-sous-les-tropiques-7030568.php,https://focus.telerama.fr/2026/03/31/880/0/11206/7470/1200/800/60/0/31a4c10_upload-1-na1soa3igdzd-20260326-serres-002.jpg,,"Abritant des espèces des cinq continents, ces palais de verre offrent un véritable dépaysement en plein Paris, ainsi quune mine dinformations sur la biodiversité. Végétation luxuriante, atmosphère hu… [+4356 chars]","Discovering the Parisian greenhouses, from Auteuil to Vincennes, for a getaway to the tropics. Home to species from five continents, these glass palaces offer a real change of scenery in the heart of Paris, as well as a wealth of information on biodiversity. Lush vegetation, humid atmosphere, birdsong: a delight for the senses.","Entdecken Sie die Pariser Gewächshäuser von Auteuil bis Vincennes für einen Ausflug in die Tropen. Diese Glaspaläste sind die Heimat von Arten aus fünf Kontinenten und bieten eine echte Abwechslung im Herzen von Paris sowie eine Fülle von Informationen zur Artenvielfalt. Üppige Vegetation, feuchte Atmosphäre, Vogelgezwitscher: ein Genuss für die Sinne.","Parasceves Parisienses ab Auteuil usque ad Vincennes detegens, sibi privatum ad tropicos invenit. Domum ad speciem a quinque continentibus, haec palatia vitrea veram scaenarum mutationem in corde Parisiensi praebent, ac copia rerum notitiarum de biodiversitate. Laeta virentia, humida, aucupia: Delectatio sensuum.",France,WCE,Europe,wmo
d5ccdf182c725b782da58586bbac373b,2026-04-11T10:48:01Z,Wildfire,,www.protothema.gr,el,0.9,"Στα Χανιά αντί για τον Ιούδα παραλίγο να κάψουν… το σχολείο: Μεγάλες ζημιές στο Γυμνάσιο Νέας Κυδωνίας, δείτε εικόνες",Ο Δήμος Χανίων προχώρησε στον καθαρισμό του χώρου - Η πυρκαγιά προκάλεσε ζημιές και σε αίθουσα διδασκαλίας | Ελλάδα,https://www.protothema.gr/greece/article/1801864/sta-hania-adi-gia-ton-iouda-paraligo-na-kapsoun-to-sholeio-megales-zimies-sto-gumnasio-neas-kudonias-deite-eikones/,https://www.protothema.gr/images/640x360share/jpg/files/2026-04-11/fotia-xania-new.jpg,,"one-stop , . , online supermarket , .","In Chania, instead of Judah, they almost burned... the school: Great damage to Nea Kydonia High School, see images. The Municipality of Chania proceeded to clean the area - The fire also caused damage to a classroom | Greece","In Chania hätten sie statt Juda fast die Schule niedergebrannt: Großer Schaden an der Nea Kydonia High School, siehe Bilder. Die Gemeinde Chania begann mit der Säuberung des Gebiets – Das Feuer verursachte auch Schäden an einem Klassenzimmer | Griechenland","In Chania, pro Iuda, paene arserunt... scholam: Magnum damnum ad Nea Kydonia High School, imagines videre. Municipium Chania ad purgandum aream processerunt - Ignis etiam damnum Curabitur aliquet fecit | Graecia",,,,random
dca459228fed284cb578427b787cc711,2026-04-11T19:57:22Z,Precipitation,,www.abc.es,es,0.8,"Lama de Góngora, tras cortar una oreja en la Maestranza: «Sevilla me ha visto torear, he escuchado los oles y eso me lo llevo para mí»",Francisco Lama de Góngora fue el triunfador del segundo festejo de abono en la Real Maestranza de Caballería de Sevilla. En una tarde marcada por la aparición de una intensa lluvia que se transformó en aguacero y sorprendió a los tendidos en el ecuador de la …,https://www.abc.es/cultura/toros/sevilla/lama-gongora-tras-cortar-oreja-maestranza-sevilla-20260411215637-nts.html,https://s1.abcstatics.com/abc/www/multimedia/cultura/2026/04/11/oreja-lama-gongora_20260411214632-U61681720704GkA-1200x630@diario_abc.jpg,http://web.archive.org/web/20260412035930/https://www.abc.es/cultura/toros/sevilla/lama-gongora-tras-cortar-oreja-maestranza-sevilla-20260411215637-nts.html,Francisco Lama de Góngora fue el triunfador del segundo festejo de abono en la Real Maestranza de Caballería de Sevilla. En una tarde marcada por la aparición de una intensa lluvia que se transformó … [+2919 chars],"Lama de Góngora, after cutting off an ear in the Maestranza: ""Seville has seen me bullfighting, I have heard the oles and I take that with me."" Francisco Lama de Góngora was the winner of the second subscription celebration at the Real Maestranza de Caballería in Seville. On an afternoon marked by the appearance of intense rain that turned into a downpour and surprised those lying on the equator of the...","Lama de Góngora, nachdem er sich in der Maestranza ein Ohr abgeschnitten hat: „Sevilla hat mich beim Stierkampf gesehen, ich habe die Oles gehört und das nehme ich mit.“ Francisco Lama de Góngora war der Gewinner der zweiten Abonnementfeier bei der Real Maestranza de Caballería in Sevilla. An einem Nachmittag, der von starkem Regen geprägt war, der sich in einen Wolkenbruch verwandelte und die am Äquator des Äquators liegenden Menschen überraschte…","Lama de Góngora, abscissa in Maestranza aurem: ""Hispalus vidit me bullientem, audivi olerum et accipio mecum"". Franciscus Lama de Góngora victor fuit secundae subscriptionis celebratione Real Maestranz de Caballería in Hispali. Post meridiem, specie pluviae intensae quae in imbrem versae notata est, et iacentes sub aequinoctiali miratur.",Ecuador,NWS,South-America,wmo
fd6f87d80575fc297fe70350985b0154,2026-04-11T20:00:15Z,Heat Wave,,veja.abril.com.br,pt,0.8,"Chuva forte avança pelo país neste domingo, 12: saiba a previsão do Climatempo","Na cidade de São Paulo, a tarde será mais quente em comparação aos últimos dias",https://veja.abril.com.br/agenda-verde/chuva-forte-avanca-pelo-pais-neste-domingo-12-saiba-a-previsao-do-climatempo/,"https://veja.abril.com.br/wp-content/uploads/2025/07/GettyImages-1238523667.jpg?quality=70&strip=info&resize=1080,565&crop=1",,"Pular para o conteúdo
Aniversário da Abril: VEJA por apenas 9,90Chuva no Rio (Fabio Teixeira/Anadolu Agency via Getty Images/Getty Images)
Continua após publicidade
<ul><li>O domingo, 12 de abril,… [+2946 chars]","Heavy rain advances across the country this Sunday, 12th: find out the Climatempo forecast. In the city of São Paulo, the afternoon will be hotter compared to the last few days","An diesem Sonntag, dem 12., kommt es im ganzen Land zu heftigen Regenfällen: Entdecken Sie die Climatempo-Prognose. In der Stadt São Paulo wird der Nachmittag im Vergleich zu den letzten Tagen heißer",Imbribus gravis per patriam hanc Diem 12 proceditur: explora Climatempo praesagio. In urbe São Paulo post meridiem calidior his diebus comparabitur,,,,random
c8a4eb8b35c4eead121d358c4328de73,2026-04-12T01:12:00Z,Snow&Ice,,natalie.mu,ja,0.625,「忍たま乱太郎」“乱きりしん”が役を入れ替え熱演、作品に影響を与えた上級生の存在,尼子騒兵衛原作によるアニメ「忍たま乱太郎」のイベント「『忍たま乱太郎』 スペシャルイベント 感謝の集い Sakura祭2026」のDAY1公演が去る4月10日に東京・LINE CUBE SHIBUYA（渋谷公会堂）で開催され、猪名寺乱太郎役の高山みなみ、摂津のきり丸役の田中真弓、福富しんべヱ役の一龍斎貞友、土井半助役の関俊彦、潮江文次郎役の成田剣、立花仙蔵役の保志総一朗、中在家長次役の渋谷茂、七松小平太役の神奈延年、善法寺伊作役の置鮎龍太郎、食満留三郎役の鈴木千尋が登壇。尼子も特別出演した。,https://natalie.mu/comic/news/667803,https://ogre.natalie.mu/media/news/comic/2026/0412/nintama_sakuramatsuri2026_00011.jpg?impolicy=twitter_card_face_crop,,"@comic_natalie
20https://t.co/KOtDbWnvSW
406
# # https://t.co/dFAc0ZuEKk","``Nintama Rantaro'' and ``Rakirisin'' switch roles and give a passionate performance, highlighting the presence of upperclassmen who influenced the work.The DAY1 performance of the event ``'Nintama Rantaro'' Special Event Gratitude Gathering Sakura Festival 2026'' of the anime ``Nintama Rantaro'' based on the original work by Sobei Amago will be held on April 10th at LINE CUBE in Tokyo. Held at SHIBUYA (Shibuya Public Hall), Minami Takayama as Rantaro Inaji, Mayumi Tanaka as Kirimaru of Settsu, Sadatomo Ichiryusai as Shinbei Fukutomi, Toshihiko Seki as Hansuke Doi, Ushio Ken Narita who played the role of Bunjiro E, Soichiro Hoshi who played the role of Senzo Tachibana, Shigeru Shibuya who played Nagaji Nakazai, Ennen Kana who played the role of Koheita Nanamatsu, Ryotaro Okiayu who played the role of Isaku Zenpoji, and Chihiro Suzuki who played the role of Ruzaburo Shokumitsu. Amago also made a special appearance.","„Nintama Rantaro“ und „Rakirisin“ tauschen die Rollen und liefern eine leidenschaftliche Darbietung, die die Anwesenheit von Oberschichtsmännern hervorhebt, die das Werk beeinflusst haben. Die TAG-1-Aufführung der Veranstaltung „Nintama Rantaro“ Special Event Gratitude Gathering Sakura Festival 2026“ des Anime „Nintama Rantaro“ basierend auf dem Originalwerk von Sobei Amago findet am 10. April im LINE CUBE in Tokio statt. Im SHIBUYA (Shibuya Public Hall) stattfinden, Minami Takayama als Rantaro Inaji, Mayumi Tanaka als Kirimaru von Settsu, Sadatomo Ichiryusai als Shinbei Fukutomi, Toshihiko Seki als Hansuke Doi, Ushio Ken Narita, der die Rolle des Bunjiro E spielte, Soichiro Hoshi, der die Rolle des Senzo Tachibana spielte, Shigeru Shibuya, der Nagaji Nakazai spielte, Ennen Kana der die Rolle des Koheita Nanamatsu spielte, Ryotaro Okiayu, der die Rolle des Isaku Zenpoji spielte, und Chihiro Suzuki, der die Rolle des Ruzaburo Shokumitsu spielte. Einen besonderen Auftritt hatte auch Amago.","`Nintama Rantaro' et `Rakirisin' partes transibit et flagranti observantia da, quatenus praesentia superiorum classium qui ad laborem movit. DAY1 eventum `'Nintama Rantaro'' Praecipua eventi gratia colligens Sakura Festival 2026'' de anime `Nintama Rantaro' LINEA CU fundata erit in opere originali a Sakura Rantaro'. Tokyo. Minami Takayama ut Rantaro Inaji, Mayumi Tanaka ut Kirimaru Settsu, Sadatomo Ichiryusai ut Shinbei Fukutomi, Toshihiko Seki ut Hansuke Doi, Ushio Ken Narita qui partes egit de Bunjiro, qui partes egit de Bunjiro, qui partes Soichiro Hoshi E, Soichiro Hoshi qui partes egit. Nagaji Nakazai, Ennen Kana qui partes Koheita Nanamatsu egit, Ryotaro Okiayu qui partes Isaku Zenpoji, et Chihiro Suzuki partes egit Ruzaburo Shokumitsu. Amago etiam specialem speciem fecit.",Czechia,WCE,Europe,wmo
0cb13e9ae9d8449038bed4e333c43c15,2026-04-12T02:45:33Z,Storm,,news.livedoor.com,ja,0.9,台風4号「非常に強い」勢力に発達　14日頃にグアム島直撃か　日本への影響は?,台風4号「シンラコウ」は、今日12日(日)午前3時、トラック諸島近海で「非常に強い」勢力に発達しました。この後も高い海面水温の海域を北上するため更に発達し、明日13日(月)～14日(火)には中心気圧920hPa、最大瞬間風速70メートルでグアム島付近を直撃するおそれがあります。グアムやサイパンなどマリアナ諸島方面は、災害級の暴風や大雨、高潮などに厳重な警戒が必要です。日本への影響は?台風4号海面水温30℃以上を北上し急速に発達台風4号「シンラコウ」は4月10日(金)午前3時に全文tenki.jp 04月12日11…,https://news.livedoor.com/article/detail/30975458/,https://image.news.livedoor.com/newsimage/stf/4/4/44f4c_1405_4ef7491d6e4270470373bfdb4c89edac.jpg,,"412()313()14()920hPa70?
430
4410()33012()3
12()9940hPa45m/s65m/s110
13()920hPa70m/s14()
?
44m/s54m/s2
?
411
1122334414419551965201531119511122015
195519652015196532619652015
(25)1955:28196… [+32 chars]","Typhoon No. 4 intensified into a ``very strong'' force. Will it hit Guam Island around the 14th? What will be the impact on Japan? Typhoon No. 4 ``Shinrakou'' intensified into a ``very strong'' force near the Truk Islands at 3 a.m. today, Sunday, the 12th. After this, it will further develop as it moves north through areas with high sea surface temperatures, and there is a risk that it will directly hit the vicinity of Guam Island tomorrow, the 13th (Monday) to the 14th (Tuesday), with a central pressure of 920 hPa and a maximum instantaneous wind speed of 70 m. Strict vigilance is required in the Mariana Islands, including Guam and Saipan, due to disaster-level storms, heavy rain, and storm surges. What will be the impact on Japan? Typhoon No. 4 ""Shinrakou"" moving northward with a sea surface temperature of over 30 degrees Celsius and rapidly intensifying...","Taifun Nr. 4 hat sich zu einer „sehr starken“ Kraft entwickelt. Wird er Guam um den 14. treffen? Welche Auswirkungen wird es auf Japan haben? Taifun Nr. 4 „Shinrakou“ verstärkte sich heute, Sonntag, den 12., um 3 Uhr morgens zu einer „sehr starken“ Kraft in der Nähe der Truk-Inseln. Danach wird er sich weiter entwickeln, während er sich nach Norden durch Gebiete mit hohen Meeresoberflächentemperaturen bewegt, und es besteht die Gefahr, dass er morgen, vom 13. (Montag) bis zum 14. (Dienstag), direkt die Umgebung der Insel Guam trifft, mit einem zentralen Druck von 920 hPa und einer maximalen momentanen Windgeschwindigkeit von 70 m. In Gebieten der Marianeninseln wie Guam und Saipan ist aufgrund von Stürmen der Katastrophenstufe, starkem Regen und Sturmfluten strenge Wachsamkeit erforderlich. Welche Auswirkungen wird es auf Japan haben? Taifun Nr. 4 „Shinrako“ bewegt sich mit einer Meeresoberflächentemperatur von über 30 °C nach Norden und entwickelt sich schnell. Volltext tenki.jp 10. April (Freitag) 3:00 Uhr Tenki.jp 12. April 11…","Typhoon No. 4 intenditur in vim `fortissimam' Num Guam circa 14th feriet? Quid labefactum in Iaponia? Typhoon N. 4 ` `Shinrakou' intenditur in vim `validissimam' prope Insulas Truk in 3 a.m. hodie, die 12 a. Post hoc, ulterius progredietur cum septentrionem versus per areas ad altum maris superficiei temperaturas et periculum est ne proxime proximam Guam Islandiam feriat, cras die 13 (Monday) ad 14 (Martis), cum pressione centrali 920 hPa et maxima momentanea velocitate 70 m. In insulis Marianis areis Guam et Saipan arcta vigilantia requiritur ut ob tempestates, pluvias et tempestates exsurgat. Quid erit impetus in Iaponiam? Typhoon N. 4 ""Shinrako"" septentrionem versus cum maris superficie temperatura super 30℃ et celeriter explicans. Full text tenki.jp Die 10 Aprilis (Friday) 3:00 am Tenki.jp Aprilis 12th 11…",,,,random
6e52c686df02c713b97e34171a3694eb,2026-04-12T04:30:14Z,Snow Avalanche,,eiji.txt-nifty.com,ja,0.625,辺野古移設を巡る混乱,"日曜とは思えないニュース量です。
※　米国とイランの停戦協議「合意に至らず」　バンス米副大統領は帰国 https://digital.as...",https://eiji.txt-nifty.com/diary/2026/04/post-cbe3df.html,https://eiji.txt-nifty.com/.shared-cocolog/nifty_managed/images/web/ogp/default.png,,日曜とは思えないニュース量です。※　米国とイランの停戦協議「合意に至らず」　バンス米副大統領は帰国 https://digital.asahi.com/articles/ASV4D0TFSV4DUHBI01TM.html?iref=comtop_7_01＊ホルムズ海峡で米軍が機雷除去開始、中央軍司令官「まもなく安全な航路を」…米駆逐艦２隻が海峡通過https://www.yomiuri.co.j… [+6144 chars],"Confusion surrounding Henoko relocation. The amount of news is incredible for a Sunday. * Ceasefire talks between the US and Iran ""no agreement reached"" US Vice President Vance returns home https://digital.as...",Verwirrung um den Umzug von Henoko. Die Menge an Nachrichten ist für einen Sonntag unglaublich. * Waffenstillstandsgespräche zwischen den USA und dem Iran „keine Einigung erzielt“ US-Vizepräsident Vance kehrt nach Hause zurück https://digital.as...,"Confusio circum Henoko relocationis. Quantitas nuntiorum incredibile est die dominico.
* Ceasefire colloquitur inter US et Iran ""non pactum perventum"" US Vice Praeses Vance domum https://digital.as... redit.",,,,random
a9078a3880dabae0728d4146c0835c8f,2026-04-12T04:50:00Z,Precipitation,,www.yenicaggazetesi.com,tr,0.9,"Bahar beklerken kış geri geldi: Kar, sağanak ve don bir arada","Meteoroloji’nin son tahminlerine göre Türkiye genelinde yağışlı ve soğuk hava etkili olacak. Doğu bölgelerinde kuvvetli yağış, iç kesimlerde don ve buzlanma, yükseklerde ise çığ riski dikkat çekiyor. Sıcaklıklar mevsim normallerinin altında seyredecek.",https://www.yenicaggazetesi.com/meteorolojiden-pes-pese-uyarilar-bahar-beklerken-kis-geri-geldi-kar-saganak-ve-don-bir-arada-1018258h.htm,https://img.yenicaggazetesi.com/rcman/Cw1280h720q95gc/storage/files/images/2026/04/12/meteorolojiden-pes-pese-uyarilar-bahar-beklerken-kis-geri-geldi-kar-saganak-ve-don-bir-arada-qwzd.jpg,,"Meteoroloji Genel Müdürlüğü’nün son değerlendirmelerine göre Türkiye genelinde hava durumu parçalı ve çok bulutlu seyredecek. Özellikle ülkenin kuzey, iç ve doğu bölgelerinde yağışlar etkili olacak. … [+2981 chars]","While we were waiting for spring, winter came back: Snow, showers and frost all together. According to the latest forecasts of Meteorology, rainy and cold weather will be effective throughout Türkiye. There is heavy rainfall in the eastern regions, frost and icing in the inner regions, and avalanche risk in the higher altitudes. Temperatures will remain below seasonal norms.","Während wir auf den Frühling warteten, kam der Winter zurück: Schnee, Schauer und Frost zugleich. Nach den neuesten Vorhersagen der Meteorologie wird es in ganz Türkiye regnerisch und kalt sein. In den östlichen Regionen gibt es starke Regenfälle, in den inneren Regionen Frost und Vereisung und in den höheren Lagen besteht Lawinengefahr. Die Temperaturen bleiben unter den saisonalen Normen.","Dum ver exspectamus, hiems rediit: nix, imbres, frigora omnia simul. Secundum recentissimas praedictas Meteorologiae tempestates pluviae et frigoris per Türkiye efficaces erunt. Pluuiae pluviae in regionibus orientalibus, gelu et vico in interioribus regionibus sunt, et in altioribus altitudinibus periculum NIVIS. Temperatura infra normas temporis manebit.",,,,random
51617caa7312ff02c8135d5d418adabb,2026-04-12T05:14:00Z,Snow&Ice,,www.protothema.gr,el,0.9,"Με οδηγό το Πάσχα «ανοίγει» η τουριστική σεζόν - Θετικά μηνύματα από Κρήτη, Ρόδο και Σαντορίνη","Η τουριστική αγορά κινείται σε ένα περιβάλλον αυξημένης αβεβαιότητας λόγω των πολεμικών εξελίξεων στη Μέση Ανατολή, με αποτέλεσμα να καταγράφεται ένα προσωρινό «πάγωμα» στις νέες κρατήσεις και μια πιο επιφυλακτική στάση από τους ταξιδιώτες | Οικονομία",https://www.protothema.gr/economy/article/1802007/me-odigo-to-pasha-anoigei-i-sezon-thetika-minumata-apo-kriti-rodo-kai-sadorini/,https://www.protothema.gr/images/640x360share/jpg/files/2026-03-20/santorini.jpg,,"« » , . , «» , ., , , .
, , «» ., , . , , . , , .
, TUI Dertour . , , , , .
: 
. , , .« , 14.000 15.000 , . , , « ».
, , « . , , , ».
« , », , : « , . , ». , , , , , ., , , , 5% , .
. , projec… [+35 chars]","With Easter as a guide, the tourist season ""opens"" - Positive messages from Crete, Rhodes and Santorini. The tourism market is moving in an environment of increased uncertainty due to the war developments in the Middle East, resulting in a temporary ""freeze"" in new bookings and a more cautious attitude from travelers | Economy","Mit Ostern als Leitfaden „eröffnet“ die Touristensaison – Positive Nachrichten aus Kreta, Rhodos und Santorini. Der Tourismusmarkt befindet sich aufgrund der Kriegsentwicklung im Nahen Osten in einem Umfeld erhöhter Unsicherheit, was zu einem vorübergehenden „Einfrieren“ neuer Buchungen und einer vorsichtigeren Haltung der Reisenden führt | Wirtschaft","Paschae duce, VIATOR tempus ""aperit"" - nuntii positivi Creta, Rhodi et Santorini. Forum Peregrinationes in ambitu auctae incertitudinis ob progressionem belli in Medio Oriente movetur, inde in novis libellis temporalis ""gelidis"" et a viatoribus cautior habitus | Oeconomia",,,,random
360c87b77a0f4b2feba06cf6eebeddf7,2026-04-12T09:00:00Z,Precipitation,,entabe.jp,ja,0.625,【2026年4月発売】レモンスイーツ新商品まとめ第2弾「潮風檸檬 瀬戸内レモンのしおゼリー」「モンブラン・レモングレーズ」など,2026年4月に発売されるレモンスイーツ新商品まとめ第2弾をご紹介します。「潮風檸檬 瀬戸内レモンのしおゼリー」や「モンブラン・レモングレーズ」など。,https://entabe.jp/59973/summary-2026-april-release-new-lemon-sweets-2nd,https://image.entabe.jp/upload/20260405/images/005_1.jpg,,"2026年4月に発売されるレモンスイーツ新商品まとめ第2弾をご紹介します。「潮風檸檬 瀬戸内レモンのしおゼリー」や「モンブラン・レモングレーズ」など。
ありあけ「黒船ハーバー ペリーのれもねーど」
レモン果汁や果肉を合わせた特製レモン餡に、レモンタイムの爽やかな香りとはちみつのやさしい甘さを重ねた、酸味と甘味がほどよく調和した味わい。黒船をイメージしたココア生地で包み、しっとりと焼き上げるこ… [+696 chars]",[Release date: April 2026] 2nd collection of new lemon sweets products such as ``Sea Breeze Lemon Setouchi Lemon Shio Jelly'' and ``Mont Blanc Lemon Glaze''.Introducing the 2nd collection of new lemon sweets products that will be released in April 2026. ``Sea Breeze Lemon Setouchi Lemon Shio Jelly'' and ``Mont Blanc Lemon Glaze.'',"[Erscheinungsdatum: April 2026] 2. Kollektion neuer Zitronenbonbons wie „Sea Breeze Lemon Setouchi Lemon Shio Jelly“ und „Mont Blanc Lemon Glaze“. Wir stellen die 2. Kollektion neuer Zitronenbonbons vor, die im April 2026 auf den Markt kommen werden. „Sea Breeze Lemon Setouchi Lemon Shio Jelly“ und „Mont Blanc Lemon Glaze“.",[Release date: April 2026] Collectio 2 novarum CITRUM dulcium productorum ut `Sea Aura Lemon Setouchi Lemon Shio Jelly' et `Mont Blanc Lemon Glaze''. Introducendis 2 Collectio novarum CITRUM dulcororum quae mense Aprili 2026. solventur `Aura Lemon Glas Setouchi Lemon Shio Jelly' et `Mont Blanc Shio Jelly'.,New Zealand,NZ,Oceania,wmo
ab67a37fa9a9828fc821e2f58f475a76,2026-04-12T09:20:17Z,Precipitation,,hindi.moneycontrol.com,hi,0.3,"Snake: दुनिया के सबसे खतरनाक सांप, जिनका जहर पलभर में ले सकता है जान","दुनिया में सांपों की सैकड़ों प्रजातियां पाई जाती हैं, लेकिन उनमें से कुछ ही ऐसी होती हैं जिनका जहर बेहद खतरनाक और जानलेवा होता है। किंग कोबरा, करैत, रसेल वाइपर, सींगदार वाइपर और सॉ-स्केल्ड वाइपर जैसे सांप अपने विष के कारण खास तौर पर डरावने माने जाते हैं। ये न…",https://hindi.moneycontrol.com/trends/dangerous-snake-species-king-cobra-krait-viper-india-deadliest-snakes-article-2391243.html,https://images.moneycontrol.com/static-hindinews/2025/09/snakes-2.png,,,"Snake: The most dangerous snake in the world, whose venom can kill in a moment. Hundreds of species of snakes are found in the world, but only a few of them have venom that is extremely dangerous and fatal. Snakes like the king cobra, krait, Russell's viper, horned viper and saw-scaled viper are considered particularly fearsome because of their venom. This…","Schlange: Die gefährlichste Schlange der Welt, deren Gift in einem Augenblick töten kann. Auf der Welt gibt es Hunderte von Schlangenarten, aber nur wenige von ihnen haben ein äußerst gefährliches und tödliches Gift. Schlangen wie die Königskobra, Krait, Russells Viper, Hornotter und Sägeschuppenotter gelten aufgrund ihres Giftes als besonders furchteinflößend. Das…","Serpens: Periculosissimus serpens in mundo, cuius venenum in momento occidere potest. Centum anguium specierum in mundo reperiuntur, sed ex eis pauci sunt, quorum virus periculosissimum et perniciosum est. Serpentes sicut rex aspidis, krait, vipera Russell, vipera cornuta et vipera serrata, speciatim ob veneni formidolosi habentur. Hoc…",India,SAS,Asia,wmo
5092d064d619f194d5e38b451ba32a34,2026-04-12T16:01:32Z,Storm,,www.ansa.it,it,0.3,"Venti di burrasca e mareggiate al Sud, temporali al Nord e al Centro","Una perturbazione attiva sul Mediterraneo occidentale si muove verso l'Italia, accentuando gradualmente l'instabilità che riguarderà, dalla serata odierna, il Nord-Ovest, per estendersi domani a buona parte del Centro. (ANSA)",https://www.ansa.it/sito/notizie/cronaca/2026/04/12/venti-di-burrasca-e-mareggiate-al-sud-temporali-al-nord-e-al-centro_64c6ab8b-dd7d-435d-b35e-169e56c718b6.html,https://www.ansa.it/webimages/img_1129x635/2026/1/21/a0616017b315ed9cbe83207c28839b59.jpg,,"Una perturbazione attiva sul
Mediterraneo occidentale si muove verso l'Italia, accentuando
gradualmente l'instabilità che riguarderà, dalla serata odierna,
il Nord-Ovest, per estendersi domani a b… [+828 chars]","Gale winds and storm surges in the South, thunderstorms in the North and Centre. An active disturbance in the western Mediterranean is moving towards Italy, gradually accentuating the instability which will affect the North-West from today's evening and will extend to a good part of the Center tomorrow. (HANDLE)","Im Süden stürmische Winde und Sturmfluten, im Norden und in der Mitte Gewitter. Eine aktive Störung im westlichen Mittelmeerraum bewegt sich in Richtung Italien und verschärft allmählich die Instabilität, die ab heute Abend den Nordwesten beeinträchtigen und sich morgen auf einen Großteil des Zentrums ausweiten wird. (HANDHABEN)","galee venti et procellae in Austro, in Aquilone et Centro procellis. Actuosa perturbatio in Mediterraneo occidentali versus Italiam movetur, sensim acuens instabilitatem quae ab hodie vespertino septentrione-occidente afficiet et ad bonam partem Centri cras erit. (CONTRACTO)",Italy,MED,Europe,wmo
e1039b87a862490cbc71b1e29855cd92,2026-04-12T18:09:33Z,Fog,,www.lanacion.com.ar,es,0.3,"Ángela Torres en el Gran Rex: emoción a sala llena, una invitada de lujo y la prueba de que la promesa se convirtió en realidad","Tras agotar dos funciones previas, vuelve a cantar este domingo en la última fecha de una seguidilla que confirma su crecimiento",https://www.lanacion.com.ar/espectaculos/musica/angela-torres-en-el-gran-rex-emocion-a-sala-llena-una-invitada-de-lujo-y-la-prueba-de-que-la-promesa-nid12042026/,https://resizer.glanacion.com/resizer/v2/angela-7TXCXX4FK5FL5G27AMAFEVVJGU.JPG?auth=5390069752d24339ffa0ad72108e475b0158feed52971f5416d69b68cfb0e812&width=1200&quality=85&smart=true&height=675,,"Para Ángela Torres convertirse en artista fue una decisión sostenida en el tiempo: la de construirse como tal, incluso cuando eso implicó exponerse, dudar y volver a empezar. De aquella pequeña que b… [+6445 chars]","Ángela Torres at the Gran Rex: excitement in a full room, a luxury guest and proof that the promise became a reality. After exhausting two previous shows, he sings again this Sunday on the last date of a series that confirms his growth","Ángela Torres im Gran Rex: Spannung in einem vollen Saal, ein Luxusgast und der Beweis, dass das Versprechen Wirklichkeit geworden ist. Nachdem er zwei vorherige Shows erschöpft hatte, singt er diesen Sonntag erneut beim letzten Termin einer Serie, die sein Wachstum bestätigt","Angela Torres apud Gran Rex: tumultus in cubiculis, in deliciis hospitum et probationem rem factam esse promissionem. Duobus praecedentibus spectaculis consumptis, iterum hanc Dominicam canit in ultimo die seriei quae incrementum suum confirmat",Spain,MED,Europe,wmo
245f151d1ea6b70a6fd3eba99e6d86dc,2026-04-12T20:25:43Z,Tropical Cyclone,,www.abc.net.au,en,0.2,Queensland's north set for soaking as ex-cyclone Maila brings heavy rains,"Beautiful one day, heavy rain, dangerous surf and frosts, the next — Queensland faces a mixed bag of weather throughout the state over the coming days.",https://www.abc.net.au/news/2026-04-13/north-queensland-heavy-rains-forecast-from-maila-low/106555768,https://live-production.wcms.abc-cdn.net.au/751b47abd53007c32b3ddd8ac1b13d20?impolicy=wcms_watermark_news&cropH=1080&cropW=1920&xPos=0&yPos=143&width=862&height=485&imformat=generic,http://web.archive.org/web/20260412203114/https://www.abc.net.au/news/2026-04-13/north-queensland-heavy-rains-forecast-from-maila-low/106555768,"Dry, warm and sunny weather will greet much of Queensland for the start of the working week, now ex-Tropical Cyclone Maila has been downgraded to a tropical low pressure system. 
But from Tuesday, i… [+3618 chars]","Queensland's north set for soaking as ex-cyclone Maila brings heavy rains. Beautiful one day, heavy rain, dangerous surf and frosts, the next — Queensland faces a mixed bag of weather throughout the state over the coming days.","Der Norden von Queensland wird durchnässt, da der ehemalige Zyklon Maila heftige Regenfälle mit sich bringt. An einem Tag ist es schön, am nächsten Tag heftiger Regen, gefährliche Brandung und Frost – Queensland sieht sich in den kommenden Tagen im gesamten Bundesstaat mit einem gemischten Wetter konfrontiert.","Reginae septentriones ad occasum bibulae ex- cyclone Maila graves pluvias adfert. Pulchra dies una, pluvia gravis, salo periculosa et pruina, altera — Reginae per orbem tempestatum mixtum sacculum per statum venturum dies spectat.",Solomon Islands,EPO,Oceania,wmo
2ffbca6da9d4832a5efabb3656841539,2026-04-13T01:00:00Z,Precipitation,,zuuonline.com,ja,0.625,アンダースロー（ウィークリー）：グローバルな経済政策の潮流の変化は決定的,この記事は2026年4月13日に配信されたメールマガジン「アンダースロー（ウィークリー）：グローバルな経済政策の潮流の変化は決定的」を一部編集し、転載したものです。 目次シンカー米国： インフレ期待の高まりを過度に懸念する必要性は乏しいグローバルな経済政策の潮流の変化は決定的日本経済見通しのメインポイント（経済）（3月[…],https://zuuonline.com/archives/301524,https://prd-cdn-zuuonline.storage.googleapis.com/images/WSFtnyiKOmpVlfdiUdnFDtMwzsNssnIp/0bd8d7ad-b325-44b0-bc50-b2666ee4d698.jpg,,"2026413
3CPI+0.22+0.2+2.38+2.62+10.892+3.252+0.3+0.2
2+14.4+16.9FRB
<ul><li></li><li>317Industrial Policy for Development30
</li><li>17
</li><li></li><li>5GDP
</li></ul>1
2
3
4
331
1
 GDP… [+152 chars]","Underslow (Weekly): The change in the trend of global economic policy is decisive. This article is a partially edited and reprinted version of the e-mail magazine ""Underslow (Weekly): The change in the trend of global economic policy is decisive"" distributed on April 13, 2026. Table of Contents Thinker US: There is little need to be overly concerned about rising inflation expectations Changes in the trend of global economic policy are decisive Main points of Japan's economic outlook (Economy) (March […]","Underslow (Wöchentlich): Der Trendwechsel in der globalen Wirtschaftspolitik ist entscheidend. Bei diesem Artikel handelt es sich um eine teilweise bearbeitete und nachgedruckte Version des E-Mail-Magazins „Underslow (Wöchentlich): Der Trendwechsel in der Weltwirtschaftspolitik ist entscheidend“, der am 13. April 2026 verteilt wurde. Inhaltsverzeichnis Denker USA: Es besteht kaum Grund, sich über steigende Inflationserwartungen übermäßig Sorgen zu machen. Veränderungen im Trend der Weltwirtschaftspolitik sind entscheidend. Hauptpunkte von Japans Wirtschaftsaussichten (Wirtschaft) (März […]","Subslow (hebdomadarius): Mutatio in inclinatione consilii oeconomici globalis decretorium est. Hic articulus ex parte editus et editus est versio electronicae emporium ""Inferslow (Weekly): Mutatio in inclinatione consilii oeconomici globalis peremptorium"" distribuitur die 13 Aprilis 2026. Tabula contentorum Thinker US: Minime opus est ut nimis sollicitum sit de incrementis exspectationum mutationum in inclinatione globalis oeconomici.",Ecuador,NWS,South-America,wmo
9e9ff23ef81f1896038564bf2e426a4d,2026-04-13T01:57:21Z,Storm,,director.blog.shinobi.jp,ja,0.5,朝ドラ『風、薫る』大家直美（演・上坂樹里）のモチーフの素顔！二人の子供を守り抜いた「看護の母」鈴木雅の逆転人生,"© 2026 mickey_director
Base image generated with DALL・E, edited by みっきー


【忠告】
NHK連続テレビ小説『風、薫る』の先の展開のネタバレは基本的に書いてありません。
ですが、ダブル主人公「一ノ瀬りんと大家直美」のモチーフである「大関和と鈴木雅」の［史実］について触れます。
あとから「読むんじゃなかった…」がないよう、読む際は自己責任でお願いします。
　※以下、敬称は部分的に使い分けをします。



直美のモチーフである、「鈴木雅」の人生つい…",http://director.blog.shinobi.jp/Entry/20260/,http://blog.cnobi.jp/v1/blog/user/08129a6aa5c0172a4540c0e91490e391/1776045245,,"202604(23)
202603(63)
202602(56)
202601(57)
202512(55)
202511(67)
202510(61)
202509(57)
202508(61)
202507(53)
202506(58)
202505(55)
202504(46)
202503(60)
202502(56)
202501(50)
202412(… [+2294 chars]","The real face of Naomi Oya (played by Juri Uesaka) in the morning drama “Kaze Kaoru”! The reversal of life for Masaru Suzuki, a “nursing mother” who protected her two children. © 2026 mickey_director
Base image generated with DALL・E, edited by Mikki


[Advice]
There are basically no spoilers for what happens next in the NHK TV drama series ``Kaze Kaoru''.
However, I would like to touch on the [historical fact] of ``Ozeki Kazu and Suzuki Miyabi'', which is the motif of the double protagonist ``Ichinose Rin and Oya Naomi''.
Please read at your own risk so that you won't regret reading it later.
*Hereinafter, honorific titles will be used partially.



Naomi's motif is the life of ""Miyabi Suzuki""...","Das wahre Gesicht von Naomi Oya (gespielt von Juri Uesaka) im Morgendrama „Kaze Kaoru“! Die Wende im Leben von Masaru Suzuki, einer „stillenden Mutter“, die ihre beiden Kinder beschützte. © 2026 mickey_director
Basisbild erstellt mit DALL・E, bearbeitet von Mikki


[Ratschlag]
Es gibt im Grunde keine Spoiler dazu, was als nächstes in der NHK-TV-Dramaserie „Kaze Kaoru“ passiert.
Ich möchte jedoch auf die [historische Tatsache] von „Ozeki Kazu und Suzuki Miyabi“ eingehen, die das Motiv der Doppelprotagonistin „Ichinose Rin und Oya Naomi“ ist.
Bitte lesen Sie es auf eigene Gefahr, damit Sie es später nicht bereuen, es gelesen zu haben.
*Im Folgenden werden teilweise Ehrentitel verwendet.



Naomis Motiv ist das Leben von „Miyabi Suzuki“...","Vera facies Noomi Oya (a Juri Uesaka egit) in dramate matutino ""Kaze Kaoru""! Vita Miyabi Suzuki, ""matricis nutricis"" quae duos filios suos tutatus est, inversus est. © 2026 mickey_director Base imago cum DALL・E generata, a Mickey [Admonitio] Praedones pro eo quod in serie fabularum NHK TV proxime acciderit `Kaze Kaoru' basically non scripta sunt. Sed vellem attingere `Ozeki Kazu et Suzuki Miyabi', quae est argumentum duplicis primarii `Ichinosi Rin et Oya Noomi'. Lege quaeso cum periculo tuo ut non paeniteat te legere postea.  * Postmodum honorificos titulos partim adhibebitur. Argumentum Noemi vita est ""Miyabi Suzuki""...",Ecuador,NWS,South-America,wmo
29604cad2a4c686c40fbdd1a9b358c0f,2026-04-13T03:00:00Z,Storm,,rockinon.com,ja,0.9,rockin'on 編集部日記 - ウェット・レッグ激変！ 激しく熱いパフォーマンスでフロアは最高潮。劇的な東京公演を完全レポート,現在発売中のロッキング・オン5月号では、ウェット・レッグのライブレポートを掲載しています。以下、…,https://rockinon.com/blog/rockinon/214798,https://rockinon.com/images/entry/width:1200/214798/1,,copyright © rockinon holdings inc. all rights reserved.,"rockin'on Editorial Department Diary - Wet Legs drastic change! The floor reached its climax with an intense and passionate performance. A complete report on the dramatic Tokyo performance. The May issue of Rocking On, currently on sale, includes a live report of Wet Legs. below,…","Tagebuch der Redaktion von rockin'on - Wet Legs drastische Veränderung! Der Boden erreichte seinen Höhepunkt mit einer intensiven und leidenschaftlichen Darbietung. Ein vollständiger Bericht über den dramatischen Auftritt in Tokio. Die Mai-Ausgabe von Rocking On, die derzeit im Handel erhältlich ist, enthält einen Live-Bericht über Wet Legs. unten,…","rockin'on Department Editorial Diarium - Crurum humidum acrem mutatio! Tabulatum culmen attingit cum ingenti et flagranti effectu. Renuntiatio perfecta de scenicis Tokyo agendis. Sit quaestio de gestationis, nunc de sale, vivam relationem de cruribus udis includit. infra,…",,,,random
9fa1fc33bf1f84f5715a83875dfd68f1,2026-04-13T03:36:25Z,Storm,,news.yahoo.co.jp,ja,0.375,「食べていない・寝ていない・参謀いない」高市首相をめぐる不安の連鎖（デイリー新潮） - Yahoo!ニュース,高市早苗首相（65）と内閣官房参与の今井尚哉氏（67）との“大ゲンカ”の記事は双方が否定して収束したが、その一方で高市氏の健康不安は高まるばかりだという。,https://news.yahoo.co.jp/articles/9cf535f4d94a742d599e92b5b87a5ffa0ded169d,https://newsatcl-pctr.c.yimg.jp/t/amd-img/20260413-01441269-shincho-000-1-view.jpg?exp=10800,,"- - - - - - - - Copyright © 2026 SHINCHOSHA 
© LY Corporation","A chain of concerns surrounding Prime Minister Takaichi, who is ``not eating, not sleeping, not having a staff member'' (Daily Shincho) - Yahoo! News. An article about a ``big fight'' between Prime Minister Sanae Takaichi (65) and Cabinet Secretariat Advisor Naoya Imai (67) was denied by both sides and the matter was resolved, but on the other hand, concerns about Takaichi's health are only increasing.","Eine Reihe von Bedenken rund um Premierminister Takaichi, der „nicht isst, nicht schläft und keinen Mitarbeiter hat“ (Daily Shincho) - Yahoo! Nachricht. Ein Artikel über einen „großen Kampf“ zwischen Premierminister Sanae Takaichi (65) und dem Berater des Kabinettssekretariats Naoya Imai (67) wurde von beiden Seiten dementiert und die Angelegenheit geklärt, andererseits nehmen die Sorgen um Takaichis Gesundheitszustand nur zu.","Circulus anxietatis circa Primi Ministri Takaichi, qui est `non manducans, non dormiens, membrum baculum non habens' (Cotidie Shincho) - Yahoo! Nuntium. Articulus de `pugna magna' inter Primi Ministri Sanae Takaichi (65) et Cabinet Secretariatus Advisor Naoya Imai (67) ab utraque parte negatus est et res soluta est, sed cura de valetudine Takaichi tantum augeri dicuntur.",Argentina,SES,South-America,wmo
51f827ec0ce6f3b5af8b82b70ab6c91b,2026-04-13T03:46:41Z,Snow&Ice,,www.dailyshincho.jp,ja,0.625,「食べていない・寝ていない・参謀いない」高市首相をめぐる不安の連鎖 | デイリー新潮,「週刊新潮」の発売前日に速報が届く！ メールマガジン登録 デイリー新潮とは？ 広告掲載について お問い合わせ 著作権・リンクについて ご購入について 免責事項 プライバシーポリシー データポリシー 運営：株式会社新潮社 Copyright © SHINCHOSHA All Rights Reserved. すべての画像・データについて無断転用・無断転...,https://www.dailyshincho.jp/article/2026/04131125/,https://www.dailyshincho.com/wp-content/uploads/2026/04/1441269_1.jpg,http://web.archive.org/web/20260413093125/https://www.dailyshincho.jp/article/2026/04131125/,Copyright © SHINCHOSHA All Rights Reserved.,"The chain of anxiety surrounding Prime Minister Takaichi, who is not eating, not sleeping, and has no staff members | Daily Shincho. Breaking news arrives the day before the release of ``Weekly Shincho''! Email newsletter registration What is Daily Shincho? About Advertising Contact Us About Copyrights and Links About Purchases Disclaimer Privacy Policy Data Policy Operated by: Shinchosha Co., Ltd. Copyright © SHINCHOSHA All Rights Reserved. All images and data may be used without permission.","Die Angstkette um Premierminister Takaichi, der nicht isst, nicht schläft und keine Mitarbeiter hat | Täglicher Shincho. Am Tag vor der Veröffentlichung von „Weekly Shincho“ treffen aktuelle Nachrichten ein! E-Mail-Newsletter-Anmeldung Was ist Daily Shincho? Über Werbung Kontaktieren Sie uns über Urheberrechte und Links Über Käufe Haftungsausschluss Datenschutzrichtlinie Datenrichtlinie Betrieben durch: Shinchosha Co., Ltd. Copyright © SHINCHOSHA Alle Rechte vorbehalten. Alle Bilder und Daten dürfen ohne Genehmigung verwendet werden.","Vinculum anxietatis circa Primi Ministri Takaichi, qui non est manducans, non dormiens, nec membra baculi habet | Cotidiana Shincho. Nuntium fractionis advenit Pridie quam emissio `Weekly Shincho'! Email newsletter registration What is Daily Shincho? About Advertising Contact Us About Copyrights and Links About Purchases Disclaimer Privacy Policy Data Policy Operated by: Shinchosha Co., Ltd. Copyright © SHINCHOSHA All Rights Reserved. Omnes imagines et notitia sine permissione adhiberi possunt.",,,,random
54b731e3c4e3798ed187375bc9bf64bd,2026-04-13T05:38:00Z,Wildfire,,www.protothema.gr,el,0.9,"Ηράκλειο: Μεγάλη πυρκαγιά σε χώρο στάθμευσης ενοικιαζόμενων αυτοκινήτων, δείτε βίντεο",Διενεργείται προανάκριση για τις συνθήκες υπό τις οποίες εκδηλώθηκαν οι φλόγες | Ηράκλειο | Πυρκαγιά | Πάρκινγκ | Πυροσβεστική υπηρεσία | Ελλάδα,https://www.protothema.gr/greece/article/1802267/irakleio-megali-purkagia-se-horo-stathmeusis-enoikiazomenon-autokiniton-deite-video/,https://www.protothema.gr/images/640x360share/jpg/files/2026-04-13/fotia_parkingk.jpg,,",   , .cretalive.gr, 00:50, E.O . , .., 18 .
12 . , . , . , .
 : H 
, Facebook   , , . 
 , , , .","Heraklion: Large fire in a rental car parking lot, see video. A preliminary investigation is being conducted into the circumstances under which the flames occurred | Heraklion | Fire | Parking | Fire service | Greece","Heraklion: Großbrand auf einem Mietwagenparkplatz, siehe Video. Zu den Umständen, unter denen es zu den Flammen kam, wird eine Voruntersuchung durchgeführt | Iraklion | Feuer | Parken | Feuerwehr | Griechenland","Heraklion: Large ignis in raeda car rentalis multum, videre video. Investigatio praevia inducitur in circumstantias, in quibus flammae fiebant | Heraklion | ignis | Quisque | ignis servitium | Graecia",,,,random
54b75697c0f0cc1ad97771fb1785518d,2026-04-13T06:01:00Z,Earthquake,,www.haber7.com,tr,0.9,Antalya'da peş peşe depremler! AFAD'dan son dakika açıklaması,"Antlya'nın Demre ilçesi açıklarında 4,7 büyüklüğünde deprem meydana geldi. AFAD'dan depreme ilişkin son dakika açıklaması geldi. Deprem, Finike ve Kumluca gibi bazı çevre ilçelerde de hissedildi.",https://www.haber7.com/guncel/haber/3619577-antalyada-pes-pese-depremler-afaddan-son-dakika-aciklamasi,https://i20.haber7.net/resize/1280x720/haber/haber7/bigmanset/2026/16/antalyada_pes_pese_depremler_afaddan_son_dakika_aciklamasi_1776062102_5861.jpg,,"Antalya'nn Demre ilçesi açklarnda 5 dakika arayla 3.5 ve 4.7 büyüklüünde iki deprem meydana geldi.
Afet ve Acil Durum Yönetimi Bakanlnn (AFAD) internet sitesinde yer alan bilgiye göre, saat 08.48'de… [+164 chars]",Successive earthquakes in Antalya! Last minute statement from AFAD. A 4.7 magnitude earthquake occurred off the coast of Antlya's Demre district. Last minute statement regarding the earthquake came from AFAD. The earthquake was also felt in some surrounding districts such as Finike and Kumluca.,"Aufeinanderfolgende Erdbeben in Antalya! Last-Minute-Erklärung von AFAD. Vor der Küste des Bezirks Demre in Antlya ereignete sich ein Erdbeben der Stärke 4,7. Eine kurzfristige Stellungnahme zum Erdbeben kam von AFAD. Das Erdbeben war auch in einigen umliegenden Bezirken wie Finike und Kumluca zu spüren.",Motus successivi in ​​Antalya! Novissima editio ex AFAD. A 4.7 terrae motus in litore Antlyae regio Demre factus est. Novissima editio de terrae motu ab AFAD orta est. Terrae motus etiam in quibusdam regionibus circumiectis sicut Finike et Kumluca sentiebatur.,,,,random
a15eed802bcff5f1972dbbee673be95b,2026-04-13T06:15:00Z,Wildfire,,www.protothema.gr,el,0.9,Ο αρσενικός μαυρόγυπας «Ιωάννα» επέστρεψε στη Δαδιά: Το χρονικό της διάσωσης που συγκίνησε,"Γλίτωσε από τα κοράκια, την πυρκαγιά και τα δηλητηριασμένα δολώματα και επέστρεψε στο δάσος του, όπου είναι ο βασιλιάς των αιθέρων | Μαυρόγυπας | Δαδιά | Δηλητηριασμένα Δολώματα | ANIMA | ΟΦΥΠΕΚΑ | Κοράκια | Stories",https://www.protothema.gr/stories/article/1802283/o-arsenikos-maurogupas-ioanna-epestrepse-sti-dadia-to-hroniko-tis-diasosis-pou-suginise/,https://www.protothema.gr/images/640x360share/jpg/files/2026-04-13/ioanna_bird_3.jpg,,", egean « ». , , . , . . . .,   «», , 
, , , . , .«» , , « ». (),, - - , Aegean . , , , , 
« , » .
, , ...
, 2016, . , . , «». , , ( ) . , 2019 « » . 2023 2025 , ., 2026, (130 ) (120 ) . , , , «»… [+353 chars]","The male black vulture ""Ioanna"" returned to Dadia: The story of the rescue that moved. He escaped the crows, the fire and the poisoned baits and returned to his forest, where he is the king of the ethers | Black vulture | Nanny | Poisoned Baits | ANIMA | OFYPEKA | Crows | Stories","Der männliche Mönchsgeier „Ioanna“ kehrte nach Dadia zurück: Die Geschichte der Rettung, die sich bewegte. Er entkam den Krähen, dem Feuer und den Giftködern und kehrte in seinen Wald zurück, wo er der König der Äther ist | Mönchsgeier | Kindermädchen | Giftköder | TIER | OFYPEKA | Krähen | Geschichten","Masculus niger vulturis ""Ioanna"" ad Dadia rediit: Fabula de auxilio quod movetur. Fugit corvos, ignem atque escas, et in silvam rediit, ubi rex aetherium | vulture nigro | Nanny | Venena Baits | ANIMA | OFYPEKA | Crow | Stories",,,,random
0df79565d6ab0690296f578d8bfd07ed,2026-04-13T06:23:33Z,Precipitation,,www.abc.es,es,0.8,La Aemet avisa del tiempo en España a partir de hoy: lluvias y nieve en estas zonas antes de una subida de las temperaturas,"Nos acercamos al ecuador de abril y, en lo que llevamos de mes, en España hemos podido experimentar desde frío y nieve hasta jornadas más cercanas al tiempo propio de verano que de primavera, estación en la que nos encontramos. Esto, influido en gran parte po…",https://www.abc.es/sociedad/aemet-avisa-tiempo-espana-partir-hoy-lluvias-20260413082328-nt.html,https://s1.abcstatics.com/abc/www/multimedia/sociedad/2026/04/13/lluvia-aemet--km--1200x630@diario_abc.jpg,,"Nos acercamos al ecuador de abril y, en lo que llevamos de mes, en España hemos podido experimentar desde frío y nieve hasta jornadas más cercanas al tiempo propio de verano que de primavera, estació… [+3077 chars]","The Aemet warns about the weather in Spain starting today: rain and snow in these areas before a rise in temperatures. We are approaching the equator of April and, so far this month, in Spain we have been able to experience everything from cold and snow to days closer to summer weather than spring, the season in which we find ourselves. This, largely influenced by…","Das Aemet warnt ab heute vor dem Wetter in Spanien: Regen und Schnee in diesen Gebieten, bevor die Temperaturen steigen. Wir nähern uns im April dem Äquator und konnten in diesem Monat bisher in Spanien alles erleben, von Kälte und Schnee bis hin zu Tagen, die eher dem Sommerwetter ähneln als dem Frühling, der Jahreszeit, in der wir uns befinden. Dies wird maßgeblich beeinflusst durch…","Aemet monet de tempestate in Hispania hodie incipiens: pluvia et nix in his locis antequam in temperaturis oriuntur. Aprilis aequinoctiali appropinquamus et, quantum hoc mense, in Hispania omnia experiri potuimus a frigoribus et nivis in dies propius aestatis quam ver, tempus quo invenimus. Hoc, multum commovetur...",Ecuador,NWS,South-America,wmo
de8820568be3d69a2620d324e9c80c70,2026-04-13T08:11:51Z,Earthquake,,news.livedoor.com,ja,0.9,熊本・南阿蘇村で人口18％減　地震から10年、定住促進が課題,熊本地震による被災から10年となる熊本城。天守閣は修復されたが、やぐらや石垣などの復旧作業が続いている＝13日午前、熊本市熊本、大分両県で災害関連死を含め計278人が犠牲となった熊本地震の最初の激震「前震」から、14日で10年。被災地の人口は、熊本県南阿蘇村で地震前から18.8％減った一方、減少から回復傾向へと転じた自治体も見られ、復興の状況に格差が生じている。道路や鉄道など交通インフラの復旧は進み、移住・定住の促進や観光振興が課題となる。熊本地震は2016年4全文共同通信 04月13日17時11分,https://news.livedoor.com/article/detail/30985400/,https://image.news.livedoor.com/newsimage/stf/b/9/b9b52_1675_805de9c8ecc3194767f8d87f8f306819.jpg,,"1013
278141018.8
2016414167287
114442639292268192310613.8100.3
860034700","Population declines in Minamiaso Village, Kumamoto by 18% 10 years after the earthquake, promoting settlement is an issue. 10 years have passed since Kumamoto Castle was damaged by the Kumamoto Earthquake. The castle tower has been repaired, but restoration work on towers, stone walls, etc. is continuing.The 14th marks 10 years since the first violent foreshock of the Kumamoto Earthquake, which killed a total of 278 people in Kumamoto City and Oita Prefecture, including disaster-related deaths, on the morning of the 13th. While the population of the disaster-affected area decreased by 18.8% in Minamiaso Village, Kumamoto Prefecture from before the earthquake, there are some municipalities that have seen a shift from a decline to a recovery trend, creating disparities in the status of recovery. The restoration of transportation infrastructure such as roads and railways is progressing, and issues such as promoting migration and settlement and promoting tourism will become issues. Kumamoto earthquake 2016 4 full text Kyodo News April 13th 17:11","Zehn Jahre nach dem Erdbeben geht die Bevölkerung im Dorf Minamiaso in Kumamoto um 18 % zurück. Die Förderung der Besiedlung ist ein Problem. Zehn Jahre sind vergangen, seit die Burg Kumamoto durch das Erdbeben in Kumamoto beschädigt wurde. Der Burgturm wurde repariert, aber die Restaurierungsarbeiten an Türmen, Steinmauern usw. gehen weiter. Am 14. sind es 10 Jahre seit dem ersten heftigen Vorbeben des Kumamoto-Erdbebens, bei dem am Morgen des 13. insgesamt 278 Menschen in der Stadt Kumamoto und in der Präfektur Oita ums Leben kamen, darunter auch katastrophenbedingte Todesfälle. Während die Bevölkerung des von der Katastrophe betroffenen Gebiets im Dorf Minamiaso in der Präfektur Kumamoto im Vergleich vor dem Erdbeben um 18,8 % zurückging, gab es in einigen Gemeinden einen Übergang von einem Rückgang hin zu einem Aufschwung, was zu Ungleichheiten im Stand der Erholung führte. Der Wiederaufbau der Verkehrsinfrastruktur wie Straßen und Schienen schreitet voran und Themen wie die Förderung von Migration und Ansiedlung sowie die Förderung des Tourismus werden zu Themen. Erdbeben in Kumamoto 2016 4 Volltext Kyodo News 13. April 17:11","Multitudo declinat in Minamiaso Village, Kumamoto ab 18% 10 annis post terrae motum, res promovenda est exitus. 10 anni elapsi sunt ex Kumamoto Castle a Kumamoto Terraemotus laesum est. Turris castelli reparata est, sed opus restauratum in turri, muris lapideis, etc., pergit. XIV denotat X anniversarium primae tumultus tumultus Kumamoto Terrae, quae numerum 278 hominum, inter clades relatas mortes, in Kumamoto urbe et Oita Praefecturae mane XIIII occidit. Cum multitudo calamitatis area affectata 18.8% in Minamiaso Village, Kumamoto Praefectura ante terrae motum decrevit, nonnulla sunt municipia quae mutationem declinationis ad inclinationem receptam viderunt, disparitates in statu recuperationis creant. Reparatio translationis infrastructurae sicut viae et ferriviaria progreditur, et exitus ut migratio et sedes promovendae et similes similesve causae fiunt. Kumamoto terrae motu 2016 4 full text Kyodo News April 13th 17:11",,,,random
f6d0734b43cd63b83c05e16e2eb5bebd,2026-04-13T09:00:00Z,Storm,,wattsupwiththat.com,en,0.3,Weekly Climate and Energy News Roundup #686,"“All other aspects and characteristics of science can be understood directly when we understand that observation is the ultimate and final judge of the truth of an idea.” — Richard Feynman, The Meaning of It All: Thoughts of a Citizen-Scientist (1998)",https://wattsupwiththat.com/2026/04/13/weekly-climate-and-energy-news-roundup-686/,https://i0.wp.com/wattsupwiththat.com/wp-content/uploads/2024/05/charlesrotter_monument_valley_at_sunrise_midrjourney.webp?fit=1024%2C512&quality=75&ssl=1,,"Quote of the Week: All other aspects and characteristics of science can be understood directly when we understand that observation is the ultimate and final judge of the truth of an idea. 
 Richard … [+73755 chars]","Weekly Climate and Energy News Roundup #686. “All other aspects and characteristics of science can be understood directly when we understand that observation is the ultimate and final judge of the truth of an idea.” — Richard Feynman, The Meaning of It All: Thoughts of a Citizen-Scientist (1998)","Wöchentliche Zusammenfassung der Klima- und Energienachrichten Nr. 686. „Alle anderen Aspekte und Merkmale der Wissenschaft können direkt verstanden werden, wenn wir verstehen, dass die Beobachtung der ultimative und endgültige Richter über die Wahrheit einer Idee ist.“ — Richard Feynman, The Meaning of It All: Thoughts of a Citizen-Scientist (1998)","Weekly Climate and Energy News Rotundus #686. ""Omnes aliae rationes et notae scientiarum directe intelligi possunt, cum animadversionem ultimi et finalis veritatis ideae iudicem esse intelligimus"". - Richard Feynman, Sensus omnium: Cogitationes cive-scienticae (1998)",New Zealand,NZ,Oceania,wmo
b622f7745c650de64f87d82f2f64f698,2026-04-13T11:01:00Z,Volcano,,www.protothema.gr,el,0.9,Ιαπωνία: Το ηφαίστειο Σακουρατζίμα «βρυχάται» ξανά με εκτόξευση τέφρας και στήλες καπνού χιλιάδων μέτρων,"Εισήλθε σε φάση εκρηκτικής δραστηριότητας για δεύτερη φορά σε τέσσερις μήνες, σύμφωνα με τη Μετεωρολογική Υπηρεσία της Ιαπωνίας | Ιαπωνία | Έκρηξη ηφαιστείου | Ηφαίστειο | Κόσμος",https://www.protothema.gr/world/article/1802391/iaponia-to-ifaisteio-sakouratzima-vruhatai-xana-me-ektoxeusi-tefras-kai-stiles-kapnou-hiliadon-metron/,https://www.protothema.gr/images/640x360share/jpg/files/2026-04-13/japan_volcano_maketa.jpg,,"To view this video please enable JavaScript, and consider upgrading to a
 web browser that supports HTML5 video","Japan: The Sakurajima volcano ""roars"" again, spewing ash and columns of smoke thousands of meters high. It entered a phase of explosive activity for the second time in four months, according to the Japan Meteorological Agency | Japan | Volcano Eruption | Volcano | World",Japan: Der Vulkan Sakurajima „brüllt“ erneut und spuckt Tausende Meter hohe Asche und Rauchsäulen. Nach Angaben der Japan Meteorological Agency trat es zum zweiten Mal in vier Monaten in eine Phase explosiver Aktivität ein Japan | Vulkanausbruch | Vulkan | Welt,"Iaponia: Sakurajima vulcano ""rugire"" iterum, cinerem vomens et columnas fumi milia metrorum alta. Phase actionis explosivae secundo quattuor mensibus, secundum Iaponiae Meteorologicum Agency | Japan | Volcano Eruption | Volcano | Mundus",,,,random
58dff424a6b98c52b827a00caa399ad3,2026-04-13T12:53:39Z,Storm,,www.lanacion.com.ar,es,0.3,"Así avanza la restauración de la emblemática casona de ladrillo del Jardín Botánico, donde vivió Carlos Thays",La intervención busca preservar el valor patrimonial del edificio y sumarle nuevos usos; habrá una cafetería y un espacio de uso comunitario,https://www.lanacion.com.ar/sociedad/asi-avanza-la-restauracion-de-la-emblematica-casona-de-ladrillo-del-jardin-botanico-donde-vivio-nid13042026/,https://resizer.glanacion.com/resizer/v2/la-casona-del-jardin-botanico-carlos-thays-en-el-YEOJVRRB6JB5RMVE6C7IBJCU2E.jpeg?auth=dfdb7a0064a963306d321fd194b3d6b056bd0b3e06ffbad7bd4353633f490c38&width=1200&quality=85&smart=true&height=675,,La Ciudad de Buenos Aires puso en marcha un plan integral para la restauración de la histórica casona del Jardín Botánico Carlos Thays. La obra incluye la restauración integral del interior y del ext… [+5143 chars],"This is how the restoration of the emblematic brick house of the Botanical Garden, where Carlos Thays lived, is progressing. The intervention seeks to preserve the heritage value of the building and add new uses to it; there will be a cafeteria and a space for community use","So schreitet die Restaurierung des symbolträchtigen Backsteinhauses des Botanischen Gartens, in dem Carlos Thays lebte, voran. Ziel der Maßnahme ist es, den historischen Wert des Gebäudes zu bewahren und ihm neue Nutzungsmöglichkeiten zu bieten. Es wird eine Cafeteria und einen Gemeinschaftsraum geben","Ita progreditur restauratio emblematis latericii domus in horto botanico, ubi Carlos Thays habitabat. Interventus quaerit hereditatem tueri valorem aedificationis et novos usus ei adicere; TRICLINIARIA et spatium ad usum communitatis erunt",Brazil,SAM,South-America,wmo
b57c89b0c7b4831d8f78ee173e0031cb,2026-04-13T13:03:24Z,Drought,,greensavers.sapo.pt,pt,0.3,Uma viagem (quase) até ao centro da Terra para ver aranhas,"Uma visita a uma gruta quase invisível na falésia da Arrábida revela não só a vida secreta das aranhas, mas também os desafios urgentes da conservação em torno destes invertebrados muitas vezes esquecidos.",https://greensavers.sapo.pt/uma-viagem-quase-ate-ao-centro-da-terra-para-ver-aranhas/,https://greensavers.sapo.pt/wp-content/uploads/2026/04/Foto-Capa-Artigo-1024x685.jpg,,"Estávamos a 31 de outubro em Sesimbra, mais especificamente na sede do Núcleo de Espeleologia da Costa Azul (NECA), uma organização criada em 1995 para aprofundar o conhecimento sobre as grutas da Ar… [+28177 chars]","A trip (almost) to the center of the Earth to see spiders. A visit to an almost invisible cave in the Arrábida cliff reveals not only the secret lives of spiders, but also the urgent conservation challenges surrounding these often forgotten invertebrates.","Eine Reise (fast) zum Mittelpunkt der Erde, um Spinnen zu sehen. Ein Besuch einer fast unsichtbaren Höhle in der Klippe von Arrábida enthüllt nicht nur das geheime Leben der Spinnen, sondern auch die dringenden Herausforderungen für den Schutz dieser oft vergessenen Wirbellosen.","Iter (paene) ad centrum Terrae videre aranearum. Visitatio ad speluncam prope invisibilem in rupe Arrabida non solum occultam vitam aranearum, sed etiam urgentem conservationem provocationum circumiacentium saepe oblivioni invertebratas ostendit.",Bermuda,NAO,Atlantic Ocean,edo
d4b33971091a38b492fa495a9bad48ff,2026-04-13T16:15:00Z,Precipitation,,www.elcomercio.com,es,0.7,"Entre el sol y la lluvia, así estará el clima en Quito este lunes 13 de abril",El Inamhi mantiene activa una alerta por incremento de temperatura en Ecuador,https://www.elcomercio.com/actualidad/quito/entre-el-sol-y-la-lluvia-asi-estara-el-clima-en-quito-este-lunes-13-de-abril/,https://media.elcomercio.com/wp-content/uploads/2026/04/clima-quito-1.jpg,,"Suscríbete a nuestro canal de WhatsApp y recibe noticias al instante, directo en tu celular.","Between the sun and the rain, this is how the weather will be in Quito this Monday, April 13. Inamhi maintains an active alert for increased temperatures in Ecuador","Zwischen Sonne und Regen wird das Wetter in Quito an diesem Montag, dem 13. April, so sein. Inamhi hält eine aktive Warnung vor erhöhten Temperaturen in Ecuador aufrecht",Inter solem et pluviam haec est tempestas quam in Quito hac die Lunae fient 13. Aprilis Inamhi conservat acrem vigilantem pro temperaturis auctis in Ecuador.,Ecuador,NWS,South-America,wmo
4b40bfec31d3c38e7fb62dec69bcbfa2,2026-04-13T17:49:21Z,Snow&Ice,,www.naftemporiki.gr,el,0.9,Τα πυρηνικά «μπλοκάρουν» τη συμφωνία: Πρόταση ΗΠΑ για 20ετή «πάγωμα» του εμπλουτισμένου ουρανίου – Αντιπρόταση από την Τεχεράνη,"Οι συνομιλίες μεταξύ Ηνωμένων Πολιτειών και Ιράν που πραγματοποιήθηκαν το Σαββατοκύριακο στο Ισλαμαμπάντ κατέληξαν χωρίς συμφωνία, με το ζήτημα του πυρηνικού προγράμματος της Τεχεράνης να παραμένει το βασικό σημείο τριβής.…
Τα πυρηνικά «μπλοκάρουν» τη συμφωνί…",https://www.naftemporiki.gr/kosmos/2097653/ta-pyrinika-mplokaroyn-ti-symfonia-protasi-ipa-gia-20eti-pagoma-toy-employtismenoy-oyranioy-antiprotasi-apo-tin-techerani/,https://www.naftemporiki.gr/wp-content/uploads/2026/02/iran_pyrnika_diapragmateuseis_ipa_israil.jpg,,", .
 , 20 , .
 , , « », .
«» 
 , .
 , , . , « » (down-blending) .
, , 21 .
 Donald Trump « », , , .
« »
 , , JD Vance, .
« », .
, .
 4560 , « » .
 , Benjamin Netanyahu .
 , , , .
 Axios","Nuclear ""blocks"" the deal: US proposal for a 20-year ""freeze"" on enriched uranium - Counter-proposal from Tehran. Talks between the United States and Iran held over the weekend in Islamabad ended without an agreement, with the issue of Tehran's nuclear program remaining the main sticking point.…
Nukes ""block"" the accord...","Atomkraft „blockiert“ den Deal: US-Vorschlag für ein 20-jähriges „Einfrieren“ von angereichertem Uran – Gegenvorschlag aus Teheran. Die Gespräche zwischen den Vereinigten Staaten und dem Iran, die am Wochenende in Islamabad stattfanden, endeten ohne eine Einigung, wobei die Frage des Teheraner Atomprogramms der größte Knackpunkt blieb.…
Atomwaffen „blockieren“ das Abkommen...","Nuclei ""caudices"" paciscor: US propositio per 20 annos ""gelida"" in uranium locupletatum - propositio contra-a Tehran. Colloquia inter Civitates Foederatas et Irania super weekend in Islamabada habitas sine conventione finita sunt, cum eventum programmatis nuclei Tehran remanente principale punctum haereret...
Nukes ""obstructionum"" consensus...",,,,random
25342b6def8a1672b6079cca9cde3013,2026-04-13T19:25:00Z,Storm,,diamond.jp,ja,0.75,イラン軍事攻撃で米国「若年層」に広がるトランプ離れと“2016年”ノスタルジア - みずほ安井のHELP!アメリカ政治経済,イランへの軍事攻撃は、米国内でもガソリン価格高騰などもあって批判が強まりトランプ大統領の支持率低下が顕著だ。とりわけ若者層のトランプ離れが目立つが、折しもZ世代の間では2016年の米国社会を懐かしむ風潮が強まる。それは将来への不安の高まりを改めて示しているようにも見える。,https://diamond.jp/articles/-/387832,https://dol.ismcdn.jp/mwimgs/3/0/-/img_302dd5274bf587c88a101884a5c2998a670835.jpg,,"11
4154
32
MAGAMake America Great Again
32730YouGovMAGA8136991
MAGA3273035MAGA92
1829242251262848301
1
AIAIZ1997201030
2016","The military attack on Iran is causing a growing shift away from Trump and nostalgia for ``2016'' among young Americans - Mizuho Yasui's HELP! American Politics and Economy. The military attack on Iran has been criticized in the United States, due in part to soaring gasoline prices, and President Trump's approval ratings have declined markedly. Young people in particular are turning away from Trump, but there is also a growing trend among Generation Z to feel nostalgic for the American society of 2016. This seems to once again indicate growing anxiety about the future.","Der Militärangriff auf den Iran löst bei jungen Amerikanern eine wachsende Abkehr von Trump und Nostalgie für „2016“ aus – Mizuho Yasuis HILFE! Amerikanische Politik und Wirtschaft. Der Militärangriff auf den Iran wurde in den Vereinigten Staaten unter anderem wegen der stark gestiegenen Benzinpreise kritisiert, und die Zustimmung zu Präsident Trump ist deutlich gesunken. Vor allem junge Menschen wenden sich von Trump ab, aber auch bei der Generation Z gibt es eine wachsende Tendenz, Nostalgie für die amerikanische Gesellschaft von 2016 zu empfinden. Dies scheint einmal mehr auf eine wachsende Angst vor der Zukunft hinzuweisen.","In Irania oppugnatio militaris a Trump et desiderium `2016' inter iuvenes Americanos - Mizuho Yasui auxilium! Politica et Oeconomia Americana. In Irania oppugnatio militaris in Civitatibus Foederatis Americae reprehensa est, partim ob gasolina pretia volans, et Praeses Trump approbatione ratings insigniter declinaverunt. Iuvenes praesertim a Trump recedunt, sed est etiam inclinatio in Generatione Z ut nostalgicam sentire pro societate Americanorum 2016. Hoc iterum videtur indicare sollicitudinem de futuro crescentem.",New Zealand,NZ,Oceania,wmo
a2f467a7a29f6ece7b674804abc31acb,2026-04-14T00:30:54Z,Drought,,hindi.moneycontrol.com,hi,0.3,Weather News: कहीं बारिश तो कहीं तेज गर्मी करेगी परेशान...बदलते मौसम को लेकर IMD ने जारी किया बड़ा अलर्ट!,"देश में गर्मी तेजी से बढ़ने वाली है और आने वाले दिनों में कई इलाकों में तापमान काफी ऊपर जा सकता है। मौसम विभाग के अनुसार अगले 5 दिनों में अधिकतम तापमान में साफ तौर पर बढ़ोतरी देखने को मिलेगी, जिससे लोगों को तेज गर्मी और लू का सामना करना पड़ सकता है। उत्तर-पश्…",https://hindi.moneycontrol.com/india/weather-news-latest-update-heavy-rain-and-heat-wave-imd-issued-alert-for-next-five-days-article-2391668.html,https://images.moneycontrol.com/static-hindinews/2024/05/Heatwave19May.jpg,,,"Weather News: At some places it will rain and at some places intense heat will trouble you... IMD has issued a big alert regarding the changing weather! The heat is going to increase rapidly in the country and the temperature may go up significantly in many areas in the coming days. According to the Meteorological Department, there will be a clear increase in the maximum temperature in the next 5 days, due to which people may have to face intense heat and heat wave. Answer-Pash…","Wetternachrichten: An manchen Orten wird es regnen und an manchen Orten wird Ihnen starke Hitze zu schaffen machen ... IMD hat eine große Warnung bezüglich des wechselnden Wetters herausgegeben! Die Hitze wird im Land rasch zunehmen und die Temperatur könnte in den kommenden Tagen in vielen Gebieten deutlich ansteigen. Nach Angaben des Meteorologischen Amtes wird es in den nächsten 5 Tagen zu einem deutlichen Anstieg der Höchsttemperatur kommen, wodurch die Menschen möglicherweise mit starker Hitze und Hitzewelle konfrontiert werden. Antwort-Pash…","Tempestas News: In quibusdam locis pluet et in quibusdam locis aestus vehemens te vexabit... IMD magnum intentum in mutatione tempestatis edixit! Calor celeriter augescit in regione et temperatura signanter in multis locis in diebus proximis potest ascendere. Secundum Department Meteorologicum, clarum erit incrementum in maxima temperie in proximis 5 diebus, ex quibus homines ad faciem intensam calorem et calorem fluctum habere possunt. Responde-Pash…",Faroe Islands,NEU,Europe,edo
8880614796298672096ccb735e6e91c8,2026-04-14T00:48:55Z,Drought,,director.blog.shinobi.jp,ja,0.5,朝ドラ『風、薫る』一ノ瀬りん（演・見上愛）のモチーフ──大関和が示した“生き方を選ぶ勇気”が、明治から現代へつなぐもの,"© 2026 mickey_director
Base image generated with DALL・E, edited by みっきー


【忠告】
NHK連続テレビ小説『風、薫る』の先の展開のネタバレは基本的に書いてありません。
ですが、ダブル主人公「一ノ瀬りんと大家直美」のモチーフである「大関和と鈴木雅」の［史実］について触れます。
あとから「読むんじゃなかった…」がないよう、読む際は自己責任でお願いします。
　※以下、敬称は部分的に使い分けをします。



第1章：明治の光と影──女性たちが背負わさ…",http://director.blog.shinobi.jp/Entry/20263/,http://blog.cnobi.jp/v1/blog/user/08129a6aa5c0172a4540c0e91490e391/1776127636,,"202604(26)
202603(63)
202602(56)
202601(57)
202512(55)
202511(67)
202510(61)
202509(57)
202508(61)
202507(53)
202506(58)
202505(55)
202504(46)
202503(60)
202502(56)
202501(50)
202412(… [+2294 chars]","The motif of Rin Ichinose (played by Ai Migami) in the morning drama ``Kaze, Kaoru'' -- the ``courage to choose a way of life'' shown by Kazu Ozeki connects the Meiji era to the present day. © 2026 mickey_director Base image generated with DALL・E, edited by Mikky [Advice] Basically, spoilers for the future developments of the NHK TV drama ``Kaze, Kaoru'' are not written. However, I would like to touch on the [historical fact] of ``Ozeki Kazu and Suzuki Miyabi'', which is the motif of the double protagonist ``Ichinose Rin and Oya Naomi''. Please read at your own risk so that you won't regret reading it later.  *Hereinafter, honorific titles will be used partially. Chapter 1: The light and shadow of the Meiji era - women were burdened with...","Motiv von Rin Ichinose (gespielt von Ai Migami) im Morgendrama „Kaze, Kaoru“ – Der „Mut, eine Lebensweise zu wählen“ von Kazu Ozeki verbindet die Meiji-Ära mit der Gegenwart. © 2026 mickey_director
Basisbild erstellt mit DALL・E, bearbeitet von Mikki


[Ratschlag]
Es gibt im Grunde keine Spoiler dazu, was als nächstes in der NHK-TV-Dramaserie „Kaze Kaoru“ passiert.
Ich möchte jedoch auf die [historische Tatsache] von „Ozeki Kazu und Suzuki Miyabi“ eingehen, die das Motiv der Doppelprotagonistin „Ichinose Rin und Oya Naomi“ ist.
Bitte lesen Sie es auf eigene Gefahr, damit Sie es später nicht bereuen, es gelesen zu haben.
*Im Folgenden werden teilweise Ehrentitel verwendet.



Kapitel 1: Licht und Schatten der Meiji-Ära – Frauen wurden mit... belastet.","ARGUMENTUM Rin Ichinosi (ab Ai Migami) in dramate matutino `Kaze, Kaoru'' -- `animus ad eligendam viam vitae', a Kazu Ozeki demonstratum connectit Meiji aetatem usque in hodiernum diem. © 2026 mickey_director Base imago ab DALL・E generata, a Mikky [Admonitio] Basically, praedones futurae explicationis dramatis TV NHK `Kaze, Kaoru'' scripta sunt. Sed vellem attingere `Ozeki Kazu et Suzuki Miyabi', quae est argumentum duplicis primarii `Ichinosi Rin et Oya Noomi'. Lege quaeso cum periculo tuo ut non paeniteat te legere postea.  * Postmodum honorificos titulos partim adhibebitur. Cap.",Poland,WCE,Europe,edo
7dd98234fcea1786e3d987dd871e3abe,2026-04-14T02:00:00Z,Precipitation,,www.asahi.com,ja,0.9,新たな防災気象情報、5月28日から提供　レベル5～1で表現統一,政府は14日、気象庁などが出す大雨などの注意報や警報を再編した新しい「防災気象情報」について、5月28日から情報提供すると発表した。大規模河川の氾濫（はんらん）、大雨、土砂災害、高潮の各災害を対象に…,https://www.asahi.com/articles/ASV4F131KV4FUTIL01KM.html,https://imgopt.asahi.com/ogp/AS20260413001793_comm.jpg,,Copyright © The Asahi Shimbun Company. All rights reserved. No reproduction or republication without written permission.,"New disaster prevention weather information will be provided from May 28th with unified presentation at levels 5 to 1. On the 14th, the government announced that it will provide new ``disaster prevention weather information'' that is a reorganization of advisories and warnings for heavy rain and other issues issued by the Japan Meteorological Agency, starting May 28th. Targeting disasters such as large-scale river flooding, heavy rain, landslides, and storm surges...","Ab dem 28. Mai werden neue Wetterinformationen zur Katastrophenvorsorge bereitgestellt, mit einheitlichem Wortlaut auf den Stufen 5 bis 1. Die Regierung kündigte am 14. an, dass sie ab dem 28. Mai neue „Wetterinformationen zur Katastrophenvorsorge“ bereitstellen wird, bei denen es sich um eine Neuordnung der von der Japan Meteorological Agency herausgegebenen Hinweise und Warnungen für Starkregen und andere Probleme handelt. Bekämpfung von Katastrophen wie großen Flussüberschwemmungen, Starkregen, Erdrutschen und Sturmfluten ...","Nova calamitas praeventionis tempestatum indicio providebitur a die 28 Maii cum una propositione ad gradus 5 ad 1. Die 14th, regimen denuntiavit novas `clades praeventionis tempestatum informationes', id est ordinationem consiliorum et admonitionum de pluvia et aliis quaestionibus a Meteorologicis Iaponiae editis, incipiendo die 28 mensis Maii. Nisl clades ut magnarum flumen inundationes, pluviae, ruinae, procellae exundationes...",,,,random
8843bcff756571cc87b7df7ffedbe425,2026-04-14T02:02:22Z,Storm,,news.livedoor.com,ja,0.875,「日本人からしか生まれない音楽」…73歳「ギタリスト」の海外公演が満員御礼、国外で人気を呼ぶ邦楽の“共通点”とは,今年73歳を迎えたベテランギタリスト、高中正義の海外ツアーが大盛況だという。なぜ今？どこが受けているのか？音楽ライター、神舘和典氏は「演奏能力」と「湿度」がポイントではないかと言う。＊＊＊【写真】シングル「B面」がサブスク再生数上位…評価見直しの波に乗った「昭和の女性アイドル」は誰？なぜかフュージョンが人気日本人アーティストの海外公演が大受けしているという報道が相次いでいる。特徴的なのは、かなりのベテランが人気を博しているらしい、という全文デイリー新潮 04月14日11時02分,https://news.livedoor.com/article/detail/30991356/,https://image.news.livedoor.com/newsimage/stf/3/f/3f81e_1523_67e4b3f3_249a1eaa.jpg,,"73
B
7356421970
SUPER TAKANAKA WORLD LIVE 2026331415000O24452700
1970PR
Blue LagoonReady To FlyYou Can Never Come This Place
YouTube6719701980
Stay With MeSpotify2300181YouTube2400
1970AMAZON… [+51 chars]","``Music that can only come from Japanese people''...A 73-year-old ``guitarist'' holds sold-out overseas performances, and what is the ``commonality'' of Japanese music that is popular overseas. Veteran guitarist Masayoshi Takanaka, who turned 73 this year, is reportedly having a successful overseas tour. Why now? Who is receiving it? Music writer Kazunori Kamidate says that the key points are ``performance ability'' and ``humidity.'' ＊＊＊ [Photo] Single ""B-side"" has the highest number of subscriber views...Who is the ""Showa era female idol"" who rode the wave of review of ratings? For some reason, there have been a number of reports that overseas performances by popular Japanese fusion artists have been very well received. What is unique about this is that it seems that quite a veteran is gaining popularity.Daily ShinchoApril 14th 11:02","„Musik, die nur von Japanern kommen kann“ ... Ein 73-jähriger „Gitarrist“ gibt ausverkaufte Auftritte im Ausland und was ist die „Gemeinsamkeit“ japanischer Musik, die im Ausland beliebt ist? Der erfahrene Gitarrist Masayoshi Takanaka, der dieses Jahr 73 Jahre alt wurde, unternimmt Berichten zufolge eine erfolgreiche Auslandstournee. Warum jetzt? Wer erhält es? Der Musikautor Kazunori Kamidate sagt, dass die Schlüsselpunkte „Aufführungsfähigkeit“ und „Feuchtigkeit“ seien. Aus irgendeinem Grund gab es eine Reihe von Berichten, dass Auftritte beliebter japanischer Fusion-Künstler im Ausland sehr gut aufgenommen wurden. Das Besondere daran ist, dass es den Anschein hat, als ob ein Veteran immer beliebter wird. Daily Shincho, 14. April, 11:02 Uhr","`Musica quae nonnisi ex populo Iaponico venit'. Citharae veteranus Masayoshi Takanaka, qui LXXIII hoc anno conversus est, parem pretium transmarinae felicitatis habens. Cur nunc? quis accipit? Musica scriptor Kazunori Kamidate dicit cardinis puncta esse `faciendi facultatem' et `humiditatem.'' ＊＊＊ [Photo] Singulus ""B-latus"" summas opiniones subscribentium habet... Quis est ""Showa era idolum muliebre"" qui undam aestimationerum aestimationes vehebat? Horum aliqua causa factae sunt nonnullae relationes quae transmarinas actiones a populari Iaponicorum fusione artificum optime susceperunt. Quod singulare circa hoc est, quod satis veteranum popularis esse videtur.",South Africa,WSAF,Africa,wmo
287ef5c02b05e934b4a62ceb09171362,2026-04-14T02:02:36Z,Flood,,theconversation.com,en,0.3,Meet kungaka – the hidden one’. This ancient lizard could be the rarest reptile in Australia,"The kungaka represents an ancient lineage from when Australia was wetter. Today, it survives in a sheltered desert gorge.",https://theconversation.com/meet-kungaka-the-hidden-one-this-ancient-lizard-could-be-the-rarest-reptile-in-australia-279561,https://images.theconversation.com/files/729169/original/file-20260410-57-beelit.jpeg?ixlib=rb-4.1.0&rect=0%2C446%2C3975%2C1987&q=45&auto=format&w=1356&h=668&fit=crop,,"Tom Parkin, CC BY-ND
Hidden among the red sandstone escarpments of Mutawintji National Park in western New South Wales lives a rare lizard, long isolated in this arid landscape. 

Known to Wiimpatja… [+6450 chars]","Meet kungaka – the hidden one’. This ancient lizard could be the rarest reptile in Australia. The kungaka represents an ancient lineage from when Australia was wetter. Today, it survives in a sheltered desert gorge.","Lernen Sie „Kungaka – den Verborgenen“ kennen. Diese uralte Eidechse könnte das seltenste Reptil Australiens sein. Der Kungaka repräsentiert eine alte Abstammungslinie aus der Zeit, als Australien feuchter war. Heute überlebt es in einer geschützten Wüstenschlucht.",Meet kungaka - absconditum. Haec vetus lacerta rarissimum reptile in Australia esse potuit. Kungaka vetusta progenies ex Australia cum aquosissima erat. Hodie manet in fauces tutae solitudinis.,Australia,EAU,Oceania,aidr
2327238d3d487b9ae968b03336d7c874,2026-04-14T02:11:09Z,Snow&Ice,,www.naftemporiki.gr,el,0.9,Ιράν: Πρόταση για «πάγωμα» πυρηνικού προγράμματος έως 5 χρόνια,"Σε μια προσπάθεια να σπάσει το αδιέξοδο, το Ιράν προτείνει «πάγωμα» του εμπλουτισμού ουρανίου έως και για πέντε χρόνια, με τις ΗΠΑ να απορρίπτουν την πρόταση ζητώντας πολύ μεγαλύτερη διάρκεια,…
Ιράν: Πρόταση για «πάγωμα» πυρηνικού προγράμματος έως 5 χρόνια - …",https://www.naftemporiki.gr/kosmos/2097691/iran-protasi-gia-pagoma-pyrinikoy-programmatos-eos-5-chronia/,https://www.naftemporiki.gr/wp-content/uploads/2025/06/isfahan.jpg,,", «» , , .
 , , New York Times.
 , , .
 «» 
 .
 , , .
 , .
 , 
 , .
 , , .
 , .
.
 , , .
 liveblog .","Iran: Proposal to ""freeze"" nuclear program for up to 5 years. In an attempt to break the impasse, Iran is proposing a uranium enrichment ""freeze"" for up to five years, with the US rejecting the proposal calling for much longer,…
Iran: Proposal to ""freeze"" nuclear program for up to 5 years - ...","Iran: Vorschlag, das Atomprogramm für bis zu fünf Jahre „einzufrieren“. Um aus der Sackgasse auszubrechen, schlägt der Iran ein „Einfrieren“ der Urananreicherung für bis zu fünf Jahre vor, während die USA den Vorschlag ablehnen und einen viel längeren Zeitraum fordern.
Iran: Vorschlag, Atomprogramm für bis zu fünf Jahre „einzufrieren“ – ...","Iran: Propositum ""frigore"" programma nuclei usque ad 5 annos. In conatu angustiarum frangere, Iran uranium locupletandi ""frigore"" usque ad quinquennium proponit, cum US rogationem repudians multo diutius rogantem,…
Iran: Propositum ""frigore"" programma nuclei usque ad 5 annos - ...",,,,random
a0365884d9d34086431d44d17887090b,2026-04-14T02:40:38Z,Earthquake,,prtimes.jp,ja,0.9,【徳冨蘆花が結ぶ熊本と世田谷の絆】熊本地震10年「防災パネル展」を世田谷区役所にて期間限定開催,"[熊本市]
熊本市（市長：大西 一史）は、平成28年熊本地震から10年の節目を迎えるにあたり、令和8年4月17日（金）より東京都・世田谷区役所にて「-熊本地震から10年-防災パネル展」を開催します。本イベントでは、これまで...",https://prtimes.jp/main/html/rd/p/000000237.000047922.html,https://prcdn.freetls.fastly.net/release_image/47922/237/47922-237-ecc34a534f92f5f8474bc33928788157-3780x1890.png?format=jpeg&auto=webp&fit=bounds&width=2400&height=1260,,TEL03-3262-3840 e-mailtoukyoujimusho@city.kumamoto.lg.jp,"[The bond between Kumamoto and Setagaya tied by Tokutomi Roka] 10th anniversary of the Kumamoto Earthquake ""Disaster Prevention Panel Exhibition"" will be held for a limited time at Setagaya Ward Office. [Kumamoto City] Kumamoto City (Mayor: Onishi To commemorate the 10th anniversary of the 2016 Kumamoto Earthquake, Kazushi will hold a ""-10th Anniversary since the Kumamoto Earthquake--Disaster Prevention Panel Exhibition"" at the Setagaya Ward Office in Tokyo from Friday, April 17, 2020. This event has so far...","[Die Verbindung zwischen Kumamoto und Setagaya wird durch Tokutomi Roka geknüpft] Zum 10. Jahrestag des Kumamoto-Erdbebens wird die „Katastrophenvorsorge-Panel-Ausstellung“ für begrenzte Zeit im Bezirksbüro Setagaya stattfinden. [Stadt Kumamoto] Stadt Kumamoto (Bürgermeister: Onishi) Zum Gedenken an den 10. Jahrestag des Kumamoto-Erdbebens 2016 veranstaltet Kazushi ab Freitag, dem 17. April 2020, im Setagaya Ward Office in Tokio eine „10. Jahrestag seit dem Kumamoto-Erdbeben – Katastrophenvorsorge-Panel-Ausstellung“. Diese Veranstaltung hat bisher...","[Vinculum inter Kumamoto et Setagaya a Tokutomi Roka ligatum] Dies 10 anniversarius Kumamoto Terrae motus ""clausio Praeventionis Panel Exhibitionis"" tenebitur per tempus limitatum apud Setagaya Custodiae Officii. [Kumamoto City] Kumamoto Urbs (Majoris: Onishi Ad memoriam 10 anniversarii Terrae Motus 2016 Kumamoto, Kazushi tenebit ""10th anniversarium post Terrae Motus Kumamoto - Disaster Praeventionis Panel Exhibitionis"" in Officio Setagaya Equitum Tokyo a die Veneris, die 17 mensis Aprilis, anno 2020. Eventus tam longe est...",,,,random
b9e8ab06d0bc91d68776ebe9b984e563,2026-04-14T02:40:38Z,Earthquake,,prtimes.jp,ja,0.9,【熊本市×新宿区】～文化の縁が紡ぐ、復興と連携の物語～,"[熊本市]
熊本市（市長：大西 一史）は、平成28年熊本地震から10年の節目を迎えるにあたり、令和8年4月16日（木）より東京都・新宿区にある漱石山房記念館にて「-熊本地震から10年-防災パネル展」を開催します。本イベント...",https://prtimes.jp/main/html/rd/p/000000236.000047922.html,https://prcdn.freetls.fastly.net/release_image/47922/236/47922-236-26594fe2f6029a3bad48f8792e0ce976-3780x1890.png?format=jpeg&auto=webp&fit=bounds&width=2400&height=1260,,TEL03-3262-3840 e-mailtoukyoujimusho@city.kumamoto.lg.jp,"[Kumamoto City x Shinjuku Ward] ~A story of recovery and cooperation spun by cultural connections~. [Kumamoto City]
To commemorate the 10th anniversary of the 2016 Kumamoto Earthquake, Kumamoto City (Mayor: Kazushi Onishi) will hold a ""Disaster Prevention Panel Exhibition - 10 Years Since the Kumamoto Earthquake"" at the Soseki Sanbo Memorial Museum in Shinjuku Ward, Tokyo from Thursday, April 16, 2020. This event...","[Kumamoto City x Shinjuku Ward] ~ Eine Geschichte der Genesung und Zusammenarbeit, gesponnen durch kulturelle Bindungen ~. [Stadt Kumamoto] Anlässlich des 10. Jahrestages des Kumamoto-Erdbebens 2016 veranstaltet die Stadt Kumamoto (Bürgermeister: Kazushi Onishi) ab Donnerstag, dem 16. April 2020, im Soseki Sanbo Memorial Museum im Bezirk Shinjuku, Tokio, die Panelausstellung „-10 Jahre seit dem Kumamoto-Erdbeben – Katastrophenvorsorge“. Diese Veranstaltung...","[Kumamoto urbs x Shinjuku Ward] ~ Narratio de recuperatione et cooperatione per culturae necessitudines exorta ~. [Kumamoto City] Ad 10th anniversarium anni MMXVI Kumamoto Terraemotus, Kumamoto Urbs (Majoris: Kazushi Onishi) tenebit ""-10 annos Cum Terraemotus Kumamoto - Disaster Praeventionis Panel Exhibitionis"" ab Iovis, die 16 Aprilis 2020 apud Soseki Sanbo Memorial Museum in Ward Shinjuku, Tokyo. Eventus...",,,,random
9809cb56fdbc1df490983358fdaf1c57,2026-04-14T15:38:50Z,Storm,,togetter.com,ja,0.375,マイクロマネジメント上司から仕事を任せてくれる上司のところへ異動した、その後仕事で詰まってたら「悩んでるなら壁打ちしようか？」とさり気なくサポートしてくれて感動した,マイクロ管理の上司から、任せつつ必要時に「壁打ちしようか？」と声をかける上司へ異動。自分で考える余地が残る距離感が信頼と納得感を高め、やる気と成果を促す好循環が生まれた。最近は「一から教える」風潮でマイクロマネジメントが増え、不満を覚える人もいる。,https://togetter.com/li/2686066,https://s.tgstc.com/ogp3/90c98e7c4b0dbb40c247cd56699ede34-1200x630.jpeg,,TogetterXEnterpriseAPIXXAPI,"I was transferred from a micro-managing boss to a boss who delegated work to me, and when I was stuck at work, he casually supported me and said, ``If you're having trouble, why don't you hit the wall?'' I was moved. This sense of distance, which leaves room for people to think for themselves, increases trust and satisfaction, creating a virtuous cycle that encourages motivation and results. Recently, micromanagement has increased due to the trend of ``teaching from scratch'', and some people are feeling dissatisfied with it.","Ich wurde von einem Mikromanagement-Chef zu einem Chef versetzt, der mir Arbeit delegierte, und als ich bei der Arbeit feststeckte, unterstützte er mich beiläufig und sagte: „Wenn du Probleme hast, warum gehst du dann nicht gegen die Wand?“ Ich war bewegt. Dieses Gefühl der Distanz, das den Menschen Raum zum eigenständigen Denken lässt, erhöht das Vertrauen und die Zufriedenheit und schafft einen positiven Kreislauf, der Motivation und Ergebnisse fördert. In letzter Zeit hat Mikromanagement aufgrund des Trends, „von Grund auf zu unterrichten“, zugenommen, und einige Menschen sind damit unzufrieden.","Translatus sum e parva bulla ad umbo qui mihi opus delegavit, et cum in opere haesisset, casualiter me suscepit et dixi, `Si molestus es', cur murum non percusseris?'' Motus sum. Sensus distantiae qui locum relinquit hominibus cogitationis pro se auget fiduciam et satisfactionem, efficiens cyclum virtuosum qui motivum et eventum fovet. Nuper, micromanagement aucta est propter inclinationem `docendi a scabere', et quidam sentiunt cum eo paenitere.",New Zealand,NZ,Oceania,wmo
4ac6f074b1ef87150a5eb50b6a60feb6,2026-04-14T19:57:05Z,Drought,,www.abc.net.au,en,0.7,What a 'super El Niño' would mean for Australia's weather in 2026,"Australia's weather is expected to shift rapidly thanks to the probable emergence of an incoming El Niño, meaning drought, extreme heat and bushfires are on the way.",https://www.abc.net.au/news/2026-04-15/what-super-el-nino-means-for-australian-weather-in-2026/106564610,https://live-production.wcms.abc-cdn.net.au/7caec9c8437215ed87a41cb5b1ae9546?impolicy=wcms_watermark_news&cropH=1152&cropW=2048&xPos=0&yPos=211&width=862&height=485&imformat=generic,,"Australia's weather in 2026 is likely to shift rapidly from widespread flooding to drought, extreme heat and bushfires.
The potential flip is due to the probable emergence of El Niño during the comi… [+6917 chars]","What a 'super El Niño' would mean for Australia's weather in 2026. Australia's weather is expected to shift rapidly thanks to the probable emergence of an incoming El Niño, meaning drought, extreme heat and bushfires are on the way.","Was ein „Super-El Niño“ für das Wetter in Australien im Jahr 2026 bedeuten würde. Es wird erwartet, dass sich das Wetter in Australien aufgrund des wahrscheinlichen Auftretens eines El Niño schnell ändern wird, was bedeutet, dass Dürre, extreme Hitze und Buschbrände bevorstehen.","Quid significaret ""super El Niño"" tempestatem Australiae anno 2026. Tempestas Australiae expectatur celeriter migrare propter probabilem accessionem advenientis El Niño, quae siccitas, calor nimius et frutices in viis sunt.",Australia,SAU,Oceania,edo
