index,published,extreme,topic,domain,language,valid,title,description,url,image,archive,content,en,de,la,country,ipcc,continent,feed
93413e4f3b009c5d141f8fdfa3b4f516,2025-11-13T19:07:33Z,Storm,,www.abc.net.au,en,0.8,Supercell risk as 72-hour storm outbreak to light up skies,"Peak severe weather season is arriving, and an influx of tropical moisture will fuel thunderstorms in all Australian states and territories between Friday and Sunday.",https://www.abc.net.au/news/2025-11-14/supercell-risk-storm-outbreak-across-australia/106007402,https://live-production.wcms.abc-cdn.net.au/8b561b22844560578bc1878bc8d188ba?impolicy=wcms_watermark_news&cropH=1133&cropW=2014&xPos=55&yPos=0&width=862&height=485&imformat=generic,,"Peak severe weather season is arriving, and an influx of tropical moisture will fuel thunderstorms in all Australian states and territories between Friday and Sunday.
The outbreak includes the risk … [+5364 chars]","Supercell risk as 72-hour storm outbreak to light up skies. Peak severe weather season is arriving, and an influx of tropical moisture will fuel thunderstorms in all Australian states and territories between Friday and Sunday.","Superzellenrisiko als 72-Stunden-Sturmausbruch, der den Himmel erleuchtet. Der Höhepunkt der Unwettersaison steht vor der Tür und ein Zustrom tropischer Feuchtigkeit wird zwischen Freitag und Sonntag in allen australischen Bundesstaaten und Territorien zu Gewittern führen.","Supercell periculum est quam 72-hora tempestas tumultus ad caelos illustrandos. Gravis tempestas temporum apicem advenit, et influxus umoris tropicae erit tonitrua in omnibus civitatibus Australianis et territoriis inter Veneris et Solis.",Australia,SAU,Oceania,aidr
15285a63c906b48dd011837dd0c7bd88,2025-11-16T21:49:38Z,Wildfire,,tw.news.yahoo.com,zh,0.9,年初才野火！南加州遭暴雨狂襲　一家3口被捲入海中,美國南加州，受到狂風暴雨襲擊，洛杉磯地區發布洪水警報，不少道路淹水、路樹倒塌，還有一家三口被捲入海中。而南加州年初才遭到大規模野火重創，就怕引發土石流，多達18萬人被提前疏散。,https://tw.news.yahoo.com/%E5%B9%B4%E5%88%9D%E6%89%8D%E9%87%8E%E7%81%AB-%E5%8D%97%E5%8A%A0%E5%B7%9E%E9%81%AD%E6%9A%B4%E9%9B%A8%E7%8B%82%E8%A5%B2-%E5%AE%B63%E5%8F%A3%E8%A2%AB%E6%8D%B2%E5%85%A5%E6%B5%B7%E4%B8%AD-054938088.html,https://media.zenfs.com/zh-tw/news_tvbs_com_tw_938/101b00f98a9a68005a2fa4b76c106424,,"Andy Hao Tienan4001745403
Mirror Media 1","Just wildfire at the beginning of the year! Southern California was hit by violent rainstorms, and a family of three was swept into the sea. Southern California in the United States was hit by violent storms, and the Los Angeles area issued a flood warning. Many roads were flooded, road trees collapsed, and a family of three was swept into the sea. Southern California was hit hard by large-scale wildfires at the beginning of the year, and as many as 180,000 people were evacuated in advance for fear of triggering landslides.","Einfach ein Lauffeuer zu Beginn des Jahres! Südkalifornien wurde von heftigen Regenstürmen heimgesucht und eine dreiköpfige Familie wurde ins Meer geschwemmt. Südkalifornien in den USA wurde von heftigen Stürmen heimgesucht und die Gegend um Los Angeles gab eine Überschwemmungswarnung heraus. Viele Straßen wurden überschwemmt, Straßenbäume stürzten um und eine dreiköpfige Familie wurde ins Meer geschwemmt. Südkalifornien wurde zu Beginn des Jahres von großflächigen Waldbränden schwer getroffen, bis zu 180.000 Menschen wurden aus Angst vor Erdrutschen bereits im Vorfeld evakuiert.","Sicut ignem ferum in principio anni! Southern California vehementibus imbribus ictus est et familia trium in mare rapitur. Meridionalis California in Civitatibus Foederatis vehementibus procellis ictus est, et regio Los Angeles diluvium denuntiavit. Multae viae inundatae sunt, arbores via corruerunt, et familia trium in mare rapitur. Southern California a magnis incendiis ineunte anno graviter percussus est, et quotquot 18000 hominum in antecessum emissi sunt propter metum proruit excitat.",China,EAS,Asia,wmo
e4bcd642b2a1d504d1b2243e85431397,2025-11-17T19:06:24Z,Snow&Ice,,www.bild.de,de,0.8,Wintereinbruch in Deutschland - Hier liegt schon überall Schnee,"In Oberbayern schneit es bereits ab 900 Metern. Die Straßen sind teilweise glatt, der Winterdienst ist unterwegs. Im Erzgebirge liegt der erste Schnee, b...",https://www.bild.de/news/wintereinbruch-in-deutschland-kaelte-schnee-und-glatte-strassen-691b6e6f154fccdab1b68aad,"https://images.bild.de/691b6e6f154fccdab1b68aad/a0712eff5912fa3dc2ef6ee117c0825e,5e56eee8?w=1280",http://web.archive.org/web/20251117210937/https://www.bild.de/news/wintereinbruch-in-deutschland-kaelte-schnee-und-glatte-strassen-691b6e6f154fccdab1b68aad,"Mehr zum Video anzeigen 
In Oberbayern schneit es bereits ab 900 Metern. Die Straßen sind teilweise glatt, der Winterdienst ist unterwegs. Im Erzgebirge liegt der erste Schnee, bis zu zehn Zentimete… [+203 chars]",The onset of winter in Germany - there is already snow everywhere. In Upper Bavaria it snows from 900 meters. The roads are partly slippery and the winter service is on the way. The first snow lies in the Erzgebirge...,"Wintereinbruch in Deutschland - Hier liegt schon überall Schnee. In Oberbayern schneit es bereits ab 900 Metern. Die Straßen sind teilweise glatt, der Winterdienst ist unterwegs. Im Erzgebirge liegt der erste Schnee, b...",Impetus hiemis in Germania - ubique iam nix est. In Bavaria superiore ab 900 metris ningit. Viae partim lubricae sunt et hiemalis servitus est in via. Prima nix in Erzgebirge ...,Germany,WCE,Europe,wmo
ef90ea465e0c1e2d80a958005a8b6887,2025-11-17T21:46:22Z,Drought,,www.newsit.gr,el,0.8,Καιρός – Meteo: Δείκτης ξηρασίας στην Ελλάδα τον Νοέμβριο,"Ενδιαφέρουσα ανάλυση για την ξηρασία στη χώρα τον Νοέμβριο παρουσίασε τη Δευτέρα (17.11.2025) το Meteo, η μετεωρολογική υπηρεσία του Εθνικού Αστεροσκοπείου Αθηνών. Η έρευνα του ... 
To άρθρο Καιρός – Meteo: Δείκτης ξηρασίας στην Ελλάδα τον Νοέμβριο δημοσιεύτη…",https://www.newsit.gr/ellada/kairos-meteo-deiktis-ksirasias-stin-ellada-ton-noemvrio/4529176/,https://www.newsit.gr/wp-content/uploads/2025/11/afrikanikh-skonh-kairos-eurok-1200x630.jpg,http://web.archive.org/web/20251117220532/https://www.newsit.gr/ellada/kairos-meteo-deiktis-ksirasias-stin-ellada-ton-noemvrio/4529176/,"(17.11.2025) Meteo, .
 Meteo 10 : ) 7-28 , ) 28-100 , .
 Copernicus (SSMI) , 1991 – 2020. , 1 5, , , , .
 , , .
 (7-28 .), . , , Meteo.
 (28-100 .), , , . , , ( 1 4) ( 1 2) , , .
 10 2025 7-28 … [+115 chars]","Weather – Meteo: Drought index in Greece in November. An interesting analysis of the drought in the country in November was presented on Monday (17.11.2025) by Meteo, the meteorological service of the National Observatory of Athens. The research of ... The article Weather – Meteo: Drought index in Greece in November published...","Wetter – Meteo: Dürreindex in Griechenland im November. Eine interessante Analyse der Dürre im Land im November wurde am Montag (17.11.2025) von Meteo, dem Wetterdienst des Nationalen Observatoriums von Athen, vorgelegt. Die Forschung von... 
Der Artikel Wetter – Meteo: Dürreindex in Griechenland im November veröffentlicht...","Tempestas – Meteo: Siccitas index in Graecia mense Novembri. Interesting analysis de siccitatis in regione mense Novembri die Lunae (17.11.2025) praesentatus est Meteo, ministerium meteorologicum Nationalis Observatorii Athenarum. Investigatio de ... Articulus Tempestatis – Meteo: Siccitas index in Graecia mense Novembri editus...",Greece,MED,Europe,edo
b9e7096f2d7014c8d8d6e2476e171bf3,2025-11-18T21:19:00Z,Thunderstorm,,www.protothema.gr,el,0.7,Έντονα καιρικά φαινόμενα στην Ηπειρο - Κεραυνός έπεσε σε στέγη πολυκατοικίας,Τα κεραμίδια της στέγης έσπασαν και εκτοξεύτηκαν γύρω από την οικοδομή - Προβλήματα στο οδικό δίκτυο της Κόνιτσας λόγω μικροκατολισθήσεων και φερτών υλικών | Ιωάννινα | Θεσπρωτία | Άνεμοι | Βροχές | Κεραυνός | Ελλάδα,https://www.protothema.gr/greece/article/1729055/edona-kairika-fainomena-stin-ipeiro-keraunos-epese-se-stegi-polukatoikias/,https://www.protothema.gr/images/640x360share/jpg/files/2025-11-18/5663420.jpg,,"To view this video please enable JavaScript, and consider upgrading to a
 web browser that supports HTML5 video",Severe weather in Epirus - Lightning struck the roof of an apartment building. The roof tiles broke and were thrown around the building - Problems in the road network of Konitsa due to small landslides and transported materials | Ioannina | Thesprotia | Winds | Rains | Lightning | Greece,Unwetter in Epirus – Ein Blitz schlug in das Dach eines Wohnhauses ein. Die Dachziegel zerbrachen und wurden um das Gebäude herumgeschleudert - Probleme im Straßennetz von Konitsa aufgrund kleinerer Erdrutsche und transportierter Materialien | Ioannina | Thesprotia | Winde | Regen | Blitz | Griechenland,Tempestas saeva in Epiro est - tectum aedium fulmen percussit. Tegulae tegularum fregerunt et circa aedificium eiectae sunt - Problematum in retis via Konitsa ob parvas ruinas et materias transportatas | Ioannina | Thesprotia | Winds | Pluviae | Lightning | Graecia,Greece,MED,Europe,wmo
1538abe015148d388c2b1113a343df98,2025-11-19T04:30:15Z,Snow&Ice,,www.tagesspiegel.de,de,0.8,"Wetter: Neuschnee, Frost und Glätte zur Wochenmitte","Winterliche Woche in Deutschland: Im Harz gibt es weiter Neuschnee, im Süden wird es frostig kalt. Auch im hohen Norden könnte etwas Schnee fallen.",https://www.tagesspiegel.de/gesellschaft/panorama/wetter-neuschnee-frost-und-glatte-zur-wochenmitte-14880419.html,https://www.tagesspiegel.de/images/14880416/alternates/BASE_16_9_W1400/1763526614000/wintereinbruch-im-harz.jpeg,http://web.archive.org/web/20251203045713/https://www.tagesspiegel.de/gesellschaft/panorama/wetter-neuschnee-frost-und-glatte-zur-wochenmitte-14880419.html,Nach einem gebietsweise weißen Wochenbeginn können sich die Menschen in Deutschland in einigen Region weiterhin auf etwas Neuschnee einstellen. In den zentralen und westlichen Mittelgebirgen soll es … [+824 chars],"Weather: Fresh snow, frost and slippery conditions in the middle of the week. Wintry week in Germany: There is still fresh snow in the Harz Mountains, while it is getting frosty in the south. Some snow could also fall in the far north.","Wetter: Neuschnee, Frost und Glätte zur Wochenmitte. Winterliche Woche in Deutschland: Im Harz gibt es weiter Neuschnee, im Süden wird es frostig kalt. Auch im hohen Norden könnte etwas Schnee fallen.","Tempestas: Nova nix, gelu et condiciones lubricae mediae hebdomadis. Hebdomada hiemalis in Germania: Nix adhuc recens in montibus Harz est, dum in meridie pruinosas facit. Aliquae nix etiam in ulteriorem septentrionem cadere potuerunt.",Germany,WCE,Europe,wmo
b550f094a0593e66936f88edb23618fd,2025-11-19T07:52:00Z,Precipitation,,www.protothema.gr,el,0.8,"Κακοκαιρία: Προβλήματα από τις καταιγίδες σε Ήπειρο και Θεσπρωτία - Ζημιές από κεραυνούς σε σπίτια, στο Πάπιγκο τα μεγαλύτερα ύψη βροχής",Η συνεχής βροχόπτωση προκάλεσε προβλήματα στην υδροδότηση της πόλης της Φλώρινας | Κακοκαιρία | Καιρός | Καταιγίδα | Ήπειρος | Θεσπρωτία | Ελλάδα,https://www.protothema.gr/greece/article/1729180/kakokairia-provlimata-apo-tis-kataigides-se-ipeiro-kai-thesprotia-zimies-apo-keraunous/,https://www.protothema.gr/images/640x360share/1/png/files/2025-11-19/%CF%83%CF%84%CE%B9%CE%B3%CE%BC%CE%B9%CE%BF%CF%84%CF%85%CF%80%CE%BF_%CE%BF%CE%B8%CE%BF%CE%BD%CE%B7%CF%82_2025-11-19_094701.png,http://web.archive.org/web/20251119105343/https://www.protothema.gr/greece/article/1729180/kakokairia-provlimata-apo-tis-kataigides-se-ipeiro-kai-thesprotia-zimies-apo-keraunous/,"To view this video please enable JavaScript, and consider upgrading to a
 web browser that supports HTML5 video","Bad weather: Problems from the storms in Epirus and Thesprotia - Lightning damage to houses, in Papigo the highest levels of rain. The continuous rainfall caused problems in the water supply of the city of Florina Bad weather | Weather | Storm | Epirus | Thesprotia | Greece","Schlechtes Wetter: Probleme durch die Stürme in Epirus und Thesprotia – Blitzschäden an Häusern, in Papigo die höchsten Regenmengen. Die anhaltenden Regenfälle führten zu Problemen in der Wasserversorgung der Stadt Florina. Schlechtes Wetter | Wetter | Sturm | Epirus | Thesprotia | Griechenland",Tempestates: Problemata de procellis in Epiro et Thesprotia - De caelo laesione domorum in Papigo supremis pluviae gradibus. Imbribus continuis difficultates in urbe Florina tempestatibus aquarum | Tempestas | Storm | Epirus | Thesprotia | Graecia,Greece,MED,Europe,wmo
7a2bb7bf0cff88d862d2bd5129af786f,2025-11-19T12:27:00Z,Precipitation,,www.protothema.gr,el,1.0,"Κακοκαιρία στην Ηγουμενίτσα: Κλειστός ο δρόμος προς Πλαταριά από την ισχυρή βροχόπτωση, δείτε βίντεο",Προβλήματα και στην Κέρκυρα | Κακοκαιρία | Κέρκυρα | Ηγουμενίτσα | Ελλάδα,https://www.protothema.gr/greece/article/1729455/igoumenitsa-kleistos-o-dromos-pros-plataria-apo-tin-ishuri-vrohoptosi-deite-video/,https://www.protothema.gr/images/640x360share/1/png/files/2025-11-19/%CF%83%CF%84%CE%B9%CE%B3%CE%BC%CE%B9%CE%BF%CF%84%CF%85%CF%80%CE%BF_%CE%BF%CE%B8%CE%BF%CE%BD%CE%B7%CF%82_2025-11-19_142531.png,,"30% smartwatch 199, Budget","Bad weather in Igoumenitsa: The road to Plataria is closed due to heavy rain, see video. Problems in Corfu too Bad weather | Corfu | Igoumenitsa | Greece","Schlechtes Wetter in Igoumenitsa: Die Straße nach Plataria ist wegen starken Regens gesperrt, siehe Video. Probleme auch auf Korfu Schlechtes Wetter | Korfu | Igoumenitsa | Griechenland","Tempestas in Igoumenitsa: Via ad Platariam clausa est propter pluviam gravem, videre video. Problemata in Corcyra quoque Bad weather | Corfu | Igoumenitsa | Graecia",Greece,MED,Europe,wmo
d6e3e6deb4f268f648dbdb139f8548f5,2025-11-19T12:30:35Z,Cold Wave,,hk.news.yahoo.com,zh,0.9,昨早錄13.2度入秋以來最低 12歲健康童染甲流併發休克,受強烈東北季候風影響，天文台昨在市區內錄得最低氣溫攝氏13.2度，是今年入秋以來的最低紀錄，而新界普遍再低一兩度，大部分地區的相對濕度維持在約40%。但寒冷天氣「稍縱即逝」，天文台預計下周一氣溫回升至最高27度。 受強烈東北季候風影響，本港昨早氣溫較前日早上低8至10度，市區最低只有13.2度，當中觀塘、九龍城、,https://hk.news.yahoo.com/%E6%98%A8%E6%97%A9%E9%8C%8413-2%E5%BA%A6%E5%85%A5%E7%A7%8B%E4%BB%A5%E4%BE%86%E6%9C%80%E4%BD%8E-12%E6%AD%B2%E5%81%A5%E5%BA%B7%E7%AB%A5%E6%9F%93%E7%94%B2%E6%B5%81%E4%BD%B5%E7%99%BC%E4%BC%91%E5%85%8B-203035177.html,https://s.yimg.com/ny/api/res/1.2/YaATPCNk1oHef8d9o10lrg--/YXBwaWQ9aGlnaGxhbmRlcjt3PTEyMDA7aD02NzU-/https://media.zenfs.com/ko/am730_578/472d76b5538f102825af54302b9776fc,,"10:40 (18)facebook(17)104
am730 23",,"Gestern Morgen wurden 13,2 Grad Celsius gemessen, die niedrigste Temperatur seit Herbstbeginn. Ein 12-jähriges gesundes Kind wurde mit Influenza A infiziert und erlitt einen Schock. Unter dem Einfluss des starken Nordostmonsuns verzeichnete das Observatorium gestern im Stadtgebiet eine Tiefsttemperatur von 13,2 Grad Celsius, was den niedrigsten Rekord seit Beginn des Herbstes dieses Jahres darstellte. In den New Territories war es im Allgemeinen ein bis zwei Grad niedriger und die relative Luftfeuchtigkeit blieb in den meisten Gebieten bei etwa 40 %. Allerdings sei das kalte Wetter „flüchtig“ und das Observatorium prognostiziert, dass die Temperatur am kommenden Montag auf maximal 27 Grad steigen werde. Beeinflusst vom starken Nordostmonsun lag die Temperatur in Hongkong gestern Morgen um 8 bis 10 Grad niedriger als vorgestern. Der niedrigste Wert im Stadtgebiet betrug nur 13,2 Grad. Unter ihnen Kwun Tong, Kowloon City,","Heri mane, 13.2 gradus Celsius commemoratur, infimus ab initio autumni. A 12 annorum sanus puer influenza A infecta est et concussa passus est. In observatorio septentrionali monsoon valido afficitur temperamentum minimum 13.2 graduum Celsius in area urbana heri, quae infimus recordus fuit ab initio autumni hoc anno. In Novo Territorio fere unus vel duo gradus inferior erat, et relativa humiditas in pluribus locis circiter 40% manebat. Sed tempestas frigida est ""fugiens"" et Observatorium praedicat temperaturas maxime 27 graduum proximo Lunae oriri. Eeses a valido septentrione ad orientem, temperatura in Hong Kong heri mane fuit 8 ad 10 gradus humilior quam mane ante heri. Infimus in area urbana tantum 13.2 gradus erat. Inter quos Kwun Tong, urbs Kowloon;",China,EAS,Asia,wmo
7c64aabc09d54fdf74a04f32fe75e221,2025-11-20T06:51:00Z,Storm,,i-epikaira.blogspot.com,el,0.3,Το απόνερα της ήττα του «καλωδίου»,"Η ήττα του «καλωδίου» και τα σοβαρά ερωτήματαAλέξανδρος ΤάρκαςΗ Ελλάδα και η Κύπρος, υπό ομαλές συνθήκες, θα εόρταζαν σε λίγες ημέρες το ορόσημο της 1ης Δεκεμβρίου 2025 το οποίο είχε οριστεί, από την άνοιξη του 2024, ως ημερομηνία ολοκλήρωσης των βυθομετρικών…",https://i-epikaira.blogspot.com/2025/11/blog-post_85.html,https://lh3.googleusercontent.com/blogger_img_proxy/AEn0k_sxz2zp-m_go-p8TByckGB0-f_DeP4-RJeGkEMpJCjwbnLOvA_d_KM7DLx8Ev4bO1jTaOX31X6kD6Gs8kz6YGCRuzXw9UqjKdA99WjplDhPKj6S5h3cOUV3y0hNtsoU,,", , 1 2025 , 2024, (Great Sea Interconnector-GSI «»).
 Goksu Gokova Beykoz , , Ievoli Relume ( ) , , 3 15 .
, Ievoli Relume, 2024-2025, 2014 . , GSI.
 . , , , , . . ( 25 2025, Open) « , » …« , »!… [+302 chars]","The breath of the defeat of the ""cable"". The defeat of the ""cable"" and the serious questionsAlexanders TarkasGreece and Cyprus, under normal conditions, would celebrate in a few days the milestone of December 1, 2025 which had been set, since the spring of 2024, as the date for the completion of the sounding...","Der Hauch der Niederlage des „Kabels“. Die Niederlage des „Kabels“ und die ernsten FragenAlexanders TarkasGriechenland und Zypern würden unter normalen Bedingungen in wenigen Tagen den Meilenstein des 1. Dezember 2025 feiern, der seit dem Frühjahr 2024 als Datum für die Fertigstellung der Bathymetrie festgelegt war...","Flatus cladem ""funis"". Strages ""funis"" et quaestiones gravis Alexander TarkasGreece et Cypri, sub condicionibus normalibus, in paucis diebus milliario 1 Decembris 2025 celebraret, quae posita erat, a fonte Domini 2024, sicut dies ad complendum sonum.",Australia,SAU,Oceania,aidr
ab8b578e171ba90739af774b45dc6771,2025-11-20T16:26:44Z,Precipitation,,www.protothema.gr,el,0.7,Πέντε κτηνοτρόφοι αποκλεισμένοι στο χωριό Γράμμος εξαιτίας της χθεσινής νεροποντής,"Φέρεται να είναι καλά στην υγεία τους, η περιοχή παραμένει δύσκολα προσβάσιμη λόγω των ορμητικών νερών | Κακοκαιρία | Γράμμος | Μακεδονία | νεροποντή | Ελλάδα",https://www.protothema.gr/greece/article/1730236/pede-ktinotrofoi-apokleismenoi-sto-horio-grammos-exaitias-tis-hthesinis-neropodis/,https://www.protothema.gr/images/640x360share/jpg/files/2025-11-19/nestorio_plimmires__xoros_river_party.jpg,,"To view this video please enable JavaScript, and consider upgrading to a
 web browser that supports HTML5 video","Five breeders stranded in the village of Grammos due to yesterday's downpour. They are said to be in good health, the area remains difficult to access due to the rushing waters | Bad weather | Line | Macedonia | downpour | Greece","Fünf Züchter strandeten aufgrund des gestrigen Regengusses im Dorf Grammos. Sie sollen in gutem Gesundheitszustand sein, das Gebiet sei aufgrund des rauschenden Wassers weiterhin schwer zugänglich | Schlechtes Wetter | Linie | Mazedonien | Regenguss | Griechenland","Quinque eculi in Grammos pago subductis ob hesternum imbrem. Sani dicuntur, area difficilis aditus ob aquas rapidas | Bad weather | Line | Macedonia | imber | Graecia",Greece,MED,Europe,wmo
4015536844d08754261c34a2e3cbc2eb,2025-11-20T20:33:58Z,Storm,,www.abc.net.au,en,0.8,Is Adelaide's stormwater contributing to the algal bloom crisis?,"Adelaide's stormwater network has been discharging high loads of sediment into the Gulf of St Vincent for decades, killing off seagrasses that are a key defence against blooms of the kind wreaking havoc in South Australia.",https://www.abc.net.au/news/2025-11-21/is-adelaides-stormwater-contributing-to-the-toxic-algal-bloom/106025180,https://live-production.wcms.abc-cdn.net.au/c831c00d06e44467dcde37b8487fa47c?impolicy=wcms_watermark_news&cropH=1125&cropW=2000&xPos=0&yPos=46&width=862&height=485&imformat=generic,,"As dead marine life again washes up in high numbers along pockets of South Australia's coastline, questions have been asked about Adelaide's stormwater network and what contribution it might be makin… [+9460 chars]","Is Adelaide's stormwater contributing to the algal bloom crisis?. Adelaide's stormwater network has been discharging high loads of sediment into the Gulf of St Vincent for decades, killing off seagrasses that are a key defence against blooms of the kind wreaking havoc in South Australia.","Trägt Adelaides Regenwasser zur Algenblütenkrise bei? Das Regenwassernetz von Adelaide leitet seit Jahrzehnten große Sedimentmengen in den Golf von St. Vincent ein und tötet dabei Seegras ab, das eine wichtige Abwehr gegen Blüten darstellt, wie sie in Südaustralien verheerende Schäden anrichten.","Estne Adelaidis tempestas aquae ad discrimen algale florem conferens? Retiaculae tempestatis Adelaidis alta onera faecis in Sinum Sancti Vincentii per decennium emissa est, seagrasses occisos, quae clavis defensionis contra florem generis in Australia meridionali saevientes sunt.",Australia,SAU,Oceania,aidr
e250529131bd4d7ec7c26df1aef49a73,2025-11-20T21:11:24Z,Precipitation,,www.abc.net.au,en,0.8,"Tiwi Islands, West Arnhem Land residents prepare as Cyclone Fina builds","With Tropical Cyclone Fina expected to make landfall on the Northern Territory coast late on Friday, residents of the remote communities in its path brace for expected destructive winds and heavy rainfall.",https://www.abc.net.au/news/2025-11-21/cyclone-fina-tiwi-islands-west-arnhem-communities-preparations/106031706,https://live-production.wcms.abc-cdn.net.au/fa7f91f33da3e867f08fc2c0f07f608b?impolicy=wcms_watermark_news&cropH=701&cropW=1246&xPos=53&yPos=0&width=862&height=485&imformat=generic,http://web.archive.org/web/20251122031039/https://www.abc.net.au/news/2025-11-21/cyclone-fina-tiwi-islands-west-arnhem-communities-preparations/106031706,"As Tropical Cyclone Fina moves closer towards the Northern Territory, residents in the coastal and island communities in its path are bracing for expected wild weather, including heavy rainfall and d… [+6268 chars]","Tiwi Islands, West Arnhem Land residents prepare as Cyclone Fina builds. With Tropical Cyclone Fina expected to make landfall on the Northern Territory coast late on Friday, residents of the remote communities in its path brace for expected destructive winds and heavy rainfall.","Die Bewohner der Tiwi-Inseln im West-Arnhem-Land bereiten sich auf die Entstehung des Zyklons Fina vor. Da der tropische Wirbelsturm Fina voraussichtlich am späten Freitag auf die Küste des Northern Territory treffen wird, bereiten sich die Bewohner der abgelegenen Gemeinden auf seinem Weg auf die zu erwartenden zerstörerischen Winde und starken Regenfälle vor.","Insulae Tiwi, occidentales Terrae Arnhem incolas parant, sicut Cyclone Fina aedificat. Cum Tropical Cyclone Fina in oram septentrionalis territorii septentrionalis die Veneris nuper naufragium facere expectat, remotarum communitatum incolas in suo itinere ue ad ventos perniciosos et imbres graves expectandos.",Australia,CAU,Oceania,acwe
8d734b2dea8e3f0f48c950e11f4256c9,2025-11-21T04:48:30Z,Snow&Ice,,www.zeit.de,de,0.8,Wetter: Frost und Glätte – Winterliche Aussichten für Deutschland,Hier finden Sie Informationen zu dem Thema „Wetter“. Lesen Sie jetzt „Frost und Glätte – Winterliche Aussichten für Deutschland“.,https://www.zeit.de/news/2025-11/21/frost-und-glaette-winterliche-aussichten-fuer-deutschland,https://img.zeit.de/news/2025-11/21/frost-und-glaette-winterliche-aussichten-fuer-deutschland-image-group/wide__1300x731,http://web.archive.org/web/20251125153733/https://www.zeit.de/news/2025-11/21/frost-und-glaette-winterliche-aussichten-fuer-deutschland,"Glatte Straßen haben bundesweit einiges ins Rutschen gebracht. Zu größeren Unfällen ist es über die Nacht hinweg jedoch nicht gekommen, wie die Leitstellen der Bundesländer auf Anfrage mitteilten. 
… [+1003 chars]",Weather: Frost and slippery conditions – wintry prospects for Germany. Here you will find information on the topic of “weather”. Read “Frost and slippery weather – winter prospects for Germany” now.,Wetter: Frost und Glätte – Winterliche Aussichten für Deutschland. Hier finden Sie Informationen zu dem Thema „Wetter“. Lesen Sie jetzt „Frost und Glätte – Winterliche Aussichten für Deutschland“.,"Tempestas: Frons et conditiones lubricae — prospectus hiemalis pro Germania. Hic informationes invenies in argumento ""tempestatis"". Lege ""Front et lubrica tempestas - hiberna spe Germaniae"" nunc.",Germany,WCE,Europe,wmo
c1ce20df0115ddb38faf78801ffc1d60,2025-11-21T04:50:17Z,Snow&Ice,,www.tagesspiegel.de,de,0.8,Wetter: Frost und Glätte – Winterliche Aussichten für Deutschland,Trotz Winterwetter bleibt es ruhig auf den Straßen. Doch der Deutsche Wetterdienst warnt weiterhin vor den Auswirkungen von Frost und Schnee.,https://www.tagesspiegel.de/gesellschaft/panorama/wetter-frost-und-glatte--winterliche-aussichten-fur-deutschland-14903831.html,https://www.tagesspiegel.de/images/14903828/alternates/BASE_16_9_W1400/1763700616000/winterwetter.jpeg,,"Glatte Straßen haben bundesweit einiges ins Rutschen gebracht. Zu größeren Unfällen ist es über die Nacht hinweg jedoch nicht gekommen, wie die Leitstellen der Bundesländer auf Anfrage mitteilten. 
… [+1059 chars]","Weather: Frost and slippery conditions – wintry prospects for Germany. Despite the winter weather, the streets remain quiet. But the German Weather Service continues to warn about the effects of frost and snow.",Wetter: Frost und Glätte – Winterliche Aussichten für Deutschland. Trotz Winterwetter bleibt es ruhig auf den Straßen. Doch der Deutsche Wetterdienst warnt weiterhin vor den Auswirkungen von Frost und Schnee.,"Tempestas: Frons et conditiones lubricae — prospectus hiemalis pro Germania. Quamvis hieme, plateae quiescant. Sed Germanica Service Tempestatis admonent de effectibus frigoris et nivis.",Germany,WCE,Europe,wmo
669c55f7d9e197bb4e36e60ea0d3a019,2025-11-21T19:58:54Z,Heat Wave,,www.abc.net.au,en,0.8,"Wild weekend of weather includes cyclone, storms and heatwave","Three major weather events are unfolding across Australia this weekend, with the assortment of intense weather set to impact several capitals.",https://www.abc.net.au/news/2025-11-22/australia-wild-weather-brings-cyclone-storms-record-heatwave/106037818,https://live-production.wcms.abc-cdn.net.au/2294d913590396a7d54807e7eafe6925?impolicy=wcms_watermark_news&cropH=1152&cropW=2048&xPos=0&yPos=213&width=862&height=485&imformat=generic,http://web.archive.org/web/20251121203443/https://www.abc.net.au/news/2025-11-22/australia-wild-weather-brings-cyclone-storms-record-heatwave/106037818,"Three major weather events are unfolding across Australia this weekend.
Firstly, Tropical Cyclone Fina will continue its track along the Top End coast, a thunderstorm outbreak across the east will p… [+6670 chars]","Wild weekend of weather includes cyclone, storms and heatwave. Three major weather events are unfolding across Australia this weekend, with the assortment of intense weather set to impact several capitals.","Das wilde Wetterwochenende umfasst Zyklone, Stürme und Hitzewellen. An diesem Wochenende ereignen sich in ganz Australien drei große Wetterereignisse, wobei sich die unterschiedlichen intensiven Wetterbedingungen auf mehrere Hauptstädte auswirken werden.","Ferae volutpat tempestatum includit cyclonem, procellas et aestus. Tres eventus tempestates maiores per Australiam hac volutpat explicant, cum certa tempestate intensa complura capitalia incursum constituerunt.",Australia,CAU,Oceania,acwe
a870f13e5c474c078d8b4d3421e212aa,2025-11-21T20:58:00Z,Precipitation,,www.protothema.gr,el,1.0,Μαθητές στη Βόνιτσα χρειάστηκαν πυροσβεστικό για να επιστρέψουν στα σπίτια τους λόγω της κακοκαιρίας - Δείτε βίντεο,"Από την έντονη βροχόπτωση δεκάδες σπίτια και καταστήματα πλημμύρισαν, ενώ οι δρόμοι θυμίζουν χειμάρρους | Κακοκαιρία | Βόνιτσα | Δυτική Ελλάδα | Ελλάδα",https://www.protothema.gr/greece/article/1731056/mathites-sti-vonitsa-hreiastikan-purosvestiko-gia-na-epistrepsoun-sta-spitia-tous-deite-video/,https://www.protothema.gr/images/640x360share/jpg/files/2025-11-21/xrwma-bonitsa.jpg,http://web.archive.org/web/20251127025543/https://www.protothema.gr/greece/article/1731056/mathites-sti-vonitsa-hreiastikan-purosvestiko-gia-na-epistrepsoun-sta-spitia-tous-deite-video/,"Bianchet Haute Horlogerie, tourbillon.","Pupils in Vonica needed fire brigade to return home due to bad weather - Watch video. Due to the heavy rain, dozens of houses and shops were flooded, while the streets resemble torrents | Bad weather | Vonitsa | Western Greece | Greece","Schüler in Vonica brauchten wegen schlechten Wetters die Feuerwehr, um nach Hause zurückzukehren – Video ansehen. Aufgrund des starken Regens wurden Dutzende Häuser und Geschäfte überschwemmt, während die Straßen reißenden Fluten ähneln | Schlechtes Wetter | Vonitsa | Westgriechenland | Griechenland","Pupilli in Vonica alam igne necessariam domum redire ob tempestatibus tempestatibus - Vigilate video. Ob pluviam, justos domorum et tabernarum inundantur, cum plateae torrentibus similes | Bad weather | Vonitsa | Western Greece | Graecia",Greece,MED,Europe,wmo
585d6a4d0892df7831679bfe42fce025,2025-11-21T23:55:00Z,Tropical Cyclone,,www.thestar.com.my,en,0.8,Australia's Northern Territory braces for Tropical Cyclone Fina,SYDNEY (Reuters) -Residents in parts of Australia's Northern Territory were urged on Saturday to prepare for a tropical cyclone forecast to bring destructive winds and potential flooding to the city of Darwin. Read full story,https://www.thestar.com.my/news/world/2025/11/22/australia039s-northern-territory-braces-for-tropical-cyclone-fina,https://cdn.thestar.com.my/Themes/img/newTsol_logo_socmedia.png,http://web.archive.org/web/20251122010708/https://www.thestar.com.my/news/world/2025/11/22/australia039s-northern-territory-braces-for-tropical-cyclone-fina,SYDNEY (Reuters) -Residents in parts of Australia's Northern Territory were urged on Saturday to prepare for a tropical cyclone forecast to bring destructive winds and potential flooding to the city … [+1418 chars],Australia's Northern Territory braces for Tropical Cyclone Fina. SYDNEY (Reuters) -Residents in parts of Australia's Northern Territory were urged on Saturday to prepare for a tropical cyclone forecast to bring destructive winds and potential flooding to the city of Darwin. Read full story,"Das australische Northern Territory bereitet sich auf den tropischen Wirbelsturm Fina vor. SYDNEY (Reuters) – Einwohner in Teilen des australischen Northern Territory wurden am Samstag aufgefordert, sich auf einen prognostizierten tropischen Wirbelsturm vorzubereiten, der zerstörerische Winde und mögliche Überschwemmungen über die Stadt Darwin bringen wird. Lesen Sie die ganze Geschichte",Territorium septentrionale Australiae adstringit ad Cyclonem Tropical Finam. Sydney (Reuters) - Residentes in partibus Territorii septentrionalis Australiae hortati sunt die Sabbati ut cyclo tropico pararent praenuntiationem ut ventos perniciosos et potentiales inundationes ad urbem Darwin adducerent. Read full story,Australia,NAU,Oceania,aidr
6be8f81a935e7b97912feb76d228034a,2025-11-22T08:36:07Z,Cold Wave,,www.cnbeta.com.tw,zh,0.7,你的快递，是无人车送的,"11月18日下午4点半，新疆博尔塔拉蒙古自治州精河县，气温已降至-7℃。中通网点老板兰树新从加厚羽绒服中掏出手机，打开新石器的App，点击发车按钮，一台白色无人车缓缓驶出仓库，踏上当天的投递路线。
这台车没有驾驶舱，高度只到成年人肩膀。外观看起来就是一个大铁箱，全靠前方两只大眼睛似的激光雷达辨认物体和路线。它每天固定跑8个驿站，配送500多件包裹。兰树新粗略算过，光油费和人力成本，一天就能省下200元，如果单日投递量能达到1000件，一年能回本。在精河这样地广人稀的县，无人车尤其能发挥作用——当地面积是北京市朝…",https://www.cnbeta.com.tw/articles/tech/1537476.htm,https://static.cnbetacdn.com/article/2025/1122/dea4589d75eee96.webp,,"0  2025-11-22 16:16:11
85002001000
241/2460
202460003000
30001000180010347000
10C+6DB4
20232024515202510
1500600
4365
2.522
6000340%
12007App
1134
1012577981351003106855%


COO2023-302024… [+140 chars]","Your express delivery is delivered by an unmanned vehicle. At 4:30 pm on November 18, in Jinghe County, Bortala Mongolian Autonomous Prefecture, Xinjiang, the temperature has dropped to -7℃. Lan Shuxin, the owner of a Zhongtong branch, took out his mobile phone from his thickened down jacket, opened the Neolithic App, clicked the start button, and a white unmanned vehicle slowly drove out of the warehouse and embarked on the day's delivery route.
This car has no cockpit and is only as high as an adult's shoulders. It looks like a big iron box, and it relies on two big eye-like laser radars in the front to identify objects and routes. It runs 8 stations every day and delivers more than 500 packages. Lan Shuxin has roughly calculated that he can save 200 yuan a day on varnish fees and labor costs. If the delivery volume can reach 1,000 pieces in a single day, the cost can be recovered in one year. Autonomous vehicles can be particularly useful in a sparsely populated county like Jinghe—the local area is the size of Beijing’s North…","Ihre Expresslieferung wurde von einem unbemannten Fahrzeug zugestellt. Am 18. November um 16:30 Uhr war die Temperatur im Kreis Jinghe, Autonome Präfektur Bortala der Mongolei, Xinjiang, auf -7 °C gesunken. Lan Shuxin, der Besitzer einer Filiale in Zhongtong, holte sein Mobiltelefon aus seiner dicken Daunenjacke, öffnete die Neolithic App, klickte auf den Startknopf und ein weißes unbemanntes Fahrzeug fuhr langsam aus dem Lagerhaus und machte sich auf den Weg zur Lieferung des Tages. Dieses Auto hat kein Cockpit und ist nur so hoch wie die Schultern eines Erwachsenen. Es sieht aus wie eine große Eisenkiste und ist auf zwei große, augenähnliche Laserradare an der Vorderseite angewiesen, um Objekte und Routen zu identifizieren. Es betreibt täglich 8 Stationen und liefert mehr als 500 Pakete. Lan Shuxin hat grob berechnet, dass er täglich 200 Yuan an Lackgebühren und Arbeitskosten einsparen kann. Wenn das Liefervolumen an einem einzigen Tag 1.000 Stück erreichen kann, können die Kosten in einem Jahr amortisiert werden. Autonome Fahrzeuge können in einem dünn besiedelten Kreis wie Jinghe besonders nützlich sein – das Gebiet hat die Größe von Pekings Norden …","Expressa traditio tua ab inanibus vehiculum liberatur. Hora 4:30 postridie Idus Novembres, in comitatu Jinghe, Bortala Mongolica Praefecturae sui iuris, Xinjiang, temperatura ad -7℃ cecidit. Lan Shuxin, dominus rami Zhongtong, telephonum mobile suum e iacco incrassato protulit, Appium Neolithicum aperuit, conjunctionem initii premebat, et vehiculum album e horreis inanibus lente eiecit et in diei partus itinere conscendit.
Haec avis cockpit non habet et tantum in umeris adulti altitudine est. Spectat sicut arca magna ferrea, et innititur duobus magnis radarariis sicut laser oculariis in fronte ad objecta et itinera cognoscenda. Stationes octo quotidie decurrit et plus quam 500 fasciculos tradit. Lan Shuxin dure computavit se posse salvum facere 200 Yuan dies in feodis illitus et gratuita opera. Si volumen traditio mille argenteos uno die attingere potest, sumptus uno anno reparari potest. Vehicula autonoma maxime possunt esse utiles in comitatu infrequente sicut Jinghe-area localis est amplitudo Beijing's Septentrionalis….",China,EAS,Asia,wmo
c9f03d1c42dcae12d1a021a0ebe6fadb,2025-11-22T21:36:00Z,Precipitation,,www.protothema.gr,el,1.0,Σε κλοιό κακοκαιρίας συνεχίζει να βρίσκεται η χώρα - Φεύγουν οι βροχές έρχονται τα χιόνια,"Διχογνωμία μεταξύ των  μετεωρολόγων, ενώ αναμένονται έντονες βροχοπτώσεις σε όλη τη χώρα την ερχόμενη εβδομάδα | Κακοκαιρία | Χιονοπτώσεις | Καιρός | Βροχόπτωση | Ελλάδα",https://www.protothema.gr/greece/article/1731518/se-kloio-kakokairias-sunehizei-na-vrisketai-i-hora-feugoun-oi-vrohes-erhodai-ta-hionia/,https://www.protothema.gr/images/640x360share/jpg/files/2025-11-22/athenscold-xrm.jpg,,", , .meteo.gr, , . 24/11 22/11.
, 7-8 °C 24/11 15-17 °C 17-19 °C , ., .
, « », . , ».
« ..
.
..
. ».
GFS , .
, , .
, , .
, , , , , , .
, . « , ! /», .
... 
« "" "" ! , .
. .
, 24 26 , 18… [+719 chars]","The country continues to be in the grip of bad weather - The rains are gone, the snows are coming. Forecasters divided as heavy rain expected across country next week | Bad weather | Snowfall | Weather | Precipitation | Greece","Das Land wird weiterhin von schlechtem Wetter heimgesucht – der Regen ist weg, der Schnee kommt. Meteorologen sind sich uneinig, da nächste Woche im ganzen Land heftiger Regen erwartet wird | Schlechtes Wetter | Schneefall | Wetter | Niederschlag | Griechenland","Patria tempestatibus in manibus esse pergit - The rains are gone, the snow are coming. Forecasters sicut pluvia expectata per regionem proximam hebdomade divisa | Bad weather | Snowfall | Tempestas | Praecipitatio | Graecia",Greece,MED,Europe,wmo
410dab41049cc88ceb1e7bc218d42b14,2025-11-23T01:46:47Z,Storm,,www.abc.net.au,en,0.8,Woman's near miss with ceiling collapse as storm causes severe damage at Port Pirie,Thousands of residents are facing outages in the South Australian town of Port Pirie after a severe thunderstorm and hail destroyed roofs as well as bringing down trees and powerlines.,https://www.abc.net.au/news/2025-11-23/storm-causes-widespread-damage-at-port-pirie/106042166,https://live-production.wcms.abc-cdn.net.au/8befc64a800e071456953bbf1b2095f7?impolicy=wcms_watermark_news&cropH=1080&cropW=1920&xPos=0&yPos=517&width=862&height=485&imformat=generic,http://web.archive.org/web/20251124210658/https://www.abc.net.au/news/2025-11-23/storm-causes-widespread-damage-at-port-pirie/106042166,"Thousands of residents are facing outages in the South Australian town of Port Pirie after a severe thunderstorm and hail destroyed roofs as well as bringing down trees and powerlines.
The State Eme… [+3681 chars]",Woman's near miss with ceiling collapse as storm causes severe damage at Port Pirie. Thousands of residents are facing outages in the South Australian town of Port Pirie after a severe thunderstorm and hail destroyed roofs as well as bringing down trees and powerlines.,"Beinahe-Unfall einer Frau mit Deckeneinsturz, da Sturm schwere Schäden in Port Pirie anrichtet. Tausende Einwohner sind in der südaustralischen Stadt Port Pirie mit Stromausfällen konfrontiert, nachdem ein schweres Gewitter und Hagel Dächer zerstört sowie Bäume und Stromleitungen zerstört haben.",Mulier prope deesset cum ruina tectoria sicut tempestas grave damnum apud Port Pirie. Milia incolarum in oppido Port Pirie meridionali Australian spectantes post gravem tonitruum et grandinem tectorum et arbores et potentias destruentes destruxerunt.,Australia,SAU,Oceania,aidr
9b2d23fb9f794dc514a84b6a28f98315,2025-11-23T07:23:17Z,Precipitation,,www.newsit.gr,el,1.0,"Αλβανία: Βιβλική καταστροφή από τις πλημμύρες – Ηλικιωμένη έχασε τη ζωή της, εκατοντάδες εγκατέλειψαν τα σπίτια τους","Μία ηλικιωμένη γυναίκα έχασε τη ζωή της στην Αλβανία, από τις σαρωτικές πλημμύρες που προκλήθηκαν μετά την έντονη βροχόπτωση. Τεράστιες ζημιές προκλήθηκαν σε δρόμους και ... 
To άρθρο Αλβανία: Βιβλική καταστροφή από τις πλημμύρες – Ηλικιωμένη έχασε τη ζωή της…",https://www.newsit.gr/kosmos/alvania-vivliki-katastrofi-apo-tis-plimmyres-ilikiomeni-exase-ti-zoi-tis-ekatontades-egkateleipsan-ta-spitia-tous/4533311/,https://www.newsit.gr/wp-content/uploads/2025/11/albania-plimmires-r4-1200x630.jpg,,", . .
 75 (22.11.2025) , . , . , .
REUTERS/Florion Goga
REUTERS/Florion Goga
Severe flooding this afternoon in Kurbin, Lezhë County, after torrential rainfall hit northwestern Albania.Homes, road… [+242 chars]","Albania: Biblical disaster from floods - Elderly woman dies, hundreds flee their homes. An elderly woman has died in Albania, from flash floods caused by heavy rain. Huge damage was caused to roads and ... The article Albania: Biblical disaster from the floods - An elderly woman lost her life...","Albanien: Biblische Katastrophe durch Überschwemmungen – Ältere Frau stirbt, Hunderte fliehen aus ihren Häusern. In Albanien ist eine ältere Frau an den Folgen von Sturzfluten infolge starker Regenfälle gestorben. Es entstanden enorme Schäden an Straßen und ... Der Artikel Albanien: Biblische Katastrophe durch die Überschwemmungen – Eine ältere Frau kam ums Leben...","Albania: biblica clades ex diluviis - Anus moritur, centum domos fugiunt. Anus in Albania mortua est e diluviis imbribus imbribus. Ingens damnum in viis et ... Articulus Albania: clades biblica e inundationibus - Anus amissa vita...",Albania,MED,Europe,cmeter
c1c79e3bc8152918176e5acd8409b78e,2025-11-23T07:23:17Z,Precipitation,,www.newsit.gr,el,1.0,Φονικές πλημμύρες στην Αλβανία: Ηλικιωμένη παρασύρθηκε από ρέμα και πνίγηκε – Εκατοντάδες εγκατέλειψαν τα σπίτια τους,"Μία ηλικιωμένη γυναίκα έχασε τη ζωή της στην Αλβανία, από τις σαρωτικές πλημμύρες που προκλήθηκαν μετά την έντονη βροχόπτωση. Τεράστιες ζημιές προκλήθηκαν σε δρόμους και ... 
To άρθρο Φονικές πλημμύρες στην Αλβανία: Ηλικιωμένη παρασύρθηκε από ρέμα και πνίγηκε…",https://www.newsit.gr/kosmos/fonikes-plimmyres-stin-alvania-ilikiomeni-parasyrthike-apo-rema-kai-pnigike-ekatontades-egkateleipsan-ta-spitia-tous/4533311/,https://www.newsit.gr/wp-content/uploads/2025/11/albania-plimmires-r4-1200x630.jpg,http://web.archive.org/web/20251124011429/https://www.newsit.gr/kosmos/fonikes-plimmyres-stin-alvania-ilikiomeni-parasyrthike-apo-rema-kai-pnigike-ekatontades-egkateleipsan-ta-spitia-tous/4533311/,", . .
 75 (22.11.2025) , . , . , .
REUTERS/Florion Goga
REUTERS/Florion Goga
Severe flooding this afternoon in Kurbin, Lezhë County, after torrential rainfall hit northwestern Albania.Homes, road… [+242 chars]","Deadly floods in Albania: Elderly woman swept away by stream and drowned - Hundreds flee their homes. An elderly woman has died in Albania, from flash floods caused by heavy rain. Huge damage was caused to roads and... 
The article Deadly floods in Albania: An elderly woman was swept away by a stream and drowned...","Tödliche Überschwemmungen in Albanien: Ältere Frau wurde von Bach mitgerissen und ertrank – Hunderte fliehen aus ihren Häusern. In Albanien ist eine ältere Frau an den Folgen von Sturzfluten infolge starker Regenfälle gestorben. Es entstanden große Schäden an Straßen und... 
Der Artikel Tödliche Überschwemmungen in Albanien: Eine ältere Frau wurde von einem Bach mitgerissen und ertrank...","In Epiro mortifera inundat: Anus flumine rapitur et submergitur - Centum fugiunt domos suas. Anus in Albania mortua est e diluviis imbribus imbribus. Ingens damnum in itineribus et... 
Articulus Letalis inundat in Albania: Anus rapitur rivo et submersus est ...",Albania,MED,Europe,cmeter
06e4c89d30ee73e2a090c40999375f5d,2025-11-23T09:02:43Z,Snow&Ice,,www.stern.de,de,0.8,Frost und Eisregen: Wetterdienst warnt vor glatten Straßen,Das Winterwetter ist in Deutschland angekommen: Der Deutsche Wetterdienst in Offenbach warnte am Sonntag vor Glatteis vor allem im Süden des Landes. Ab Sonntagnachmittag sollte es in der westlichen Landeshälfte schneien. Schnee und später gefrierender Regen k…,https://www.stern.de/news/frost-und-eisregen--wetterdienst-warnt-vor-glatten-strassen-36834274.html,https://image.stern.de/36834276/t/d7/v1/w1440/r1.7778/-/23--schnee-in-frankfurt-am-main-im-januar---b274a9a30e132df6.jpg,http://web.archive.org/web/20251123092046/https://www.stern.de/news/frost-und-eisregen--wetterdienst-warnt-vor-glatten-strassen-36834274.html,"Kopiere den aktuellen Link
Zur Merkliste hinzufügen
Das Winterwetter ist in Deutschland angekommen: Der Deutsche Wetterdienst in Offenbach warnte am Sonntag vor Glatteis vor allem im Süden des Land… [+1735 chars]","Frost and freezing rain: the weather service warns of slippery roads. The winter weather has arrived in Germany: The German Weather Service in Offenbach warned on Sunday of black ice, especially in the south of the country. It should snow in the western half of the country from Sunday afternoon. Snow and later freezing rain...",Frost und Eisregen: Wetterdienst warnt vor glatten Straßen. Das Winterwetter ist in Deutschland angekommen: Der Deutsche Wetterdienst in Offenbach warnte am Sonntag vor Glatteis vor allem im Süden des Landes. Ab Sonntagnachmittag sollte es in der westlichen Landeshälfte schneien. Schnee und später gefrierender Regen k…,"Fronde gelu et frigore : ser- mones tempestatis lubricas viae. Tempestas hiemalis in Germaniam advenit: Officium Tempestatis Germanicae in Offenbach monuit die Dominico in glacie nigra, praesertim in regione meridiana. Nix debet in media occidentali regione a dominica post meridiem. Nix et post imbrem frigidum...",Germany,WCE,Europe,wmo
371b71f2d77fb4b4524a403350781cbf,2025-11-23T15:09:29Z,Precipitation,,www.protothema.gr,el,1.0,Στα Ιωάννινα ο Υφυπουργός Εσωτερικών - Θα συμμετάσχει σε κυβερνητική σύσκεψη για τις ζημιές από την κακοκαιρία,Θα στηριχθούν άμεσα οι περιοχές που έχουν πληγεί από την έντονη βροχόπτωση των τελευταίων ημερών | Βασίλης Σπανάκης | Κακοκαιρία | Ιωάννινα | Ελλάδα,https://www.protothema.gr/greece/article/1731808/sta-ioannina-o-ufupourgos-esoterikon-tha-summetashei-se-kuvernitiki-suskepsi-gia-tis-zimies-apo-tin-kakokairia/,https://www.protothema.gr/images/640x360share/jpg/files/2025-11-23/spanakis_ioannina.jpg,,"To view this video please enable JavaScript, and consider upgrading to a

 web browser that supports HTML5 video","In Ioannina, the Deputy Minister of Interior - He will participate in a government meeting on the damage caused by the bad weather. The areas affected by the heavy rainfall of the last few days will be immediately supported Vassilis Spanakis | Bad weather | Ioannina | Greece",In Ioannina wird der stellvertretende Innenminister an einer Regierungssitzung über die durch das schlechte Wetter verursachten Schäden teilnehmen. Die von den starken Regenfällen der letzten Tage betroffenen Gebiete werden umgehend unterstützt Vassilis Spanakis | Schlechtes Wetter | Ioannina | Griechenland,"In Ioannina, Prorex Minister Interioris - participet regimen conventus in damnis tempestatibus permotus. Areae gravi pluviis his diebus affectae statim Vassilis Spanakis sustinebuntur | Bad weather | Ioannina | Graecia",Greece,MED,Europe,wmo
11f7c0e763fee018e6d0bdbca0882477,2025-11-23T17:14:53Z,Snow&Ice,,www.bild.de,de,0.8,Wetterdienst: Auto stehen lassen - Eisregen,Gefährliche Glätte in ganz Deutschland zum Wochenstart. DWD warnt vor spiegelglatten Straßen. Wo Autofahrer aufpassen müssen.,https://www.bild.de/news/inland/wetterdienst-warnt-autofahrer-schnee-und-spiegelglatte-strassen-zum-wochenstart-6923029ab5261ba7dd423f69,"https://images.bild.de/6923029ab5261ba7dd423f69/1c955db6d234f9e4fce9d8e3b31cf1ec,aee21bcb?w=1280",http://web.archive.org/web/20251123192019/https://www.bild.de/news/inland/wetterdienst-warnt-autofahrer-schnee-und-spiegelglatte-strassen-zum-wochenstart-6923029ab5261ba7dd423f69,Offenbach (Hessen) Die Eisregen-Walze über Deutschland nimmt weiter Fahrt auf. Nach dem sonnig-frostigen Wochenende wird es am Abend und in der Nacht gefährlich und der Wochenstart könnte für Million… [+2945 chars],Weather service: Leave your car parked - freezing rain. Dangerous slippery conditions throughout Germany at the start of the week. DWD warns of slippery roads. Where drivers have to be careful.,Wetterdienst: Auto stehen lassen - Eisregen. Gefährliche Glätte in ganz Deutschland zum Wochenstart. DWD warnt vor spiegelglatten Straßen. Wo Autofahrer aufpassen müssen.,Tempestas religio: Relinque currus tuos ortus - imbrem frigidum. Condiciones lubricae periculosae per Germaniam ineunte septimanae. DWD monet viarum lubricarum. unde rectores diligentes habeantur.,Germany,WCE,Europe,wmo
15404e31b7c1f3650e51ce689a5a5d68,2025-11-23T19:03:23Z,Heat Wave,,theconversation.com,en,0.8,We knew Ningaloo’s coral bleaching was severe. But what we found 6 months later was still a shock,"The heatwave in Western Australia last summer broke records. As marine scientists, we were deeply concerned about whether Ningaloo’s corals would survive. We were prepared for the worst, but what my colleague…",https://theconversation.com/we-knew-ningaloos-coral-bleaching-was-severe-but-what-we-found-6-months-later-was-still-a-shock-270266,https://images.theconversation.com/files/703785/original/file-20251121-56-kvcsho.jpg?ixlib=rb-4.1.0&rect=0%2C804%2C4000%2C2000&q=45&auto=format&w=1356&h=668&fit=crop,http://web.archive.org/web/20251123225054/https://theconversation.com/we-knew-ningaloos-coral-bleaching-was-severe-but-what-we-found-6-months-later-was-still-a-shock-270266,"The heatwave in Western Australia last summer broke records. As marine scientists, we were deeply concerned about whether Ningaloo’s corals would survive. We were prepared for the worst, but what my … [+5792 chars]","We knew Ningaloo’s coral bleaching was severe. But what we found 6 months later was still a shock. The heatwave in Western Australia last summer broke records. As marine scientists, we were deeply concerned about whether Ningaloo’s corals would survive. We were prepared for the worst, but what my colleague…","Wir wussten, dass die Korallenbleiche in Ningaloo schwerwiegend war. Aber was wir sechs Monate später fanden, war immer noch ein Schock. Die Hitzewelle in Westaustralien im vergangenen Sommer brach Rekorde. Als Meereswissenschaftler waren wir zutiefst besorgt darüber, ob die Korallen von Ningaloo überleben würden. Wir waren auf das Schlimmste vorbereitet, aber was mein Kollege…","Novimus Ningaloo corallium inficit severum fuisse. Sed quod invenimus post menses VI adhuc concussa est. In Australia occidentali aestate proxima aestus monumenta fregit. Ut phisici marini, magnopere solliciti eramus an coralliae Ningaloo superessent. Pessima parati eramus, sed quid collega...",Australia,CAU,Oceania,acwe
377156aa0e01d61ec15e9da45afdbce0,2025-11-23T19:51:06Z,Snow&Ice,,www.tagesspiegel.de,de,0.8,Zahlreiche Unfälle im ganzen Land: Wintereinbruch sorgt für Glätte in Deutschland – Tote in der Oberpfalz,Auf der A93 sterben mehrere Menschen bei einem Autounfall. Schon gibt es Warnungen vor weiterem Glatteis und Frost. Auch in Berlin sollte man vorsichtig sein.,https://www.tagesspiegel.de/gesellschaft/panorama/zahlreiche-unfalle-im-ganzen-land-wintereinbruch-sorgt-fur-glatte-in-deutschland--tote-in-der-oberpfalz-14924405.html,https://www.tagesspiegel.de/images/14925146/alternates/BASE_16_9_W1400/1763965755000/schnee-in-hamburg.jpeg,http://web.archive.org/web/20251124083843/https://www.tagesspiegel.de/gesellschaft/panorama/zahlreiche-unfalle-im-ganzen-land-wintereinbruch-sorgt-fur-glatte-in-deutschland--tote-in-der-oberpfalz-14924405.html,Ein Wintereinbruch hat Teile Deutschlands in der Nacht weiß gefärbt und zugleich für teils gefährliche Glätte gesorgt. Der Deutsche Wetterdienst (DWD) warnt auch für den heutigen Tag vor weiterem Sch… [+3613 chars],Numerous accidents throughout the country: the onset of winter causes slippery conditions in Germany - deaths in the Upper Palatinate. Several people die in a car accident on the A93. There are already warnings of further black ice and frost. You should also be careful in Berlin.,Zahlreiche Unfälle im ganzen Land: Wintereinbruch sorgt für Glätte in Deutschland – Tote in der Oberpfalz. Auf der A93 sterben mehrere Menschen bei einem Autounfall. Schon gibt es Warnungen vor weiterem Glatteis und Frost. Auch in Berlin sollte man vorsichtig sein.,Multa accidentia per universam regionem sunt: ​​impetus hiemis causat condiciones lubricas in Germania - mortes in Palatinatu superiore. Plures homines in casu carrum A93 moriuntur. Sunt iam monita adhuc glaciei et frigoris atra. Berolini etiam cavere debes.,Germany,WCE,Europe,wmo
dc0ca080a0d69cbc07f12e81c807a97a,2025-11-24T01:16:45Z,Storm,,www.theregister.com,en,0.8,"70-hour work weeks no longer enough for Infosys founder, who praises China’s 996 culture","PLUS: Manga publishers win Cloudflare copyright case; India, EU to link payment systems; Storm over Australia’s weather website; And more! Asia In Brief  Infosys co-founder Narayana Murthy has suggested Indian citizens should work even longer, suggesting his …",https://www.theregister.com/2025/11/24/asia_tech_news_roundup/,https://regmedia.co.uk/2018/08/29/shutterstock_hide.jpg,http://web.archive.org/web/20251124160804/https://www.theregister.com/2025/11/24/asia_tech_news_roundup/,"Asia In Brief Infosys co-founder Narayana Murthy has suggested Indian citizens should work even longer, suggesting his previous target of 70-hour weeks could climb to 72.
Murthy has for years argued… [+6030 chars]","70-hour work weeks no longer enough for Infosys founder, who praises China’s 996 culture. PLUS: Manga publishers win Cloudflare copyright case; India, EU to link payment systems; Storm over Australia’s weather website; And more! Asia In Brief  Infosys co-founder Narayana Murthy has suggested Indian citizens should work even longer, suggesting his …","70-Stunden-Wochen reichen dem Infosys-Gründer nicht mehr aus, der Chinas 996-Kultur lobt. PLUS: Manga-Verlage gewinnen Cloudflare-Urheberrechtsverfahren; Indien und EU wollen Zahlungssysteme verknüpfen; Sturm über Australiens Wetter-Website; Und mehr! Asien in Kürze Narayana Murthy, Mitbegründer von Infosys, hat vorgeschlagen, dass indische Bürger noch länger arbeiten sollten, und schlägt vor, dass …","70-horas hebdomades laboris non diutius sufficit pro fundatore Infosys, qui culturam Sinarum 996 laudat. PLUS: Manga editores Cloudflare casu librariorum vincunt; India, EU ad systema solvendum nexus; Tempestas in loco tempestatis Australiae; Et plus! In Asia Brevis Infosys co-conditor Narayana Murthy suggessit Indos cives etiam diutius laborare, suadens ...",India,SAS,Asia,wmo
40c6724cd74c3cb1c2e1f261f0a4e7a1,2025-11-24T04:31:10Z,Snow&Ice,,www.zeit.de,de,0.8,Schneetreiben und Glatteis: Wintereinbruch sorgt für Glätte in Deutschland,Hier finden Sie Informationen zu dem Thema „Schneetreiben und Glatteis“. Lesen Sie jetzt „Wintereinbruch sorgt für Glätte in Deutschland“.,https://www.zeit.de/news/2025-11/24/wintereinbruch-sorgt-fuer-glaette-in-deutschland,https://img.zeit.de/news/2025-11/24/wintereinbruch-sorgt-fuer-glaette-in-deutschland-image-group/wide__1300x731,http://web.archive.org/web/20251124060520/https://www.zeit.de/news/2025-11/24/wintereinbruch-sorgt-fuer-glaette-in-deutschland,Ein Wintereinbruch hat Teile Deutschlands in der Nacht weiß gefärbt und zugleich für rutschige Straßen und teils gefährliche Glätte gesorgt. Der Deutsche Wetterdienst (DWD) warnt auch für den heutige… [+2707 chars],Blowing snow and black ice: the onset of winter is causing slippery conditions in Germany. Here you will find information on the topic of “drifting snow and black ice”. Now read “The onset of winter causes slippery conditions in Germany”.,Schneetreiben und Glatteis: Wintereinbruch sorgt für Glätte in Deutschland. Hier finden Sie Informationen zu dem Thema „Schneetreiben und Glatteis“. Lesen Sie jetzt „Wintereinbruch sorgt für Glätte in Deutschland“.,"Flante nix et gelu nigra: hiemis impetus lubricas condiciones in Germania causat. Hic informationes invenies in argumento ""nix fluit et glacies nigra"". Nunc legitur ""Incursus hiemis lubricas condiciones in Germania facit"".",Germany,WCE,Europe,wmo
e27817092240a61c628a8e20c1bfb82e,2025-11-24T04:31:10Z,Snow&Ice,,www.stern.de,de,0.8,Schneetreiben und Glatteis: Wintereinbruch sorgt für Glätte in Deutschland,"Rutschpartie auf der Autobahn, Schnee bis ins Tiefland: Der erste größere Wintereinbruch bringt vielerorts Verkehrsprobleme. Schon gibt es Warnungen vor weiterem Glatteis und Frost.",https://www.stern.de/panorama/schneetreiben-und-glatteis--wintereinbruch-sorgt-fuer-glaette-in-deutschland-36835802.html,https://image.stern.de/36835804/t/yo/v1/w1440/r1.7778/-/24--67bj6qk6rpv10axs2048jpeg---d82c9b5d1a257d5c.jpg,http://web.archive.org/web/20251124050655/https://www.stern.de/panorama/schneetreiben-und-glatteis--wintereinbruch-sorgt-fuer-glaette-in-deutschland-36835802.html,"Kopiere den aktuellen Link
Zur Merkliste hinzufügen
Rutschpartie auf der Autobahn, Schnee bis ins Tiefland: Der erste größere Wintereinbruch bringt vielerorts Verkehrsprobleme. Schon gibt es Warnun… [+2904 chars]","Blowing snow and black ice: the onset of winter is causing slippery conditions in Germany. Slipping on the highway, snow reaching into the lowlands: the first major onset of winter is causing traffic problems in many places. There are already warnings of further black ice and frost.","Schneetreiben und Glatteis: Wintereinbruch sorgt für Glätte in Deutschland. Rutschpartie auf der Autobahn, Schnee bis ins Tiefland: Der erste größere Wintereinbruch bringt vielerorts Verkehrsprobleme. Schon gibt es Warnungen vor weiterem Glatteis und Frost.","Flante nix et gelu nigra: hiemis impetus lubricas condiciones in Germania causat. Via lapsus, nix in loca campestria pertingit: primus hiemis impetus mercaturae multis locis negotiationes causat. Sunt iam monita adhuc glaciei et frigoris atra.",Germany,WCE,Europe,wmo
83fe5ae13a5349bc3177c1fedcffda17,2025-11-24T04:32:25Z,Snow&Ice,,www.tagesspiegel.de,de,0.8,Schneetreiben und Glatteis: Wintereinbruch sorgt für Glätte in Deutschland,"Rutschpartie auf der Autobahn, Schnee bis ins Tiefland: Der erste größere Wintereinbruch bringt vielerorts Verkehrsprobleme. Schon gibt es Warnungen vor weiterem Glatteis und Frost.",https://www.tagesspiegel.de/gesellschaft/panorama/schneetreiben-und-glatteis-wintereinbruch-sorgt-fur-glatte-in-deutschland-14924831.html,https://www.tagesspiegel.de/images/14924828/alternates/BASE_16_9_W1400/1763958745000/schnee-in-hamburg.jpeg,,Ein Wintereinbruch hat Teile Deutschlands in der Nacht weiß gefärbt und zugleich für rutschige Straßen und teils gefährliche Glätte gesorgt. Der Deutsche Wetterdienst (DWD) warnt auch für den heutige… [+2767 chars],"Blowing snow and black ice: the onset of winter is causing slippery conditions in Germany. Slipping on the highway, snow reaching into the lowlands: the first major onset of winter is causing traffic problems in many places. There are already warnings of further black ice and frost.","Schneetreiben und Glatteis: Wintereinbruch sorgt für Glätte in Deutschland. Rutschpartie auf der Autobahn, Schnee bis ins Tiefland: Der erste größere Wintereinbruch bringt vielerorts Verkehrsprobleme. Schon gibt es Warnungen vor weiterem Glatteis und Frost.","Flante nix et gelu nigra: hiemis impetus lubricas condiciones in Germania causat. Via lapsus, nix in loca campestria pertingit: primus hiemis impetus mercaturae multis locis negotiationes causat. Sunt iam monita adhuc glaciei et frigoris atra.",Germany,WCE,Europe,wmo
d561fdea0ab6fc3b0ec50456c9d39e4e,2025-11-24T04:32:25Z,Snow&Ice,,www.tagesspiegel.de,de,0.8,"Schneetreiben und Glatteis: Wintereinbruch in Deutschland – Unfälle, Verletzte und Tote","Eis und Schnee auf den Straßen führten in Deutschland zu zahlreichen Unfällen. Mehrere Menschen wurden verletzt, mindestens drei starben. In welchen Regionen war es besonders heftig?",https://www.tagesspiegel.de/gesellschaft/panorama/schneetreiben-und-glatteis-wintereinbruch-in-deutschland--unfalle-verletzte-und-tote-14924831.html,https://www.tagesspiegel.de/images/14925782/alternates/BASE_16_9_W1400/1763969125000/wetter-in-nordrhein-westfalen-glatteis-sorgt-fur-unfalle.jpeg,,Bei Unfällen wegen Schnee und Glatteis sind in Deutschland mindestens drei Menschen gestorben und zahlreiche weitere verletzt worden. Auf der Autobahn 93 nahe Maxhütte-Haidhof in Bayern starben minde… [+2811 chars],"Blowing snow and black ice: the onset of winter in Germany â€“ accidents, injuries and deaths. Ice and snow on the roads led to numerous accidents in Germany. Several people were injured and at least three died. In which regions was it particularly violent?","Schneetreiben und Glatteis: Wintereinbruch in Deutschland – Unfälle, Verletzte und Tote. Eis und Schnee auf den Straßen führten in Deutschland zu zahlreichen Unfällen. Mehrere Menschen wurden verletzt, mindestens drei starben. In welchen Regionen war es besonders heftig?","Flante nix et gelu nigra: impetus hiemis in Germania - casus, iniuriae et mortes. Glacies et nives in viis complura accidentia in Germania ducuntur. Plures homines vulnerati sunt et saltem tres mortui sunt. Quibus locis maxime violenta?",Germany,WCE,Europe,wmo
1090a0be1e9002116ad065a1bd4eeb4a,2025-11-24T04:53:17Z,Snow&Ice,,www.welt.de,de,0.8,Chaotische Zustände in Deutschland – mindestens drei Tote in Oberpfalz,"Spiegelglatte Straßen, Schnee bis ins Tiefland: Der erste größere Wintereinbruch bringt vielerorts Verkehrsprobleme. Schon gibt es Warnungen vor weiterem Glatteis und Frost.",https://www.welt.de/vermischtes/article6923e1f418b978b3b9f56a3e/wintereinbruch-chaotische-zustaende-in-deutschland-mindestens-drei-tote-in-oberpfalz.html,https://images.welt.de/6923e1f418b978b3b9f56a3e/227edf04c63b552c709bb81330918c98-master/ci16x9-w1200/dpa-com-20090101-251117-911-028612-jpg,,"Spiegelglatte Straßen, Schnee bis ins Tiefland: Der erste größere Wintereinbruch bringt vielerorts Verkehrsprobleme. Schon gibt es Warnungen vor weiterem Glatteis und Frost.Ein Wintereinbruch hat Tei… [+3290 chars]","Chaotic conditions in Germany – at least three dead in Upper Palatinate. Glassy roads, snow even in the lowlands: the first major onset of winter brings traffic problems in many places. There are already warnings of further black ice and frost.","Chaotische Zustände in Deutschland – mindestens drei Tote in Oberpfalz. Spiegelglatte Straßen, Schnee bis ins Tiefland: Der erste größere Wintereinbruch bringt vielerorts Verkehrsprobleme. Schon gibt es Warnungen vor weiterem Glatteis und Frost.","Condiciones tenebrarum in Germania – saltem tres mortui in Palatinatu superiore. Viae vitreae, nix etiam in campestribus: primus hiemis impetus mercaturae multis in locis difficultates affert. Sunt iam monita adhuc glaciei et frigoris atra.",Germany,WCE,Europe,wmo
1fc82b4a334e2bbbba7f65358700cf9f,2025-11-24T04:53:17Z,Snow&Ice,,www.welt.de,de,0.8,Wintereinbruch sorgt für Glätte und zum Teil Chaos in Deutschland,"Rutschpartie auf der Autobahn, Schnee bis ins Tiefland: Der erste größere Wintereinbruch bringt vielerorts Verkehrsprobleme. Schon gibt es Warnungen vor weiterem Glatteis und Frost.",https://www.welt.de/vermischtes/article6923e1f418b978b3b9f56a3e/heftiger-schneefall-wintereinbruch-sorgt-fuer-glaette-und-zum-teil-chaos-in-deutschland.html,https://images.welt.de/6923e1f418b978b3b9f56a3e/227edf04c63b552c709bb81330918c98-master/ci16x9-w1200/dpa-com-20090101-251117-911-028612-jpg,,"Rutschpartie auf der Autobahn, Schnee bis ins Tiefland: Der erste größere Wintereinbruch bringt vielerorts Verkehrsprobleme. Schon gibt es Warnungen vor weiterem Glatteis und Frost.Ein Wintereinbruch… [+3001 chars]","The onset of winter causes slippery conditions and sometimes chaos in Germany. Slipping on the highway, snow reaching into the lowlands: the first major onset of winter is causing traffic problems in many places. There are already warnings of further black ice and frost.","Wintereinbruch sorgt für Glätte und zum Teil Chaos in Deutschland. Rutschpartie auf der Autobahn, Schnee bis ins Tiefland: Der erste größere Wintereinbruch bringt vielerorts Verkehrsprobleme. Schon gibt es Warnungen vor weiterem Glatteis und Frost.","Impetus hiemis condiciones lubricas facit et interdum in Germania chaos. Via lapsus, nix in loca campestria pertingit: primus hiemis impetus mercaturae multis locis negotiationes causat. Sunt iam monita adhuc glaciei et frigoris atra.",Germany,WCE,Europe,wmo
c36b727c3fdfddb361f8ed09f08c641a,2025-11-24T05:52:19Z,Snow&Ice,,www.n-tv.de,de,0.8,Schnee in Teilen Deutschlands: Wintereinbruch sorgt für gefährlich glatte Straßen,"Schnee bis ins Tiefland, Chaos auf der Autobahn und ein kurzzeitig gesperrter Flughafen: Vielerorts in Deutschland ist der Winter da - und bringt Verkehrsprobleme mit. Die dürften sich noch verschärfen.",https://www.n-tv.de/panorama/Wintereinbruch-sorgt-fuer-gefaehrlich-glatte-Strassen-id30059197.html,https://www.n-tv.de/img/30059225/1763965520/Img_16_9/1200/Autos-fahren-auf-einer-schneebedeckten-Strasse-Am-Abend-hat-es-in-der-Hansestadt-geschneit.jpg,,"Schnee in Teilen DeutschlandsWintereinbruch sorgt für gefährlich glatte Straßen
Auch in Hamburg kam es zu Unfällen. (Foto: picture alliance/dpa)
Schnee bis ins Tiefland, Chaos auf der Autobahn und … [+3471 chars]","Snow in parts of Germany: The onset of winter is causing dangerously slippery roads. Snow in the lowlands, chaos on the highway and an airport that was temporarily closed: winter is here in many places in Germany - and it brings traffic problems with it. They are likely to get even worse.","Schnee in Teilen Deutschlands: Wintereinbruch sorgt für gefährlich glatte Straßen. Schnee bis ins Tiefland, Chaos auf der Autobahn und ein kurzzeitig gesperrter Flughafen: Vielerorts in Deutschland ist der Winter da - und bringt Verkehrsprobleme mit. Die dürften sich noch verschärfen.","Nix in partibus Germaniae: Impetus hiemis periculose vias lubricas causant. Nix in campestribus, chaos in via et aeriportus qui temporaliter clausus erat: hiemps multis in locis in Germania adest - et negotia negotiatoria secum fert. Eos sint adipisci vel asperiores.",Germany,WCE,Europe,wmo
99981f8f6e2c4ee55c1e01e022ae3f8f,2025-11-24T06:26:00Z,Snow&Ice,,www.stern.de,de,0.8,Wintereinbruch: Wie Deutschland den Schnee genießt (oder auch nicht),"Zum ersten Mal diesen Winter hat es in Deutschland fast flächendeckend geschneit. Während in Süddeutschland die ersten Ski fahren, sorgt der Schnee nicht überall für Freude.",https://www.stern.de/panorama/wetter/schnee-in-deutschland--wie-sich-das-land-freut--oder-auch-nicht--36835910.html,https://image.stern.de/36835958/t/DC/v1/w1440/r1.7778/-/bremen.jpg,http://web.archive.org/web/20251124070519/https://www.stern.de/panorama/wetter/schnee-in-deutschland--wie-sich-das-land-freut--oder-auch-nicht--36835910.html,"Kopiere den aktuellen Link
Zur Merkliste hinzufügen
Zum ersten Mal diesen Winter hat es in Deutschland fast flächendeckend geschneit. Während in Süddeutschland die ersten Ski fahren, sorgt der Schn… [+2736 chars]","Onset of winter: How Germany enjoys the snow (or not). For the first time this winter it snowed almost everywhere in Germany. While the first people are going skiing in southern Germany, the snow isn't making everyone happy.","Wintereinbruch: Wie Deutschland den Schnee genießt (oder auch nicht). Zum ersten Mal diesen Winter hat es in Deutschland fast flächendeckend geschneit. Während in Süddeutschland die ersten Ski fahren, sorgt der Schnee nicht überall für Freude.","Impetus hiemis: Quomodo Germania nivibus fruitur (vel non). Hoc primum hieme in Germania fere ubique ninguit. Cum primi homines in Germania meridionali nartis procedunt, nix non ubique beatos facit.",Germany,WCE,Europe,wmo
3af9d7beb47af38a9e5fcf4ec0d99a79,2025-11-24T08:55:00Z,Earthquake,,www.protothema.gr,el,0.7,"Σεισμός 4,1 Ρίχτερ στην Καρδίτσα",Το επίκεντρο εντοπίζεται 1 χιλιόμετρο δυτικά του Νεοχωρίου Καρδίτσας | Σεισμός | Καρδίτσα | Σεισμός τώρα | Λάρισα | Ελλάδα,https://www.protothema.gr/greece/article/1732038/seismos-42-rihter-sti-larisa/,https://www.protothema.gr/images/640x360share/png/files/2025-11-24/seismos-karditsa-42.png,http://web.archive.org/web/20251124092133/https://www.protothema.gr/greece/article/1732038/seismos-42-rihter-sti-larisa/,"50 Dakar Rally, TUDOR , . Ranger .",4.1 Richter earthquake in Karditsa. The epicenter is located 1 kilometer west of Neochorio Karditsa Earthquake | Karditsa | Earthquake now | Larisa | Greece,"Stärke 4,1 Richter-Erdbeben in Karditsa. Das Epizentrum liegt 1 Kilometer westlich des Neochorio Karditsa-Erdbebens | Karditsa | Erdbeben jetzt | Larisa | Griechenland",4.1 Richter terrae motus in Karditsa. Epicenter sita est 1 chiliometrorum occidentalium Neochoriorum Karditsa Terraemotus | Karditsa | Terrae motus nunc | Larisa | Graecia,Greece,MED,Europe,usgs
ed042a3c4d499d563aa5a6f4d46c8739,2025-11-24T12:39:58Z,Snow&Ice,,www.bild.de,de,0.8,Schnee in Deutschland - Ist am Black Friday noch alles weiß?,Wintereinbruch in Deutschland! Zum Wochenstart wurden Großteile des Landes über Nacht von einer Schneedecke überzogen. Wie es weitergeht.,https://www.bild.de/news/wetter/schnee-in-deutschland-ist-am-black-friday-noch-alles-weiss-692420a4b524e0ce7f1c63c7,"https://images.bild.de/692420a4b524e0ce7f1c63c7/396ee13be9f38b8b4c2ae395add2654e,6c026cbc?w=1280",http://web.archive.org/web/20251124132304/https://www.bild.de/news/wetter/schnee-in-deutschland-ist-am-black-friday-noch-alles-weiss-692420a4b524e0ce7f1c63c7,Berlin Wintereinbruch in Deutschland! Zum Wochenstart wurden Großteile des Landes über Nacht von einer Schneedecke überzogen. Vor allem im Süden und Südosten soll es am Montag noch kräftig weiter rie… [+1871 chars],"Snow in Germany - Is everything still white on Black Friday? Onset of winter in Germany! At the start of the week, much of the country was covered by a blanket of snow overnight. What happens next?",Schnee in Deutschland - Ist am Black Friday noch alles weiß?. Wintereinbruch in Deutschland! Zum Wochenstart wurden Großteile des Landes über Nacht von einer Schneedecke überzogen. Wie es weitergeht.,Nix in Germania - Estne omnia etiam alba in Veneris nigrae? Hiemis in Germania concursus! Initio hebdomadis multa regione stragulum nivis pernoctare tegebatur. Quid deinde?,Germany,WCE,Europe,wmo
e714a4134d0ad9e321f42d2d4bbf1116,2025-11-24T13:24:46Z,Snow&Ice,,www.bild.de,de,0.8,Wetter macht alles weiß - Bis wann der Schnee liegen bleibt,Wintereinbruch in Deutschland! Zum Wochenstart wurden Großteile des Landes über Nacht von einer Schneedecke überzogen. Wie es weitergeht.,https://www.bild.de/news/wetter/wetter-macht-alles-weiss-bis-wann-der-schnee-liegen-bleibt-692420a4b524e0ce7f1c63c7,"https://images.bild.de/692420a4b524e0ce7f1c63c7/396ee13be9f38b8b4c2ae395add2654e,6c026cbc?w=1280",http://web.archive.org/web/20251124160737/https://www.bild.de/news/wetter/wetter-macht-alles-weiss-bis-wann-der-schnee-liegen-bleibt-692420a4b524e0ce7f1c63c7,Berlin Wintereinbruch in Deutschland! Zum Wochenstart wurden Großteile des Landes über Nacht von einer Schneedecke überzogen. Vor allem im Süden und Südosten soll es am Montag noch kräftig weiter rie… [+1797 chars],"Weather makes everything white - until when the snow will stay there. Onset of winter in Germany! At the start of the week, much of the country was covered by a blanket of snow overnight. What happens next?",Wetter macht alles weiß - Bis wann der Schnee liegen bleibt. Wintereinbruch in Deutschland! Zum Wochenstart wurden Großteile des Landes über Nacht von einer Schneedecke überzogen. Wie es weitergeht.,Tempestas omnia alba facit - donec ibi nix manebit. Hiemis in Germania concursus! Initio hebdomadis multa regione stragulum nivis pernoctare tegebatur. Quid deinde?,Germany,WCE,Europe,wmo
4310ac63b9a296e1598ab177a2cdd38d,2025-11-24T14:21:45Z,Snow&Ice,,www.bild.de,de,0.8,Wetter - Vier Tote bei Glätte-Unfällen,"Schnee, Eis, Chaos: Der erste größere Wintereinbruch des Jahres bringt Deutschlands Autofahrer in Gefahr.",https://www.bild.de/news/inland/wetter-vier-tote-bei-glaette-unfaellen-6923b310b524e0ce7f1c5f76,"https://images.bild.de/6923b310b524e0ce7f1c5f76/46fce71d568932dd2884c6aa71fa0c35,d262c895?w=1280",http://web.archive.org/web/20251124175545/https://www.bild.de/news/inland/wetter-vier-tote-bei-glaette-unfaellen-6923b310b524e0ce7f1c5f76,"Schnee, Eis, Chaos: Der erste größere Wintereinbruch des Jahres bringt Deutschlands Autofahrer ins Rutschen. Mit schrecklichen Folgen: Bei einem Unfall in Bayern starben drei Menschen, in Baden-Württ… [+8582 chars]","Weather - Four dead in slippery accidents. Snow, ice, chaos: The first major onset of winter of the year is putting Germany's drivers in danger.","Wetter - Vier Tote bei Glätte-Unfällen. Schnee, Eis, Chaos: Der erste größere Wintereinbruch des Jahres bringt Deutschlands Autofahrer in Gefahr.","Tempestas - Quattuor mortui in accidentibus lubricis. Nix, glacies, chaos: Primus hiemis impetus maioris anni in periculo Germaniae rectores ponit.",Germany,WCE,Europe,wmo
96c6e9097105b1f19b856269ee3bd081,2025-11-24T16:01:43Z,Precipitation,,orf.at,de,0.8,Warnung vor großer Glatteisgefahr,Nach teils frostigen Temperaturen samt Schneefällen über das Wochenende geht es mit tiefwinterlich anmutenden Wetterprognosen weiter. Nach Angaben der ORF-Wetterredaktion bringt ein Italien-Tief ab Montagabend in weiten Teilen Österreichs Regen und Schneefall…,https://orf.at/stories/3412421/,https://ibs.orf.at/news?image=https%3A%2F%2Fassets.orf.at%2Fmims%2F2025%2F48%2F14%2Fcrops%2Fw%3D1200%2Ch%3D630%2Cq%3D75%2F2844256_master_1098214_wetter_eis_warnung_kaj.jpg%3Fs%3De4217aca49d5883e90d565fef067430c0a716247,http://web.archive.org/web/20251124172331/https://orf.at/stories/3412421/,"Vor allem in windgeschützten Lagen kann sich laut ORF-Wetterredaktion frostige Luft halten. Damit besteht hier große Glatteisgefahr, da das Regenwasser beim Auftreffen auf den kalten Boden schlagarti… [+2301 chars]","Warning of great danger of black ice. After some frosty temperatures and snowfall over the weekend, the weather forecast continues to look like deep winter. According to the ORF weather editorial team, an Italian low will bring rain and snowfall to large parts of Austria from Monday evening...",Warnung vor großer Glatteisgefahr. Nach teils frostigen Temperaturen samt Schneefällen über das Wochenende geht es mit tiefwinterlich anmutenden Wetterprognosen weiter. Nach Angaben der ORF-Wetterredaktion bringt ein Italien-Tief ab Montagabend in weiten Teilen Österreichs Regen und Schneefall…,"Monitum magnum periculum glaciei nigrae. Post aliquot calores pruinosas et nix super volutpat vestibulum, tempestas praenuntiatio pergit hiemem altam videre. Secundum tempestas ORF editorialem, humilis Italicus pluviam et nivem ad magnas Austriae partes a Lunae vespera afferet.",Italy,MED,Europe,wmo
0242bab78a2273aa52fbf242a0990876,2025-11-26T06:06:04Z,Tropical Cyclone,,www.cnbeta.com.tw,zh,0.5,卫星俯瞰中国最后一个通公路的县：西藏墨脱,"在西藏林芝市的东南部，隐藏着一个被称为“隐秘的莲花”的地方：西藏自治区林芝市墨脱县。墨脱，藏语意为“花朵”，在藏传佛教经典中称“博隅白玛岗”，意为“隐藏着的莲花”。
相传9世纪时，莲花生大师受吐蕃赞普赤松德赞之请，遍访仙山圣地，到这里发现此处如一朵盛开的莲花，有圣地之相，遂在此修行弘法，并取名“白玛岗”，历来被藏传佛教信徒视为圣地。从吉林一号拍摄处理的立体卫星图上看，这片平均海拔仅1200米的绿色秘境，与周边雪峰林立的极高海拔地区形成了戏剧性的反差。2013年，墨脱公路建成通车，结束了中国最后一个不通公路县的历…",https://www.cnbeta.com.tw/articles/tech/1538060.htm,https://static.cnbetacdn.com/article/2025/1126/35fb93504efad3c.jpg,,"9030 Mate 80/Pro/Pro Max4699
2025-11-25 3930",,"Der Satellit überblickt den letzten Bezirk Chinas mit Zugang zu Straßen: Medog, Tibet. Im Südosten der Stadt Linzhi, Tibet, gibt es einen Ort, der als „verborgener Lotus“ bekannt ist: Kreis Medog, Stadt Linzhi, Autonome Region Tibet. Motuo bedeutet auf Tibetisch „Blume“. In den tibetisch-buddhistischen Klassikern wird es „Boyu Baima Gang“ genannt, was „verborgener Lotus“ bedeutet.
Es heißt, dass Meister Padmasambhava im 9. Jahrhundert vom Tibeter Zangpu Trisong Dezan eingeladen wurde, die heiligen Stätten in den Feenbergen zu besuchen. Als er hierher kam, stellte er fest, dass der Ort wie ein blühender Lotus war und wie ein heiliger Ort aussah. Er praktizierte und predigte hier den Dharma und nannte ihn „Baimagang“. Es wurde von tibetisch-buddhistischen Gläubigen schon immer als heiliger Ort angesehen. Den dreidimensionalen Satellitenbildern nach zu urteilen, die von Jilin-1 aufgenommen und verarbeitet wurden, bildet dieses grüne, geheime Land mit einer durchschnittlichen Höhe von nur 1.200 Metern einen dramatischen Kontrast zu den umliegenden extrem hochgelegenen Gebieten, die von schneebedeckten Gipfeln gesäumt sind. Im Jahr 2013 wurde der Medog Highway fertiggestellt und für den Verkehr freigegeben und beendete damit die Geschichte von Chinas letztem Kreis ohne Straßen ...","Satelles proximum comitatum in Sina cum accessu ad viarum imminet: Medog, Tibet. Ad meridiem urbis Linzhi, Tibet, locus notus est ""lotus absconditus"": Comitatus Medog, urbs Linzhi, Regio Tibet autonoma. Motuo significat florem in Tibetan. Appellatur ""Boyu Baima Gang"" in classicis Tibetani Buddhist, quod significat ""lotum absconditum"".
Saeculo IX dicitur, Magister Padmasambhava a Tibetan Zangpu Trisong Dezan vocatus est ut loca sancta in mediocris montibus visitaret. Huc cum pervenisset, invenit locum esse similem loto florens, et habebat aspectum sancti loci. Hic exercitatus praedicavit LEX et nominavit eam ""Baimagang"". Semper a fidelibus Buddhist Tibetan in loco sancto habitus est. Ex imaginibus satellitis trium dimensivarum a Jilin-1 captas et discursum iudicans, terra haec viridis occulta cum media altitudine tantum 1,200 metrorum efficit discrepantiam dramaticam cum circumiectis locis altissimae altitudinis iugis nivalibus instructae. Anno 2013, via Medog confecta est et negotiatio aperta est, historiam comitatus Sinarum sine viis finiens.",China,EAS,Asia,wmo
5728d066a535fda0bb79a370bf301030,2025-11-26T09:36:00Z,Snow&Ice,,www.stern.de,de,0.8,Schnee und Eis: Wo kommt die Winterkälte zurück? Live-Karten zeigen die Wetterlage,Minusgrade und Schnee halten sich – aber nicht überall in Deutschland. Besonders in zwei Regionen herrscht Glättegefahr. Live-Karten zeigen die Lage in Ihrer Region.,https://www.stern.de/panorama/wetter/winter-wetter-in-deutschland--live-karten-zeigen--wo-es-kalt-wird-36558574.html,https://image.stern.de/36835424/t/f9/v1/w1440/r1.7778/-/wetter-deutschland-live.jpg,http://web.archive.org/web/20251126103945/https://www.stern.de/panorama/wetter/winter-wetter-in-deutschland--live-karten-zeigen--wo-es-kalt-wird-36558574.html,"Kopiere den aktuellen Link
Zur Merkliste hinzufügen
Minusgrade und Schnee halten sich aber nicht überall in Deutschland. Besonders in zwei Regionen herrscht Glättegefahr. Live-Karten zeigen die Lag… [+1895 chars]",Snow and ice: where does the winter cold come back? Live maps show the weather situation. Subzero temperatures and snow persist - but not everywhere in Germany. There is a risk of slippery roads in two regions in particular. Live maps show the situation in your region.,Schnee und Eis: Wo kommt die Winterkälte zurück? Live-Karten zeigen die Wetterlage. Minusgrade und Schnee halten sich – aber nicht überall in Deutschland. Besonders in zwei Regionen herrscht Glättegefahr. Live-Karten zeigen die Lage in Ihrer Region.,Nix et glacies: ubi hiems frigida redit? Vivae mappae condicionem tempestatum ostendunt. Temperatura subzera et nives persistunt - sed non ubique in Germania. Periculum est viarum lubricarum in duabus praesertim regionibus. Tabulae vivae situm in regione tua monstrant.,Germany,WCE,Europe,wmo
684e15e8b45c08293b0800c010847ebb,2025-11-26T13:13:09Z,Thunderstorm,,www.protothema.gr,el,0.7,"Αγριεύει ο καιρός τις επόμενες ώρες: Δύσκολη μέρα η Πέμπτη με καταιγίδες, χαλάζι και λασποβροχές - Οι περιοχές που θα επηρεαστούν, δείτε χάρτες",Έως την Παρασκευή τα έντονα φαινόμενα - Πότε θα «χτυπήσουν» την Αττική - Σε ισχύ έκτακτο δελτίο από την ΕΜΥ - Αναλυτική πρόγνωση | Καιρός | Καιρός αύριο | Καιρός ΕΜΥ | Καιρός Πέμπτη | Βροχές | Ελλάδα,https://www.protothema.gr/greece/article/1733437/kairos-epideinosi-tis-epomenes-ores-vrohoptoseis-katigorias-5-tin-pebti-hartes-me-tis-periohes-pou-tha-epireastoun/,https://www.protothema.gr/images/640x360share/2/jpg/files/2025-11-26/maketa-kakokairia.jpg,http://web.archive.org/web/20251126133944/https://www.protothema.gr/greece/article/1733437/kairos-epideinosi-tis-epomenes-ores-vrohoptoseis-katigorias-5-tin-pebti-hartes-me-tis-periohes-pou-tha-epireastoun/,"(26/11) , .meteo.gr / EAA, . , , , , . (27/11) .
, ,, , . , . 
, . .
6-8 , .(28/11) . . , .
27/11, 00:00 - 03:00, 27/11, 09:00 - 12:00 27/11, 21:00 - 24:00 . 2 , 2 , .
 :
(25/11) , . . (26-11-2… [+3 chars]","The weather gets wild in the next few hours: A difficult day on Thursday with storms, hail and mud showers - The areas that will be affected, see maps. Until Friday, the intense phenomena - When will they ""hit"" Attica - Emergency notice from EMY in effect - Detailed forecast | Weather | Weather tomorrow | Weather EMY | Weather Thursday | Rains | Greece","Das Wetter wird in den nächsten Stunden wild: Ein schwieriger Tag am Donnerstag mit Stürmen, Hagel und Schlammschauern – Die betroffenen Gebiete finden Sie auf den Karten. Bis Freitag, die intensiven Phänomene - Wann werden sie Attika ""treffen"" - Notfallmitteilung von EMY in Kraft - Analytische Prognose | Wetter | Wetter morgen | Wetter EMY | Wetter Donnerstag | Regen | Griechenland","Tempestas in paucis horis proximis feris accipit: Difficilis dies Iovis cum procellis, grando et imbres luto - Loca quae afficientur, tabulas vide. Usque ad Veneris, intensa phaenomena - Quando Atticam ""percutiunt"" - Emergency notice from EMY in effect - Detailed forecast | Tempestas | Tempestas cras | Weather EMY | Tempestas Iovis | Pluviae | Graecia",Greece,MED,Europe,wmo
9225cf87a34c351e068542f1a2f18e05,2025-11-26T19:22:11Z,Precipitation,,www.protothema.gr,el,0.3,"Η Adel «σφυροκοπά» την Κέρκυρα, πλημμύρισαν δρόμοι - Αεροσκάφος δεν κατάφερε να προσγειωθει","Η καταιγίδα ξεκίνησε περίπου στις στις 7:30 και μέσα σε μια ώρα οι δρόμοι μετατράπηκαν σε ποτάμια και χείμαρρους, με πολλούς οδηγούς να εγκλωβίζονται από τα νερά, ενώ και η Πυροσβεστική να δέχεται αλλεπάλληλες κλήσεις | Βροχή | Κέρκυρα | Πλημμύρες | Πυροσβεστ…",https://www.protothema.gr/greece/article/1733635/i-adel-sfurokopa-tin-kerkura-plimmurisan-dromoi-aeroskafos-den-katafere-na-prosgeiothei/,https://www.protothema.gr/images/640x360share/2/jpeg/files/2024-12-11/xrvma_ektakth_epikairothta_1012242.jpeg,http://web.archive.org/web/20251126203718/https://www.protothema.gr/greece/article/1733635/i-adel-sfurokopa-tin-kerkura-plimmurisan-dromoi-aeroskafos-den-katafere-na-prosgeiothei/,"To view this video please enable JavaScript, and consider upgrading to a
 web browser that supports HTML5 video","Adel ""pounds"" Corfu, streets flooded - Aircraft failed to land. The storm started at about 7:30 and within an hour the roads turned into rivers and torrents, with many drivers trapped by the water, while the Fire Department received repeated calls | Rain | Corfu | Floods | Firefighter…","Adel „zertrümmert“ Korfu, Straßen überschwemmt – Flugzeug landet nicht. Der Sturm begann gegen 7:30 Uhr und innerhalb einer Stunde verwandelten sich die Straßen in Flüsse und Wildbäche, wobei viele Fahrer vom Wasser eingeschlossen wurden, während die Feuerwehr wiederholt gerufen wurde | Regen | Korfu | Überschwemmungen | Feuerwehrmann…","Adel ""minas"" Corcyrae, plateae inundatae - aircraft ad terram defecit. Tempestas circiter 7:30 incepit et intra horam viae versae sunt in fluvios et torrentes, cum multis rectoribus ab aqua capti, dum repetitum vocat Department Ignis accepit | Pluvia | Corfu | Flumina | Firefighter...",Greece,MED,Europe,wmo
6691b4a05df0c2c6b88b71eaef658e57,2025-11-26T19:42:45Z,Thunderstorm,,www.newsit.gr,el,0.8,Η κακοκαιρία Adel «χτυπά» τη Δυτική Ελλάδα: Ήχησε το 112 σε Κέρκυρα και Αιτωλοακαρνανία – Πλημμύρησαν δρόμοι,"Συναγερμός σήμανε στην Αιτωλοακαρνανία και την Κέρκυρα για τα έντονα καιρικά φαινόμενα που αναμένεται να «χτυπήσουν» τις επόμενες ώρες απόψε (26.11.2025), λόγω της κακοκαιρίας Adel. ... 
To άρθρο Η κακοκαιρία Adel «χτυπά» τη Δυτική Ελλάδα: Ήχησε το 112 σε Κέρ…",https://www.newsit.gr/ellada/i-kakokairia-adel-xtypa-ti-dytiki-ellada-ixise-to-112-se-kerkyra-kai-aitoloakarnania-plimmyrisan-dromoi/4536423/,https://www.newsit.gr/wp-content/uploads/2025/11/kairos-keraunoi-1200x630.jpg,,"«» (26.11.2025), Adel.
 112 , 21:00, «» .
 . , «» , .
« », 112.
 112 .
 : « , . ».
 pic.twitter.com/xdKlYK3Xpa
November 26, 2025
pic.twitter.com/ODI70vaA7Q
November 26, 2025
 :
 , , , , , … [+41 chars]","Bad weather Adel ""hits"" Western Greece: 112 was called in Corfu and Aitoloakarnania - Roads were flooded. An alarm was sounded in Etoloakarnania and Corfu for the severe weather phenomena expected to ""hit"" in the next few hours tonight (26.11.2025), due to the bad weather Adel. ... The article Bad weather Adel ""hits"" Western Greece: 112 rang in Ker...","Schlechtes Wetter Adel „trifft“ Westgriechenland: 112 wurde in Korfu und Aitolo-Akarnanien gerufen – Straßen wurden überflutet. In Ätolo-Akarnanien und Korfu wurde Alarm wegen der Unwetterphänomene ausgelöst, die heute Abend (26.11.2025) aufgrund des schlechten Wetters Adel voraussichtlich in den nächsten Stunden „eintreten“ werden. ... 
Der Artikel Schlechtes Wetter Adel „trifft“ Westgriechenland: 112 klingelte in Ker...","Tempestates Adel ""hits"" Graeciae occidentalis: 112 in Corcyra et Aitoloakarnania dicta est - Viae inundatae sunt. Tumultus in Etoloakarnania et Corcyra obsonuerunt ob gravibus tempestatibus phaenomena se ""percutere"" in proximis horis hac nocte (26.11.2025), propter tempestatem Adel. ... 
Articulum tempestatibus Adel ""hits"" Western Graeciam: 112 sonuere in Ker...",Greece,MED,Europe,wmo
78edd4e34eb7aaa96be29112354f6390,2025-11-26T21:48:39Z,Wildfire,,tw.news.yahoo.com,zh,0.8,宏福苑惡火噬家園　居民哭喊：家人在裡面,香港宏福苑大火奪走多條人命，許多居民在一夜之間失去家園，陷入極度恐慌與絕望！災後現場哀鴻遍野，有女性住戶在火場外痛哭，擔心家人生死未卜，也有人被迫捨棄心愛寵物倉促逃生。大批災民湧入社區中心尋求庇護，志工們紛紛運送日常用品提供協助。香港特首李家超與中國大陸國家主席習近平均對罹難者表達哀悼，但對於倖存居民而言，失去家園後的生活重建之路仍充滿挑戰。,https://tw.news.yahoo.com/%E5%AE%8F%E7%A6%8F%E8%8B%91%E6%83%A1%E7%81%AB%E5%99%AC%E5%AE%B6%E5%9C%92-%E5%B1%85%E6%B0%91%E5%93%AD%E5%96%8A-%E5%AE%B6%E4%BA%BA%E5%9C%A8%E8%A3%A1%E9%9D%A2-054839238.html,https://media.zenfs.com/ko/news_tvbs_com_tw_938/0945ce4d15e0acba4b132327485cf75b,,"[Newtalk] 26 44 280 31 2,000 4,800 2018 23 50% 
 1","The fire in Wang Fook Court devoured their homes, and residents cried: Their families are inside. The fire in Wang Fook Court in Hong Kong claimed many lives. Many residents lost their homes overnight and fell into extreme panic and despair! After the disaster, grief was everywhere. Some female residents cried bitterly outside the fire scene, worrying about the fate of their families. Some were forced to abandon their beloved pets and escape in a hurry. A large number of victims flocked to the community center to seek shelter, and volunteers delivered daily necessities to provide assistance. Hong Kong Chief Executive Lee Ka-chiu and Mainland China President Xi Jinping expressed condolences to the victims, but for surviving residents, the road to rebuilding their lives after losing their homes is still full of challenges.","Das Feuer im Wang Fook Court zerstörte ihre Häuser und die Bewohner riefen: „Ihre Familien sind drinnen.“ Der Brand im Wang Fook Court in Hongkong forderte viele Todesopfer. Viele Bewohner verloren über Nacht ihr Zuhause und verfielen in extreme Panik und Verzweiflung! Nach der Katastrophe war die Trauer allgegenwärtig. Einige Bewohnerinnen weinten bitterlich vor dem Brandort und machten sich Sorgen um das Schicksal ihrer Familien. Einige mussten ihre geliebten Haustiere zurücklassen und überstürzt fliehen. Eine große Zahl von Opfern strömte zum Gemeindezentrum, um Schutz zu suchen, und Freiwillige brachten Dinge des täglichen Bedarfs, um Hilfe zu leisten. Der Hongkonger Regierungschef Lee Ka-chiu und der Präsident von Festlandchina Xi Jinping drückten den Opfern ihr Beileid aus, doch für die überlebenden Bewohner ist der Weg zum Wiederaufbau ihres Lebens nach dem Verlust ihrer Häuser immer noch voller Herausforderungen.","Ignis in Wang Fook Court domos suas devoravit, et incolas clamaverunt: Familiae eorum intus sunt. Ignis in Wang Fook Court in Hong Kong multas vitas asseruit. Multi incolas pernoctare domos suas amiserunt et in summam pavorem et desperationem ceciderunt! Post calamitatem, ubique luctus erat. Quaedam habitant feminae extra scaenam incendium acriter clamaverunt, de sorte familiae suae cogitans. Quidam dilecta cura deserere coacti propere effugere. Magnus numerus victimarum ad centrum ad petendum hospitium confluebat, et voluntarii cotidie necessitates ad adiuvandum auxilium dabant. Hong Kong dux exsecutivus Lee Ka-chiu et in continenti Sinarum Praeses Xi Jinping solacia ad victimas expressit, sed ad incolas superstites, via ad vitam instaurandam amissis domiciliis adhuc plena provocationibus est.",China,EAS,Asia,wmo
c9b776bb0d14a31622852cd11be51fb0,2025-11-27T00:41:48Z,Earthquake,,www.protothema.gr,el,0.7,"Σεισμός 4,8 Ρίχτερ στα ανοιχτά της Κρήτης",Η δόνηση είχε μεγάλη διάρκεια και έγινε αισθητή στις περισσότερες περιοχές του νησιού | Σεισμός | Κρήτη | Ελλάδα,https://www.protothema.gr/greece/article/1733724/seismos-48-rihter-sta-anoihta-tis-kritis/,https://www.protothema.gr/images/640x360share/jpg/files/2025-11-27/mixcollage-27-nov-2025-02-39-am-4640.jpg,http://web.archive.org/web/20251127010535/https://www.protothema.gr/greece/article/1733724/seismos-48-rihter-sta-anoihta-tis-kritis/,"To view this video please enable JavaScript, and consider upgrading to a
 web browser that supports HTML5 video",4.8 Richter earthquake off Crete. The vibration lasted a long time and was felt in most areas of the island Earthquake | Crete | Greece,"Erdbeben der Stärke 4,8 vor Kreta. Das Beben hielt lange an und war in den meisten Gebieten der Insel zu spüren. Erdbeben | Kreta | Griechenland",4.8 Turnebus terrae motu Cretae. Vibratio diu duravit et in plerisque regionibus terrae motus sentitur | Creta | Graecia,Greece,MED,Europe,usgs
e8063687f402607c995b60cc50752568,2025-11-27T01:19:11Z,Snow&Ice,,thehockeynews.com,en,0.8,Avalanche Goaltending Civil War: Wedgewood vs. Blackwood for Olympic Glory?,"Scott Wedgewood has been the best goaltender in the NHL thus far this season, which has earned him a spot on Team Canada's Olympic long list, but what's going to happen if Mackenzie Blackwood continues to post impressive numbers?",https://thehockeynews.com/colorado-avalanche/latest-news/avalanche-goaltending-civil-war-wedgewood-vs-blackwood-for-olympic-glory,https://s.yimg.com/ny/api/res/1.2/H1ezSU1PVye86A.Ch8x9ag--/YXBwaWQ9aGlnaGxhbmRlcjt3PTEyMDA7aD05OTQ7Y2Y9d2VicA--/https://media.zenfs.com/en/the_hockey_news_colorado_avalanche_articles_301/4da8dc15f3f73e976b060b013a46fc6f,,"DENVER   A civil war is brewing of the friendly variety.
Going into the season, Mackenzie Blackwood was the goaltender drawing early Olympic-bid buzz. But after it was reported that the eight-year N… [+3601 chars]","Avalanche Goaltending Civil War: Wedgewood vs. Blackwood for Olympic Glory?. Scott Wedgewood has been the best goaltender in the NHL thus far this season, which has earned him a spot on Team Canada's Olympic long list, but what's going to happen if Mackenzie Blackwood continues to post impressive numbers?","Lawinen-Torwart-Bürgerkrieg: Wedgewood vs. Blackwood um olympischen Ruhm?. Scott Wedgewood war in dieser Saison bisher der beste Torhüter der NHL, was ihm einen Platz auf der Olympia-Langliste des Team Canada einbrachte. Aber was passiert, wenn Mackenzie Blackwood weiterhin beeindruckende Zahlen vorweisen kann?","Avalanche Goaltending Civil War: Wedgewood vs. Blackwood for Olympic Gloria?. Scott Wedgewood optimus finis in NHL huc usque hoc tempore fuit, quod ei maculam meruit in album Olympicorum Team Canadae, sed quid futurum est si Mackenzie Blackwood pergit ad numeros infigendos?",Canada,NEN,North-America,wmo
e735850d99c3dfb448e545578bbb7862,2025-11-27T05:04:32Z,Wildfire,,tw.news.yahoo.com,zh,0.8,大武山山林教育中心防災體驗營 培養山野技能,舊泰武國小空間活化再利用，轉型成為大武山山林教育服務中心，屏東縣政府舉辦八梯次防災體驗營，結合防災教育與戶外探索，共有十五校參與，學習自救與互助的能力。大武山山林教育服務中心鄰近北大武登山口，因地利之便，結合登山訓練、山域安全教育與原住民族文化傳承，成為推動親近山林、無痕山林政策的核心基地。縣府教育處向教育部申請「山野奇兵─防災小尖兵體驗營」計畫，補助十五所所國中小學童至該中心體驗多元豐富的防災課程活動，如基本CPR、AED操作、止血與包紮等自救與救人技術、野外生火、樹攀、高空滑降體驗、辨識有毒植物、原住民族傳統…,https://tw.news.yahoo.com/%E5%A4%A7%E6%AD%A6%E5%B1%B1%E5%B1%B1%E6%9E%97%E6%95%99%E8%82%B2%E4%B8%AD%E5%BF%83%E9%98%B2%E7%81%BD%E9%AB%94%E9%A9%97%E7%87%9F-%E5%9F%B9%E9%A4%8A%E5%B1%B1%E9%87%8E%E6%8A%80%E8%83%BD-130432809.html,https://s.yimg.com/cv/apiv2/social/images/yahoo_default_logo-1200x1200.png,,"26120.67%5000.69%0.82%2.76%AIAI5.83%1.37%4.02%1.78%ASML ADR3.76%ADR1.85%
1.23%0.66%0.07%0.29%

27200PCB144.9927,554.534,924.11(2330)51,435(2454)3%(2317)1%PCB(2316)(5469)(2368)(5439)(1802)(2344)(2408… [+32 chars]","The Dawu Mountain Forest Education Center Disaster Prevention Experience Camp cultivates mountain and wilderness skills. The old Taiwu Elementary School space was revitalized and transformed into the Dawu Mountain Forest Education Service Center. The Pingtung County Government held eight levels of disaster prevention experience camps, combining disaster prevention education and outdoor exploration. A total of 15 schools participated to learn the abilities of self-rescue and mutual aid. The Dawushan Mountain Forest Education Service Center is located near the Beidawu Mountain Entrance. Due to its convenient location, it combines mountaineering training, mountain safety education and indigenous cultural heritage to become the core base for promoting the policy of getting closer to the mountains and leaving no trace of the mountains and forests. The County Education Department applied to the Ministry of Education for the ""Mountain Adventures - Disaster Prevention Little Vanguard Experience Camp"" program to subsidize 15 elementary and middle school children to go to the center to experience diverse and rich disaster prevention course activities, such as basic CPR, AED operation, self-rescue and life-saving techniques such as hemostasis and bandaging, wild fire making, tree climbing, high-altitude sliding experience, identification of poisonous plants, aboriginal traditions...","Das Dawu Mountain Forest Education Center Disaster Prevention Experience Camp fördert Fähigkeiten in den Bergen und in der Wildnis. Der alte Raum der Taiwu-Grundschule wurde revitalisiert und in das Dawu Mountain Forest Education Service Center umgewandelt. Die Bezirksregierung von Pingtung veranstaltete acht Ebenen von Erfahrungscamps zur Katastrophenvorsorge, die Aufklärung über Katastrophenvorsorge und Erkundung der Natur kombinierten. Insgesamt nahmen 15 Schulen teil, um die Fähigkeiten der Selbstrettung und gegenseitigen Hilfe zu erlernen. Das Dawushan Mountain Forest Education Service Center befindet sich in der Nähe des Beidawu-Bergeingangs. Aufgrund seiner günstigen Lage vereint es Bergsteigerausbildung, Bergsicherheitserziehung und indigenes Kulturerbe und wird so zur zentralen Basis für die Förderung der Politik, näher an die Berge heranzukommen und keine Spuren von Bergen und Wäldern zu hinterlassen. Die Bildungsabteilung des Landkreises hat beim Bildungsministerium einen Antrag auf Förderung des Programms „Mountain Adventures – Disaster Prevention Little Vanguard Experience Camp“ gestellt, um 15 Grund- und Mittelschulkindern den Besuch des Zentrums zu ermöglichen, damit sie an vielfältigen und reichhaltigen Kursaktivitäten zur Katastrophenvorsorge teilnehmen können, wie z.","Dawu Mons Silva Educationis Centrum Disaster Praeventionis Usus Castra montem colit et solers solitudo. Vetus Taiwu School spatium renovatum est et in Dawu Mountain saltum Educationis Service Center transformavit. Regimen comitatus Pingtung octo gradus calamitatis castra experientiae praeventionis tenuit, coniungens calamitatem praeventionis educationis et explorationis velit. Summa 15 scholarum participata est ad facultatem discendi sui auxilii et mutui auxilii. Dawushan Mons Forestus Educationis Service Center sita est prope Beidawu Mountain introitum. Ob opportunitatem loci, disciplinam montanam, montum salutem educationem et patrimonium indigenae culturae coniungit ut nucleus factus sit ad promovendum consilium appropinquandi montibus ac nullum montium silvarumque vestigium relinquens. Comitatus Educationis Department applicatum ad Ministerio Educationis pro ""Mons Adventures - Disaster Praeventionis Parva Vanguard Usus Castra"" programma ad subsidia 15 elementaria et media schola pueri ire ad centrum ad experientiam variae et opulentae calamitatis praeventionis cursus actionum, sicut praecipuae CPR, AED operatio, sui liberandi et vitae salutaris artes, sicut hemostasis et fascia, incendium silvestre faciens, arbor ascensus, arbor ascensus; traditiones...",China,EAS,Asia,wmo
90c122beda40bb947fa936c234b32710,2025-11-27T09:01:00Z,Snow&Ice,,www.stern.de,de,0.8,"Wetter: Wo fällt Schnee, wo wird es ""nur"" frostig? Live-Karten zeigen die Wetterlage","Das winterliche Wetter nimmt in manchen Teilen Deutschlands nochmal Fahrt auf, andernorts wird es milder. So sehen Sie die Lage an Ihrem Ort.",https://www.stern.de/wetter-in-deutschland--schnee-oder-frost--live-karten-zeigen-die-lage-36552640.html,https://image.stern.de/36903492/t/tm/v2/w1440/r1.7778/-/wetter-deutschland-frost-oder-schnee.jpg,http://web.archive.org/web/20251127092347/https://www.stern.de/wetter-in-deutschland--schnee-oder-frost--live-karten-zeigen-die-lage-36552640.html,"Kopiere den aktuellen Link
Zur Merkliste hinzufügen
Das Winterwetter nimmt in manchen Regionen Deutschlands nochmal Fahrt auf, andernorts wird es milder. So sehen Sie die Lage an Ihrem Ort.
Deutsc… [+1811 chars]","Weather: Where does snow fall, where does it “just” get frosty? Live maps show the weather situation. The wintry weather is picking up again in some parts of Germany, while it is becoming milder elsewhere. This is how you see the situation at your location.","Wetter: Wo fällt Schnee, wo wird es ""nur"" frostig? Live-Karten zeigen die Wetterlage. Das winterliche Wetter nimmt in manchen Teilen Deutschlands nochmal Fahrt auf, andernorts wird es milder. So sehen Sie die Lage an Ihrem Ort.","Tempestas: Ubi nix cadit, ubi ""tantum"" pruina? Vivae mappae condicionem tempestatum ostendunt. Tempestas hiemalis iterum in nonnullis Germaniae partibus eligit, dum alibi mitior fit. Hoc est quomodo situm apud locum tuum vides.",Germany,WCE,Europe,wmo
fa162f649ac5618b6e87a890bcf889c2,2025-11-27T09:37:43Z,Thunderstorm,,www.newsit.gr,el,0.7,"Κακοκαιρία Adel: Ιόνιο, Αιτωλοακαρνανία, Δυτική και Νότια Πελοπόννησος, Κεντρική και Ανατολική Μακεδονία και Θράκη στο επίκεντρο","Η επέλαση της κακοκαιρίας Adel συνεχίζεται στη δυτική Ελλάδα με τις βροχές και τις καταιγίδες να έχουν προκαλέσει πολλά προβλήματα. Από τις βροχές και τις ... 
To άρθρο Κακοκαιρία Adel: Ιόνιο, Αιτωλοακαρνανία, Δυτική και Νότια Πελοπόννησος, Κεντρική και Ανατο…",https://www.newsit.gr/ellada/kakokairia-adel-ionio-aitoloakarnania-dytiki-kai-notia-peloponnisos-kentriki-kai-anatoliki-makedonia-kai-thraki-sto-epikentro/4536858/,https://www.newsit.gr/wp-content/uploads/2025/11/kairos-kakokairia-1200x630.jpg,http://web.archive.org/web/20251127100518/https://www.newsit.gr/ellada/kakokairia-adel-ionio-aitoloakarnania-dytiki-kai-notia-peloponnisos-kentriki-kai-anatoliki-makedonia-kai-thraki-sto-epikentro/4536858/,"Adel .
 Adel .
 (28.11.2025) 7 . Facebook .
 , , , .
« 7 …», .
«» 
 (26.11.2025) (27.11.2025), .
 .
 , meteo.gr / 100 4 , 80 11 60 22 .
live 
 (17.11.2025)
 , , , .
 . , , , , .
 4 6, 7 … [+335 chars]","Bad weather Adel: Ionian, Etoloakarnania, Western and Southern Peloponnese, Central and Eastern Macedonia and Thrace in focus. The advance of bad weather Adel continues in western Greece with rains and storms causing many problems. From the rains and the... 
The article Bad weather Adel: Ionian, Aetoloakarnania, Western and Southern Peloponnese, Central and Eastern...","Schlechtes Wetter Adel: Ionisches Meer, Ätoloakarnanien, West- und Südpeloponnes, Zentral- und Ostmakedonien und Thrakien im Fokus. Der Vormarsch des schlechten Wetters Adel setzt sich in Westgriechenland fort, wobei Regenfälle und Stürme viele Probleme verursachen. Vom Regen und der... 
Der Artikel Schlechtes Wetter Adel: Ionisches Meer, Ätoloakarnanien, West- und Südpeloponnes, Zentral- und Ostpeloponnes...","Tempestates Adel: Ionica, Etoloakarnania, occidentalis et meridionalis Peloponnesus, Macedonia media et orientalis et Thracia in focus. Progressus tempestatis tempestatis Adel pergit in Graecia occidentali cum imbribus et procellis multas difficultates causando. A pluviis ac. 
Articulus tempestatis Adel: Ionica, Aetoloakarnania, occidentalis et meridionalis Peloponnesus, media et orientalis...",Greece,MED,Europe,wmo
138c06b9e75ee46bf0d6cffac84045a5,2025-11-27T10:26:14Z,Thunderstorm,,www.newsit.gr,el,0.8,Η κακοκαιρία Adel φέρνει ισχυρές βροχές και καταιγίδες σε 10 περιοχές μέχρι την Παρασκευή – «Red Code» και για Βόρειο Αιγαίο και Δωδεκάνησα,"Ισχυρές βροχές, καταιγίδες, χαλάζι και σφοδροί άνεμοι, αναμένονται και τις επόμενες ώρες σύμφωνα με το επικαιροποιήμενο έκτακτο δελτίο επιδείνωσης καιρού που εξέδωσε η ΕΜΥ για ... 
To άρθρο Η κακοκαιρία Adel φέρνει ισχυρές βροχές και καταιγίδες σε 10 περιοχές…",https://www.newsit.gr/ellada/i-kakokairia-adel-fernei-isxyres-vroxes-kai-kataigides-se-10-perioxes-mexri-tin-paraskeyi-red-code-kai-gia-voreio-aigaio-kai-dodekanisa/4536823/,https://www.newsit.gr/wp-content/uploads/2025/11/kataigida-kairos-eurok-1200x630.jpg,http://web.archive.org/web/20251127113927/https://www.newsit.gr/ellada/i-kakokairia-adel-fernei-isxyres-vroxes-kai-kataigides-se-10-perioxes-mexri-tin-paraskeyi-red-code-kai-gia-voreio-aigaio-kai-dodekanisa/4536823/,", , , Adel .
 , (28.11.2025) , , , , , , , .
 , , , , , , , , ’ .
 :
.
 .
« . . 6 (25-11-25) . .
 ADEL (27-11-25) (28-11-25) . .
 :
 (27-11-25) :
 , , , , , , , .
 (28-11-25) :
. , , , 
… [+567 chars]","Bad weather Adel brings heavy rains and storms to 10 areas until Friday – ""Red Code"" for both North Aegean and Dodecanese. Heavy rains, storms, hail and strong winds are also expected in the next few hours according to the updated emergency worsening weather report issued by the EMY for ... The article Bad weather Adel brings heavy rains and storms to 10 areas...","Schlechtes Wetter Adel bringt bis Freitag starke Regenfälle und Stürme in 10 Gebieten – „Roter Code“ sowohl für die Nordägäis als auch für den Dodekanes. In den nächsten Stunden werden heftige Regenfälle, Stürme, Hagel und starke Winde erwartet, heißt es in der aktualisierten Wettermeldung zur Verschlechterung des Notfalls, herausgegeben vom Ministerium für... 
Der Artikel Schlechtes Wetter Adel bringt starke Regenfälle und Stürme in 10 Regionen…","Tempestas mala Adel graves pluvias et tempestates ad 10 areas usque ad Veneris diem - ""Red Code"" affert pro Aegaeo Septentrionali et Dodecanesi. Imbres, procellae, grandines et venti validi in proximis horis exspectantur secundum condicionem renovatam ingravescentem tempestatem bulletin editam a Ministerio... 
Articulus Mala tempestas Adel affert pluvias et tempestates ad 10 regiones…",Greece,MED,Europe,wmo
ee0449ed8cf76e8057ff589912f3dcb5,2025-11-27T11:53:14Z,Snow&Ice,,www.stern.de,de,0.9,Großeinsatz: Lawine auf Tiroler Gletscher - Suche nach Verschütteten,Neustift im Stubaital - Auf dem Stubaier Gletscher in Tirol läuft nach einem großen Lawinenabgang eine Suche nach mehreren möglichen Vermissten. Das,https://www.stern.de/panorama/grosseinsatz--lawine-auf-tiroler-gletscher---suche-nach-verschuetteten-36904518.html,https://image.stern.de/36904520/t/kv/v1/w1440/r1.7778/-/27--zu2a5dvqwev6axs2048jpeg---0ae82aba083c2782.jpg,http://web.archive.org/web/20251127122121/https://www.stern.de/panorama/grosseinsatz--lawine-auf-tiroler-gletscher---suche-nach-verschuetteten-36904518.html,"Kopiere den aktuellen Link
Zur Merkliste hinzufügen
Nach dem Lawinenabgang auf dem Stubaier Gletscher suchen Retter mit Hunden und Hubschraubern nach Vermissten. Was bisher bekannt ist.
Auf dem St… [+728 chars]",Major operation: Avalanche on Tyrolean glacier - search for buried victims. Neustift in the Stubaital - A search is underway for several possible missing people on the Stubai Glacier in Tyrol after a large avalanche. The,Großeinsatz: Lawine auf Tiroler Gletscher - Suche nach Verschütteten. Neustift im Stubaital - Auf dem Stubaier Gletscher in Tirol läuft nach einem großen Lawinenabgang eine Suche nach mehreren möglichen Vermissten. Das,Maior operatio: Avalanche in glacier Raetici - quaerere victimas sepultas. Neustift in Stubaital - Percontatio comparata est pluribus possibilibus absentibus hominibus in Stubai Glacier in Tyrol post magnam avalanche. The,Switzerland,WCE,Europe,wmo
832466927ac67794f90f0e7180f6d8be,2025-11-27T11:54:43Z,Snow&Ice,,www.tagesspiegel.de,de,0.9,Großeinsatz: Lawine auf Tiroler Gletscher - Suche nach Verschütteten,Nach dem Lawinenabgang auf dem Stubaier Gletscher suchen Retter mit Hunden und Hubschraubern nach Vermissten. Was bisher bekannt ist.,https://www.tagesspiegel.de/gesellschaft/panorama/grosseinsatz-lawine-auf-tiroler-gletscher-suche-nach-verschutteten-14964422.html,https://www.tagesspiegel.de/images/14964419/alternates/BASE_16_9_W1400/1764244483000/stubaier-gletscher.jpeg,,Auf dem Stubaier Gletscher in Tirol läuft nach einem großen Lawinenabgang eine Suche nach mehreren möglichen Vermissten. Das teilte eine Sprecherin der österreichischen Polizei der Deutschen Presse-A… [+633 chars],"Major operation: Avalanche on Tyrolean glacier - search for buried victims. After the avalanche on the Stubai Glacier, rescuers used dogs and helicopters to search for missing people. What is known so far.",Großeinsatz: Lawine auf Tiroler Gletscher - Suche nach Verschütteten. Nach dem Lawinenabgang auf dem Stubaier Gletscher suchen Retter mit Hunden und Hubschraubern nach Vermissten. Was bisher bekannt ist.,"Maior operatio: Avalanche in glacier Raetici - quaerere victimas sepultas. Post montem cadentem in Stubai Glacier, salvatores canes et helicopteri usi sunt ad quaerendum homines absentis. Quod notum esti.",Switzerland,WCE,Europe,wmo
a70eddb3fe36d9622ef91bdf711273f1,2025-11-27T12:11:26Z,Snow&Ice,,www.nzz.ch,de,0.9,Lawine auf Tiroler Gletscher: Rettungskräfte suchen nach Verschütteten,Nach einem Lawinenabgang auf dem Stubaier Gletscher suchen Retter mit Hunden und Helikoptern nach Vermissten.,https://www.nzz.ch/panorama/lawine-auf-tiroler-gletscher-rettungskraefte-suchen-nach-verschuetteten-ld.1913916,"https://img.nzz.ch/2025/11/27/fea62b36-8c47-411b-9a22-316ccde42609.jpg?width=1200&height=675&fit=bounds&quality=75&auto=webp&crop=5616,3159,x0,y148&wmark=nzz",http://web.archive.org/web/20251127132148/https://www.nzz.ch/panorama/lawine-auf-tiroler-gletscher-rettungskraefte-suchen-nach-verschuetteten-ld.1913916,"Nach einem Lawinenabgang auf dem Stubaier Gletscher suchen Retter mit Hunden und Helikoptern nach Vermissten.
27.11.2025, 13.11 Uhr
(dpa) Auf dem Stubaier Gletscher in Tirol läuft nach einem grosse… [+887 chars]","Avalanche on Tyrolean glacier: rescue workers search for buried victims. After an avalanche on the Stubai Glacier, rescuers use dogs and helicopters to search for missing people.",Lawine auf Tiroler Gletscher: Rettungskräfte suchen nach Verschütteten. Nach einem Lawinenabgang auf dem Stubaier Gletscher suchen Retter mit Hunden und Helikoptern nach Vermissten.,"NIVIS CASUS in Raetica glacier: opifices ad victimas sepultas erue quaerere. Post montem cadentem in Stubai Glacier, salvatores canibus et helicopteris utuntur ad quaerendum homines absentis.",Switzerland,WCE,Europe,wmo
c29a39ba52d3f527576a0c8bf3647c72,2025-11-27T15:20:56Z,Precipitation,,www.protothema.gr,el,0.3,"Η Adel δοκιμάζει τα δυτικά με σφοδρές καταιγίδες, χαλάζι και πλημμύρες - Πότε θα χτυπήσει την Αττική, live η πορεία της κακοκαιρίας","Ενδεικτικά της σφοδρότητας των φαινομένων είναι τα στοιχεία που δημοσίευσε το Meteo για τις βροχοπτώσεις που έχουν εκδηλωθεί το τελευταίο διήμερο - Ανεμοστρόβιλος χτύπησε τη Φοινικούντα, βρέχει καταρρακτωδώς σε περιοχές της Μεσσηνίας - Πώς θα κινηθεί η κακοκα…",https://www.protothema.gr/greece/article/1734080/adel-dokimazei-dutika-sfodres-vrohoptoseis-halazi-plimmures-pote-tha-htupisei-tin-attiki-live-i-poreia-tis-kakokairias/,https://www.protothema.gr/images/640x360share/1/jpg/files/2025-11-27/xrwma-mpora.jpg,http://web.archive.org/web/20251127153632/https://www.protothema.gr/greece/article/1734080/adel-dokimazei-dutika-sfodres-vrohoptoseis-halazi-plimmures-pote-tha-htupisei-tin-attiki-live-i-poreia-tis-kakokairias/,"Adel , . «» . Adel , , . , , , , , , , . .
, , . , , . 
, . . « , ». 
- . , . . , . Adel  
Meteo .  26 (27/11), . ., meteo.gr / 100 7 , 80 22 60 41 .","Adel tests the west with severe storms, hail and floods - When will it hit Attica, live the course of the bad weather. Indicative of the severity of the phenomena are the data published by Meteo on the rainfall that has occurred in the last two days - A tornado hit Finikounda, it is raining torrentially in areas of Messinia - How will the storm move...","Adel stellt den Westen mit schweren Stürmen, Hagel und Überschwemmungen auf die Probe – Wann wird es Attika treffen, erleben Sie den Verlauf des schlechten Wetters. Ein Hinweis auf die Schwere des Phänomens sind die von Meteo veröffentlichten Daten zu den Niederschlägen, die in den letzten zwei Tagen aufgetreten sind. - Ein Tornado hat Finikounda heimgesucht, in Gebieten von Messenien regnet es heftig. - Wie wird sich der Sturm entwickeln?","Adel occidens tentat gravibus procellis, grandinibus et fluviis - Quando Atticam feriat, tempestatibus uiuet cursus. Indicativa phaenomenorum severitas sunt notitiae a Meteo editae in pluviis quae duobus proximis diebus acciderunt - Turbo Finikounda percussus est, in locis Messaniae torrens pluit - Quomodo procella movebitur...",Greece,MED,Europe,wmo
713ccead43f5b99ddfab41bb50cfd9d8,2025-11-27T17:45:04Z,Earthquake,,biztoc.com,en,0.8,"Big Alaska Earthquake Strikes Susitna Thanksgiving Day, Shakes Anchorage","A magnitude 6.0 earthquake struck near Susitna, about 9 miles west of the community and roughly 30 miles from Anchorage.",https://biztoc.com/x/942d10b37a226f6a,https://biztoc.com/cdn/955/og.png,http://web.archive.org/web/20251127192145/https://biztoc.com/x/942d10b37a226f6a,"A magnitude 6.0 earthquake struck near Susitna, about 9 miles west of the community and roughly 30 miles from Anchorage.
This story appeared on newsweek.com, 2025-11-27 17:33:31.","Big Alaska Earthquake Strikes Susitna Thanksgiving Day, Shakes Anchorage. A magnitude 6.0 earthquake struck near Susitna, about 9 miles west of the community and roughly 30 miles from Anchorage.","Großes Erdbeben in Alaska erschüttert Thanksgiving Day in Susitna und erschüttert Anchorage. Ein Erdbeben der Stärke 6,0 ereignete sich in der Nähe von Susitna, etwa 9 Meilen westlich der Gemeinde und etwa 30 Meilen von Anchorage entfernt.","Magnus Alaska Terrae motus Percutit Susitna Gratiarum Dies, Anchorage quatit. Magnitudo 6.0 terrae motus prope Susitnam percussit circiter 9 milia occidentali communitatis et fere 30 milia passuum ab Anchoragia.",United States,NWN,North-America,usgs
c91f782ffc733ab57cb976f8855e2a71,2025-11-27T19:11:18Z,Snow&Ice,,vorarlberg.orf.at,de,0.9,Tourengeher von Lawine mitgerissen,Bei einem Lawinenabgang in Stuben ist am Donnerstag ein Tourengeher teilweise verschüttet worden. Laut Polizei konnte sich der 46-Jährige aber selbstständig aus den Schneemassen befreien.,https://vorarlberg.orf.at/stories/3331868/,https://ibs.orf.at/vbg?image=https%3A%2F%2Foekastatic.orf.at%2Fmims%2F2025%2F48%2F34%2Fcrops%2Fw%3D1200%2Ch%3D627%2Cq%3D75%2F2848753_master_1100034_neu.jpg%3Fs%3D0067e0733479af5d59b5234b388f8c39e3b3a771,http://web.archive.org/web/20251127200759/https://vorarlberg.orf.at/stories/3331868/,"Der Deutsche gehörte zu einer fünfköpfigen Gruppe, die um die Mittagszeit in einen Nordhang im Bereich Albonagrat fuhr. Als der 46-Jährige als Vierter in den Hang einfuhr, löste sich ein Schneebrett.… [+262 chars]","Tourists swept away by avalanche. A ski tourer was partially buried in an avalanche in Stuben on Thursday. According to the police, the 46-year-old was able to free himself from the snow masses.",Tourengeher von Lawine mitgerissen. Bei einem Lawinenabgang in Stuben ist am Donnerstag ein Tourengeher teilweise verschüttet worden. Laut Polizei konnte sich der 46-Jährige aber selbstständig aus den Schneemassen befreien.,"Peregrinatores NIVIS abrepti. Ski Tourer sepultus est in NIVIS in Stuben die Iovis. Secundum magistratus, XLVI annos missis nivis se liberare poterat.",Switzerland,WCE,Europe,wmo
30aa4e40277e5314b7334a32c901f81a,2025-11-27T20:27:00Z,Thunderstorm,,www.protothema.gr,el,0.7,"Το επικίνδυνο 12ωρο της κακοκαιρίας Adel την Παρασκευή: Καταιγίδες και χαλάζι στην Αττική, οι περιοχές που μπαίνουν σε red code – Δείτε χάρτες",Πώς θα εξελιχθεί τις επόμενες ώρες η κακοκαιρία που έχει πλήξει το μεγαλύτερο μέρος της χώρας - Μεγάλα τα προβλήματα στη δυτική Ελλάδα - Live η πορεία των καταιγίδων | Καιρός | Κακοκαιρία | Βροχές | Αττική | Καταιγίδες | Χαλάζι | Ελλάδα,https://www.protothema.gr/greece/article/1734281/se-kokkino-sunagermo-gia-tin-kakokairia-adel-vrohes-kai-kataigides-tin-paraskeui-halazi-stin-attiki-deite-hartes/,https://www.protothema.gr/images/640x360share/2/jpg/files/2024-05-10/vrohi__1_.jpg,,"- . , . . , .
, , , , , , , . Meteo .  
, meteo.gr / 100 7 , 80 22 60 41 .
, Kefalonia Focus.
  , . 
« » 
, , , .  protothema.gr , «» , , .
 : 
, , , artinos.gr. , , . , ,
,   . , ilefkada.g… [+329 chars]","The dangerous 12 hours of bad weather Adel on Friday: Storms and hail in Attica, the areas that enter a red code - See maps. How will the bad weather that has affected most of the country develop in the next few hours - Big problems in western Greece - Live the course of the storms | Weather | Bad weather | Rains | Attica | Thunderstorms | Hail | Greece","Die gefährlichen 12 Stunden Schlechtwetter Adel am Freitag: Stürme und Hagel in Attika, den Gebieten, die einen roten Code eingeben – Siehe Karten. Wie wird sich das schlechte Wetter, das den größten Teil des Landes heimgesucht hat, in den nächsten Stunden entwickeln - Große Probleme in Westgriechenland - Erleben Sie den Verlauf der Stürme | Wetter | Schlechtes Wetter | Regen | Attika | Gewitter | Hagel | Griechenland","Periculosae sunt 12 horae tempestatibus Adel die Veneris: Tempestates et grando in Attica, loca quae in codice rubro intrant - See maps. Quomodo tempestates malas, quae maximas regiones affectaverunt, paucis proximis horis explicabuntur - Magna problemata in Graecia occidentali - Vive curricula tempestatum | Tempestas | Bad weather | Pluviae | Attica | Procellae | Ave | Graecia",Greece,MED,Europe,wmo
c96f9994ccd8ad55152e607c875b0e8f,2025-11-28T02:36:00Z,Drought,,www.aljazeera.net,ar,0.8,أسوأ موجة جفاف في سوريا تهدد بانعدام الأمن الغذائي,يعاني آلاف المزارعين في سوريا من واحدة من أقسى موجات الجفاف التي يشهدها البلد لأول مرة منذ نحو 4 عقود، متأثرة بتراجع حاد في معدلات هطول الأمطار، وانخفاض معدلات المياه الجوفية في معظم المحافظات.,https://www.aljazeera.net/ebusiness/2025/11/28/syria-drought-projects-cooperation,https://www.aljazeera.net/wp-content/uploads/2025/11/Pic-887743-1764182456.jpg?resize=1920%2C1440,,"()
4 .
 .
 : "" () "".
 : "" "".
 ( ) ( ) .
 .
 .
 40% 2025 1.2 4 .
 .
 "" "".
 .
 () .
 """" .
 "" "" .
 "" "" .
 .
 .
 16 .
 2.5 .
 95% 30% 40% 2.5 2.7 .","The worst drought in Syria threatens food insecurity. Thousands of farmers in Syria are suffering from one of the most severe drought waves that the country has witnessed for the first time in about 4 decades, affected by a sharp decline in rainfall rates and a decline in groundwater levels in most governorates.","Die schlimmste Dürre in Syrien gefährdet die Ernährungsunsicherheit. Tausende Landwirte in Syrien leiden unter einer der schwersten Dürrewellen, die das Land zum ersten Mal seit etwa vier Jahrzehnten erlebt hat. Sie wird durch einen starken Rückgang der Niederschlagsmengen und einen Rückgang des Grundwasserspiegels in den meisten Gouvernements beeinträchtigt.","Pessima siccitas in Syria cibum suspicionis minatur. Milia agricolarum in Syria laborantibus ex undis gravissimis siccitatibus, quas patria primum circa 4 decennia testata est, acre in imbribus lapsibus inclinata afficitur et in plerisque praefectis campestribus aquae fundamentis inclinatae.",Syria,MED,Asia,edo
cd4aa9868da100f5da8257e1103cc011,2025-11-28T07:44:07Z,Storm,,www.newsit.gr,el,0.7,Κακοκαιρία Adel: Πλημμύρισε ο δρόμος στον σταθμό του ηλεκτρικού στο Μοσχάτο και μετέφεραν πολίτες με καρότσα φορτηγού,"Πολλά προβλήματα προκάλεσε η καταιγίδα που έφερε η κακοκαιρία Adel στην Αττική. Στο Μοσχάτο κόσμος μεταφέρονταν με καρότσες φορτηγού. Ο δρόμος έξω από τον σταθμό ... 
To άρθρο Κακοκαιρία Adel: Πλημμύρισε ο δρόμος στον σταθμό του ηλεκτρικού στο Μοσχάτο και μετ…",https://www.newsit.gr/ellada/kakokairia-adel-plimmyrise-o-dromos-ston-stathmo-tou-ilektrikou-sto-mosxato-kai-meteferan-polites-me-karotsa-fortigou/4537694/,https://www.newsit.gr/wp-content/uploads/2025/11/mosxato-ilektrikos-grab-1200x630.jpg,,,"Bad weather Adel: The road to the electric station in Moschato was flooded and citizens were transported by truck. The storm that bad weather Adel brought to Attica caused many problems. In Moschato, people were transported in lorry carts. The road outside the station ... The article Bad weather Adel: The road at the electric station in Moschato was flooded and with...","Schlechtes Wetter Adel: Die Straße zum Elektrizitätswerk in Moschato wurde überschwemmt und Bürger wurden mit Lastwagen transportiert. Der Sturm, den das schlechte Wetter Adel nach Attika brachte, verursachte viele Probleme. In Moschato wurden Menschen in Lastkraftwagen transportiert. Die Straße vor dem Bahnhof ... Der Artikel Schlechtes Wetter Adel: Die Straße am Elektrizitätswerk in Moschato war überflutet und mit...","Tempestatibus Adel: Via ad stationem electricam in Moschato inundata est et cives per salsuram transportati sunt. Procella, quae tempestatibus Adel in Atticam est, multas difficultates attulit. In Moschato, homines in bigis lorrys deportati sunt. Via extra stationem... 
Articulus tempestatis Adel: via apud stationem electricam in Moschato inundata est et cum...",Greece,MED,Europe,wmo
32d10fe71e38fedd480a6bff4666417a,2025-11-28T08:39:00Z,Thunderstorm,,www.protothema.gr,el,0.7,"Live η κακοκαιρία που σαρώνει τη χώρα, καταιγίδες και χαλάζι στην Αττική - Πώς θα κινηθεί ο καιρός τις επόμενες ώρες, πού υπάρχουν προβλήματα",Δείτε βίντεο και φωτογραφίες από τα φαινόμενα - Νέο έκτακτο δελτίο από την ΕΜΥ | Κακοκαιρία | Καιρός | Βροχές | Καταιγίδες | Αττική | Ελλάδα,https://www.protothema.gr/greece/article/1734454/live-i-kakokairia-pou-saronei-ti-hora-kataigides-kai-halazi-stin-attiki-pos-tha-kinithei-o-kairos-tis-epomenes-ores-/,https://www.protothema.gr/images/640x360share/jpg/files/2025-11-28/vroxi_athina_maketa.jpg,http://web.archive.org/web/20251128110935/https://www.protothema.gr/greece/article/1734454/live-i-kakokairia-pou-saronei-ti-hora-kataigides-kai-halazi-stin-attiki-pos-tha-kinithei-o-kairos-tis-epomenes-ores-/,"To view this video please enable JavaScript, and consider upgrading to a
 web browser that supports HTML5 video","Live the bad weather sweeping the country, storms and hail in Attica - How will the weather move in the next hours, where are there problems. See videos and photos of the phenomena - New emergency report from EMY | Bad weather | Weather | Rains | Thunderstorms | Attica | Greece","Erleben Sie das schlechte Wetter, das über das Land fegt, Stürme und Hagel in Attika – Wie wird sich das Wetter in den nächsten Stunden entwickeln, wo gibt es Probleme. Sehen Sie sich Videos und Fotos der Phänomene an – Neuer Notfallbericht von EMY | Schlechtes Wetter | Wetter | Regen | Gewitter | Attika | Griechenland","In Atticae patriae tempestates et grandines, tempestates verrentes — Quomodo tempestates movebunt in proximis horis, ubi illic difficultates. Videre videos et phaenomenorum imagines - Novae subitis relationes ab EMY | Bad weather | Tempestas | Pluviae | Procellae | Attica | Graecia",Greece,MED,Europe,wmo
245ecb08e56175d0a4ec6f7d9374902a,2025-11-28T09:18:32Z,Precipitation,,www.protothema.gr,el,0.7,Η μοιρολατρία του Έλληνα και οι… πλούσιες πλημμύρες,Κάθε έντονη νεροποντή στην Ελλάδα συνοδεύεται από γνώριμες εικόνες. Η μοιρολατρία όμως του ότι «μόνο εδώ συμβαίνουν αυτά» – αγνοεί μια σημαντική πραγματικότητα ότι ακόμα και μερικές από τις πιο οργανωμένες και πλούσιες πόλεις του κόσμου λυγίζουν μπροστά στην …,https://www.protothema.gr/greece/article/1734509/i-moirolatria-tou-ellina-kai-oi-plousies-plimmures/,https://www.protothema.gr/images/640x360share/jpeg/files/2025-11-28/%CF%81%CE%B1%CE%B9%CE%BD_shutterstock_1332077363.jpeg,http://web.archive.org/web/20251128112027/https://www.protothema.gr/greece/article/1734509/i-moirolatria-tou-ellina-kai-oi-plousies-plimmures/,". 25 2025 , . , , .  Telegraph, ,   . , , . « » .","The fatalism of the Greek and the... rich floods. Every heavy downpour in Greece is accompanied by familiar images. But the fatalism that ""only this happens here"" - ignores an important reality that even some of the most organized and wealthy cities in the world are bowing before the...","Der Fatalismus der Griechen und der... reichen Überschwemmungen. Jeder heftige Regenguss in Griechenland wird von bekannten Bildern begleitet. Aber der Fatalismus, dass „nur das hier passiert“ – ignoriert eine wichtige Realität, dass selbst einige der am besten organisierten und wohlhabendsten Städte der Welt sich vor dem ... beugen …","Fatalism Graeci et... di- lutiones. Omnis imber in Graecia familiaribus simulacris comitatur. Fatalismus autem, qui ""tantum hoc hic accidit"" - momenti ignorat rem, quae etiam nonnullae in mundo opulentissimae et opulentissimae civitates ante adorant...",Greece,MED,Europe,wmo
78b909eb93adf85d0705a9e2717e21ec,2025-11-28T09:19:51Z,Thunderstorm,,www.newsit.gr,el,0.7,"Κακοκαιρία Adel: Κατολισθήσεις στα Τζουμέρκα, χαλάζι και πλημμύρες σε Αργολίδα, Λακωνία και Κεφαλονιά – Εικόνες χάους","Με σφοδρότητα χτύπησε η κακοκαιρία Adel την Αττική, τη δυτική Ελλάδα, τα νησιά του Ιονίου και την Πελοπόννησο, από το πρωί της Παρασκευής (28.11.25). Η ... 
To άρθρο Κακοκαιρία Adel: Κατολισθήσεις στα Τζουμέρκα, χαλάζι και πλημμύρες σε Αργολίδα, Λακωνία και Κ…",https://www.newsit.gr/ellada/kakokairia-adel-katolisthiseis-sta-tzoumerka-xalazi-kai-plimmyres-se-argolida-lakonia-kai-kefalonia-eikones-xaous/4537757/,https://www.newsit.gr/wp-content/uploads/2025/11/kakokairia-tzoumerka-1-1200x630.jpg,http://web.archive.org/web/20251128105146/https://www.newsit.gr/ellada/kakokairia-adel-katolisthiseis-sta-tzoumerka-xalazi-kai-plimmyres-se-argolida-lakonia-kai-kefalonia-eikones-xaous/4537757/,"11:13 
 28.11.25
11:10 
 28.11.25
10:57 
 28.11.25
10:56 
 28.11.25
10:48 
 28.11.25
10:09 
 28.11.25","Bad weather Adel: Landslides in Tzoumerka, hail and floods in Argolis, Laconia and Kefalonia - Images of chaos. Bad weather Adel hit Attica, western Greece, the Ionian Islands and the Peloponnese with severity, from Friday morning (28.11.25). The ... 
The article Bad weather Adel: Landslides in Tzoumerka, hail and floods in Argolida, Laconia and K...","Schlechtes Wetter Adel: Erdrutsche in Tzoumerka, Hagel und Überschwemmungen in Argolis, Lakonien und Kefalonia – Bilder des Chaos. Unwetter Adel traf ab Freitagmorgen (28.11.25) mit großer Heftigkeit Attika, Westgriechenland, die Ionischen Inseln und den Peloponnes. Der ... Der Artikel Schlechtes Wetter Adel: Erdrutsche in Tzoumerka, Hagel und Überschwemmungen in Argolis, Lakonien und K...","Tempestates Adel: Landslides in Tzoumerka, grando et flumina in Argolis, Laconia et Kefalonia - Imagines chaos. Tempestates Adel hit Atticam, Graeciam occidentalem, Insulas Ionicas et Peloponnesum aspere, a mane Veneris (28.11.25). The ... Articulus Tempestatum Adel: Landslides in Tzoumerka, Grando et Flumina in Argolis, Laconia et K...",Greece,MED,Europe,wmo
93cc012fa372c5ec1bc6b2c5d5b2fbc1,2025-11-28T12:42:50Z,Thunderstorm,,www.protothema.gr,el,0.7,Ισχυρή χαλαζόπτωση στη Λέσβο - Δείτε βίντεο,Σημαντικά προβλήματα σε δρόμους και επιχειρήσεις | Χαλάζι | Μυτιλήνη | Λέσβος | Κακοκαιρία | Ελλάδα,https://www.protothema.gr/greece/article/1734620/ishuri-halazoptosi-sti-lesvo-deite-video/,https://www.protothema.gr/images/640x360share/jpg/files/2025-11-28/lesvos-xalazi.jpg,http://web.archive.org/web/20251207154251/https://www.protothema.gr/greece/article/1734620/ishuri-halazoptosi-sti-lesvo-deite-video/,", , , «» , : , 42 , , 72.800",Heavy hail in Lesbos - Watch video. Major problems on roads and businesses | Hail | Mytilini | Lesbos | Bad weather | Greece,Heftiger Hagel auf Lesbos – Video ansehen. Große Probleme auf Straßen und Betrieben | Hagel | Mytilini | Lésbos | Schlechtes Wetter | Griechenland,Grando gravis in Lesbo - Watch video. Maiores quaestiones de viis et negotiis | Ave | Mytilini | Lesbos | Bad weather | Graecia,Greece,MED,Europe,wmo
c4c489d822eaa6401c57f65b67ce1dd6,2025-11-28T15:23:00Z,Thunderstorm,,www.protothema.gr,el,0.7,Δείτε βίντεο: «Λευκό» τοπίο από την έντονη χαλαζόπτωση σε χωριό στην Εύβοια,Στο έλεος της κακοκαιρίας οι περισσότερες περιοχές - Σε επιφυλακή η Πολιτική Προστασία | Κακοκαιρία | Εύβοια | Χαλάζι | Ελλάδα,https://www.protothema.gr/greece/article/1734700/deite-video-leuko-topio-apo-tin-edoni-halazoptosi-se-horio-stin-euvoia/,https://www.protothema.gr/images/640x360share/jpg/files/2025-11-28/xalazi_eyboia.jpg,http://web.archive.org/web/20251204055840/https://www.protothema.gr/greece/article/1734700/deite-video-leuko-topio-apo-tin-edoni-halazoptosi-se-horio-stin-euvoia/,", , , «» , : , 42 , , 72.800","Watch video: ""White"" landscape from the intense hailstorm in a village in Evia. Most areas at the mercy of bad weather - Civil Protection on alert | Bad weather | Evia | Hail | Greece",Video ansehen: „Weiße“ Landschaft nach dem heftigen Hagelsturm in einem Dorf in Euböa. Die meisten Gebiete sind schlechtem Wetter ausgesetzt – Katastrophenschutz in Alarmbereitschaft | Schlechtes Wetter | Euböa | Hagel | Griechenland,"Spectare video: ""White"" topiorum ex ingenti grandine in vico Evia. Pleraque in locis ad misericordiam tempestatibus - Civilis tutela intenti | Bad weather | Evia | Ave | Graecia",Greece,MED,Europe,wmo
ebe0b22e34f30fd6e84384eea5d41be9,2025-11-28T17:34:54Z,Snow&Ice,,www.bild.de,de,0.8,Mildes Wetter zum Advent - Jetstream blockt den Winter ab,Bald ist Schluss mit Frieren und Frost! Zum ersten Advent gibt der Jetstream den Kälteblocker für Deutschland und hält uns die eisigen Temperaturen fern.,https://www.bild.de/news/wetter/mildes-wetter-zum-advent-jetstream-blockt-den-winter-ab-6929b3a8f699d171191f7313,"https://images.bild.de/6929b3a8f699d171191f7313/9a10bc1f770b49a2065840fb9341319f,28064939?w=1280",http://web.archive.org/web/20251128185016/https://www.bild.de/news/wetter/mildes-wetter-zum-advent-jetstream-blockt-den-winter-ab-6929b3a8f699d171191f7313,"Bald ist Schluss mit Frieren und Frost! Zum ersten Advent gibt der Jetstream den Kälteblocker für Deutschland und hält uns die eisigen Temperaturen fern. Es wird mild.
Statt bei Minusgraden auf dem … [+1645 chars]","Mild weather for Advent - jet stream blocks winter. The freezing and frost will soon be over! For the first Advent, the jet stream provides the cold blocker for Germany and keeps the icy temperatures away from us.",Mildes Wetter zum Advent - Jetstream blockt den Winter ab. Bald ist Schluss mit Frieren und Frost! Zum ersten Advent gibt der Jetstream den Kälteblocker für Deutschland und hält uns die eisigen Temperaturen fern.,"Mitis tempestas ad advent - jet amnis hiemem impedit. Frigora et gelu mox erunt super! Ad primum Adventum, gagates amnis gelidos obstructorem Germaniae praebet, et temperaturas gelidas a nobis servat.",Germany,WCE,Europe,wmo
f10fa14ed737a80e11980ba422832621,2025-11-28T22:01:00Z,Thunderstorm,,www.protothema.gr,el,0.7,Ισχυρή καταιγίδα χτυπάει την Αττική: Δυνατός αέρας και χαλάζι σε πολλές περιοχές,Ξαφνική καταιγίδα ξέσπασε λίγο πριν τα μεσάνυχτα στην Αττική | Ελλάδα,https://www.protothema.gr/greece/article/1734911/ishuri-kataigida-htupaei-tin-attiki-dunatos-aeras-kai-halazi-se-polles-periohes/,https://www.protothema.gr/images/640x360share/jpg/files/2025-11-29/vroxi-xrwma.jpg,http://web.archive.org/web/20251128230901/https://www.protothema.gr/greece/article/1734911/ishuri-kataigida-htupaei-tin-attiki-dunatos-aeras-kai-halazi-se-polles-periohes/,", , , «» , : , 42 , , 72.800",Strong storm hits Attica: Strong wind and hail in many areas. A sudden storm broke out shortly before midnight in Attica Greece,"Starker Sturm trifft Attika: Starker Wind und Hagel in vielen Gebieten. Kurz vor Mitternacht brach in Attika, Griechenland, ein plötzlicher Sturm aus",Tempestas valida Atticam ferit: ventus vehemens et grando in multis locis. Paulo ante mediam noctem in Atticam Graeciam repentina tempestas orta est,Greece,MED,Europe,wmo
92c5306e0bd9dd86f04c44324628eb05,2025-11-28T23:24:17Z,Thunderstorm,,www.skai.gr,el,0.7,Σφοδρή καταιγίδα «χτύπησε» την Αττική: Δυνατός αέρας και χαλάζι σε πολλές περιοχές - Πού θα βρέξει τις επόμενες ώρες,Η αιφνίδια μπόρα προκάλεσε σοβαρά προβλήματα σε πολλές περιοχές - Πώς κινείται το κύριο μέτωπο της Αdel - Live η πορεία της κακοκαιρίας,https://www.skai.gr/news/greece/sfodri-kataigida-xtypise-tin-attiki-dynatos-aeras-kai-xalazi-se-polles-perioxes,https://cdn.skai.gr/sites/default/files/styles/article_16_9/public/eurokinissi-kakokairia_1.jpg?itok=YU7-vQl9,http://web.archive.org/web/20251129010635/https://www.skai.gr/news/greece/sfodri-kataigida-xtypise-tin-attiki-dynatos-aeras-kai-xalazi-se-polles-perioxes,". , .
 , .  . «»  , .
 , .
del , .
, , , .
 , .
 , .
 15-16 , 18 20 .
 3-5, 6 , 5-6 , , .
 live :
 , 
 . , , , , , . .
 .
 4 6 7 , 4 5, 6 .
 . 16 18 , 19 21 22 14 16 .
: , . .: 4 5 3 4… [+236 chars]","A severe storm ""hit"" Attica: Strong wind and hail in many areas - Where will it rain in the next few hours. The sudden blizzard caused serious problems in many areas - How Adel's main front is moving - Live track of the bad weather",Ein schwerer Sturm „heimgesucht“ Attika: Starker Wind und Hagel in vielen Gebieten – Wo wird es in den nächsten Stunden regnen? Der plötzliche Schneesturm verursachte in vielen Gebieten ernsthafte Probleme – Wie sich Adels Hauptfront bewegt – Live-Track des schlechten Wetters,"Tempestas gravis ""hit"" Atticae: Ventus vehemens et grando in multis locis - Ubi in paucis horis proximis pluet. Blizzard repentinus gravissimas difficultates in multis locis effecit - Quomodo frontem Adel's principalis movetur - Vive semita tempestatum malorum.",Greece,MED,Europe,wmo
538f7258be88095d4772fb1787e3cf80,2025-11-29T00:23:29Z,Cold Wave,,www.secretchina.com,zh,0.8,暴雪来袭扰动假期出行 美国4600万人处冬季警报中(图),"美国多地正遭遇两股冬季风暴影响，从落基山脉北部到东北部约4,600万人周末持续处于冬季天气警报之下。气象部门警告，寒冷气温、强降雪与危险路况可能严重扰乱感恩节后的返程潮。 新闻 美国 - 看中国》是总部设于美国、以复兴传统中华文化为理念的独立媒体。自2001年起，坚持报道最新社会焦点和传统文化专题，中文报纸已在北美、欧洲、澳洲、亚洲等17个国家发行。中国新闻,中国大陆新闻,内幕新闻,中文媒体,新闻评论,时事,财经,博谈,历史,文化,养生,娱乐,奇闻。",https://www.secretchina.com/news/gb/2025/11/29/1091331.html,https://img6.secretchina.com/pic/2025/3-28/p3633582a929682379-ss.jpg,http://web.archive.org/web/20251227090426/https://www.secretchina.com/news/gb/2025/11/29/1091331.html,"Adobe stock 
202511294,600
NBCNational Weather Service 
FlightAware2,20050 
Presque Isle22Alba21.5Tupper Lake8.7Chagrin Falls8.1Elgin7 
Brace yourself: Cross-country winter storm could wreck pos… [+374 chars]","Blizzards disrupt holiday travel, and 46 million people in the United States are under winter warnings (picture). Many places in the United States are experiencing the impact of two winter storms. About 46 million people from the northern Rockies to the Northeast continue to be under winter weather warnings over the weekend. The weather service warned that cold temperatures, heavy snowfall and hazardous road conditions could severely disrupt the post-Thanksgiving return wave. News America - Looking at China is an independent media based in the United States with the concept of reviving traditional Chinese culture. Since 2001, it has insisted on reporting on the latest social focus and traditional cultural topics. Chinese newspapers have been published in 17 countries including North America, Europe, Australia, and Asia. China news, mainland China news, inside news, Chinese media, news commentary, current affairs, finance, talk, history, culture, health, entertainment, anecdotes.","Schneestürme stören Urlaubsreisen und 46 Millionen Menschen in den Vereinigten Staaten unterliegen einer Winterwarnung (Bild). Viele Orte in den Vereinigten Staaten sind von den Auswirkungen zweier Winterstürme betroffen. Ungefähr 46 Millionen Menschen von den nördlichen Rocky Mountains bis zum Nordosten unterliegen auch am Wochenende weiterhin der Winterwarnung. Der Wetterdienst warnte, dass kalte Temperaturen, starker Schneefall und gefährliche Straßenverhältnisse die Rückkehrwelle nach Thanksgiving erheblich beeinträchtigen könnten. News America – Looking at China ist ein unabhängiges Medium mit Sitz in den Vereinigten Staaten und dem Konzept, die traditionelle chinesische Kultur wiederzubeleben. Seit 2001 legt es besonderen Wert auf die Berichterstattung über aktuelle gesellschaftliche Schwerpunkte und traditionelle Kulturthemen. Chinesische Zeitungen wurden in 17 Ländern veröffentlicht, darunter Nordamerika, Europa, Australien und Asien. China-Nachrichten, Nachrichten aus Festlandchina, Insider-Nachrichten, chinesische Medien, Nachrichtenkommentare, aktuelle Ereignisse, Finanzen, Gespräche, Geschichte, Kultur, Gesundheit, Unterhaltung, Anekdoten.","Blizzards ferias peregrinationes perturbant, et XLVI miliones hominum in Civitatibus Foederatis Americae monitis hiemalibus subsunt. Multa loca in Iunctus Civitas duarum hiemalium tempestatum impulsum experiuntur. Circiter 46 miliones hominum ab aquilone Silicis ad Orientem orientis pergunt, monitis tempestatibus hiemalibus super weekend esse. Ministerium tempestatum monuit ut frigus temperaturas, nix graves et ancipites condiciones viarum graviter perturbare posse post-Gratias undas reditus. News America - In Sinis spectans media independens est in Civitatibus Foederatis Americae, conceptu vivificandae culturae traditae Sinicae. Ab anno MMI, inculcavit in nuntiandis proximis focus socialibus et traditis culturalibus argumentis. Ephemerides Sinenses in 17 regionibus inter septentrionales, Europam, Australiam et Asiam divulgata sunt. Sinae nuntium, continentem Sinarum nuntium, intus nuntium, media Sinensium, nuntium commentarium, negotia currentia, oeconomicos, sermones, historiam, culturam, salutem, oblectationem, anecdota.",China,EAS,Asia,wmo
4b5c1aa2745f358c9a59535669be84e8,2025-11-29T05:37:37Z,Thunderstorm,,www.naftemporiki.gr,el,0.8,Κακοκαιρία: Επιμένει η «Adel» με ισχυρές βροχές και καταιγίδες – Πού αναμένονται έντονα καιρικά φαινόμενα,"Iσχυρές βροχές και καταιγίδες προβλέπονται σήμερα στα νησιά του Ανατολικού Αιγαίου μέχρι το μεσημέρι και στα Δωδεκάνησα μέχρι αργά το απόγευμα, καθώς η κακοκαιρία Adel συνεχίζει να δείχνει τα «δόντια»…
Κακοκαιρία: Επιμένει η «Adel» με ισχυρές βροχές και καται…",https://www.naftemporiki.gr/society/2040038/kakokairia-epimenei-i-adel-me-ischyres-vroches-kai-kataigides-poy-anamenontai-entona-kairika-fainomena/,https://www.naftemporiki.gr/wp-content/uploads/2022/11/vroxi.jpg,http://web.archive.org/web/20251130045643/https://www.naftemporiki.gr/society/2040038/kakokairia-epimenei-i-adel-me-ischyres-vroches-kai-kataigides-poy-anamenontai-entona-kairika-fainomena/,"I , Adel «» .
 . , , , , , , . .
 .
 4 6 7 , 4 5, 6 .
 . 16 18 , 19 21 22 14 16 .
, , , . 4 5 3 4 . 09 18 .
 . . 4 5 . 07 14 .
 :
, 
: . . .
: 3 5 .
: 08 15 16 . 3 5 .
 , , , 
: , .
: 3… [+321 chars]","Bad weather: ""Adel"" persists with heavy rains and storms - Where severe weather is expected. Heavy rains and storms are forecast today in the Eastern Aegean islands until noon and in the Dodecanese until late afternoon, as the bad weather Adel continues to show its ""teeth""... Bad weather: ""Adel"" persists with heavy rains and cat...","Schlechtes Wetter: „Adel“ bleibt mit starken Regenfällen und Stürmen bestehen – Wo Unwetter erwartet werden. Heftige Regenfälle und Stürme werden heute auf den Inseln der östlichen Ägäis bis zum Mittag und auf den Dodekanes bis zum späten Nachmittag vorhergesagt, da das schlechte Wetter Adel weiterhin seine „Zähne“ zeigt... Schlechtes Wetter: „Adel“ hält an mit starken Regenfällen und Kat...","Tempestas: ""Adel"" cum imbribus et procellis persistit - Ubi gravis tempestas exspectatur. Imbres et tempestates hodie praenuntiant in insulis Aegaeis orientalibus usque ad meridiem et in Dodecanese usque ad meridiem, sicut tempestatibus Adel pergit ostendere ""dentes"".
Tempestatibus: ""Adel"" cum imbribus perseverat et...",Greece,MED,Europe,wmo
ef66069b8a4f3aee55800014c9c41de9,2025-11-29T05:40:00Z,Precipitation,,www.protothema.gr,el,0.8,Κακοκαιρία Adel: Προβλήματα χθες στην Αττική από την έντονη βροχόπτωση και το χαλάζι - Περιορισμένα φαινόμενα σήμερα,Ζημιές σε αυτοκίνητα στην Πειραιώς από πτώση δέντρου - Ξεπέρασε τα 200 mm το ύψος βροχής στα Τζουμέρκα - Πού αναμένονται σήμερα εντονότερα φαινόμενα | Καιρός | Κακοκαιρία | Ελλάδα,https://www.protothema.gr/greece/article/1734921/kakokairia-adel-provlimata-hthes-stin-attiki-apo-tin-edoni-vrohoptosi-kai-to-halazi-periorismena-fainomena-simera/,https://www.protothema.gr/images/640x360share/jpg/files/2025-11-29/lesvos.jpg,http://web.archive.org/web/20251129083845/https://www.protothema.gr/greece/article/1734921/kakokairia-adel-provlimata-hthes-stin-attiki-apo-tin-edoni-vrohoptosi-kai-to-halazi-periorismena-fainomena-simera/,", .
 - 200 mm 
. 26/11 , &amp; , 28/11, , . , ., meteo.gr / , 100 36 , 80 63 60 138 . , 3 , , 200 , , 900-1000 .

I , , . , . . , . . .2 9 , 5 12-14, 5 14-16 , 6 14, 9 14-17 , 11 15-16, 10 15-17 12… [+157 chars]",Bad weather Adel: Problems yesterday in Attica from heavy rain and hail - Limited effects today. Damage to cars in Piraeus from a falling tree - The height of rain exceeded 200 mm in Tzoumerka - Where are stronger effects expected today | Weather | Bad weather | Greece,Schlechtes Wetter Adel: Probleme gestern in Attika durch starken Regen und Hagel - Heute begrenzte Phänomene. Schäden an Autos in Piräus durch einen umstürzenden Baum - Die Regenhöhe in Tzoumerka überstieg 200 mm - Wo werden heute stärkere Auswirkungen erwartet | Wetter | Schlechtes Wetter | Griechenland,Tempestates Adel: Problemata heri in Attica de pluvia et grandine - Effectus hodierni. Damnum carris in Piraeo ex arbore caduca - Altitudo pluviae 200 mm in Tzoumerka exceditur - Ubi validiores effectus hodie exspectantur | Tempestas | Bad weather | Graecia,Greece,MED,Europe,wmo
4fbaabf0dfde0ae79341a4f017d7dfd3,2025-11-29T07:34:18Z,Thunderstorm,,www.alphafreepress.gr,el,0.7,"Κακοκαιρία Adel Αττική: Πτώσεις δέντρων, πλημμυρισμένοι δρόμοι","Η ισχυρή καταιγίδα που συνόδευσε την κακοκαιρία «Adel» έπληξε σφοδρά την Αττική το βράδυ της Παρασκευής, προκαλώντας εκτεταμένα προβλήματ",https://www.alphafreepress.gr/2025/11/29/ellada/kakokairia-adel-attiki-ptoseis-dentron-plimmyrismenoi-dromoi/,https://www.alphafreepress.gr/wp-content/uploads/2023/01/kataigida-scaled.jpg,,"«Adel» , . , , , . , , , , , . , , . , .
 , , , . , , . . , , .
 . , , . «Adel» , . , , , .","Bad weather Adel Attica: Fallen trees, flooded roads. The strong storm that accompanied the bad weather ""Adel"" hit Attica hard on Friday night, causing widespread problems","Schlechtes Wetter Adel Attika: Umgestürzte Bäume, überflutete Straßen. Der starke Sturm, der das Unwetter „Adel“ begleitete, traf Attika in der Nacht zum Freitag schwer und verursachte weitreichende Probleme","Tempestatibus Adel Atticae: Arbores lapsae, viae inundatae. Tempestas fortis, quae tempestatem ""Adel"" comitatur, Atticam in nocte Veneris proximam pulsavit, problematum latissime disseminans",Greece,MED,Europe,wmo
8de2c488d202ca3bbf3e6f4a06e0de25,2025-11-29T08:44:40Z,Thunderstorm,,www.newsit.gr,el,0.8,Η κακοκαιρία Adel επιμένει σε Ανατολικό Αιγαίο και Δωδεκάνησα με βροχές και καταιγίδες – Σε ισχύ το Red Code,"Η κακοκαιρία Adel επιμένει με έντονα φαινόμενα και αρκετές περιοχές της χώρας πέρασαν δύσκολη νύχτα με καταιγίδες και χαλάζι. Για σήμερα Σάββατο (29.11.2025) ισχυρές βροχές ... 
To άρθρο Η κακοκαιρία Adel επιμένει σε Ανατολικό Αιγαίο και Δωδεκάνησα με βροχές …",https://www.newsit.gr/ellada/i-kakokairia-adel-epimenei-se-anatoliko-aigaio-kai-dodekanisa-me-vroxes-kai-kataigides-se-isxy-to-red-code/4538565/,https://www.newsit.gr/wp-content/uploads/2025/11/6754722-1200x630.jpg,http://web.archive.org/web/20251129100606/https://www.newsit.gr/ellada/i-kakokairia-adel-epimenei-se-anatoliko-aigaio-kai-dodekanisa-me-vroxes-kai-kataigides-se-isxy-to-red-code/4538565/,"Adel .
 (29.11.2025) , .
 ADEL , , .
 . , 30 , , , .
 , , 127 , 27 49 .
  . , .
, .
, , , «MARBELA» , «MIRA MARE».
 «». .
 , , .
“RED CODE” , , , ,  , , ().
, :
 , , , , , , . .
 . 4 6 7… [+39 chars]",Bad weather Adel persists in Eastern Aegean and Dodecanese with rains and storms – Code Red is in force. Bad weather Adel persists with strong effects and several regions of the country spent a difficult night with storms and hail. For today Saturday (29.11.2025) heavy rains ... The article Bad weather Adel persists in Eastern Aegean and Dodecanese with rains ...,"Schlechtes Wetter Adel hält in der östlichen Ägäis und auf dem Dodekanes mit Regenfällen und Stürmen an – Code Red gilt. Das schlechte Wetter Adel bleibt mit starken Auswirkungen bestehen und mehrere Regionen des Landes verbrachten eine schwierige Nacht mit Stürmen und Hagel. Für heute Samstag (29.11.2025) starke Regenfälle ... 
Der Artikel Schlechtes Wetter Adel bleibt in der östlichen Ägäis und auf dem Dodekanes mit Regenfällen bestehen...","Tempestas Adel in Oriente Aegaeo et Dodecanese cum imbribus et procellis persistit – Codex Rubeus in effectu est. Tempestas Adel cum validis effectibus persistit et complures regiones regionis difficilis noctes cum procellis et grandine consumpsit. Hodie enim Sabbati (29.11.2025) imbribus .. . 
Articulus tempestatis Adel in Aegaeo et Dodecanesi orientali cum imbribus persistit.",Greece,MED,Europe,wmo
49d2209a9b214d4516d6fc864589ac31,2025-11-30T06:52:27Z,Storm,,www.bild.de,de,0.8,"Regen, Sturm und Glatteis - Kein Glühwein-Wetter zum Ersten Advent",Milde Temperaturen und Regen verhindern winterliche Stimmung zum 1. Advent in Deutschland.,https://www.bild.de/news/wetter/wetter-kein-gluehwein-wetter-zum-ersten-advent-692bcf0de9b1296b9ef98470,"https://images.bild.de/692bcf0de9b1296b9ef98470/b2dfe1bcdeafb3ed819b65839524e29a,27f3a585?w=1280",http://web.archive.org/web/20251130075148/https://www.bild.de/news/wetter/wetter-kein-gluehwein-wetter-zum-ersten-advent-692bcf0de9b1296b9ef98470,"Advent, Advent, ein Lichtlein brennt. Doch der Schnee kommt vorerst nicht zurück.
Milde Meeresluft schiebt sich wie die vergangenen Tage in weite Teile Deutschlands, so der Deutsche Wetterdienst (DW… [+1728 chars]","Rain, storm and black ice - no mulled wine weather for the first Advent. Mild temperatures and rain prevent a wintry atmosphere for the 1st Advent in Germany.","Regen, Sturm und Glatteis - Kein Glühwein-Wetter zum Ersten Advent. Milde Temperaturen und Regen verhindern winterliche Stimmung zum 1. Advent in Deutschland.","Imber, tempestas et atra glacies - no mulled wine weather for the first Advent. Temperaturae et pluviae mites prohibent atmosphaeram hiemalem primo adventu in Germania.",Germany,WCE,Europe,wmo
7498bffec8650fcd08cdbfd5d02394e9,2025-11-30T09:24:02Z,Thunderstorm,,www.newsit.gr,el,0.7,"Καιρός – Τσατραφύλλιας: Επιστρέφει η κακοκαιρία με καταιγίδες, χαλάζι και θυελλώδεις ανέμους – Δυτική και βόρεια Ελλάδα στο επίκεντρο","Με άγριες διαθέσεις επιστρέφει η κακοκαιρία, καθώς από τα μέσα της εβδομάδας θα χτυπήσει τη χώρα νέος κύκλος βροχών και καταιγίδων που θα συνοδεύονται από ... 
To άρθρο Καιρός – Τσατραφύλλιας: Επιστρέφει η κακοκαιρία με καταιγίδες, χαλάζι και θυελλώδεις ανέμο…",https://www.newsit.gr/ellada/kairos-tsatrafyllias-epistrefei-i-kakokairia-me-kataigides-xalazi-kai-thyellodeis-anemous-dytiki-kai-voreia-ellada-sto-epikentro/4539208/,https://www.newsit.gr/wp-content/uploads/2025/11/vroxi-ompreles-1-1200x630.jpg,,", .
 (03.12.2025) (7.12.2025). , .
 , . .
“   -…”
 !
 .
 , , .
 .
 , !
 , .
 !»","Weather - Tsatraphyllias: Bad weather returns with storms, hail and gale force winds - Western and northern Greece in focus. The bad weather returns with wild moods, as from the middle of the week a new round of rain and storms will hit the country, accompanied by ... 
The article Weather - Tsatraphyllias: Bad weather returns with storms, hail and gale force winds...","Wetter – Tsatraphyllias: Schlechtes Wetter kehrt mit Stürmen, Hagel und orkanartigen Winden zurück – West- und Nordgriechenland im Fokus. Das schlechte Wetter kehrt mit wilder Stimmung zurück, denn ab Mitte der Woche wird das Land von einer neuen Runde Regen und Stürmen heimgesucht, begleitet von ... 
Der Artikel Wetter - Tsatraphyllias: Schlechtes Wetter kehrt mit Stürmen, Hagel und orkanartigen Winden zurück...","Tempestas - Tsatraphyllias: Tempestas tempestatibus redit cum procellis, grandine et gale vis ventorum - Graecia occidentali et septentrionali in focus. Tempestas tempestatibus cum feris modis redit, ut a media septimana novus cyclus imbrium et tempestatum terram attinget, comitante.",Greece,MED,Europe,wmo
1dc2cbd18cb5425404a7b614229e6b84,2025-11-30T10:46:21Z,Snow&Ice,,www.tagesspiegel.de,de,0.8,Bis zu zehn Grad möglich: Deutschland startet mild in den Winter – dennoch Glättegefahr,Von Winter keine Spur: Statt Schnee kommen Anfang Dezember milde Temperaturen. Nachts und am Morgen muss laut Wetterdienst dennoch mit Glätte gerechnet werden.,https://www.tagesspiegel.de/gesellschaft/panorama/bis-zu-zehn-grad-moglich-deutschland-startet-mild-in-den-winter--dennoch-glattegefahr-14990975.html,https://www.tagesspiegel.de/images/14990972/alternates/BASE_16_9_W1400/1764504547000/wetter-in-niedersachsen.jpeg,http://web.archive.org/web/20251201072014/https://www.tagesspiegel.de/gesellschaft/panorama/bis-zu-zehn-grad-moglich-deutschland-startet-mild-in-den-winter--dennoch-glattegefahr-14990975.html,"Zum meteorologischen Winteranfang an diesem Montag kommt mildere Luft nach Deutschland. Stellenweise können in der neuen Woche bis zu zehn Grad erreicht werden, wie der Deutsche Wetterdienst (DWD) vo… [+1707 chars]","Up to ten degrees possible: Germany starts the winter mildly - but there is still a risk of slippery conditions. No sign of winter: instead of snow, mild temperatures arrive at the beginning of December. According to the weather service, slippery conditions can still be expected at night and in the morning.",Bis zu zehn Grad möglich: Deutschland startet mild in den Winter – dennoch Glättegefahr. Von Winter keine Spur: Statt Schnee kommen Anfang Dezember milde Temperaturen. Nachts und am Morgen muss laut Wetterdienst dennoch mit Glätte gerechnet werden.,"Usque ad decem gradus fieri potest: Germania hiemem leniter incipit - sed periculum est adhuc condiciones lubricae. Nullum hiemis signum: loco nivis, temperaturae lenis ineunte Decembri perveniunt. Secundum tempestatis officium, condiciones lubricae adhuc noctu et mane exspectari possunt.",Germany,WCE,Europe,wmo
38ac61acaa99857625ca67a837819fa9,2025-11-30T22:46:00Z,Earthquake,,www.protothema.gr,el,0.7,"Σεισμός 3,2 Ρίχτερ στην Ηλεία",Το επίκεντρο της δόνησης εντοπίστηκε 5 χιλιόμετρα δυτικά βορειοδυτικά του Γιαννιτσοχωρίου | Σεισμός | Ηλεία | Ελλάδα,https://www.protothema.gr/greece/article/1735513/seismos-32-rihter-stin-ileia/,https://www.protothema.gr/images/640x360share/jpg/files/2025-12-01/mixcollage-01-dec-2025-12-44-am-4343.jpg,http://web.archive.org/web/20251130233819/https://www.protothema.gr/greece/article/1735513/seismos-32-rihter-stin-ileia/,"To view this video please enable JavaScript, and consider upgrading to a
 web browser that supports HTML5 video",3.2 Richter earthquake in Ilia. The epicenter of the tremor was located 5 kilometers west-northwest of Giannitsochori | Earthquake | Ilia | Greece,"3,2 Richter-Erdbeben in Ilia. Das Epizentrum des Bebens lag 5 Kilometer westnordwestlich von Giannitsochori | Erdbeben | Ilia | Griechenland",3.2 Turnebus terrae motus in Ilia. Tremoris epicenter sita erat 5 chiliometrorum occidentalium septentrionalium Giannitsochori | Terrae motus | Ilia | Graecia,Greece,MED,Europe,usgs
