index,published,extreme,topic,domain,language,valid,title,description,url,image,archive,content,en,de,la,country,ipcc,continent,feed
6f3d849a1fcbc0d6d6ee17c1e2fb3b1a,2026-07-01T00:12:01Z,Storm,,observador.pt,pt,0.3,As notícias da 1h,As notícias na Rádio Observador. Aconteça o que acontecer.,https://observador.pt/programas/noticiario/as-noticias-da-1h-2310/,https://bordalo.observador.pt/v2/rs:fill:770:403/c:770:433:nowe:0:0/q:70/f:webp/plain/https://s3.observador.pt/wp-content/uploads/2026/06/15153459/770-podcast-noticiario.png,,"Esta transcrição foi gerada automaticamente por Inteligência Artificial e pode conter erros ou imprecisões.Uma hora. As notícias com Ricardo Lopes.
Muito boa noite. A onda de calor que se aproxima p… [+7506 chars]",The 1am news. News on Radio Observador. Whatever happens.,Die 1-Uhr-Nachrichten. Nachrichten auf Radio Observador. Was auch immer passiert.,De 1am noui. Nuntii in Radio Observatore. Quicquid fit.,Vanuatu,SPO,Oceania,wmo
13f43d03ce1ca4b9304026d6e8ce2bf2,2026-07-01T00:17:10Z,Heat Wave,,www.aljazeera.net,ar,0.9,أوروبا تذوب حرا وحكوماتها تواصل دفن رؤوسها في الرمال,كانت موجة الحر التي شهدتها أوروبا مؤخرا مشهدا من مستقبل يقترب بسرعة، حيث تكررت هذه الارتفاعات الكبيرة في درجات الحرارة بشكل سنوي، بينما تواصل الحكومات التعامل معها كأزمة طارئة.,https://www.aljazeera.net/misc/2026/7/1/%d8%a3%d9%88%d8%b1%d9%88%d8%a8%d8%a7-%d8%aa%d8%b0%d9%88%d8%a8-%d8%ad%d8%b1%d8%a7-%d9%88%d8%ad%d9%83%d9%88%d9%85%d8%a7%d8%aa%d9%87%d8%a7-%d8%aa%d9%88%d8%a7%d8%b5%d9%84-%d8%af%d9%81%d9%86,https://www.aljazeera.net/wp-content/uploads/2026/06/afp_6a3d4ad361f4-1782401747.jpg?resize=1920%2C1440,http://web.archive.org/web/20260701040902/https://www.aljazeera.net/misc/2026/7/1/%D8%A3%D9%88%D8%B1%D9%88%D8%A8%D8%A7-%D8%AA%D8%B0%D9%88%D8%A8-%D8%AD%D8%B1%D8%A7-%D9%88%D8%AD%D9%83%D9%88%D9%85%D8%A7%D8%AA%D9%87%D8%A7-%D8%AA%D9%88%D8%A7%D8%B5%D9%84-%D8%AF%D9%81%D9%86,".
 / 2025 44 .
list of 2 items<ul><li>list 1 of 2.. </li><li>list 2 of 2 .. </li></ul>end of list
   .
 .
 """" 22 / 2026 ()
. .
 16 7 11 .
 14 35 .
 35 36 . 10 .
 22 / 2026 ()
3 .
 .
 .
… [+126 chars]","Europe is melting free and its governments continue to bury their heads in the sand. The recent heat wave in Europe was a spectacle of a rapidly approaching future, as these large temperature rises were repeated on an annual basis, while governments continue to treat it as an emergency.","Europa schmilzt dahin und seine Regierungen stecken weiterhin den Kopf in den Sand. Die jüngste Hitzewelle in Europa war ein Spektakel einer sich schnell nähernden Zukunft, da sich diese großen Temperaturanstiege jedes Jahr wiederholten, während die Regierungen sie weiterhin als Notfall behandeln.","Europa liberam tabescit eiusque imperia capita in arena sepeliunt. Recens fluctus aestus in Europa futurum spectaculum erat celeritatis, quod haec magna temperatura oritur in annuo fundamento iterata, cum gubernationes subitis agere pergunt.",,,,random
2c93742b3d23ab2db2b6498bc6872f7f,2026-07-01T00:30:00Z,Heat Wave,,www.toodaylab.com,zh,0.3,今日消费资讯：TOP 登陆少年成为 Prada 品牌大使、KENZO 发布 2027 春夏系列,《喜剧之王单口季》第三季定档 7 月 3 日6 月 30 日，《喜剧之王单口季》第三季宣布回归，节目将从 7 月 3 日开始在爱奇艺上线，每周五、周六 12 点爱奇艺会员抢先看一周。本季主持人仍然是庞博，气氛组组长包括了郭麒麟、黄渤和马思纯，喜单老友有付航、李雪琴、王建国和小鹿。成都东郊记忆举行“东方正火 5 周年大赏”6 月 30 日，成都东郊记忆举行“东方正火 5 周年大赏”，庆祝东方正火在 2021 年接手运营东郊记忆并启动提档升级的 5 周年。活动在全天带来了分时段多元特色内容，在日间开放了“东方正火主理…,https://www.toodaylab.com/84100,,,"7 3 
6 30 7 3 12 
5 
6 30 5 2021 5 
· 12 
12 
2026 5 83 MASONPRINCEPUMATOPTOY 
TOP Prada 
6 30 Prada TOP TransfOrm Project Prada 
·
6 30 ·Omar Sy
KENZO 2027 
6 25 KENZO 2027 1976 NIGO 
N… [+63 chars]","Today's consumer news: TOP teenager becomes Prada brand ambassador, KENZO releases 2027 spring and summer series. The third season of ""The King of Comedy"" is scheduled to be released on July 3 and June 30. The third season of ""The King of Comedy"" announced its return. The show will be launched on iQiyi starting from July 3, and iQiyi members can watch it for a week at 12 o'clock every Friday and Saturday. The host of this season is still Pang Bo, the atmosphere team leaders include Guo Qilin, Huang Bo and Ma Sichun, and the Xidan old friends include Fu Hang, Li Xueqin, Wang Jianguo and Xiaolu. Chengdu Dongjiao Memory held the ""Dongfang Zhenghuo 5th Anniversary Award"". On June 30, Chengdu Dongjiao Memory held the ""Dongfang Zhenghuo 5th Anniversary Award"" to celebrate the 5th anniversary of Dongfang Zhenghuo taking over the operation of Dongfang Zhenghuo in 2021 and launching the upgrade. The event brought a variety of special content in different time periods throughout the day, and opened the ""Oriental Zhenghuo Hosted..."" during the day.","Heutige Verbrauchernachrichten: TOP-Teenager wird Prada-Markenbotschafter, KENZO veröffentlicht Frühjahrs- und Sommerserie 2027. Die Veröffentlichung der dritten Staffel von „The King of Comedy“ ist für den 3. Juli und 30. Juni geplant. Die dritte Staffel von „The King of Comedy“ kündigte ihre Rückkehr an. Die Show wird ab dem 3. Juli auf iQiyi gestartet und iQiyi-Mitglieder können sie eine Woche lang jeden Freitag und Samstag um 12 Uhr ansehen. Der Gastgeber dieser Saison ist immer noch Pang Bo, zu den Anführern des Atmosphärenteams gehören Guo Qilin, Huang Bo und Ma Sichun, und zu den alten Freunden von Xidan gehören Fu Hang, Li Xueqin, Wang Jianguo und Xiaolu. Chengdu Dongjiao Memory erhielt den „Dongfang Zhenghuo 5th Anniversary Award“. Am 30. Juni verlieh Chengdu Dongjiao Memory den „Dongfang Zhenghuo 5th Anniversary Award“, um den 5. Jahrestag der Übernahme des Betriebs von Dongfang Zhenghuo durch Dongfang Zhenghuo im Jahr 2021 und der Einführung des Upgrades zu feiern. Die Veranstaltung brachte den ganzen Tag über eine Vielzahl besonderer Inhalte zu unterschiedlichen Zeiten und eröffnete tagsüber das „Oriental Zhenghuo Hosted…“.","Hodiernae nuntius consumptor: TOP teenager legatus notam fit Prada, KENZO emittit seriem 2027 ver et aestatis. Tertium tempus ""Rex Comoediae"" die 3 iulii et iunii 30 horarium solvendum est. Tertium tempus ""Rex Comoediae"" reditum suum nuntiavit. Spectaculum in iQiyi incipiendo ab Iulio III deducetur, et membra iQiyi per septimanam ad 12 horam omnem Veneris et Sabbati vigilare possunt. Exercitum huius temporis adhuc est Pang Bo, atmosphaerae duces includunt Guo Qilin, Huang Bo et Ma Sichun, et Xidan veteres amici includunt Fu Hang, Li Xueqin, Wang Jianguo et Xiaolu. Chengdu Dongjiao Memoria tenuit ""Dongfang Zhenghuo 5th Anniversary lacus"". Die 30 Iunii, Chengdu Dongjiao Memoria tenuit ""Dongfang Zhenghuo 5th Anniversarium Award"" celebrare 5th anniversarium Dongfang Zhenghuo suscepto operatione Dongfang Zhenghuo in 2021 et immissa upgrade. Eventus varias praecipuas continentiae diversis temporibus per totum diem attulit et ""Orientalem Zhenghuo Hosted ..."" interdiu aperuit.",China,EAS,Asia,wmo
30f1bf716a14a0ed4cfb6bdb51e8ee8d,2026-07-01T01:02:52Z,Earthquake,,www.elmundo.es,es,0.3,EEUU respalda al gobierno de Delcy en la polémica sobre la cifra de víctimas del doble terremoto,"El respaldo de Washington al gobierno encargado de Delcy Rodríguez no se ha resquebrajado tras el doble terremoto del Día de San Juan. Todo lo contrario. ""He visto con mis...",https://www.elmundo.es/internacional/2026/07/01/6a4466ab21efa01a498b45a6.html,https://e01-phantom-elmundo.uecdn.es/edd1fdb643ac77020300cae2441a7266/resize/1200/f/webp/assets/multimedia/imagenes/2026/07/01/17828675183830.jpg,,"El respaldo de Washington al gobierno encargado de Delcy Rodríguez no se ha resquebrajado tras el doble terremoto del Día de San Juan. Todo lo contrario. ""He visto con mis propios ojos el tamaño de e… [+2177 chars]","The US supports the Delcy government in the controversy over the number of victims of the double earthquake. Washington's support for the government in charge of Delcy Rodríguez has not wavered after the double earthquake on St. John's Day. Quite the opposite. ""I have seen with my...",Die USA unterstützen die Delcy-Regierung in der Kontroverse um die Zahl der Opfer des Doppelbebens. Washingtons Unterstützung für die Regierung unter Delcy Rodríguez hat nach dem Doppelbeben am St. John's Day nicht nachgelassen. Ganz im Gegenteil. „Ich habe mit meinem... gesehen,"US regimen Delcy in controversia super numerum victimarum duplicis terrae motus sustinet. Vindobonae subsidium rei publicae praefectum Rodríguez Delcy non vacillavit post duplex terrae motus die S. Ioannis. Prorsus contrarium. ""Vidi cum meis...",Chile,SWS,South-America,usgs
b231dbc2cb0d5ea6a2b6597760c0ee2a,2026-07-01T01:06:38Z,Heat Wave,,www.cnbeta.com.tw,zh,0.3,英国近1700名投资者在伦敦起诉币安 索赔至少1.5亿英镑,"6月30日，近1700名英国投资者在伦敦高等法院对全球大型加密货币交易平台币安及其创始人赵长鹏提起集体诉讼，指控其在未获英国金融监管机构授权的情况下，向本国散户投资者销售高风险、结构复杂的加密货币衍生品，要求赔偿至少1.5亿英镑（约合2亿美元）损失 。
原告称，自2019年底起，币安相关实体在英国市场持续提供包括高杠杆合约在内的多种衍生产品，并通过线上推广、营销活动等方式向散户投资者宣传这些产品，却未履行相应的合规义务，也未充分披露风险，违反了英国《金融服务和市场法》的有关规定 。根据提交给伦敦高等法院的材料，…",https://www.cnbeta.com.tw/articles/tech/1567434.htm,https://static.cnbetacdn.com/thumb/article/2021/0628/408e62577d0dfcf.jpg,,"2019 
 Binance Holdings Nest Exchange","Nearly 1,700 investors in the UK sued Binance in London, claiming at least 150 million pounds. On June 30, nearly 1,700 British investors filed a class action lawsuit against Binance, a global large-scale cryptocurrency trading platform, and its founder Changpeng Zhao in the London High Court, accusing it of selling high-risk and complex cryptocurrency derivatives to domestic retail investors without authorization from the British financial regulator, demanding compensation of at least 150 million pounds (approximately US$200 million) in losses.
The plaintiff claimed that since the end of 2019, Binance-related entities have continued to provide a variety of derivative products, including highly leveraged contracts, in the British market, and promoted these products to retail investors through online promotions, marketing activities, etc., but failed to fulfill corresponding compliance obligations and fully disclose risks, violating the relevant provisions of the British Financial Services and Markets Act. According to materials submitted to the High Court in London,…","Fast 1.700 Anleger in Großbritannien verklagten Binance in London und forderten mindestens 150 Millionen Pfund. Am 30. Juni reichten fast 1.700 britische Investoren beim Londoner High Court eine Sammelklage gegen Binance, eine globale große Kryptowährungs-Handelsplattform, und deren Gründer Changpeng Zhao ein. Sie warfen dem Unternehmen vor, ohne Genehmigung der britischen Finanzaufsicht risikoreiche und komplexe Kryptowährungsderivate an inländische Privatanleger verkauft zu haben, und forderten eine Entschädigung von mindestens 150 Millionen Pfund (ca. 200 Millionen US-Dollar) an Verlusten.
Der Kläger machte geltend, dass mit Binance verbundene Unternehmen seit Ende 2019 weiterhin eine Vielzahl von Derivatprodukten, einschließlich stark gehebelter Verträge, auf dem britischen Markt angeboten und diese Produkte durch Online-Werbeaktionen, Marketingaktivitäten usw. bei Privatanlegern beworben hätten, dabei jedoch die entsprechenden Compliance-Verpflichtungen nicht erfüllt und Risiken nicht vollständig offengelegt hätten, was gegen die einschlägigen Bestimmungen des britischen Financial Services and Markets Act verstoße. Den dem High Court in London vorgelegten Unterlagen zufolge…","Fere 1,700 investitores in UK Binance in London petiverunt, petentes saltem 150 miliones librarum. Die 30 Iunii prope mille septingentesimi collocatores Britanniae genus actionis litis contra Binance, globalem magnarum cryptocurrentiae suggestum negotiandi, et conditor eius Changpeng Zhao in High Court Londinii, accusans eam venditionis summus periculum et multiplex derivationes cryptocurrentiae ad obsidetores domesticos sine licentia a oeconomo Britannico moderante, recompensationem postulans saltem 150 decies centena milia librarum.
Actor asseruit post finem MMXIX, Binance-related entias persevero varias productorum derivativas, incluso valde leveraged contractus, in foro Britannico, et hos fructus ad investitores scruta per promotiones online, mercatus actiones, etc., sed neglexit adimplere debita obsequia et pericula plene detegere, violare praescripta servitii Britannici Financial et mercatus Act. Secundum materias quae in Londinii aula altae sunt,…",China,EAS,Asia,wmo
42f89629df4ea4f3b204882d3b83baaa,2026-07-01T01:53:28Z,Storm,,blog.919.bz,ja,0.6,THE NORTH FACE ヌプシアンクルウォーマー【NN62526】がタイムセール特価！,"THE NORTH FACE ヌプシアンクルウォーマー【NN62526】がタイムセール特価になっていますよ！他店最安7,400円なのでどれも安くなっていますが、特に安くなっているのは下記！
■M-Lサイズ ロックスバリーピンク→ 3,385円送料無料
■M-Lサイズ ブラック→ 4,951円送料無料＋P1...",https://blog.919.bz/archives/51689077.html,,,"THE NORTH FACE ヌプシアンクルウォーマー【NN62526】がタイムセール特価になっていますよ！他店最安7,400円なのでどれも安くなっていますが、特に安くなっているのは下記！
■M-Lサイズ ロックスバリーピンク→ 3,385円送料無料
■M-Lサイズ ブラック→ 4,951円送料無料＋P13%
■S-Mサイズ ブラック→ 3,818円送料無料
■S-Mサイズ グレー→ 3,937… [+185 chars]","THE NORTH FACE Nuptian ankle warmer [NN62526] is on special time sale price! THE NORTH FACE Nuptian Clem Warmer [NN62526] is now on sale! The lowest price at other stores is 7,400 yen, so all of them are cheaper, but the ones that are especially cheap are listed below!
■M-L size Roxbury pink → 3,385 yen free shipping
■M-L size Black → 4,951 yen free shipping + P1...","Der Nuptian-Knöchelwärmer von THE NORTH FACE [NN62526] ist zum Sonderpreis erhältlich! THE NORTH FACE Nuptian Clem Warmer [NN62526] ist jetzt im Angebot! Der niedrigste Preis in anderen Geschäften beträgt 7.400 Yen, also sind alle günstiger, aber die besonders günstigen sind unten aufgeführt!
■M-L Größe Roxbury Pink → 3.385 Yen kostenloser Versand
■M-L Größe Schwarz → 4.951 Yen kostenloser Versand + P1...","NUPTIANA TALUS NORTHALIS FACIES calidior [NN62526] est in speciali pretio venditionis! NORTH FACE Nuptian Clem Warmer [NN62526] nunc deminutum est! Pretium vilissimum in aliis thesauris est 7,400 nummorum, ideo omnes viliores sunt, sed quae praecipue vilia sunt infra recensentur!
■ M-L magnitudo Roxbury rosea → 3,385 nummorum Iaponensium free shipping
■M-L size Black → 4,951 yen free shipping + P1...",Paraguay,SES,South-America,wmo
c71d71eb7b9595be72f1d868ee87a44d,2026-07-01T02:00:00Z,Landslide,,36kr.com,zh,0.2,告别硬件出海上一个十年，前安克CMO做了款AI时代的Memory产品｜硬氪专访,"作者｜黄楠
 编辑｜袁斯来
 2024年，当王时远从工作了9年的安克辞职时，他发现自己面对的是一个全新的世界。
 王时远亲历了硬件出海的黄金十年，是国内最早搭建海外营销体系、建立规则的那批人。他2015年加入安克，先做海外，后做国内，从安克CMO到转任中国区总裁，最多的时候带了四五百人的团队。
 2025年，从安克离开创业时，出海硬件创业已经有一套成熟的流程：打样、上众筹、以众筹成绩去融资，最后量产。可王时远看到，这条路的ROI越来越低。众筹项目越来越多，却大部分是赔本赚吆喝。海外的营销渠道，已经从过去Meta、…",https://36kr.com/p/3867992509125636,"https://img.36krcdn.com/hsossms/20260625/v2_1a16f11d77324f239d63b331b15e9290@6022551_oswg71111oswg1053oswg495_img_jpg?x-oss-process=image/resize,m_mfit,w_600,h_400,limit_0/crop,w_600,h_400,g_center",,"20249
2015CMO
2025ROIMetaGoogleKOL MetaKickstarter
AIAIAI
AI Memory
MemoketAI Memory113020AgentContext
Memoket Gem/
MemoketAIAI Agent
AI90%Agent
CEO
MetaKickstarter
i
perform
PMF
2
201… [+680 chars]","Saying goodbye to the hardware market for a decade, the former Anke CMO made a Memory product for the AI era | Hard Krypton interview. Author | Huang Nan
 Editor｜Yuan Silai
 In 2024, when Wang Shiyuan resigned from Anke, where he had worked for 9 years, he found that he was facing a brand new world.
 Wang Shiyuan has personally experienced the golden decade of hardware going overseas, and was among the first people in China to build an overseas marketing system and establish rules. He joined Anker in 2015 and worked overseas first and then domestically. From CMO of Anker to President of China, he led a team of four to five hundred people at most.
 In 2025, when Anke left to start a business, there was already a mature process for overseas hardware entrepreneurship: prototyping, crowdfunding, financing based on crowdfunding results, and finally mass production. But Wang Shiyuan saw that the ROI of this road was getting lower and lower. There are more and more crowdfunding projects, but most of them are making money at a loss. Overseas marketing channels have changed from the past Meta,...","Der ehemalige CMO von Anke verabschiedete sich für ein Jahrzehnt vom Hardware-Markt und entwickelte ein Speicherprodukt für die KI-Ära | Hard Krypton-Interview. Autor | Huang Nan
 Herausgeber｜Yuan Silai
 Als Wang Shiyuan im Jahr 2024 bei Anke kündigte, wo er neun Jahre lang gearbeitet hatte, stellte er fest, dass er vor einer völlig neuen Welt stand.
 Wang Shiyuan hat das goldene Jahrzehnt der Hardware-Einführung ins Ausland persönlich miterlebt und gehörte zu den ersten Menschen in China, die ein Marketingsystem für Übersee aufgebaut und Regeln festgelegt haben. Er kam 2015 zu Anker und arbeitete zunächst im Ausland und dann im Inland. Vom CMO von Anker bis zum Präsidenten von China leitete er ein Team von höchstens vier- bis fünfhundert Leuten.
 Als Anke im Jahr 2025 ging, um ein Unternehmen zu gründen, gab es bereits einen ausgereiften Prozess für das Hardware-Unternehmertum im Ausland: Prototyping, Crowdfunding, Finanzierung auf der Grundlage von Crowdfunding-Ergebnissen und schließlich Massenproduktion. Aber Wang Shiyuan sah, dass der ROI dieser Straße immer geringer wurde. Es gibt immer mehr Crowdfunding-Projekte, aber die meisten davon erwirtschaften Verluste. Die Marketingkanäle im Ausland haben sich gegenüber der Vergangenheit verändert. Meta,...","Dicens vale ad forum ferrarium per decennium, prior Anke CMO memoriam producti fecit pro era AI | Colloquium Krypton Hard. Author | Huang Nan
 Editor｜Yuan Silai
 In 2024, cum Wang Shiyuan ab Anke renuntiavit, ubi per IX annos laboraverat, notam novum mundum adversus se invenit.
 Wang Shiyuan ipse expertus est aureum decennium hardware transmarinae profectionis, et inter primos homines in Sinis ad systema transmarinum venalicium aedificandum et regulas instituendas. Anker anno 2015 se coniunxit et transmarinas primum ac deinde domestice laboravit. Ex CMO Anker ad Praesidem Sinarum quadrigam quattuor ad quingentos homines plus ducebat.
 Anno 2025, cum Anke negotium incipere reliquit, iam matura processio erat ad conducendum hardware transmarinas: prototyping, turbae funding, imperdiet nixus proventuum frequentium, ac tandem productionis massae. Sed Wang Shiyuan vidit ROI de hac via questus inferior et inferior. Plures ac frequentiores incepta sunt, sed plerique haesitantes pecuniam faciunt. Transmarinae canales venalicium mutatae sunt a Meta praeteriti...",China,EAS,Asia,wmo
33ff43868d197a0ba4c588b41a19516e,2026-07-01T02:00:38Z,Storm,,news.livedoor.com,ja,0.7142857142857143,【松坂屋名古屋店】東海エリア初出店！　バニラスイーツ専門ブランド「バニラージュ」7月1日グランドオープン,若尾製菓は7月1日、東海エリア初出店となるバニラスイーツ専門店「バニラージュ」新店舗を松坂屋名古屋店 本館地下1階にグランドオープンします。■さっくり食感の濃厚なバニラ香るマカロン【人気商品】グラス・マカロン・パリジャン5個入マカロンの生地の外側は「クッキーとマシュマロを合わせたような食感」、内側は「最中やキャラメルのような食感」を楽しめます。口に含むと崩れた生地がとろけて、中に挟まったガナッシュクリームと一緒になり、より濃厚な味わいとバニラの香りが 全文マイナビウーマン 07月01日 11時00分,https://news.livedoor.com/article/detail/31709062/,https://image.news.livedoor.com/newsimage/stf/0/1/01e5a_137_044214d8_55a565af.jpg,,"71 1
5
Basic flavorMost vanilly
OPENOPEN1
OPEN12,700717550454
460-8430 3-16-1 1050-1782-7000
165
 https://www.matsuzakaya.co.jp/nagoya/topics/5_trendy_main_newandrenewal_vanillage.html","[Matsuzakaya Nagoya store] First store in Tokai area! Grand opening of vanilla sweets specialty brand ""Vanillage"" on July 1st. Wakao Seika will grand open the new vanilla sweets specialty store ""Vanillage"" on July 1st, the first store in the Tokai area, on the first basement floor of the main building of Matsuzakaya Nagoya store. ■A rich vanilla scented macaron with a crunchy texture [Popular item] Glass Macaron Parisian 5 pieces The outside of the macaron dough has a ``texture like a combination of cookies and marshmallows,'' while the inside has a ``texture like caramel.'' When you put it in your mouth, the crumbled dough melts and combines with the ganache cream sandwiched inside, creating a richer taste and vanilla scent.Full text Mynavi Woman July 1, 11:00","[Matsuzakaya Nagoya-Laden] Erster Laden in der Gegend von Tokai! Feierliche Eröffnung der Vanille-Süßwaren-Spezialitätenmarke „Vanillage“ am 1. Juli. Wakao Seika wird am 1. Juli das neue Fachgeschäft für Vanillesüßigkeiten „Vanillage“ feierlich eröffnen, das erste Geschäft im Tokai-Gebiet, im ersten Untergeschoss des Hauptgebäudes des Matsuzakaya Nagoya-Geschäfts. ■Ein reichhaltiger, nach Vanille duftender Macaron mit knuspriger Textur [Beliebter Artikel] Glass Macaron Parisian 5 Stück Die Außenseite des Macaron-Teigs hat eine „Textur wie eine Kombination aus Keksen und Marshmallows“, während die Innenseite eine „Textur wie Karamell“ hat. Wenn Sie ihn in den Mund nehmen, schmilzt der zerbröckelte Teig und verbindet sich mit der darin eingelegten Ganache-Creme, wodurch ein reicherer Geschmack und Vanilleduft entsteht.Volltext Mynavi Woman Juli 1, 11:00","[Matsuzakaya Nagoya copia] Primum copia in Tokai area! Grand foramen vanillae dulcia proprium notam ""Vanillage"" die 1 iulii. Wakao Seika patefaciet nova vanilla dulcia specialitatis copia ""Vanillage"" Kalendis Iuliis, prima copia in area Tokai, in prima area fundationis principalis aedificationis Matsuzakaya Nagoya copia. ■ Vanilla olentis macaron dives cum crunchy textura [Popular item] Vitri Macaron Parisini 5 frusta. Extra macaronis farinam habet `textam sicut iuncturam crustulorum et palustrorum,'' dum intus habet `textura sicut caramel.'' Cum in ore tuo imposuisti, massam massam liquefacit et cum ganache condenso texta mea cremorem pinguem facit et cum ganache crepitum meum cremorem facit. Mulier Iulii 1, 11:00",,,,random
467850b26b0a6be5586423ef6ccbe61f,2026-07-01T02:00:47Z,Tsunami,,moeyo.com,ja,0.5714285714285714,あみあみ「高チツ圧アイドル 明星りぃな illustration by 安藤周記」の「可愛らしいアイドルの痴態」とか 5年前の今日はどんなことがあった？01.07.2021,およそ20年の歴史を持つmoeyo.comの記事から「5年前の今日はどんなことがあった？」ということを振り返っていこうと思います！気になる記事は是非リンク先にてご確認ください！ 01.07.2021 Moeyo.com News ■可愛いにっこり顔も付属！『８６―エイティシックス―』ヴラディレーナ・ミリーゼがS.H.Figuartsでアクションフィギュア化！ ■『艦これ』陽炎型 駆逐艦13番艦 浜風乙改がAMAKUNIよりフィギュア化！背部の艤装を外した「軽装Ver.」でのディスプレイも可能！ ■白身魚で作った「…,https://moeyo.com/article/163489,,,B-STYLE Ver. 1/4 Ver. 1/8 1/6 ver NEW LINK 1/4 ver -Pelecanus 1/73rd Ver. 1/7Vsinger Ver. 1/8 1/7 / illustration by 1/6,"AmiAmi's ""High Tits Idol Rina Myojo Illustration by Shuki Ando"" ""Adorable Idol's Silliness"" What happened 5 years ago today? 01.07.2021. I would like to look back on ""What happened 5 years ago today?"" from an article on moeyo.com, which has a history of about 20 years! Please check the link for the article you are interested in! 01.07.2021 Moeyo.com News ■A cute smiling face is also included! ""86-Eighty Six-"" Vladilena Milise is made into an action figure by S.H.Figuarts! ■``KanColle'' Kagero-class destroyer No. 13 Hamakaze Otokai is now a figure from AMAKUNI! It is also possible to display the ""light armored version"" with the back rigging removed! ■Made with white fish...","AmiAmis „High Tits Idol Rina Myojo Illustration von Shuki Ando“ „Adorable Idol's Silliness“ Was ist heute vor 5 Jahren passiert? 01.07.2021. Ich würde gerne zurückblicken auf „Was ist heute vor 5 Jahren passiert?“ aus einem Artikel auf moeyo.com, der eine Geschichte von etwa 20 Jahren hat! Bitte überprüfen Sie den Link für den Artikel, der Sie interessiert! 01.07.2021 Moeyo.com News ■Ein süßes lächelndes Gesicht ist ebenfalls enthalten! „86-Eighty Six-“ Vladilena Milise wird von S.H.Figuarts in eine Actionfigur verwandelt! ■ „KanColle“ Der Zerstörer der Kagero-Klasse Nr. 13 Hamakaze Otokai ist jetzt eine Figur von AMAKUNI! Es ist auch möglich, die „leicht gepanzerte Version“ ohne hintere Beschläge auszustellen! ■Hergestellt aus Weißfisch...","AmiAmi scriptor ""High Tits Idol Rina Myojo Illustratio Shuki Ando"" ""Idolorum Idolorum ineptiarum"" Quid abhinc 5 annos factum est hodie? 01.07.2021. Velim videre ""Quid V abhinc annis accidit hodie?"" ex articulo moeyo.com, quod habet historiam circiter XX annorum! Please check the link for the article you are interested in! 01.07.2021 Moeyo.com News ■ Bellus blanditur vultus etiam includitur! ""86-Octoginta Six-"" Vladilena Milise facta est in actione figurae a S.H.Figuarts! ■``KanColle'' Kagero-classis eversor No. 13 Hamakaze Otokai nunc figura est ab AMAKUNI! Potest etiam ostendere ""versio levis armaturae"" cum armamentis a tergo remotis! ■Piscibus albis factus...",,,,random
0eaf264ea892be5a0a2363a33d8823f6,2026-07-01T04:00:00Z,Drought,,entabe.jp,ja,0.25,【2026年7月】幸楽苑・大阪王将・餃子の王将・三田製麺所が競う！夏の麺・冷し中華＆つけ麺最新情報特集,幸楽苑の魚介豚骨つけめんから大阪王将の涼麺、餃子の王将のお得なセット、三田製麺所の超特盛つけ麺まで、2026年夏に登場する注目の麺メニューを一気にご紹介します。,https://entabe.jp/60775/2026-july-noodles-news-koshien-osakaohsho-mita,https://image.entabe.jp/upload/20260629/images/026-06-29_142825.jpg,,"幸楽苑「魚介豚骨つけめん」が期間限定で復活
幸楽苑では2026年6月30日から、濃厚な魚介豚骨つけめんを期間限定で販売します。豚骨スープに鰹と煮干しの風味を加え、背脂でコクと甘みを引き出した濃厚なつけダレが魅力です。冷盛と熱盛から選べるほか、餃子やチャーハンとのセットはお得な価格で楽しめます。プレミアムチャーシューなど具材も充実しており、満足感の高い一杯です。
大阪王将「五目冷やし中華」で王… [+970 chars]","[July 2026] Korakuen, Osaka Osho, Gyoza Osho, and Mita Seimenjo compete! Special feature on the latest information on summer noodles, chilled Chinese food, and tsukemen. We'll be introducing the hottest noodle menus that will be available in the summer of 2026, from Kourakuen's seafood and pork bone tsukemen to Osaka Osho's cool noodles, gyoza Osho's value set, and Mita Seimenjo's super special tsukemen.","[Juli 2026] Korakuen, Osaka Osho, Gyoza Osho und Mita Seimenjo treten gegeneinander an! Sonderbeitrag mit den neuesten Informationen zu Sommernudeln, gekühltem chinesischem Essen und Tsukemen. Wir stellen die heißesten Nudelmenüs vor, die im Sommer 2026 erhältlich sein werden, von Kourakuens Meeresfrüchten und Schweineknochen-Tsukemen über Osaka Oshos coole Nudeln, Gyoza Oshos Vorteilsset bis hin zu Mita Seimenjos ganz besonderen Tsukemen.","[July 2026] Korakuen, Osaka Osho, Gyoza Osho, et Mita Seimenjo certant! Peculiaris notatio in recentissimis informationibus de noodles aestivis, cibum Sinensem frigidum, et tsukemen. Menus noodle calidissimus nos inducemus qui in aestate anni 2026 praesto erunt, ex ossis maritimis Korakuen et tsukemen os suillae ad Osaka Osho noodles frigidos, gyoza Osho appositum valorem, et Mita Seimenjo super speciales tsukemen.",Equatorial Guinea,WAF,Africa,edo
40afda947c78f05aa9e494d5e40bd5a5,2026-07-01T04:00:00Z,Earthquake,,www.hurriyet.com.tr,tr,0.9,Venezuela sokakları ölüm kokuyor,"Venezuela’yı geçen hafta ardı ardına vuran 7.2 ve 7.5 büyüklüğündeki iki depremin ardından enkazlardan gelen ‘iyi’ haberlerin sayısı azalırken, başkent Karakas başta olmak üzere birçok kentin sokaklarını ‘ölüm kokusu’ kapladı.",https://www.hurriyet.com.tr/dunya/venezuela-sokaklari-olum-kokuyor-43224598,https://image.hurimg.com/i/hurriyet/90/0x0/6a44499c17033712806fb8a7.jpg,http://web.archive.org/web/20260702022811/https://www.hurriyet.com.tr/dunya/venezuela-sokaklari-olum-kokuyor-43224598,"Oluturulma Tarihi: Temmuz 01, 2026 07:00
p&gt;ABD merkezli CNNe göre depremlerden yaklak 24 saat sonra enkazlardan yükselmeye balayan ar koku, aradan geçen günlerle birlikte yayld. Yetkililer en az … [+1259 chars]","The streets of Venezuela smell of death. While the number of 'good' news coming from the rubble decreased after the two earthquakes of 7.2 and 7.5 magnitudes that hit Venezuela consecutively last week, the 'smell of death' covered the streets of many cities, especially the capital Caracas.","Die Straßen Venezuelas riechen nach Tod. Während die Zahl der „guten“ Nachrichten aus den Trümmern nach den beiden Erdbeben der Stärke 7,2 und 7,5, die Venezuela letzte Woche nacheinander erschütterten, zurückging, lag der „Geruch des Todes“ auf den Straßen vieler Städte, insbesondere der Hauptstadt Caracas.","Viae Venezuela odor mortis. Dum numerus ""bonus"" ex ruderibus oriens decrevit post duos terrae motus 7.2 et 7.5 magnitudines quae Venezuela proxime praeterito septimana feriunt, ""odor mortis"" vias multarum urbium, praesertim capitale Caracas, obtexit.",,,,random
1b304f6330d4213442ab325d0882cfe9,2026-07-01T04:03:19Z,Heat Wave,,news.mail.ru,ru,0.7,Жара в Москве: Какая температура должна быть на рабочем месте и когда просить сократить день,"Духота в офисе может поставить под удар не только продуктивность, но и здоровье. И жара — это повод для серьёзного разговора с начальством. Life.ru разбирает, какая температура должна быть в рабочем помещении и когда можно требовать сокращения дня из-за жары.",https://news.mail.ru/society/71470109/,https://resizer.mail.ru/p/0150adba-4b5f-5e07-96a2-91380327476c/AQAGRzjASTJnj-bK3ci2PU2c3_LBxdjucjgz5zPF5KfWRdARQlKHO2Bk5nOHQGTCHYGDuZipfT1GOa_AHeyw7mS_UPE.png,http://web.archive.org/web/20260701042334/https://news.mail.ru/society/71470109/,",    —   .       ,       . ,   ,     ,      ,     .   -  ,   !   .
  , ,      .   ,   ,     .       ,   ? ,   ,     . Life.ru ,   ,  ,     -  .
1.2.3685−21.   : , ,    .   , ,      .
   I  I.  I  … [+341 chars]","Heat in Moscow: What temperature should it be in the workplace and when to ask to shorten the day. A stuffy office environment can jeopardize not only your productivity, but also your health. And the heat is a reason for a serious conversation with the authorities. Life.ru looks at what temperature should be in the work area and when you can demand a shorter day due to the heat.","Hitze in Moskau: Welche Temperatur sollte es am Arbeitsplatz haben und wann sollte man um eine Verkürzung des Tages bitten. Eine stickige Büroumgebung kann nicht nur Ihre Produktivität, sondern auch Ihre Gesundheit gefährden. Und die Hitze ist ein Grund für ein ernsthaftes Gespräch mit den Behörden. Life.ru untersucht, welche Temperatur im Arbeitsbereich herrschen sollte und wann Sie aufgrund der Hitze einen kürzeren Tag fordern können.","Calor Moscuae: Qualis temperies debet esse in fabrica et quando postulet ut diem minuat. Ambitus officium stuffy officiendi non solum fructus tuos, sed etiam valetudinem tuam periclitari potest. Causa et calor gravis colloquii cum auctoribus est. Life.ru spectat quid sit temperatura in opere regio et cum breviorem diem ob aestum exigere possis.",Russia,ESB,Europe,wmo
f01ecbbfa3fcd7fd9f077b24f4b3ebd8,2026-07-01T04:06:27Z,Heat Wave,,www.aajtak.in,hi,0.9,"अमेरिका में 115 डिग्री 'फीलिंग' वाली गर्मी, खतरनाक हीटवेव से हाहाकार",अमेरिका में भीषण हीटवेव ने करोड़ों लोगों की मुश्किलें बढ़ा दी हैं. नेशनल वेदर सर्विस ने 18 राज्यों में खतरनाक गर्मी की चेतावनी जारी की है. तापमान के साथ उमस इतनी ज्यादा होगी कि लोगों को 115 डिग्री फारेनहाइट यानी करीब 46 डिग्री सेल्सियस जैसी गर्मी महसूस होगी. …,https://www.aajtak.in/world/story/heatwave-america-heat-index-new-york-temperature-us-latest-news-in-hindi-mnrd-dskc-2591328-2026-07-01,https://akm-img-a-in.tosshub.com/aajtak/images/story/202607/6a4488f8e45cb-heatwave-012643448-16x9.jpg,,". . , 115 46 .
 (NWS) 18 . 6 .
 : US-- , - 
 , 38 . , . 115 46 .
 - . , 4 .
 , 
 , . 80 27 . , .
NWS , . , . 100 110 , 115 .
 : Europe Heatwave 2026: , ! 
 , , , . , .
 , . , 20 35 . , .","115 degree 'feeling' heat in America, outcry due to dangerous heatwave. The severe heatwave in America has increased the troubles of crores of people. The National Weather Service has issued a dangerous heat warning in 18 states. The humidity along with the temperature will be so high that people will feel heat like 115 degrees Fahrenheit i.e. about 46 degrees Celsius. …","115 Grad Hitzegefühl in Amerika, Aufschrei wegen gefährlicher Hitzewelle. Die schwere Hitzewelle in Amerika hat die Probleme von Millionen Menschen verschärft. Der Nationale Wetterdienst hat in 18 Bundesstaaten eine Warnung vor gefährlicher Hitze herausgegeben. Die Luftfeuchtigkeit und die Temperatur werden so hoch sein, dass die Menschen eine Hitze von etwa 115 Grad Fahrenheit, also etwa 46 Grad Celsius, verspüren. …","115 Gradus sensus caloris in America, clamor propter aestus periculosos. Gravis aestus in America molestias crores hominum auxit. Tempestatis Nationalis Service periculosum calorem denuntiavit in civitatibus XVIII. Humiditas cum temperatura tam alta erit ut homines calores sentient sicut 115 gradus Fahrenheit i.e. de 46 gradibus Celsius. ...",,,,random
29f6af027c54a9d216ab99589c021108,2026-07-01T04:13:57Z,Precipitation,,hindi.moneycontrol.com,hi,0.8,"India Weather Today 1 July: IMD ने यूपी से लेकर बिहार तक भारी बारिश का अलर्ट दिया, इन 25+ राज्यों में आंधी-तूफान संग बिगड़ेगा मौसम",आज का मौसम एक जुलाई: देश में दक्षिण-पश्चिम मानसून तेजी से आगे बढ़ रहा है। इसके साथ ही देश के बड़े हिस्से में मौसम का मिजाज पूरी तरह बदल गया है। भारतीय मौसम विज्ञान विभाग (IMD) ने 1 जुलाई के लिए ताजा अपडेट जारी करते हुए उत्तर प्रदेश और बिहार समेत देश के 25 से …,https://hindi.moneycontrol.com/india/india-weather-today-1-july-imd-issues-heavy-rain-alert-for-regions-stretching-from-up-to-bihar-weather-worsen-with-thunderstorms-in-over-25-states-article-2416026.html,https://images.moneycontrol.com/static-hindinews/2026/07/rain-in-lucknow-PTI.jpg,http://web.archive.org/web/20260702041640/https://hindi.moneycontrol.com/india/india-weather-today-1-july-imd-issues-heavy-rain-alert-for-regions-stretching-from-up-to-bihar-weather-worsen-with-thunderstorms-in-over-25-states-article-2416026.html,,"India Weather Today 1 July: IMD gave alert of heavy rain from UP to Bihar, weather will worsen with thunderstorms in these 25+ states. Today's weather, July 1: South-west monsoon is advancing rapidly in the country. With this, the weather patterns have completely changed in large parts of the country. The Indian Meteorological Department (IMD) has released the latest update for July 1 from 25 cities of the country including Uttar Pradesh and Bihar.","Wetter in Indien heute, 1. Juli: IMD warnt vor starkem Regen von UP bis Bihar. Das Wetter wird sich mit Gewittern in diesen über 25 Bundesstaaten verschlechtern. Das heutige Wetter, 1. Juli: Der Südwestmonsun schreitet im Land rasch voran. Damit haben sich die Wetterverhältnisse in weiten Teilen des Landes völlig verändert. Das Indian Meteorological Department (IMD) hat das neueste Update für den 1. Juli aus 25 Städten des Landes veröffentlicht, darunter Uttar Pradesh und Bihar.","India Tempestas Hodie 1 Iulii: IMD pluviae graves ab UP ad Bihar vigilavit, tempestas cum tonitribus his 25+ civitatibus ingravescet. Hodiernae tempestatis dies I Iulii: ETESIA meridiem-occidentalem in villam celeriter progreditur. Cum hoc, exemplaria tempestas magna in regionibus regionis omnino mutaverunt. Indicum Meteorologicum Department (IMD) novissimam renovationem pro Iulio 1 e 25 urbibus regionum inter Uttar Pradesh et Bihar dimisit.",,,,random
cba91852cef14d0f2a10f4d31be7b221,2026-07-01T04:32:59Z,Heat Wave,,lenta.ru,ru,0.7,Москвичей предупредили о 30-градусной жаре,"В среду, 1 июля, в Москве наступит 30-градусная жара. Об этом предупредила жителей столицы главный специалист столичного метеобюро Татьяна Позднякова, ее слова передает РИА Новости",https://lenta.ru/news/2026/07/01/moskvichey-predupredili-o-30-gradusnoy-zhare/,https://icdn.lenta.ru/images/2026/07/01/07/20260701073416442/share_eb1063d2569b4839f4ccff20a0c67b7e.jpg,http://web.archive.org/web/20260702055446/https://lenta.ru/news/2026/07/01/moskvichey-predupredili-o-30-gradusnoy-zhare/,", 1 , 30- . , .
 , , 2 . 30 . - , .
 40- , , , .
 «» . , 4 5 . : 25 , 15-17 10-13 , .","Muscovites were warned about 30-degree heat. On Wednesday, July 1, Moscow will experience 30-degree heat. The chief specialist of the capital's meteorological bureau, Tatyana Pozdnyakova, warned residents of the capital about this, her words are reported by RIA Novosti","Die Moskauer wurden vor 30 Grad Hitze gewarnt. Am Mittwoch, 1. Juli, herrscht in Moskau eine Hitze von 30 Grad. Die Chefspezialistin des Meteorologiebüros der Hauptstadt, Tatyana Pozdnyakova, warnte die Einwohner der Hauptstadt davor, ihre Worte werden von RIA Novosti berichtet","Moscovitae moniti sunt circa 30-gradum caloris. Die Mercurii, I mensis Iulii, Moscuae triginta gradus caloris experietur. Princeps specialist meteorologicum bureau Tatyana Pozdnyakova capitalis, incolas capitis de hoc monuit, eius verba per RIA Novosti relata sunt.",Russia,ESB,Europe,wmo
3f7e64674eccfa27ead7617ac8f18e89,2026-07-01T05:20:32Z,Storm,,www.ilfattoquotidiano.it,it,0.3,Il terremoto in Venezuela ha fatto crollare anche la propaganda del chavismo,"Ci sono tragedie che distruggono edifici. E tragedie che, insieme agli edifici, fanno crollare anche le narrazioni politiche costruite per decenni. Il doppio terremoto che il 24 giugno ha devastato il Venezuela appartiene a entrambe le categorie. Due scosse d…",https://www.ilfattoquotidiano.it/2026/07/01/terremoto-venezuela-crollo-stato-notizie/8434512/,https://st.ilfattoquotidiano.it/wp-content/uploads/2026/06/29/venezuela_terremoto_ricerche-1200x675.jpg,http://web.archive.org/web/20260702064217/https://www.ilfattoquotidiano.it/2026/07/01/terremoto-venezuela-crollo-stato-notizie/8434512/,"Questo articolo è gratis. 
Per leggerne altri, ricevere le newsletter e avere libero accesso ai contenuti scelti dalla redazione 
Registrati 
Ci sono tragedie che distruggono edifici. E tragedie c… [+6050 chars]","The earthquake in Venezuela also caused the propaganda of Chavismo to collapse. There are tragedies that destroy buildings. And tragedies which, together with the buildings, also cause the political narratives built over decades to collapse. The double earthquake that devastated Venezuela on June 24 belongs to both categories. Two shocks of…","Das Erdbeben in Venezuela führte auch dazu, dass die Propaganda des Chavismus zusammenbrach. Es gibt Tragödien, die Gebäude zerstören. Und Tragödien, die zusammen mit den Bauten auch die über Jahrzehnte aufgebauten politischen Narrative zum Einsturz bringen. Das Doppelbeben, das Venezuela am 24. Juni verwüstete, gehört in beide Kategorien. Zwei Schocks von…","Terrae motus in Venezuela etiam propagationem Chavismo ruinam effecit. Sunt tragoediae quae aedificia destruunt. Et tragoediae quae, una cum aedificiis, etiam narrationes politicae per decennia aedificatae construxit. Duplex terrae motus qui Venezuela die 24 Iunii vastavit, ad utrumque genus pertinet. Duae fruges…",Switzerland,WCE,Europe,wmo
2c67ebfdea24933e0dcb4e7667489799,2026-07-01T06:05:00Z,Storm,,www.elpais.com.uy,es,0.3,"Venezuela: aumentan las muertes, escasea la comida y las esperanzas de encontrar sobrevivientes se agotan","Mientras el gobierno no da el número de desaparecidos, la cifra más preocupante es la que todavía no se confirma y que tiene como referencia las bolsas mortuorias que se pidió a la ONU: 10.000.",https://www.elpais.com.uy/mundo/venezuela-aumentan-las-muertes-escasea-la-comida-y-las-esperanzas-de-encontrar-sobrevivientes-se-agotan,https://imgs.elpais.com.uy/dims4/default/d3d228e/2147483647/strip/true/crop/3629x2268+202+0/resize/1200x750!/format/webp/quality/90/?url=https%3A%2F%2Fel-pais-uruguay-production-web.s3.us-east-1.amazonaws.com%2Fbrightspot%2Feb%2Fcf%2F9d9eaf5244bcac131e4204f3701e%2Fimagen-afp-b8tn9yh.jpg,,"El número de muertos en Venezuela sigue aumentando, mientras las esperanzas de encontrar sobrevivientes se agotan, al igual que la alimentación en las zonas más afectadas por los terremotos del pasad… [+7298 chars]","Venezuela: Deaths increase, food is scarce and hopes of finding survivors are exhausted. While the government does not give the number of missing people, the most worrying figure is the one that has not yet been confirmed and that has as a reference the body bags that were requested from the UN: 10,000.","Venezuela: Die Zahl der Todesfälle nimmt zu, Lebensmittel sind knapp und die Hoffnung, Überlebende zu finden, ist erschöpft. Die Regierung gibt zwar keine Angaben zur Zahl der vermissten Personen, die besorgniserregendste Zahl ist jedoch die Zahl, die noch nicht bestätigt wurde und die sich auf die von der UN angeforderten Leichensäcke bezieht: 10.000.","Venezuela: Mortes augent, cibus vix est, et spes superstites defatigata est inveniendi. Dum imperium numerus hominum absentium non dat, molestissima figura est, quae nondum confirmata est et quae relationem corporis crumenae petitae sunt ab IR: 10,000.",Spain,MED,Europe,wmo
52125e9beab665f2b05bd6a713b16fb0,2026-07-01T06:13:59Z,Landslide,,consent.yahoo.com,zh,0.2,股票賺飽？雙連「燕山湯圓」突熄燈 內幕曝網：不講武德,生活中心／王妤倢報導老饕們要哭了！位在台北捷運雙連站旁、飄香超過一甲子的古早味老字號名店「燕山湯圓」，向來是無數台北人與吃貨們的口袋愛店。沒想到就在昨（30）日，該店粉專突然無預警拋出正式歇業的震撼彈，而官方宣布熄燈的原因竟然是「國巨股票創新高，老闆財富自由，不想努力了！」。消息曝光後，瞬間引來大批網友與老顧客崩潰，紛紛在留言區不捨直呼：「不講武德啊！」、「不行！老闆有社會責任！」。,https://consent.yahoo.com/v2/collectConsent?sessionId=1_cc-session_21ea4791-a5cf-4528-a5f6-474cf606206b,,,"If you click 'Accept all', we and our partners, including 249 who are part of the IAB Transparency &amp; Consent Framework, will also store and/or access information on a device (in other words, use … [+1045 chars]","Make enough money from stocks? Shuanglian's ""Yanshan Tangyuan"" suddenly turned off the lights. The inside story was revealed on the Internet: No martial ethics. Life Center/Wang Yucheng reported that the foodies are going to cry! ""Yanshan Tangyuan"", a time-honored restaurant with an ancient flavor that has been fragrant for more than a century, is located next to the Taipei MRT Shuanglian Station. It has always been a favorite shop of countless Taipei people and foodies. Unexpectedly, just yesterday (30th), fans of the store suddenly announced that it was officially shutting down without warning. The official reason for turning off the lights turned out to be ""Yageo's stock hit a new high, the boss has free money, and he doesn't want to work hard anymore!"" After the news was exposed, a large number of netizens and regular customers were immediately devastated. They all left the message area and shouted: ""You don't follow martial ethics!"" and ""No! The boss has social responsibility!""","Mit Aktien genug Geld verdienen? Shuanglians „Yanshan Tangyuan“ schaltete plötzlich das Licht aus. Die Insider-Geschichte wurde im Internet enthüllt: Keine Kampfethik. Life Center/Wang Yucheng berichtete, dass die Feinschmecker weinen werden! „Yanshan Tangyuan“, ein altehrwürdiges Restaurant mit einem antiken Geschmack, das seit mehr als einem Jahrhundert duftet, befindet sich neben der MRT-Station Shuanglian in Taipeh. Es war schon immer ein Lieblingsgeschäft unzähliger Taipeier und Feinschmecker. Unerwarteterweise gaben Fans des Ladens erst gestern (30.) plötzlich bekannt, dass er ohne Vorwarnung offiziell geschlossen wurde. Der offizielle Grund für das Ausschalten des Lichts lautete: „Yageos Aktie hat einen neuen Höchststand erreicht, der Chef hat kostenloses Geld und er will nicht mehr hart arbeiten!“ Nachdem die Nachricht bekannt wurde, waren viele Internetnutzer und Stammkunden sofort am Boden zerstört. Sie alle verließen den Nachrichtenbereich und riefen: „Ihr folgt keiner Kampfethik!“ und „Nein! Der Chef hat soziale Verantwortung!“","Satis pecuniae ex ligno? Shuanglian scriptor ""Yanshan Tangyuan"" subito lumina convertit. Fabula intus in Interrete revelata est: Nulla militaris ethica. Vita Centre/Wang Yucheng nuntiaverunt foodies clamaturi! ""Yanshan Tangyuan"", diuturna caupona cum vetusto sapore odorato plusquam saeculum, iuxta Taipei MRT Shuanglian Statio sita est. Semper fuit taberna gratissima innumerabilium Taipei hominum et foodiorum. Improviso, sicut heri (30th), subito fans copiae nuntiavit se sine improviso occlusum esse publice. Officialis causa vertendi lumina evasit ""status Yageo novum altum percussum esse, bulla pecuniam liberam habet et amplius laborare non vult!"" Postquam nuntium patefactum est, magnus numerus reticulorum et clientium regularium statim devastatus est. Omnes nuntium aream reliquerunt et clamaverunt: ""Ethicam bellicam non sequimini!"" et ""Minime! Bulla responsabilitatem socialem habet!""",China,EAS,Asia,wmo
0904e9afdaed9df137bfe02d0b7b2704,2026-07-01T06:19:15Z,Flood,,www.abc.net.au,en,0.3,Chopper pilot and police officer honoured for heroic Katherine flood rescue,A helicopter pilot and a police officer who performed a daring flood rescue in Katherine earlier this year have been awarded for their heroics as part of the Northern Territory's Territory Day awards.,https://www.abc.net.au/news/2026-07-01/pilot-police-officer-flood-rescue-katherine-chief-minister-medal/106864970,https://live-production.wcms.abc-cdn.net.au/18a29afb5d110e33234fdb92c1e297c9?impolicy=wcms_watermark_news&cropH=2813&cropW=5000&xPos=0&yPos=0&width=862&height=485&imformat=generic,http://web.archive.org/web/20260701222219/https://www.abc.net.au/news/2026-07-01/pilot-police-officer-flood-rescue-katherine-chief-minister-medal/106864970,The chopper pilot and police officer responsible for a remarkable rescue from raging floodwaters in Katherine earlier this year have been honoured with medals from the Northern Territory's chief mini… [+4390 chars],Chopper pilot and police officer honoured for heroic Katherine flood rescue. A helicopter pilot and a police officer who performed a daring flood rescue in Katherine earlier this year have been awarded for their heroics as part of the Northern Territory's Territory Day awards.,"Hubschrauberpilot und Polizist für die heldenhafte Flutrettung von Katherine geehrt. Ein Hubschrauberpilot und ein Polizist, die Anfang des Jahres in Katherine eine gewagte Flutrettung durchgeführt haben, wurden im Rahmen der Territory Day Awards des Northern Territory für ihre Heldentaten ausgezeichnet.","Chopper gubernator et praefectus vigilum ob heroicam Katherinam diluvium honorati restituunt. Gubernator helicopterus et DENUNTIATOR, qui audaciam diluvii liberandi in Katherina praestiterunt, hoc anno donati sunt ob heroicos suos ut partem Territorii Septentrionis Diei praemiorum.",United States,CNA,North-America,wmo
25e75c7661e2a7ab710829ca41c1ea6b,2026-07-01T07:34:27Z,Heat Wave,,36kr.com,zh,0.3,对谈小马智行彭军：一家“反共识”自动驾驶公司,"2016年，彭军创立小马智行时，已经预料到，Robotaxi（自动驾驶出租车）从远景走进现实，实现大规模的落地，至少需要10年努力，要等待技术和法律法规的成熟，也要考虑社会的接受度。
 今天，不管是在旧金山街头穿梭的Waymo，还是在深圳南山闹市区接单的小马智行车队，都证实了这一点。自动驾驶车已然融入社会化车流，开始商业运营。
 
 但是彭军十年前可能没想到的是，制约其车队快速扩张的一个关键问题，是没有司机之后的一系列琐碎运维工作。
 在人类开车时，充电、洗车、车辆维护，甚至帮顾客搬运行李，都由司机顺手干了，但是…",https://36kr.com/p/3876767161446665,"https://img.36krcdn.com/hsossms/20260701/v2_bf415b361ba24c5d85adc7c0d644fc52@000000_oswg20194oswg1080oswg460_img_000?x-oss-process=image/resize,m_mfit,w_600,h_400,limit_0/crop,w_600,h_400,g_center",,"2016Robotaxi10
Waymo
CEO36RobotaxiL2
36
Robotaxi
10
Robotaxi
Robotaxi36Robotaxi0
Robotaxi0-1
RobotaxiL2
Robotaxi3500
L2
Robotaxi10
Robotaxi
10
CEO
36
Robotaxi
362020RobotaxiWaymo
R… [+631 chars]","Conversation with Pony.ai and Peng Jun: an “anti-consensus” self-driving company. When Peng Jun founded Pony.ai in 2016, he had already anticipated that it would take at least 10 years for Robotaxi (self-driving taxis) to move from vision to reality and achieve large-scale implementation. They must wait for the maturity of technology and laws and regulations, and also consider social acceptance.
 Today, whether it is Waymo traveling on the streets of San Francisco or the Pony.ai fleet taking orders in downtown Nanshan, Shenzhen, this has been confirmed. Self-driving cars have been integrated into social traffic flow and have begun commercial operations.
 
 But what Peng Jun may not have expected ten years ago is that a key issue restricting the rapid expansion of his fleet is a series of trivial operation and maintenance tasks without drivers.
 When humans drive, charging, car washing, vehicle maintenance, and even helping customers carry luggage are all done by the driver, but...","Gespräch mit Pony.ai und Peng Jun: ein „Anti-Konsens“-Unternehmen für selbstfahrende Fahrzeuge. Als Peng Jun 2016 Pony.ai gründete, hatte er bereits damit gerechnet, dass es mindestens zehn Jahre dauern würde, bis Robotaxi (selbstfahrende Taxis) von der Vision zur Realität werden und eine groß angelegte Umsetzung erreichen würden. Sie müssen die Reife der Technologie sowie der Gesetze und Vorschriften abwarten und auch die gesellschaftliche Akzeptanz berücksichtigen.
 Ob nun Waymo auf den Straßen von San Francisco unterwegs ist oder die Pony.ai-Flotte in der Innenstadt von Nanshan, Shenzhen, Bestellungen entgegennimmt, dies wurde heute bestätigt. Selbstfahrende Autos wurden in den sozialen Verkehrsfluss integriert und haben den kommerziellen Betrieb aufgenommen.
 
 Doch womit Peng Jun vor zehn Jahren vielleicht nicht gerechnet hätte, ist, dass ein Hauptproblem, das die schnelle Erweiterung seiner Flotte behindert, eine Reihe trivialer Betriebs- und Wartungsaufgaben ohne Fahrer sind.
 Wenn Menschen fahren, übernimmt der Fahrer das Aufladen, das Waschen des Autos, die Wartung des Fahrzeugs und sogar die Unterstützung der Kunden beim Tragen des Gepäcks, aber ...","Colloquium cum Pony.ai et Peng Iun: ""anti-consensus"" societatis auto-agitantis. Cum Peng Iun Pony.ai in 2016 condidit, iam prospexerat se Robotaxi (taxin auto-expellere) a visione ad rem movere et magnarum exsecutionem consequi. Exspectare debent maturitatem technologiarum et legum ac ordinationum, necnon acceptationem socialem.
 Hodie, sive Waymo iter per vias San Francisco sive Pony.ai classe in urbe Nanshan, Shenzhen ordines suscipiens, hoc confirmatum est. Autocinetae autocineticae in commercium sociale fluxum insertae sunt et commerciales operationes inceperunt.
 
 Quod autem Peng Iun decem annos non expectaverit, est quod clavis exitus ad rapidam classem suam expansionem restringenda est series operationis et operis sustentationis sine rectoribus.
 Cum homines pellunt, praecipientes, currus lavacrum, vehiculum sustentationem, et etiam clientes adiuvantes sarcinas portant omnia ab exactore facta sunt, sed...",China,EAS,Asia,wmo
73eeeef428603570a2bd89007ccfc3ee,2026-07-01T07:53:08Z,Thunderstorm,,www.naftemporiki.gr,el,0.9,"Στο έλεος σφοδρής καταιγίδας η Ρουμανία – Ένας νεκρός, 2.000 κλήσεις για βοήθεια στο Βουκουρέστι","Σφοδρή καταιγίδα έπληξε σήμερα το Βουκουρέστι καθώς και άλλες 20 επαρχίες της Ρουμανίας, με αποτέλεσμα ένας άνθρωπος να χάσει τη ζωή του και να προκληθούν ζημιές σε δεκάδες σπίτια και…
Στο έλεος σφοδρής καταιγίδας η Ρουμανία – Ένας νεκρός, 2.000 κλήσεις για β…",https://www.naftemporiki.gr/kosmos/2131650/sto-eleos-sfodris-kataigidas-i-roymania-enas-nekros-2-000-kliseis-gia-voitheia-sto-voykoyresti/,https://www.naftemporiki.gr/wp-content/uploads/2022/11/astrapes_kataigida.jpg,http://web.archive.org/web/20260702055644/https://www.naftemporiki.gr/kosmos/2131650/sto-eleos-sfodris-kataigidas-i-roymania-enas-nekros-2-000-kliseis-gia-voitheia-sto-voykoyresti/,"2.000 , Digi24. . , 60 . . , . , , 40 .","Romania at the mercy of severe storm – One dead, 2,000 calls for help in Bucharest. A severe storm hit Bucharest today as well as 20 other provinces of Romania, as a result of which one person lost his life and dozens of houses were damaged and…
Romania at the mercy of severe storm – One dead, 2,000 calls for b...","Rumänien einem schweren Sturm ausgeliefert – Ein Toter, 2.000 Hilferufe in Bukarest. Ein schwerer Sturm hat heute Bukarest sowie 20 weitere Provinzen Rumäniens heimgesucht, bei dem ein Mensch ums Leben kam und Dutzende Häuser beschädigt wurden und…
Rumänien einem schweren Sturm ausgeliefert – Ein Toter, 2.000 Notrufe...","Romania propter gravem tempestatem miserationem – Mortuus unus, 2,000 in auxilium vocat Bucharest. Gravis tempestas hodie Bucharest tum 20 alias Romaniae provincias incidit, quarum effectus unus homo vitam amisit et justo domorum laesa et…
Romania tempestate gravis - Mortuus est, 2,000 vocat pro b...",Romania,WCE,Europe,wmo
1dd0af343f2f0159834867a06db6ff5f,2026-07-01T07:55:00Z,Thunderstorm,,www.tuttomercatoweb.com,it,0.3,"Mondiale 2026, classifica marcatori aggiornata: Mbappe raggiunge Messi, Haaland insegue",Continuano ad arrivare gol a pioggia al Mondiale 2026.,https://www.tuttomercatoweb.com/mondiali-2026/mondiale-2026-classifica-marcatori-aggiornata-mbappe-raggiunge-messi-haaland-insegue-2247371,https://tmw-storage-auto.tcccdn.com/storage/tuttomercatoweb.com/img_notizie/thumb3/92/928af7179e47e59b4f981e32ad7e806d-37294-oooz0000.jpeg,http://web.archive.org/web/20260701085249/https://www.tuttomercatoweb.com/mondiali-2026/mondiale-2026-classifica-marcatori-aggiornata-mbappe-raggiunge-messi-haaland-insegue-2247371,"Continuano ad arrivare gol a pioggia al Mondiale 2026. Con i sedicesimi di finale in corso di svolgimento, Leo Messi viene raggiunto in testa alla classifica marcatori da Kylian Mbappe, autore di una… [+3387 chars]","2026 World Cup, updated top scorers: Mbappe catches up with Messi, Haaland follows. Goals continue to arrive at the 2026 World Cup.","WM 2026, aktualisierte Top-Torschützen: Mbappe holt Messi ein, Haaland folgt. Für die WM 2026 gibt es weiterhin Ziele.","2026 Mundus Calicem, revolutorium retissorium renovatum: Mbappe cum Messi assequatur, Haaland sequitur. Metas perveniunt ad Mundi 2026 Calicem perveniendum.",Italy,MED,Europe,wmo
a0e5cf47aa58d7e9f85572c9dcc03c06,2026-07-01T07:55:29Z,Precipitation,,www.aajtak.in,hi,0.9,"दिल्ली में प्री मॉनसून की दस्तक, आंधी बारिश का जारी येलो अलर्ट","दिल्ली में प्री मॉनसून गतिविधियां तेज आंधी तूफान और बारिश के साथ जारी हैं. मौसम विभाग ने दिल्ली के लिए येलो अलर्ट जारी किया है, जिसके कारण कई इलाकों में तेज आंधी और बारिश की संभावना है. ये प्री मॉनसून की प्राकृतिक गतिविधियां हैं जो मौसम में बदलाव का संकेत देत…",https://www.aajtak.in/short-videos/video/pre-monsoon-activities-trigger-yellow-alert-in-delhi-ytvd-vdos-2591488-2026-07-01,https://akm-img-a-in.tosshub.com/aajtak/images/video/202607/01_jul_26_delhi_02_poster.0000000-original.jpg,,"Please rotate your device
 . .","Pre-monsoon arrives in Delhi, yellow alert issued for thunderstorm and rain. Pre-monsoon activities continue in Delhi with strong thunderstorms and rain. The Meteorological Department has issued a yellow alert for Delhi, due to which there is a possibility of strong storm and rain in many areas. These are natural activities of pre-monsoon which indicate change in weather.","In Delhi kommt der Vormonsun, gelbe Warnung wegen Gewitter und Regen. Die Aktivitäten vor dem Monsun dauern in Delhi mit starken Gewittern und Regen an. Das Wetteramt hat für Delhi eine gelbe Warnung herausgegeben, weshalb in vielen Gebieten die Möglichkeit starker Stürme und Regenfälle besteht. Dies sind natürliche Aktivitäten vor dem Monsun, die auf einen Wetterwechsel hinweisen.","Pre-monsoon in Delhi advenit, croceus erectus pro tonitribus et pluviis editus. Pre-monson actiones in Delhi pergunt cum validis tonitribus et pluviis. Department Meteorologicum flavo intentum Delhi edidit, ob quam possibilitas tempestatis et pluviae in multis locis est. Hae sunt actiones naturales praemonensae quae mutationem tempestatum indicant.",,,,random
d4a2c7fab4baf61f17fba8d82a8f6835,2026-07-01T07:59:15Z,Precipitation,,www.aajtak.in,hi,0.9,दिल्ली में अगले 48 घंटे में आंधी तूफान और बारिश की चेतावनी,"आगामी 48 घंटों के दौरान दिल्ली में मॉनसून की दस्तक के साथ आंधी और तेज बारिश की संभावना है. मौसम विभाग की चेतावनी के अनुसार, तेज आंधी और भारी बारिश से जानमाल का नुकसान हो सकता है. इसलिए जनता को सतर्क रहने की सलाह दी गई है. इस दौरान सभी लोग सावधानी बरतें और बाह…",https://www.aajtak.in/short-videos/video/monsoon-to-hit-delhi-with-storm-and-heavy-rain-in-next-48-hours-ytvd-vdos-2591491-2026-07-01,https://akm-img-a-in.tosshub.com/aajtak/images/video/202607/01_jul_26_delhi_03_poster.0000000-original.jpg,,"Please rotate your device
 . .","Warning of thunderstorm and rain in Delhi in the next 48 hours. There is a possibility of thunderstorm and heavy rain with the arrival of monsoon in Delhi during the next 48 hours. According to the warning of the Meteorological Department, strong storm and heavy rain can cause loss of life and property. Therefore, the public has been advised to remain alert. During this time, everyone should be careful and…","Warnung vor Gewitter und Regen in Delhi in den nächsten 48 Stunden. Es besteht die Möglichkeit eines Gewitters und heftigen Regens mit der Ankunft des Monsuns in Delhi in den nächsten 48 Stunden. Laut der Warnung des Meteorologischen Amtes können starke Stürme und starker Regen zum Verlust von Leben und Eigentum führen. Daher wurde der Öffentlichkeit geraten, wachsam zu bleiben. In dieser Zeit sollte jeder vorsichtig sein und…","Admonitio tonitrui et pluviae in Delhi in proximis 48 horis. Possibile est tonitrui et pluviae magnae cum adventu ETESIA in Delhi proximis 48 horis. Secundum documentum Department of Meteorologicum, tempestas valida et gravis pluvia causare potest detrimentum vitae et bonorum. Ideo consilium publicum est ut intenti maneant. Hoc tempore omnes solliciti sint et…",,,,random
a21ac0da2d51882eb72b7aec6b5f5455,2026-07-01T08:00:00Z,Storm,,diamond.jp,ja,0.2857142857142857,米国株の「配当王」AWRの配当利回りが2.35%と低い理由とは? 配当株は「配当利回り」という数字だけで選んではいけない - 成長する米国＆世界に投資する最強のFIRE計画（プロジェクト）,アメリカン・ステーツ・ウォーター（AWR）は小さな水道会社だが、71年連続増配という驚異の記録を持つ。50年以上連続増配企業はアメリカには50社以上ある。日本の連続増配企業王は36期連続増配の花王だが、米国企業には遠く及ばない。70年以上連続増配企業の配当利回りは実は低い。それは株価が上がったからだ。41年間のトータルリターンではAWRは花王の11倍以上の成績。日本はインフレへの転換期にあるが、長らく低インフレ環境にあった日本の消費者はまだ値上げに慣れておらず、それは日本の増配企業が持つ構造的リスクだ。50年増配…,https://diamond.jp/zai/articles/-/1069536,https://dfinance.ismcdn.jp/zai/mwimgs/7/0/-/img_70eb0cf6d332e6736943fcbc321ee0084351.png,,"50086191000
[]12000100601000
2[2026]500J14→…→HD…3AI55202610JJ3AI1504
GAFAMα
S&amp;P500201334ETFETFAI18NISAETF123743820ZAi NEWS CHANNELX300IPOZAi NEWS CHANNELZAiVol.23
17FXVol.18
VOL.48
VOL.116… [+40 chars]","Why is the dividend yield of AWR, the ``Dividend King'' of US stocks, as low as 2.35%? Don't choose dividend stocks based on the ``dividend yield'' number alone - The most powerful FIRE plan (project) to invest in the growing United States and the world. American States Water (AWR) is a small water company, but it has an amazing record of increasing dividends for 71 consecutive years. There are more than 50 companies in the United States that have increased their dividends for more than 50 consecutive years. Kao is the king of Japanese companies with consecutive dividend increases, having increased dividends for 36 consecutive years, but it is far behind American companies. Dividend yields for companies that have increased dividends continuously for over 70 years are actually low. That's because stock prices have gone up. In terms of total return over 41 years, AWR is more than 11 times better than Kao. Although Japan is at a turning point toward inflation, Japanese consumers, who have been in a low-inflation environment for a long time, are not yet accustomed to price increases, and this is a structural risk for Japan's dividend-raising companies. 50 years of dividend increases...","Warum liegt die Dividendenrendite von AWR, dem „Dividendenkönig“ unter den US-Aktien, bei nur 2,35 %? Wählen Sie Dividendenaktien nicht allein aufgrund der Zahl „Dividendenrendite“ – Der wirkungsvollste FIRE-Plan (Projekt) für Investitionen in den wachsenden Vereinigten Staaten und der Welt. American States Water (AWR) ist ein kleines Wasserunternehmen, das jedoch seit 71 Jahren in Folge eine erstaunliche Bilanz steigender Dividenden vorweisen kann. In den Vereinigten Staaten gibt es mehr als 50 Unternehmen, die ihre Dividenden in mehr als 50 aufeinanderfolgenden Jahren erhöht haben. Kao ist der König der japanischen Unternehmen mit aufeinanderfolgenden Dividendenerhöhungen und hat die Dividenden 36 Jahre in Folge erhöht, liegt aber weit hinter amerikanischen Unternehmen. Tatsächlich sind die Dividendenrenditen von Unternehmen, die ihre Dividenden seit über 70 Jahren kontinuierlich erhöht haben, niedrig. Das liegt daran, dass die Aktienkurse gestiegen sind. Bezogen auf die Gesamtrendite über 41 Jahre ist AWR mehr als elfmal besser als Kao. Obwohl sich Japan an einem Wendepunkt in Richtung Inflation befindet, sind japanische Verbraucher, die sich seit langem in einem Umfeld niedriger Inflation befinden, noch nicht an Preiserhöhungen gewöhnt, und dies stellt ein strukturelles Risiko für Japans Dividenden steigernde Unternehmen dar. 50 Jahre Dividendenerhöhungen...","Cur dividendum cede ab AWR, `regis divisus' nervorum US, tam humilis quam 2.35%? Noli eligere nervos dividendi in solo numero `dividendi cede' - Potentissimum consilium IGNIS (proiectum) ut in Civitatibus Foederatis Americae et mundi crescentibus collocet. Civitas Americana aqua (AWR) parva societas aquarum est, sed mirabile testimonium dividendi augendi per 71 annos continuos habet. Plus quam 50 societates in Civitatibus Foederatis Americae sunt quae dividendas suas multiplicaverunt plus quam 50 annos continuos. Kao societates Iaponum rex cum dividendis consecutivis crescit, dividendis per 36 annos continuos auctis, sed multo post societates Americanorum est. Divisus cedit pro societatibus dividendis continue auctis per 70 annos actu humiles. Hoc est quod pretium stirpe ascendit. In terminis totalis reditus super 41 annos, AW plus quam 11 vicibus melior est quam Kao. Etsi Iaponia in flexu ad inflationem, Iapones consumptores, qui diu in ambitu inflationis humili fuerunt, nondum pretio augeri consueverunt, idque periculum structurale est pro societatibus dividendis in Iaponia. L annos dividendi crescit ...",Paraguay,SES,South-America,wmo
7d6e431c38f4097d7609b7cdac1ecfc0,2026-07-01T09:04:58Z,Heat Wave,,arabic.cnn.com,ar,0.9,14 طريقة للحفاظ على برودة جسمك من دون مكيّف هواء في درجات حرارة قياسية,خلال موجات الحر، يمكن الحفاظ على برودة الجسم باستخدام بعض المستلزمات الأساسية ومعرفة كيفية تهيئة المنزل للمساعدة على التحكم بدرجات الحرارة داخله. وفي ما يلي 14 طريقة لتحقيق ذلك.,https://arabic.cnn.com/science-and-health/article/2026/07/01/how-to-stay-cool-without-air-conditioning-wellness,"https://cnn-arabic-images.cnn.io/cloudinary/image/upload/w_1920,h_1008,c_fill,q_auto,g_center/t_cnnarabic_watermark_logo_v5/cnnarabic/2026/06/30/images/337055.jpg",,,"14 ways to keep your body cool without air conditioning at record temperatures. During heat waves, you can stay cool by using some basic supplies and knowing how to prepare your home to help control the temperatures inside. Here are 14 ways to achieve this.","14 Möglichkeiten, Ihren Körper bei Rekordtemperaturen ohne Klimaanlage kühl zu halten. Während Hitzewellen können Sie einen kühlen Kopf bewahren, indem Sie auf einige grundlegende Vorräte zurückgreifen und wissen, wie Sie Ihr Zuhause vorbereiten, um die Temperaturen im Inneren zu kontrollieren. Hier sind 14 Möglichkeiten, dies zu erreichen.","14 vias ut corpus tuum refrigerium sine aeris condicione ad recordum temperaturas contineas. Per undas aestus, refrigerare potes utendo quibusdam copiis fundamentalibus et sciens domum tuam praeparare ad temperaturae intra temperantiam adiuvandam. Hic sunt 14 modi ad hoc assequendum.",,,,random
b5def65eedc4583adbabb3ace45c5741,2026-07-01T09:18:28Z,Heat Wave,,pogoda.mail.ru,ru,0.7,Синоптики пообещали россиянам погодные качели на неделе,"Рассказываем, какая погода ожидается в регионах России с 1 по 5 июля 2026. Прогноз: куда придет жара, а где пройдут дожди.",https://pogoda.mail.ru/news/71471837/,https://resizer.mail.ru/p/e7fafa18-4912-5be3-9d8e-7d8dc8c93506/AQAGsw1f1PlzUqa2QBg7lBHyyuaatU3K-Yi-ofgHNsMJTmWIjcBdhWedv0OMNibrPIZB0Ggue7xrZnlkDrcwG1rqOyY.jpg,,".     +28 °C,     .  :  , 3 , ,    ,    +20 °C  +24 °C.","Forecasters promised the Russians weather swings this week. We tell you what weather is expected in the regions of Russia from July 1 to July 5, 2026. Forecast: where the heat will come and where it will rain.","Prognostiker sagten den Russen für diese Woche Wetterschwankungen voraus. Wir verraten Ihnen, welches Wetter in den Regionen Russlands vom 1. bis 5. Juli 2026 zu erwarten ist. Prognose: Wo die Hitze kommt und wo es regnen wird.",Praetores polliciti sunt Russos hac septimana tempestates avertit. Dicimus vobis quanta tempestas expectetur in regionibus Russiae ab die 1 mensis Iulii ad diem 5 Iulii 2026. Praedictio: ubi calor veniet et ubi pluet.,Russia,ESB,Europe,wmo
0dddd62aacc3d2ab0d05113057aefe57,2026-07-01T09:34:28Z,Heat Wave,,www.aa.com.tr,tr,0.7,"Fransa'da hükümete, ölümlere yol açan sıcak hava dalgası krizini iyi yönetemediği tepkisi","Fransa'da yaklaşık 2 hafta boyunca etkili olan sıcak hava dalgası çok sayıda ölüme yol açarken, muhalefet, krizi iyi yönetemediği gerekçesiyle hükümete tepki gösterdi.",https://www.aa.com.tr/tr/dunya/fransada-hukumete-olumlere-yol-acan-sicak-hava-dalgasi-krizini-iyi-yonetemedigi-tepkisi/3983100,https://web-cdnprod.aa.com.tr/uploads/Contents/2026/07/01/thumbs_b_c_6987c43fee814a8851deeba356c41c9d.jpg,,"Geçen haftalarda Avrupa'y etkisi altna alan scak hava dalgasndan en çok etkilenen ülkelerin banda gelen Fransa'da yüksek scaklklar eitimden ulama, salktan inaata birçok alanda hayat olumsuz etkiledi.… [+1825 chars]","Reaction to the government in France for not managing the heat wave crisis that caused deaths well. While the heat wave, which was effective for about 2 weeks in France, caused many deaths, the opposition reacted to the government on the grounds that it could not manage the crisis well.","Reaktion auf die Regierung in Frankreich, weil sie die Hitzewellenkrise, die zu Todesfällen geführt hat, nicht gut bewältigt hat. Während die Hitzewelle, die in Frankreich etwa zwei Wochen andauerte, viele Todesopfer forderte, reagierte die Opposition auf die Regierung mit der Begründung, sie könne die Krise nicht gut bewältigen.","Reactio ad regimen in Francogallia propter aestum fluctuantem discrimen non administrandi quod mortes bene attulit. Dum fluctus aestus, qui circiter 2 septimanas in Gallia efficax erat, multas mortes attulit, oppositiones ad regimen portavit ob eam causam quod discrimen bene administrare non poterat.",France,WCE,Europe,wmo
b0d58a8d0ace8b031269896b9b9a7b5a,2026-07-01T09:56:16Z,Precipitation,,www.ansa.it,it,0.3,"Arriva perturbazione, l'Italia 'respira' ma temperature sempre sopra media","L'Italia 'respira' grazie a una perturbazione che per 2-3 giorni porterà un abbassamento delle temperature medio di 5-6 gradi, toccando valori che peraltro rimarranno superiori alla media per il periodo. (ANSA)",https://www.ansa.it/sito/notizie/cronaca/2026/07/01/arriva-perturbazione-litalia-respira-ma-temperature-sempre-sopra-media_c0f802da-293e-4750-8c3f-338b15ed72fc.html,https://www.ansa.it,http://web.archive.org/web/20260702060105/https://www.ansa.it/sito/notizie/cronaca/2026/07/01/arriva-perturbazione-litalia-respira-ma-temperature-sempre-sopra-media_c0f802da-293e-4750-8c3f-338b15ed72fc.html,"L'Italia 'respira' grazie a una
perturbazione che per 2-3 giorni porterà un abbassamento delle
temperature medio di 5-6 gradi, toccando valori che peraltro
rimarranno superiori alla media per il p… [+1226 chars]","Disturbance is coming, Italy is 'breathing' but temperatures are still above average. Italy is 'breathing' thanks to a disturbance which will bring an average drop in temperatures of 5-6 degrees for 2-3 days, reaching values ​​which will however remain higher than the average for the period. (HANDLE)","Es kommt zu Störungen, Italien „atmet“, aber die Temperaturen liegen immer noch über dem Durchschnitt. Italien „atmet“ dank einer Störung, die einen durchschnittlichen Temperaturrückgang von 5-6 Grad für 2-3 Tage mit sich bringt und Werte erreicht, die jedoch über dem Durchschnitt des Zeitraums bleiben werden. (HANDHABEN)","Seditio venit, Italia spirans est, sed temperatura adhuc supra mediocris est. Italia ""spiritus"" propter perturbationem quae mediocrem guttam in temperaturis 5-6 graduum ad 2-3 dies dabit, attingens bona quae tamen altiora erunt quam mediocris ad tempus. (CONTRACTO)",Switzerland,WCE,Europe,wmo
62020c76f194bbffabf8bcc973ef4704,2026-07-01T10:27:25Z,Volcano,,www.protothema.gr,el,0.7,Εντυπωσιακές εικόνες από τα ποτάμια λάβας μετά τη νέα έκρηξη της Αίτνας,"Η έκρηξη που σημειώθηκε την περασμένη Παρασκευή προκάλεσε τη δημιουργία μιας πυκνής ροής λάβας, η οποία έχει ήδη κατέβει τουλάχιστον 300 μέτρα χαμηλότερα από το σημείο όπου άνοιξε το ρήγμα | Αίτνα | Ηφαίστειο | Κόσμος",https://www.protothema.gr/world/article/1843895/eduposiakes-eikones-apo-ta-potamia-lavas-meta-ti-nea-ekrixi-tis-aitnas/,https://www.protothema.gr/images/640x360share/jpg/files/2026-07-01/etna-hfaisteio-_1_.jpg,,", 300 .Lava from Mount Etna in Sicily lit up the sky with red flashes as eruptions continued at an altitude of 9,800 feet, Italy's National Institute of Geophysics and Volcanology reported pic.twitte… [+49 chars]","Impressive images of the rivers of lava after the new eruption of Etna. The eruption that occurred last Friday caused the creation of a dense lava flow, which has already descended at least 300 meters below the point where the fissure opened | Etna | Volcano | World","Beeindruckende Bilder der Lavaströme nach dem erneuten Ausbruch des Ätna. Der Ausbruch am vergangenen Freitag führte zur Entstehung eines dichten Lavastroms, der bereits mindestens 300 Meter unter die Stelle gesunken ist, an der sich der Spalt öffnete | Ätna | Vulkan | Welt","Imagines impressivae fluviorum lavae post novam Aetnae eruptionem. eruptio quae proxima Veneris facta est creationem lavae densae effecit, quae iam saltem 300 metris infra punctum descendit ubi fissura aperta est | Etna | Volcano | Mundus",,,,random
72ec62281abbb918a567f5baaf359e15,2026-07-01T10:42:10Z,Heat Wave,,arabic.cnn.com,ar,0.9,محيطات العالم تشهد رقمًا قياسيًا جديدّا في درجات الحرارة,تشهد محيطات العالم درجات حرارة غير مسبوقة لهذا الوقت من العام، إذ حطّمت الرقم القياسي المسجّل لشهر يونيو/ حزيران على الإطلاق، وفقًا لبيانات جديدة، ما ينذر بتداعيات مقلقة على الطقس العالمي والحياة البحرية.,https://arabic.cnn.com/science-and-health/article/2026/07/01/global-oceans-break-june-temperature-record,"https://cnn-arabic-images.cnn.io/cloudinary/image/upload/w_1920,h_1008,c_fill,q_auto,g_center/t_cnnarabic_watermark_logo_v5/cnnarabic/2026/07/01/images/337199.jpg",,"(CNN) -- / .
 21 / 69.5 (20.86 ) / 2024 """" .
 "" "" 69.38 (21 ) 21 / 2024 0.18 .
 "" "" . "" "" .
 . 90% .
 "" "".
 / .
 """" "" . "".
 .
 .","The world's oceans are witnessing a new temperature record. The world's oceans are experiencing unprecedented temperatures for this time of year, breaking the all-time record for June, according to new data, with worrying implications for global weather and marine life.","Die Weltmeere erleben einen neuen Temperaturrekord. Die Weltmeere erleben für diese Jahreszeit beispiellose Temperaturen und brechen neuen Daten zufolge den Allzeitrekord für Juni, mit besorgniserregenden Auswirkungen auf das globale Wetter und das Leben im Meer.","Oceani mundi novum temperamentum testimonium perhibent. Oceani mundi inauditas temperaturae hoc tempore anni experiuntur, omne tempus mensis Iunii, secundum novas notitias, praevaricantes, cum implicationibus globali tempestatis et vitae marinae moleste ferunt.",,,,random
97dc097f44fc0f3af6abc603fb84d59a,2026-07-01T10:49:00Z,Precipitation,,dailygeekshow.com,fr,0.3,Ce remake terrifiant d’un classique de Martin Scorsese fait un malheur sur Apple TV,"Apple TV a mis en ligne une série thriller avec un casting royal, qui fait un petit carton partout dans le monde. 
The post Ce remake terrifiant d’un classique de Martin Scorsese fait un malheur sur Apple TV appeared first on Daily Geek Show.",https://dailygeekshow.com/?p=1011711,https://dailygeekshow.com/wp-content/uploads/2026/06/une-cape-fear-amy-adams-patrick-wilson-apple-tv.jpg,,"Apple TV
Vous aimez les thrillers et avoir la frousse ? Apple TV a mis en ligne une série inédite avec un casting de stars qui fait un petit carton partout dans le monde. 
Quand on parle de séries … [+2318 chars]","This terrifying remake of a Martin Scorsese classic is a hit on Apple TV. Apple TV has put a thriller series online with a royal cast, which is a hit all over the world. 
The post This terrifying remake of a Martin Scorsese classic is a hit on Apple TV appeared first on Daily Geek Show.","Dieses gruselige Remake eines Klassikers von Martin Scorsese ist ein Hit auf Apple TV. Apple TV hat eine Thrillerserie mit königlicher Besetzung online gestellt, die auf der ganzen Welt ein Hit ist. 
Der Beitrag „Diese gruselige Neuauflage eines Klassikers von Martin Scorsese ist ein Hit auf Apple TV“ erschien zuerst in der Daily Geek Show.","Hoc terribile reformandum de classic Martin Scorsese in Apple TV hit est. Apple TV thriller seriem online regali iactu posuit, quae toto orbe terrarum ictus est. 
Post hunc terribilem reformationem classicus Martin Scorsese ictus in Apple TV primus apparuit in Show Geek Daily.",Canada,NEN,North-America,wmo
d05245223b03410eabccc584a4d6554c,2026-07-01T11:35:39Z,Heat Wave,,www.cnbeta.com.tw,zh,0.4,欧洲酷热难耐，为何民众却不愿安装空调？,"32 岁的卢卡・富纳罗身患罕见遗传病，本月，他在巴黎市中心公寓里熬过这场破纪录的高温热浪，全程没有空调可用，而阻碍他安装空调的正是同住一栋楼的邻居。他居住在巴黎玛莱区一处热闹的市中心街区，此前多次申请在小区庭院安装室外空调机组，均遭到邻居拒绝，理由是空调运行噪音过大。
上周，柏林一处居民楼里，家家户户紧闭百叶窗、阳台空无一人。卢卡日常需要依靠轮椅出行，还必须借助呼吸机维持呼吸。无奈之下，他将邻居告上法庭，家人为此投入数千欧元打官司，这场拉锯战至今已经持续了两年，且仍未落幕。“气温过高时，残障人士很容易脱水，呼吸…",https://www.cnbeta.com.tw/articles/tech/1567500.htm,https://n.sinaimg.cn/finance/transform/80/w550h330/20260701/7fe8-9779ee7b398f9b74b2bf03f1541e6466.png,,"0  2026-07-01 19:31:25
X 
 32 38 
56% 25% 5%
 2.5 1.4 
 40 19 1947 2019 2022 
40 2030 2040 2050 
IPCC
 29 
5 3 
 24 
created by ceallan","The heat in Europe is unbearable, but why are people reluctant to install air conditioners? . Luca Funaro, 32, suffers from a rare genetic disease. This month, he survived a record-breaking heat wave in his apartment in central Paris. There was no air conditioning available throughout the entire period, and it was his neighbors who lived in the same building who prevented him from installing air conditioning. He lives in a lively downtown neighborhood in the Marais district of Paris. He has applied several times to install an outdoor air-conditioning unit in the courtyard of the community, but his neighbors have rejected him on the grounds that the air-conditioning operation makes too much noise.
Last week, in a residential building in Berlin, every household had their shutters closed and their balconies were empty. Luca relies on a wheelchair for daily travel and must use a ventilator to maintain breathing. In desperation, he took his neighbor to court, and his family invested thousands of euros in the lawsuit. This tug-of-war has lasted for two years and has not yet ended. “When the temperature is too high, people with disabilities are prone to dehydration and breathing...","Die Hitze in Europa ist unerträglich, aber warum zögern die Menschen, Klimaanlagen zu installieren? . Luca Funaro, 32, leidet an einer seltenen genetischen Krankheit. Diesen Monat überlebte er in seiner Wohnung im Zentrum von Paris eine rekordverdächtige Hitzewelle. Während des gesamten Zeitraums war keine Klimaanlage verfügbar und es waren seine Nachbarn, die im selben Gebäude wohnten, die ihn daran hinderten, eine Klimaanlage zu installieren. Er lebt in einem belebten Innenstadtviertel im Pariser Stadtteil Marais. Er hat mehrfach beantragt, im Innenhof der Gemeinde eine Außenklimaanlage zu installieren, doch seine Nachbarn lehnten ihn mit der Begründung ab, der Betrieb der Klimaanlage mache zu viel Lärm.
Letzte Woche waren in einem Wohnhaus in Berlin in jedem Haushalt die Fensterläden geschlossen und die Balkone leer. Luca ist für die täglichen Reisen auf einen Rollstuhl angewiesen und muss ein Beatmungsgerät verwenden, um die Atmung aufrechtzuerhalten. In seiner Verzweiflung zog er gegen seinen Nachbarn vor Gericht, und seine Familie investierte Tausende Euro in die Klage. Dieses Tauziehen hat zwei Jahre gedauert und ist noch nicht beendet. „Wenn die Temperatur zu hoch ist, neigen Menschen mit Behinderungen zu Dehydrierung und Atemnot …","Calor in Europa intolerabilis est, sed cur homines condiciones aeris instituere nolunt? . Luca Funaro 32 morbo genetico rarissimo laborat. Hoc mense, recordatio caloris solvendi unda in diaetam in media Parisiensi supervixit. Nulla caeli condicio per totum tempus praesto fuit et vicini eius qui in eodem aedificio habitaverunt qui eum condiciones aeris instituere prohibebant. Habitat in vicinia viva in regione Parisiensi Marais. Pluries adhibuit ut unitas aeris condicionis in atrio communitatis inauguraretur, sed vicini eius abiecerunt propterea quod operatio aer conditionalis nimium sonum reddit.
Ultima septimana, in aedificio residentiali Berolinensi, omnis domus clausa erat et maenianis vacua erant. Luca in wheelchair cotidiana peregrinatione innititur et ventilator ad respirationem conservandam uti debet. Desperans proximo in ius venit, et familiam suam in lite milia nummorum collocavit. Hoc bellum trahitis per duos annos duravit necdum finivit. ""Quando temperatura nimis alta est, homines cum defectibus sunt proni ad siccitatem et respirationem...",China,EAS,Asia,wmo
be16f26d38b5f2377b1859cfbfa3ceb8,2026-07-01T11:49:04Z,Flood,,www.elpais.com.uy,es,0.3,"""Está sedado y muy mal"": el doloroso presente del futbolista Lucas Trejo tras perder a su familia en Venezuela",La hermana del zaguero argentino lamentó que el futbolista se encuentre solo en el país caribeño y pidió apoyo urgente para viajar antes de que comience la cremación de su cuñada y sobrinos.,https://www.elpais.com.uy/mundo/esta-sedado-y-muy-mal-el-doloroso-presente-del-futbolista-lucas-trejo-tras-perder-a-su-familia-en-venezuela,https://imgs.elpais.com.uy/dims4/default/830a162/2147483647/strip/true/crop/1440x900+0+0/resize/1200x750!/format/webp/quality/90/?url=https%3A%2F%2Fel-pais-uruguay-production-web.s3.us-east-1.amazonaws.com%2Fbrightspot%2F58%2Fc8%2Fdc4960524695928b79978f1e6be5%2F534760109-18520945540011059-4024546929134914279-n.jpg,,"La hermana del futbolista argentino Lucas Trejo reveló que el deportista está sedado ""porque está muy mal y no tiene ningún familiar"", después de haber perdido a su esposa e hijos en el doble terremo… [+2363 chars]","""He is sedated and very bad"": the painful present of soccer player Lucas Trejo after losing his family in Venezuela. The sister of the Argentine defender regretted that the footballer is alone in the Caribbean country and asked for urgent support to travel before the cremation of her sister-in-law and nephews begins.","„Er ist sediert und es geht ihm sehr schlecht“: das schmerzliche Geschenk des Fußballspielers Lucas Trejo nach dem Verlust seiner Familie in Venezuela. Die Schwester der argentinischen Verteidigerin bedauerte, dass die Fußballerin allein in dem karibischen Land ist, und bat um dringende Unterstützung bei der Reise, bevor die Einäscherung ihrer Schwägerin und ihrer Neffen beginnt.","""Sedet et pessimum est"": praesens dolorosa lusoris lusoris Lucas Trejo amissa familia in Venezuela. Soror defensoris Argentinensis paenitebat euer in regione Caribbeana solum esse et postulavit instanter auxilium ire antequam cremationem sororis et nepotum suorum inciperet.",United States,CNA,North-America,wmo
f6b29d111dcb068daf36364cdb0b266f,2026-07-01T12:00:59Z,Heat Wave,,www.xataka.com,es,0.7,"César Franco, ingeniero: ""En España no somos inmunes a los efectos del cambio climático, necesitamos intensificar la conservación""",Europa ha vivido una ola de calor inconcebible hasta hace muy poco más allá de los Pirineos y las consecuencias han sido nefastas. Francia atribuye al calor la causa principal de más de 1.000 muertes y en las ventanas se han llegado a ver mantas térmicas para…,https://www.xataka.com/movilidad/cesar-franco-ingeniero-espana-no-somos-inmunes-a-efectos-cambio-climatico-necesitamos-intensificar-conservacion,https://i.blogs.es/7f894a/cesar-franco-ingeniero-espana-inversiones-calor/840_560.jpeg,,Europa ha vivido una ola de calor inconcebible hasta hace muy poco más allá de los Pirineos y las consecuencias han sido nefastas. Francia atribuye al calor la causa principal de más de 1.000 muertes… [+5763 chars],"César Franco, engineer: ""In Spain we are not immune to the effects of climate change, we need to intensify conservation."" Europe has experienced an inconceivable heat wave beyond the Pyrenees until very recently and the consequences have been dire. France attributes heat as the main cause of more than 1,000 deaths and thermal blankets have been seen on the windows to...","César Franco, Ingenieur: „In Spanien sind wir nicht immun gegen die Auswirkungen des Klimawandels, wir müssen den Naturschutz intensivieren.“ Bis vor Kurzem erlebte Europa jenseits der Pyrenäen eine unvorstellbare Hitzewelle mit verheerenden Folgen. Frankreich nennt Hitze die Hauptursache für mehr als 1.000 Todesfälle und an den Fenstern wurden Wärmedecken gesehen, um...","César Franco, ingeniarius: ""In Hispania ab effectibus mutationis climatis immunes non sumus, conservationi augendae"". Europa aestum ultra Pyrenaeum undam incomprehensibilem expertus est donec recentissime ac eventus dirae fuerunt. Gallia calori tribuit ut causa principalis plus quam mille mortes et stragula thermarum in fenestris visae sunt.",Spain,MED,Europe,wmo
6f480da25ac8e05e6777b6a67cf92c19,2026-07-01T12:05:36Z,Heat Wave,,36kr.com,zh,0.5,硬氪首发 | 前存储上市公司老将带队做AI超算设备，年营收已达数千万,"硬氪获悉，算力基础设施企业华弘数科近日完成数千万Pre-A轮融资，领投方为吴中金控，此次融资将主要用来发展AI应用和算力落地的生态建设、工厂产能的进一步扩大和基地的建设与推进。
 华弘数科成立于2021年，总部位于北京，后迁至苏州，专注全液冷边端侧超级计算机研发，是跨界全液冷散热与IT算力的一体化平台。
 其创始人罗华曾任同有科技（300302）董事兼副总经理，是前10大股东，曾在同有科技主管产品及销售工作，拥有近20年数据存储、高性能计算行业经验。联合创始人凌铭曾主导研发设计业界多款液冷服务器和工作站，曾获得上…",https://36kr.com/p/3877035735740673,"https://img.36krcdn.com/hsossms/20260701/v2_f3e62bcfd7df42ac9f2904f656a800e7@6310669_oswg56241oswg1053oswg495_img_jpg?x-oss-process=image/resize,m_mfit,w_600,h_400,limit_0/crop,w_600,h_400,g_center",,"Pre-AAI
2021IT
3003021020
AIAI2026AI8,661AI45202495020261,300CAGR21.7%
100dB
AI
255%271%45dB39h 28h 39%
To GAIAI
AIAIGCAIAIAIAI6O2O
19201220208AIAI
AIAMDAI
0.01IT40
PC
CPUGPU30.5%35AI2.7… [+52 chars]","Hard Krypton’s first release | A veteran of a former storage listed company led a team to build AI supercomputing equipment, with annual revenue reaching tens of millions. Hard Krypton learned that computing power infrastructure company Huahong Digits has recently completed tens of millions of Pre-A rounds of financing, led by Wuzhong Financial Holdings. This financing will be mainly used to develop AI applications and ecological construction of computing power landing, further expansion of factory production capacity, and construction and advancement of bases.
 Huahong Digital was founded in 2021 and is headquartered in Beijing. It later moved to Suzhou and focuses on the research and development of all-liquid-cooled edge-side supercomputers. It is an integrated platform for cross-border all-liquid cooling and IT computing power.
 Its founder, Luo Hua, used to be the director and deputy general manager of Tongyou Technology (300302), one of the top 10 largest shareholders. He was in charge of product and sales work at Tongyou Technology and has nearly 20 years of experience in the data storage and high-performance computing industries. Co-founder Ling Ming has led the research, development and design of many liquid-cooled servers and workstations in the industry, and has won...","Die erste Veröffentlichung von Hard Krypton | Ein Veteran eines ehemaligen börsennotierten Speicherunternehmens leitete ein Team zum Bau von KI-Supercomputing-Geräten mit einem Jahresumsatz von mehreren zehn Millionen. Hard Krypton erfuhr, dass das Rechenleistungs-Infrastrukturunternehmen Huahong Digits kürzlich zig Millionen Pre-A-Finanzierungsrunden unter der Leitung von Wuzhong Financial Holdings abgeschlossen hat. Diese Finanzierung wird hauptsächlich für die Entwicklung von KI-Anwendungen und den ökologischen Bau von Rechenleistungslandungen, den weiteren Ausbau der Fabrikproduktionskapazitäten sowie den Bau und die Weiterentwicklung von Stützpunkten verwendet.
 Huahong Digital wurde 2021 gegründet und hat seinen Hauptsitz in Peking. Später zog das Unternehmen nach Suzhou und konzentriert sich auf die Forschung und Entwicklung vollständig flüssigkeitsgekühlter Edge-Side-Supercomputer. Es handelt sich um eine integrierte Plattform für grenzüberschreitende All-Liquid-Kühlung und IT-Rechenleistung.
 Sein Gründer, Luo Hua, war früher Direktor und stellvertretender Geschäftsführer von Tongyou Technology (300302), einem der zehn größten Anteilseigner. Er war für die Produkt- und Vertriebsarbeit bei Tongyou Technology verantwortlich und verfügt über fast 20 Jahre Erfahrung in der Datenspeicher- und Hochleistungsrechnerbranche. Mitbegründer Ling Ming hat die Forschung, Entwicklung und das Design vieler flüssigkeitsgekühlter Server und Workstations in der Branche geleitet und gewonnen...","Hard Krypton's prima emissio | Veteranus pristinae repono societatis inscriptae turmam ad AI supercomputando apparatum aedificandum duxit, cum vectigal annuum decem decies centena milia attingens. Durum Krypton didicit potestatem computandi infrastructuram societatis Huahong Digitorum nuper decem miliones Pre-A circumscriptionum imperdietrum perfecisse, a Wuzhong Toco Financial ductus. Haec imperdiet principaliter adhibebitur ad applicationes AI explicandas et ad constructionem oecologicam computandi potestatem portum, amplificationem officinarum capacitatis productionis ulterioris, et constructionis et promotionis basium.
 Huahong Digital anno 2021 condita est et in Beijing praetorium est. Suzhou postea admovit et ad investigationem et progressionem omnium ora-laterum supercomputatorum liquidarum refrigeratorum tendit. Est suggestum integratum pro transversis limitibus omnibus liquidis refrigerationis et potentiae computatis IT.
 Auctor eius Luo Hua, moderator ac vicarius generalis technologiae Tongyou (300302), unus e summis 10 maximis socios esse solebat. Praeerat activitatis et venditionis labori apud Tongyou Technologiae ac prope XX annos experientiae in notitiis repositionis et magni operis computandis industriis. Co-conditor Ling Ming investigationem, progressionem et consilium multorum ministrantium et operationum in industria liquidae refrigeratae perduxit, et vicit...",China,EAS,Asia,wmo
f21125c7d29f0ed6b97f722b82046941,2026-07-01T12:13:30Z,Earthquake,,news.web.nhk,ja,0.9,【地震速報】青森 岩手で震度4 津波の心配なし,"【NHK】１日午後９時８分ごろ地震がありました。
この地震による津波の心配はありません。
震源地は岩手県沖で震源の深さは４０キロ、地震の規模を示すマグニチュードは６．０と推定されます。


各市町村の震度は以下",https://news.web.nhk/newsweb/na/na-k10015162191000,https://imgu.web.nhk/news/u/news/html/20260701/K10015162191_2607012114_0701211453_01_02.jpg,,Copyright NHK (Japan Broadcasting Corporation). All rights reserved.,"[Earthquake News] Earthquake intensity 4 in Iwate, Aomori. No worries about tsunami. [NHK] There was an earthquake at around 9:08 p.m. on the 1st.
There is no need to worry about a tsunami from this earthquake.
The epicenter was off the coast of Iwate Prefecture, at a depth of 40 km, and the magnitude, which indicates the scale of the earthquake, is estimated to be 6.0.


The seismic intensity of each municipality is as follows","[Erdbebennachrichten] Erdbebenintensität 4 in Iwate, Aomori. Keine Angst vor einem Tsunami. [NHK] Gegen 21:08 Uhr gab es ein Erdbeben. am 1.
Es besteht kein Grund zur Sorge vor einem Tsunami durch dieses Erdbeben.
Das Epizentrum lag vor der Küste der Präfektur Iwate in einer Tiefe von 40 km und die Stärke, die das Ausmaß des Erdbebens angibt, wird auf 6,0 geschätzt.


Die seismische Intensität jeder Gemeinde ist wie folgt","[Terra motus News] Intensio terrae motus 4 in Iwate, Aomori. Nulla sollicitudine tsunami. [NHK] Terrae motus factus est circa 9:08 a.m. die 1st.
Nihil opus est de tsunami hac terrae motu solliciti.
Epicenter ab litore Praefecturae Iwate fuit, in altitudinem 40 km, et magnitudo, quae indicat magnitudinem terrae, esse 6.0 aestimatur.


Seismic intensio cuiusque municipii talis est",,,,random
8bdb2e4dd1bad5d969de0b1d64e82f73,2026-07-01T12:17:43Z,Earthquake,,www.newsit.gr,el,0.9,"Σεισμός στα Κύθηρα μεγέθους 4,4 Ρίχτερ","Σεισμός μεγέθους 4,4 Ρίχτερ σημειώθηκε την Τετάρτη 1 Ιουλίου 2026 στα Κύθηρα. Σύμφωνα με την αυτόματη λύση του Γεωδυναμικού Ινστιτούτου, ο σεισμός σημειώθηκε στις 15:03 ... 
To άρθρο Σεισμός στα Κύθηρα μεγέθους 4,4 Ρίχτερ δημοσιεύτηκε στο NewsIT .",https://www.newsit.gr/ellada/seismos-sta-kythira-megethous-4-4-rixter/4717509/,https://www.newsit.gr/wp-content/uploads/2026/07/seismos-4-4-richter-kythiron-2026-07-01-15-03-1200x630.jpg,,"15:17
1 2026
15:01 
 01.07.26
14:44 
 01.07.26
13:54 
 01.07.26","Earthquake in Kythira measuring 4.4 on the Richter scale. A magnitude 4.4 earthquake occurred on Wednesday, July 1, 2026 in Kythira. According to the Geodynamic Institute's automatic solution, the earthquake occurred at 15:03 ... 
The article Earthquake in Kythira with a magnitude of 4.4 was published in NewsIT.","Erdbeben in Kythira mit Stärke 4,4 auf der Richterskala. Am Mittwoch, dem 1. Juli 2026, ereignete sich in Kythira ein Erdbeben der Stärke 4,4. Nach der automatischen Lösung des Geodynamischen Instituts ereignete sich das Erdbeben um 15:03 Uhr ... 
Der Artikel Erdbeben in Kythira mit einer Stärke von 4,4 wurde in NewsIT veröffentlicht.","Terrae motus in Kythira mensurae 4.4 in libra Richter. Magnitudo 4.4 terrae motus die Mercurii, mensis Iulii, anno 2026 in Kythira occurrit. Secundum solutionem automaticae Instituti Geodynamicae, motus factus est ante 15:03... 
Articulus Terrae motus in Kythira cum magnitudine 4.4 in NewsIT editus est.",,,,random
2949f89e0b5317d80ed846cd3bddcac8,2026-07-01T12:56:18Z,Wildfire,,pikabu.ru,ru,0.3,Избушка в тайге. Самая первая поездка,"В этой истории расскажу, как защищаюсь от клещей, как совершенно случайно нашёл отличное место, а заодно нашёл следы медведя.
И немного забегая вперёд, по просьбам добавляю видео с обзором избушки изнутри, снимал для корефана Никиты. Это начало октября 2024 …",https://pikabu.ru/story/izbushka_v_tayge_samaya_pervaya_poezdka_14112119,https://cs18.pikabu.ru/s/2026/06/28/09/5gabfq6w_s.jpg,,", , .
 , , . 2024 , , . ,  , , . - , , .
 2023 : , +10, , , 2*3, 15, , , , . . , .
 3 , 3 - .
 , , , - , , . , 
, 
, . .
 - , , , . , .
.
, , , . .
 , , , .
.
. - . .
, 
, , , , . , 12,… [+336 chars]","Hut in the taiga. The very first trip. In this story I’ll tell you how I protect myself from ticks, how I completely accidentally found a great place, and at the same time found traces of a bear.
And looking ahead a little, at the request, I’m adding a video with an overview of the hut from the inside, filmed for Nikita’s corefan. This is the beginning of October 2024...","Hütte in der Taiga. Die allererste Reise. In dieser Geschichte erzähle ich euch, wie ich mich vor Zecken schütze, wie ich völlig zufällig einen tollen Ort gefunden habe und gleichzeitig Spuren eines Bären gefunden habe.
Und ein wenig vorausschauend füge ich auf Wunsch ein Video mit einem Überblick über die Hütte von innen hinzu, gefilmt für Nikitas Corefan. Das ist Anfang Oktober 2024...","Casa in taiga. Primum iter ipsum. In hac fabula narrabo tibi quomodo me ab ricinis tueor, quomodo magnum locum penitus inveni, et simul ursi vestigia inveni.
Et paululum prospicio, rogante, video video cum contemplatione casae ab intus, filmed pro Nikita's corefan. Hoc est initium mensis Octobris anno MMXXIV.",Russia,ESB,Europe,wmo
a8fa1503ca216913cfb19af090cff4d7,2026-07-01T13:01:00Z,Flood,,www.xataka.com,es,0.3,Los aires acondicionados llevan décadas queriendo llegar al norte de España sin demasiado éxito. Hasta que el termómetro pasó de 40ºC,"Aquí un servidor está escribiendo estas líneas desde Vigo, con el termómetro marcando 28ºC (temperatura que en unos días se disparará a 35ºC) y sin aire acondicionado ni ventiladores de techo. Mis únicas arma frente a la calima son un pequeño ventilador de me…",https://www.xataka.com/magnet/aires-acondicionados-llevan-decadas-queriendo-llegar-al-norte-espana-demasiado-exito-que-termometro-paso-40oc,https://i.blogs.es/307673/acnorteespana/840_560.jpeg,,"Aquí un servidor está escribiendo estas líneas desde Vigo, con el termómetro marcando 28ºC (temperatura que en unos días se disparará a 35ºC) y sin aire acondicionado ni ventiladores de techo. Mis ún… [+7325 chars]","Air conditioners have been wanting to reach the north of Spain for decades without much success. Until the thermometer passed 40ºC. Here a server is writing these lines from Vigo, with the thermometer reading 28ºC (a temperature that in a few days will shoot up to 35ºC) and without air conditioning or ceiling fans. My only weapon against the haze is a small air fan…","Klimaanlagen wollen seit Jahrzehnten erfolglos den Norden Spaniens erreichen. Bis das Thermometer 40 °C überschritt. Hier schreibt ein Server diese Zeilen aus Vigo, während das Thermometer 28 °C anzeigt (eine Temperatur, die in ein paar Tagen auf 35 °C steigen wird) und ohne Klimaanlage oder Deckenventilatoren. Meine einzige Waffe gegen den Dunst ist ein kleiner Luftventilator …","Aeris conditioners ad septentrionem Hispaniae per decennia parum feliciter pervenire defuisset. Donec thermometrum transeat 40ºC. Here a server is writing these lines from Vigo, with the thermometer reading 28ºC (a temperature that in a few days will shoot up to 35ºC) and without air conditioning or ceiling fans. Meum solum telum contra haze parvum aerem ventilabrum est…",United States,CNA,North-America,wmo
e743b83bc84317da473bc37622ef159c,2026-07-01T13:04:00Z,Earthquake,,www.aa.com.tr,tr,0.9,"Japonya açıklarında 5,9 büyüklüğünde deprem","Japonya'nın Iwate eyaleti açıklarında 5,9 büyüklüğünde deprem meydana geldi.",https://www.aa.com.tr/tr/dunya/japonya-aciklarinda-5-9-buyuklugunde-deprem/3983371,https://web-cdnprod.aa.com.tr/uploads/Contents/2026/07/01/thumbs_b_c_a36be58821643b4e25a0ba980342ce3e.jpg,,"ABD Jeolojik Aratrmalar Merkezi (USGS), depremin merkez üssünün Iwate eyaleti açklarnda, Noda bölgesinin 55 kilometre dousunda olduunu duyurdu.
5,9 büyüklüündeki depremin derinliinin 37,2 kilometre … [+57 chars]","5.9 magnitude earthquake off the coast of Japan. A 5.9 magnitude earthquake occurred off the coast of Iwate Prefecture, Japan.","Erdbeben der Stärke 5,9 vor der Küste Japans. Vor der Küste der japanischen Präfektur Iwate ereignete sich ein Erdbeben der Stärke 5,9.",5.9 Magnitudo terrae motus a litore Iaponiae. Magnitudo terrae motus factus est inter oram Iwate Praefecturae Iaponiae 5.9 .,,,,random
ee12246580ed0a2ce4433738a9c71cb3,2026-07-01T13:07:09Z,Heat Wave,,rg.ru,ru,0.7,"Россияне рассказали, как спасаются в жару","Ряд регионов России накрыла аномальная жара. Жители страны в опросе признались, что не очень любят такую погоду и всячески пытаются от нее спастись.",https://rg.ru/2026/07/01/rossiiane-rasskazali-kak-spasaiutsia-v-zharu.html,https://cdnstatic.rg.ru/images/rg-social-dummy-logo-650x360.jpg,http://web.archive.org/web/20260701135727/https://rg.ru/2026/07/01/rossiiane-rasskazali-kak-spasaiutsia-v-zharu.html,"- . 34% . , , - , , .
 - 21%. 9% . 4% """".
 32% , - , .
KP.Ru, 1,1 .
 """" , .",The Russians told how they escape in the heat. A number of regions of Russia were covered by abnormal heat. Residents of the country admitted in a survey that they do not really like this weather and are trying in every possible way to escape from it.,"Die Russen erzählten, wie sie der Hitze entkommen konnten. Mehrere Regionen Russlands waren von ungewöhnlicher Hitze betroffen. Die Bewohner des Landes gaben in einer Umfrage zu, dass ihnen dieses Wetter nicht wirklich gefällt und sie mit allen Mitteln versuchen, ihm zu entkommen.",Russi nuntiaverunt quomodo aestu evaserint. Aliquot Russiae regiones calore abnormalibus tegebant. Residentes regionis in lustratione admittendae se non re vera tempestatem similem esse et omni modo effugere conantur.,Russia,ESB,Europe,wmo
fbc79885a6205f925bee1e5108f21155,2026-07-01T13:09:54Z,Thunderstorm,,arabic.cnn.com,ar,0.9,حدث مذهل.. شاهد عاصفة برد تحول شوارع أمريكية إلى أنهار جليدية,أظهرت لقطات مصورة آثار عاصفة رعدية قوية ضربت منطقة قرب مدينة بويز بولاية أيداهو الأمريكية في 26 يونيو/حزيران، حيث تساقط البرد بكثافة غير معتادة، ما حوّل الشوارع إلى مشهد أقرب إلى عاصفة شتوية.,https://arabic.cnn.com/miscellaneous/video/2026/07/01/v197258-hailstorm-floods-idaho-street,"https://cnn-arabic-images.cnn.io/cloudinary/image/upload/w_1920,h_1008,c_fill,q_auto,g_center/t_cnnarabic_watermark_logo_v5/cnnarabic/2026/07/01/images/337243.jpg",,,"An amazing event... Watch a cold storm turn American streets into glaciers. Video footage showed the effects of a strong thunderstorm that struck an area near the city of Boise, Idaho, USA, on June 26, where hail fell with unusual intensity, turning the streets into a scene closer to a winter storm.","Ein erstaunliches Ereignis ... Beobachten Sie, wie ein kalter Sturm amerikanische Straßen in Gletscher verwandelt. Videoaufnahmen zeigten die Auswirkungen eines starken Gewitters, das am 26. Juni ein Gebiet in der Nähe der Stadt Boise, Idaho, USA, heimsuchte, wo Hagel mit ungewöhnlicher Intensität niederging und die Straßen in ein Szenario verwandelte, das eher einem Wintersturm ähnelte.","Res mirabilis... Vigilate tempestas frigida in plateas Americanas in molibus. Video footage effecit vehementis tonitris, qui regionem prope urbem Boise, Idaho, USA percussit, die XXVI mensis Iunii, ubi grando inusitato ardore cecidit, vias in scaenam tempestatem hiemalem propius convertens.",,,,random
96270918523092b5521becef7ec4abc2,2026-07-01T13:14:19Z,Heat Wave,,observador.pt,pt,0.9,14h. Governo pede à ENSE análise dos preços dos combustíveis,"Ministra do Ambiente quer saber por que a descida dos combustíveis é mais lenta que as subidas com o conflito no Médio Oriente. Ainda, Governo antecipa aumento da mortalidade devido à onda de calor.",https://observador.pt/programas/noticiario/as-noticias-das-14h-2399/,https://bordalo.observador.pt/v2/rs:fill:770:403/c:770:433:nowe:0:0/q:70/f:webp/plain/https://s3.observador.pt/wp-content/uploads/2026/06/15153459/770-podcast-noticiario.png,http://web.archive.org/web/20260702063600/https://observador.pt/programas/noticiario/as-noticias-das-14h-2399/,"Esta transcrição foi gerada automaticamente por Inteligência Artificial e pode conter erros ou imprecisões.Rádio Observador.
Jornal das duas com o Miguel Videira. Miguel, o governo pediu à Entidade … [+9527 chars]","2pm. Government asks ENSE to analyze fuel prices. Minister of the Environment wants to know why the decline in fuel prices is slower than the rise due to the conflict in the Middle East. Furthermore, the Government anticipates an increase in mortality due to the heat wave.","14 Uhr. Die Regierung bittet ENSE um eine Analyse der Kraftstoffpreise. Umweltminister will wissen, warum der Rückgang der Treibstoffpreise langsamer verläuft als der Anstieg aufgrund des Nahost-Konflikts. Darüber hinaus rechnet die Regierung mit einem Anstieg der Sterblichkeit aufgrund der Hitzewelle.","2pm. Imperium rogat ENSE ut cibus pretia excutiat. Minister Environment scire cupit cur fre- quentes pretia cibus tardiores sint quam ortus propter conflictum in Medio Oriente. Praeterea, regimen mortalitatis praevenit augmentum propter aestum fluctuantis.",,,,random
888c0af2bedd40f32aad5e5bde904a05,2026-07-01T13:34:55Z,Precipitation,,www.skai.gr,el,0.9,Ρουμανία: Ένας νεκρός από την ισχυρή καταιγίδα που ακολούθησε τον καύσωνα,"Η σφοδρή κακοκαιρία έπληξε το Βουκουρέστι και άλλες περιοχές της χώρας, προκαλώντας εκτεταμένες πλημμύρες, εκατοντάδες πτώσεις δέντρων και σοβαρές ζημιές",https://www.skai.gr/news/world/roumania-enas-nekros-apo-tin-isxyri-kataigida-pou-akolouthise-ton-kaysona,https://cdn.skai.gr/sites/default/files/styles/article_16_9/public/2026-07/ap26182390265879.jpg?itok=YJ2DuDub,http://web.archive.org/web/20260702063024/https://www.skai.gr/news/world/roumania-enas-nekros-apo-tin-isxyri-kataigida-pou-akolouthise-ton-kaysona,"65 , 3 9 , 19 , 5 
1 , 20 .
 60 , 350 100 , (IGSU).
 , . 2.200 , , , , .
 IGSU 988 , 495 .
 , , 40 .
 , .
 .Skai.gr Google News .
© 2026 skai.gr - All Rights Reserved","Romania: One dead from the strong storm that followed the heat wave. The severe weather hit Bucharest and other parts of the country, causing widespread flooding, hundreds of fallen trees and severe damage","Rumänien: Ein Toter durch den starken Sturm, der auf die Hitzewelle folgte. Das Unwetter traf Bukarest und andere Teile des Landes und verursachte großflächige Überschwemmungen, Hunderte umgestürzte Bäume und schwere Schäden","Rōmānī: Unus mortuus est a tempestāte fortā, quae aestum sequēbat undam. Gravis tempestas Bucharest et aliarum regionum partium inundationem late stravit, centum arborum caducarum et gravissima detrimenta.",,,,random
d71069a03a3bf248bf690422cff1cb41,2026-07-01T13:35:07Z,Heat Wave,,www.cnbeta.com.tw,zh,0.2,兰博基尼放弃纯电动计划 发布全新Urus高性能插电混动SUV,"在放弃纯电动汽车研发规划后，这家意大利车企持续深耕混动车型赛道，于周三正式发布 Urus SUV 全新高性能混动版本 ——Urus SE Performante。相比现款车型，新车外观设计更具攻击性，配备尺寸更大的进气格栅、引擎盖进气风道，同时在内饰方面也完成多项升级优化。
兰博基尼 Urus SE Performante 车型兰博基尼将这款全新 Urus SE Performante 定义为 “全球最快超级 SUV”：车辆零至百公里加速仅需 3.3 秒，最高时速可达 312 公里（约 194 英里）。该车为插…",https://www.cnbeta.com.tw/articles/tech/1567518.htm,https://n.sinaimg.cn/tech/transform/59/w550h309/20260701/e2cf-fec18d56e907c581fe24f2827f616c61.png,,"Urus SE Performante 
 Urus SE Performante SUV 3.3 312 194 
 4 V8 812 738 
Urus SE Performante 
 Urus SE Performante 2026 Urus SE 25 28 
Urus 11000 
 5 Luce
 Luce","Lamborghini abandons its pure electric plan and releases the new Urus high-performance plug-in hybrid SUV. After abandoning its pure electric vehicle research and development plan, the Italian car company continues to delve into the hybrid model track and officially released a new high-performance hybrid version of the Urus SUV - Urus SE Performante on Wednesday. Compared with the current model, the new car has a more aggressive exterior design, equipped with a larger grille and hood air duct, and has also completed a number of upgrades and optimizations in the interior.
Lamborghini Urus SE Performante model Lamborghini defines this new Urus SE Performante as the ""world's fastest super SUV"": the vehicle accelerates from zero to 100 kilometers per hour in just 3.3 seconds, and can reach a top speed of 312 kilometers per hour (approximately 194 miles). This car is a plug-in…","Lamborghini gibt seinen reinen Elektroplan auf und bringt den neuen Hochleistungs-Plug-in-Hybrid-SUV Urus auf den Markt. Nachdem der italienische Automobilhersteller seinen reinen Forschungs- und Entwicklungsplan für Elektrofahrzeuge aufgegeben hat, beschäftigt er sich weiterhin mit Hybridmodellen und hat am Mittwoch offiziell eine neue Hochleistungs-Hybridversion des Urus-SUV auf den Markt gebracht – den Urus SE Performante. Im Vergleich zum aktuellen Modell verfügt das neue Auto über ein aggressiveres Außendesign, ist mit einem größeren Kühlergrill und einem größeren Motorhaubenluftkanal ausgestattet und hat auch im Innenraum eine Reihe von Verbesserungen und Optimierungen vorgenommen.
Lamborghini Urus SE Performante-Modell Lamborghini definiert diesen neuen Urus SE Performante als „schnellsten Super-SUV der Welt“: Das Fahrzeug beschleunigt in nur 3,3 Sekunden von null auf 100 Kilometer pro Stunde und kann eine Höchstgeschwindigkeit von 312 Kilometern pro Stunde (ca. 194 Meilen) erreichen. Dieses Auto ist ein Plug-in…","Lamborghini purum electricum consilium suum deserit et novum Urus altum perficientur obturaculum-in hybrid SUV dimittit. Postquam, relicto puro electrici vehiculi investigatione et evolutionis consilio, societas currus Italica in vestigia exemplarium hybridarum ire pergit et publice emisit novam versionem hybridarum artium Urus SUV - Urus SE Performante die mercurii. Praesens exemplar comparatum, nova raeda efficaciorem exteriorem consilium habet, crate ampliore et cucullo ductus aere instructus, atque etiam plures in interioribus upgrades et optimizations perfecit.
Lamborghini Urus SE Performante exemplar Lamborghini hoc novum Urus SE Performante definit ""celeberrimum mundi super SUV"": vehiculum accelerat a nihilo ad 100 chiliometrorum per horae iusta 3.3 secundis, et ad summam celeritatem potest pervenire 312 chiliometrorum per hora (circiter 194 milia passuum). Haec raeda obturaculum-in…",China,EAS,Asia,wmo
8f85424a98a531874f2cc36e79fc46b2,2026-07-01T13:42:35Z,Tsunami,,www.yenicaggazetesi.com,tr,0.9,Japonya’da deprem: Merkez üssü açıklandı,"Japonya'nın Iwate eyaleti açıklarında 5,9 büyüklüğünde bir deprem meydana geldi. Depremin ardından herhangi bir tsunami uyarısı yapılmadı. Sismik sarsıntının derinliği ve merkez üssü ise ABD Jeolojik Araştırmalar Merkezi tarafından paylaşıldı.",https://www.yenicaggazetesi.com/japonyada-deprem-merkez-ussu-aciklandi-1046680h.htm,https://img.yenicaggazetesi.com/rcman/Cw1280h720q95gc/storage/files/images/2026/07/01/japonyada-deprem-merkez-ussu-aciklandi-jcyp.jpg,,"Japonya'nn Iwate eyaleti yaknlarnda, deniz açklarnda 5,9 büyüklüünde bir deprem kaydedildi.
Amerika Birleik Devletleri Jeolojik Aratrmalar Merkezi (USGS) tarafndan yaplan açklamada, meydana gelen sa… [+275 chars]","Earthquake in Japan: Epicenter announced. A magnitude 5.9 earthquake occurred off the coast of Iwate Prefecture, Japan. There was no tsunami warning after the earthquake. The depth and epicenter of the seismic earthquake were shared by the US Geological Survey.","Erdbeben in Japan: Epicenter angekündigt. Vor der Küste der japanischen Präfektur Iwate ereignete sich ein Erdbeben der Stärke 5,9. Nach dem Erdbeben gab es keine Tsunami-Warnung. Die Tiefe und das Epizentrum des seismischen Erdbebens wurden vom US Geological Survey mitgeteilt.",Terrae motus in Iaponia: Epicenter nuntiatum est. Magnitudo 5.9 terrae motus inter litus Iwate Praefecturae Iaponiae factus est. Non fuit tsunami admonitio post terrae motum. Altitudo et epicenter terrae motus seismic a US Geological Survey communicata sunt.,,,,random
d4f27786e19e23fec5a65fc1c38649f8,2026-07-01T14:10:14Z,Storm,,vz.ru,ru,0.8,Синоптик Позднякова спрогнозировала уход жары и дожди в Москве,"В столичном регионе ожидается постепенное снижение температуры воздуха, которое будет сопровождаться кратковременными осадками и местами грозами, сообщили синоптики. Жара начнет покидать столицу в ближайшие дни, пишет RT со ссылкой на ведущего специалиста инф…",https://vz.ru/news/2026/7/1/1431623.html#text,https://img.vz.ru/upimg/soc/soc_1431623.png,http://web.archive.org/web/20260702070228/https://vz.ru/news/2026/7/1/1431623.html,", RT «» . , .
 , 18 20 , 2527 . . « , », .
 15 16 , 23 25 . 15 , 2224 . , , 18 23 .
 , - . 
   . «» .","Forecaster Pozdnyakova predicted the end of the heat and rain in Moscow. In the capital region, a gradual decrease in air temperature is expected, which will be accompanied by short-term precipitation and occasional thunderstorms, forecasters said. The heat will begin to leave the capital in the coming days, writes RT with reference to a leading information specialist...","Meteorologe Pozdnyakova sagte das Ende der Hitze und des Regens in Moskau voraus. In der Hauptstadtregion wird ein allmählicher Rückgang der Lufttemperatur erwartet, der mit kurzfristigen Niederschlägen und gelegentlichen Gewittern einhergeht, sagten Prognostiker. Die Hitze werde in den kommenden Tagen beginnen, die Hauptstadt zu verlassen, schreibt RT unter Berufung auf einen führenden Informationsspezialisten...","Vatem Pozdnyakova praedixit finem caloris et pluviae Moscuae. In regione capitali, paulatim decrementum temperaturae aeris expectatur, quae cum brevi tempore praecipitatio et procellis occasionalibus et tempestatibus vadis comitabitur dixit. Calor incipiet excedere capitale in diebus venientibus, scribit RT cum principali informatione speciali...",Russia,ESB,Europe,wmo
a3d611f830df358adfc8a97de5deb12a,2026-07-01T14:34:05Z,Earthquake,,www.bbc.com,pt,0.9,"Milhares de mortos, milhões precisando de ajuda: os números que mostram a dimensão da tragédia após terremotos na Venezuela",Dados das autoridades venezuelanas e de organizações internacionais sobre o impacto da catástrofe pintam um quadro cada vez mais grave.,https://www.bbc.com/portuguese/articles/cx23d31gyx4o,https://ichef.bbci.co.uk/news/1200/branded_portuguese/75de/live/0b98f430-74fc-11f1-812a-0bedfce7705b.jpg,http://web.archive.org/web/20260701235123/https://www.bbc.com/portuguese/articles/cx23d31gyx4o,"Crédito, Reuters
Legenda da foto, Familiares e vizinhos de Jhonquer Cerpas, um menino de 13 anos que foi resgatado dos escombros
Article Information<ul><li><ul><li>Author, Santiago Vanegas</li><li>… [+7369 chars]","Thousands dead, millions in need of help: the numbers that show the scale of the tragedy following earthquakes in Venezuela. Data from Venezuelan authorities and international organizations on the impact of the catastrophe paint an increasingly serious picture.","Tausende Tote, Millionen hilfsbedürftige Menschen: Die Zahlen verdeutlichen das Ausmaß der Tragödie nach den Erdbeben in Venezuela. Daten venezolanischer Behörden und internationaler Organisationen über die Auswirkungen der Katastrophe zeichnen ein zunehmend ernstes Bild.","Milia mortuorum, decies centena milia egent auxilio: numeri qui ostendunt scalam tragoediae sequentes terrae motus in Venezuela. Data apud Venezuelan auctoritates et Instituta internationalia ob calamitatis impulsum imaginem magis magisque gravem pingunt.",Venezuela,NSA,South-America,usgs
b8f048e458e804e50f180ba3528a778a,2026-07-01T15:52:58Z,Volcano,,travel.thewom.it,it,0.9,Sospeso tra il fuoco del vulcano e l’acqua del fiume: il magico borgo siciliano che sembra uscito da una fiaba,"Dove si trova Castiglione di Sicilia e quando andarci Castiglione di Sicilia si trova nella provincia di Catania, in posizione strategica tra il Parco dell’Etna, il Parco dell’Alcantara e, più a nord, l’area dei Nebrodi. Il borgo è costruito su una collina ch…",https://travel.thewom.it/italia/sicilia/castiglione-di-sicilia.html,https://travel.thewom.it/content/uploads/sites/4/2026/07/castiglione-di-sicilia-1024x678.jpg,,"Preferisci ascoltare il riassunto audio?
 Castiglione di Sicilia 
Castiglione di Sicilia si trova nella provincia di Catania, in posizione strategica tra il Parco dell’Etna, il Parco dell’Alcantara… [+9675 chars]","Suspended between the fire of the volcano and the water of the river: the magical Sicilian village that seems to have come out of a fairy tale. Where is Castiglione di Sicilia and when to go Castiglione di Sicilia is located in the province of Catania, in a strategic position between the Etna Park, the Alcantara Park and, further north, the Nebrodi area. The village is built on a hill that…","Zwischen dem Feuer des Vulkans und dem Wasser des Flusses schwebt: das magische sizilianische Dorf, das einem Märchen entsprungen zu sein scheint. Wo liegt Castiglione di Sicilia und wann sollte man reisen? Castiglione di Sicilia liegt in der Provinz Catania, in einer strategischen Lage zwischen dem Ätna-Park, dem Alcantara-Park und weiter nördlich dem Nebrodi-Gebiet. Das Dorf liegt auf einem Hügel, der…","Suspenditur inter ignem vulcani et fluminis aquam: vicus Siculus magicus, qui videtur venisse fabulam. Ubi est Castiglione di Sicilia et cum ad Castiglione di Sicilia sita est in provincia Catania, loco opportunis inter Ortum Aetna, Ortus Alcantara et ultra septentrionem, regio Nebrodi. Vicus aedificatus est in colle qui…",,,,random
c7770d085c92288d7159166da1cd5b3e,2026-07-01T16:15:00Z,Drought,,www.ledauphine.com,fr,0.3,Environnement. Canicules et sécheresses : comment les forêts françaises font face au changement climatique,"Les forêts françaises ont résisté aux deux épisodes de canicule de ce début d’été. Cependant, les chercheurs en écophysiologie alertent sur l’état de sécheresse des sols et le risque de mortalité pour les arbres si elle se prolonge, ou pire, si une nouvelle c…",https://www.ledauphine.com/environnement/2026/07/01/canicules-et-secheresses-comment-les-forets-francaises-font-face-au-changement-climatique,https://cdn-s-www.ledauphine.com/images/D8274374-A276-40C1-B973-DBAA0E74D4A3/FB1200/photo-1782920661.jpg,,"« Les canicules extrêmes de mai et juin n’ont pas montré d’effet direct sur les forêts françaises », rapporte Sylvain Delzon, directeur de recherche à l’Institut national de recherche pour l’agricult… [+3350 chars]","Environment. Heatwaves and droughts: how French forests are coping with climate change. French forests withstood the two heatwave episodes at the start of summer. However, ecophysiology researchers are warning about the state of drought in the soil and the risk of mortality for trees if it continues, or worse, if a new c...","Umfeld. Hitzewellen und Dürren: Wie französische Wälder mit dem Klimawandel zurechtkommen. Die französischen Wälder haben den beiden Hitzewellen zu Beginn des Sommers standgehalten. Ökophysiologie-Forscher warnen jedoch vor dem Zustand der Dürre im Boden und dem Risiko des Absterbens von Bäumen, wenn die Dürre anhält oder, schlimmer noch, wenn eine neue Dürre auftritt.","Mauris. Heatwaves et siccitates: quomodo silvae Gallicae parietum cum mutatione climatis. Initio aestatis duas episodias aestuantis Gallicae silvae restiterunt. Attamen investigatores oecophysiologiam monent de siccitatis statu in solo et periculo mortalitatis in arboribus, si perseveret, vel peius, si novum c...",Burundi,SEAF,Africa,edo
0cea5c18be6aa2e150dfd54360da07cd,2026-07-01T16:45:48Z,Earthquake,,www.lanacion.com.ar,es,0.7,"El mensaje de la madre de Lucas Gámez, el niño desaparecido en Venezuela, en medio de la búsqueda","Blancalida Martínez Coronado dio más detalles sobre cómo sigue la búsqueda del chico de 8 años, que fue visto por última vez antes de los terremotos; “Costaría creer en el milagro”, marcó",https://www.lanacion.com.ar/el-mundo/el-mensaje-de-la-madre-de-lucas-gamez-el-nino-desaparecido-en-venezuela-en-medio-de-la-busqueda-nid01072026/,https://www.lanacion.com.ar/resizer/v2/los-videos-que-publico-la-madre-de-lucas-5ZDFUGRYFBFJRGKY76OCDHE3WM.png?auth=9f571864a8e745162a033b28218820a291bfaaaa079874dbf3c9e7b9f731b7fd&width=1200&height=800&quality=70&smart=true,http://web.archive.org/web/20260702044337/https://www.lanacion.com.ar/el-mundo/el-mensaje-de-la-madre-de-lucas-gamez-el-nino-desaparecido-en-venezuela-en-medio-de-la-busqueda-nid01072026/,"A una semana de los devastadores terremotos que azotaron Venezuela, continúa la búsqueda de las miles de personas desaparecidas, entre ellas un niño argentino de 8 años que se encontraba junto sus tí… [+3101 chars]","The message from the mother of Lucas Gámez, the missing child in Venezuela, in the middle of the search. Blancalida Martínez Coronado gave more details about how the search for the 8-year-old boy, who was last seen before the earthquakes, continues; “It would be hard to believe in a miracle,” he said.","Die Nachricht der Mutter von Lucas Gámez, dem vermissten Kind in Venezuela, mitten in der Suche. Blancalida Martínez Coronado gab weitere Einzelheiten darüber bekannt, wie die Suche nach dem 8-jährigen Jungen, der zuletzt vor den Erdbeben gesehen wurde, weitergeht; „Es wäre schwer, an ein Wunder zu glauben“, sagte er.","Nuntium matris Lucae Gámez, infantis absentis in Venezuela, in media investigatione. Blancalida Martínez Coronado accuratius dedit quomodo inquisitionem pueri VIII annorum, qui proxime visus est ante terrae motus, pergit; ""Difficile est, inquit, miraculum credere.""",Venezuela,NSA,South-America,usgs
20a7feff190db053da1f864746593138,2026-07-01T16:54:17Z,Heat Wave,,www.youtube.com,ru,0.7,Ходорковский LIVE: ⚡️НОВОСТИ | ЭВАКУАЦИЯ В МОСКВА-СИТИ | ЛИМИТЫ НА БЕНЗИН ПО ВСЕЙ РОССИИ | УДАРЫ ДРОНОВ ВСУ | ЖАРА (2026-01-07),"Главные новости 1 июля:
- Лимиты на бензин по всей России.
- В башне Федерация в Москва-сити была объявлена эвакуация. 
- Атака на Пензу: генштаб ВСУ подтвердил попадание по НИИ физических измерений, там возник пожар.
- Также дроны ВСУ ударили по НПЗ в Уфе, с…",https://www.youtube.com/supported_browsers?next_url=https://www.youtube.com/watch%3Fv%3DnP4KWkKn94g,,,"Your browser isnt supported anymore. Update it to get the best YouTube experience and our latest features. Learn more
Remind me later","Khodorkovsky LIVE: ⚡️NEWS | EVACUATION IN MOSCOW CITY | LIMITS ON GASOLINE ACROSS RUSSIA | APU DRONE STRIKES | HEAT (2026-01-07). Main news on July 1:
- Limits on gasoline throughout Russia.
- An evacuation was announced at the Federation Tower in Moscow City. 
- Attack on Penza: the General Staff of the Ukrainian Armed Forces confirmed a hit on the Research Institute of Physical Measurements, a fire broke out there.
- Also, drones of the Ukrainian Armed Forces hit the oil refinery in Ufa, with...","Chodorkowski LIVE: ⚡️NEWS | Evakuierung in der Stadt Moskau | GRENZWERTE FÜR BENZIN IN GANZ RUSSLAND | APU-Drohnenangriffe | HITZE (07.01.2026). Hauptnachrichten vom 1. Juli:
- Benzinbeschränkungen in ganz Russland.
- Im Federation Tower in der Stadt Moskau wurde eine Evakuierung angekündigt. 
- Angriff auf Pensa: Der Generalstab der ukrainischen Streitkräfte bestätigte einen Angriff auf das Forschungsinstitut für physikalische Messungen, dort brach ein Feuer aus.
- Außerdem trafen Drohnen der ukrainischen Streitkräfte die Ölraffinerie in Ufa, mit...","Khodorkovsky LIVE: ⚡️NEWS | EVACUATION IN URBE MOSCOW | TERMINIS DE GASOLINE PER RUSSIA | APU DRONE STREKES | HEAT (2026-01-07). Praecipuum nuntium die I Iulii;
— Limites gasoline per Russiam.
- Nuntiata est evacuatio apud Turrim Foederationis in urbe Moscuae. 
- Impetum in Penza: Staff Generalis Virium armatorum Ucrainae confirmavit ictus in Research Instituto Mensurae Physicae, ignis ibi exarsit.
- Etiam, fuci copiae armatae Ucrainae oleum conflatorio in Ufa percusserunt, cum ...",Russia,ESB,Europe,wmo
a82de0ad267ff5b4490bd8eb19ee4d01,2026-07-01T17:02:00Z,Snow&Ice,,dailygeekshow.com,fr,0.3,Des milliers de fleurs transforment la Vallée de la Mort après un hiver exceptionnellement pluvieux,"Comment l’un des paysages les plus hostiles d’Amérique a-t-il pu se couvrir soudain de jaune, de violet et de rose ? Derrière ce spectacle presque irréel, il y a un enchaînement de pluies rares, de graines patientes et une leçon fascinante sur la vie cachée d…",https://dailygeekshow.com/?p=1011822,https://dailygeekshow.com/wp-content/uploads/2026/06/des-milliers-de-fleurs-transforment-la-vallee-de-la-mort-apres-un-hiver-exceptionnellement-pluvieux.webp,,"Comment lun des paysages les plus hostiles dAmérique a-t-il pu se couvrir soudain de jaune, de violet et de rose ? Derrière ce spectacle presque irréel, il y a un enchaînement de pluies rares, de gra… [+4533 chars]","Thousands of flowers transform Death Valley after an exceptionally rainy winter. How could one of the most hostile landscapes in America suddenly be covered in yellow, purple and pink? Behind this almost unreal spectacle, there is a sequence of rare rains, patient seeds and a fascinating lesson on the hidden life of…","Tausende Blumen verwandeln das Death Valley nach einem außergewöhnlich regnerischen Winter. Wie konnte eine der lebensfeindlichsten Landschaften Amerikas plötzlich in Gelb, Lila und Rosa gehüllt sein? Hinter diesem fast unwirklichen Spektakel verbirgt sich eine Abfolge seltener Regenfälle, geduldiger Samen und eine faszinierende Lektion über das verborgene Leben von …","Milia florum transfundunt Mortem vallem post hiemem Eximie pluviosum. Quomodo unus ex inimicissimis campis in America subito luteo, purpura et roseo tegi potuit? Post hoc spectaculum paene fictum, series rara pluviarum, seminum patientium et fascinatio lectionis de vita abscondita...",United States,CNA,North-America,wmo
a8ecf030a5df16bc5709356500d7e165,2026-07-01T17:05:32Z,Storm,,hindi.moneycontrol.com,hi,0.3,"El Nino को लेकर केंद्र सरकार अलर्ट, PM मोदी ने मंत्रालयों को आपात योजना बनाने के दिए निर्देश","देश के कई हिस्सों में कमजोर मानसून और बारिश की बढ़ती कमी को लेकर चिंता के बीच, प्रधानमंत्री नरेंद्र मोदी ने सभी संबंधित मंत्रालयों को 'अल नीनो' (El Nino) के संभावित असर से निपटने के लिए आपातकालीन योजनाओं के साथ तैयार रहने का निर्देश दिया है।सूत्रों के मुताबिक…",https://hindi.moneycontrol.com/india/central-government-on-alert-regarding-el-nino-pm-modi-directs-ministries-to-formulate-emergency-plans-article-2416225.html,https://images.moneycontrol.com/static-hindinews/2026/07/pm-modi.jpg,,", ' ' (El Nino) 
 , ' ' , 40% 
 , , , 
, , , 
, , , , , - 
 ' ' 
 , 10 - - 
 , El Nino 
 (IMD) 2026, 1901 39% 92% 
 : Annapurna Yojana: 3,000!","Central government alert regarding El Nino, PM Modi instructed ministries to make emergency plans. Amid concerns over weak monsoon and increasing rainfall deficiency in many parts of the country, Prime Minister Narendra Modi has directed all concerned ministries to be prepared with emergency plans to deal with the possible impact of 'El Nino'. According to sources…","Angesichts der Warnung der Zentralregierung vor El Niño wies Premierminister Modi die Ministerien an, Notfallpläne zu erstellen. Angesichts der Besorgnis über einen schwachen Monsun und zunehmende Niederschlagsdefizite in vielen Teilen des Landes hat Premierminister Narendra Modi alle betroffenen Ministerien angewiesen, Notfallpläne für den Umgang mit den möglichen Auswirkungen von „El Niño“ vorzubereiten. Laut Quellen…","Intentio centralis regimen de El Nino, PM Modi ministeria instruebat ad consilia subitis facienda. Inter curas de monsoon infirma et pluviae defectus in multis partibus nationis crescentibus, Primus Minister Narendra Modi omnes ad ministeria curanda parari iussit cum subitis consiliis ut ictum 'El Nino' ​​agere posset. Iuxta fontes…",Chile,SWS,South-America,wmo
f303cc6bf4b8c46f5de48d0de146d021,2026-07-01T17:58:03Z,Heat Wave,,observador.pt,pt,0.7,"Calor. ""Temos expectativa de impacto na mortalidade""","O Coordenador de Saúde Sazonal da DGS, Pedro Ferreira, alerta para uma situação de exceção prolongada e admite impacto na mortalidade.",https://observador.pt/programas/explicador/calor-temos-expectativa-de-impacto-na-mortalidade/,https://bordalo.observador.pt/v2/rs:fill:770:403/c:1551:877:nowe:0:222/q:70/f:webp/plain/https://s3.observador.pt/wp-content/uploads/2026/05/27143703/47186637.jpg,http://web.archive.org/web/20260702041142/https://observador.pt/programas/explicador/calor-temos-expectativa-de-impacto-na-mortalidade/,Esta transcrição foi gerada automaticamente por Inteligência Artificial e pode conter erros ou imprecisões.As autoridades preveem um aumento da mortalidade nos próximos dias devido à nova onda de cal… [+7686 chars],"Heat. ""We expect an impact on mortality."" The DGS Seasonal Health Coordinator, Pedro Ferreira, warns of a prolonged exceptional situation and admits an impact on mortality.","Hitze. „Wir erwarten einen Einfluss auf die Sterblichkeit.“ Der DGS-Koordinator für saisonale Gesundheit, Pedro Ferreira, warnt vor einer anhaltenden Ausnahmesituation und räumt Auswirkungen auf die Sterblichkeit ein.","Caloris. "" Mortalem attingunt nos exspectamus."" Coordinator Salutem Temporalem DGS, Pedro Ferreira monet, diuturnae condicionis eximiae et mortalitatis ictum admittit.",,,,random
36af332840f8d9bc79907a9c5085b252,2026-07-01T19:12:08Z,Precipitation,,observador.pt,pt,0.3,Seguro pede cautela e prevenção face a temperaturas elevadas,"Com avisos vermelhos a partir de quinta-feira em Lisboa e Setúbal, o Presidente alertou para riscos de incêndios e saúde. Mortalidade deverá aumentar.",https://observador.pt/2026/07/01/onda-de-calor-seguro-apela-a-muito-cuidado-na-prevencao-de-incendios-e-pede-que-portugueses-sigam-autoridades/,https://wm.observador.pt/wm/l/https%3A%2F%2Fbordalo.observador.pt%2Fv2%2Frs%3Afill%3A770%3A403%2Fc%3A4096%3A2303%3Anowe%3A0%3A213%2Fq%3A70%2Ff%3Awebp%2Fplain%2Fhttps%3A%2F%2Fs3.observador.pt%2Fwp-content%2Fuploads%2F2026%2F06%2F09143511%2Fdventura-10-junho-terceira-dia1-11-scaled.jpg?layer=obstop:T,,O Presidente da República pediu esta quarta-feira que os portugueses sigam “todas as instruções” que as autoridades nacionais vão emitir nos próximos dias para lidar com a onda de calor esperada e te… [+3363 chars],"Insurance calls for caution and prevention in the face of high temperatures. With red warnings starting on Thursday in Lisbon and Setúbal, the President warned of fire and health risks. Mortality is expected to increase.",Versicherungen fordern angesichts hoher Temperaturen Vorsicht und Vorsorge. Mit roten Warnwarnungen ab Donnerstag in Lissabon und Setúbal warnte der Präsident vor Bränden und Gesundheitsrisiken. Es ist mit einem Anstieg der Sterblichkeit zu rechnen.,Cautionem cautionis et praeventionis in facie temperaturas postulat. Praeses Lisbon et Setúbal monitis rubris inceptis die Iovis in Lisbon et de periculo sanitatis monuit. Mortalitas expectatur augere.,Mexico,NCA,North-America,wmo
e4d3704d04d1e602e86abb0c58aed982,2026-07-01T19:13:00Z,Snow&Ice,,news.livedoor.com,ja,0.625,「え、これ泣くやつ」　W杯日本、ブラジル戦後のロッカーに残した“最後の言葉”に感動の嵐「去り方が…」,長友佑都のマネージャーがインスタグラムを更新サッカー北中米ワールドカップ（W杯）で森保一監督率いる日本は6月29日（日本時間30日）、米ヒューストンで行われた決勝トーナメント1回戦でブラジルに1-2で敗れた。日本代表が、試合後のロッカールームに残した“最後のメッセージ”が感動を呼んでいる。日本時間7月1日、日本代表DF長友佑都のマネージャーが公式インスタグラムを更新。「Photo」と記し、4枚の写真を投稿した。選手や監督、スタッフらを捉えた総勢70人超の集合ショッ全文THE ANSWER 07月02日04時13分,https://news.livedoor.com/article/detail/31715431/,https://image.news.livedoor.com/newsimage/stf/b/5/b5ed8_1588_c5feeb6f_ccdb97d2.jpg,,"W6293011-2
71DFPhoto4701
Thank youWorld cup and HoustonSamurai Blue ALL Player Staff
60W
W
THE ANSWER","``Oh, this is the one that makes me cry.'' Japan at the World Cup is moved by the ``last words'' he left in his locker after the match against Brazil: ``The way I left...''. Yuto Nagatomo's manager updates Instagram At the North and Central America World Cup, Japan, led by coach Hajime Moriyasu, lost 1-2 to Brazil in the first round of the final tournament held in Houston, USA, on June 29th (Japan time 30th). The ``last message'' left by the Japanese national team in the locker room after the match has been moving. On July 1st, Japan time, the manager of Japan national team defender Yuto Nagatomo updated his official Instagram. He wrote ``Photo'' and posted four photos. Full text of a group shot of over 70 people including players, managers, and staff THE ANSWER July 2, 04:13","„Oh, das ist es, was mich zum Weinen bringt.“ Japan ist bei der Weltmeisterschaft gerührt von den „letzten Worten“, die er nach dem Spiel gegen Brasilien in seinem Spind hinterlassen hat: „Die Art, wie ich gegangen bin ...“ Yuto Nagatomos Manager aktualisiert Instagram Bei der Weltmeisterschaft in Nord- und Mittelamerika verlor Japan unter der Führung von Trainer Hajime Moriyasu am 29. Juni (japanische Zeit, 30.) in der ersten Runde der Endrunde in Houston, USA, mit 1:2 gegen Brasilien. Die „letzte Nachricht“, die die japanische Nationalmannschaft nach dem Spiel in der Umkleidekabine hinterlassen hat, ist bewegend. Am 1. Juli japanischer Zeit aktualisierte der Manager des japanischen Nationalmannschaftsverteidigers Yuto Nagatomo sein offizielles Instagram. Er schrieb „Foto“ und postete vier Fotos. Vollständiger Text einer Gruppenaufnahme von über 70 Personen, darunter Spieler, Manager und Mitarbeiter. DIE ANTWORT 2. Juli, 04:13 Uhr","`O, hic est qui me flere facit'. Yuto Nagatomo procurator Instagram In America Septentrionali et Central America Mundi Calicem, Iaponia, raeda Hajime Moriyasu ductus, 1-2 in Brasiliam amisit, primo circum torneamentum ultimae in Houston, USA, die 29 Iunii (tempus Iaponiae 30th) amisit. `Nuntius ultimus' relictus est turmae nationalis Iaponicae in cella capellula postquam compositus est moto. Die 1 Iulii, tempore Iaponiae, moderator Iaponiae turmae nationalis defensoris Yuto Nagatomo officialem suum Instagram renovavit. ""Photo"" scripsit et quattuor imagines missae sunt. Full text of the group of shot of over 70 people including histriones, administratores, and staff RESPONDIUM July 2, 04:13",,,,random
569a1151a659e6f11b3e2c56badc0f5e,2026-07-01T19:54:27Z,Thunderstorm,,www.aa.com.tr,tr,0.9,Bulgaristan'da sıcak hava dalgasının ardından şiddetli yağışlar etkili oldu,Bulgaristan'daki sıcak hava dalgasının ardından ülke genelinde şiddetli yağış ve fırtına etkili oldu.,https://www.aa.com.tr/tr/dunya/bulgaristanda-sicak-hava-dalgasinin-ardindan-siddetli-yagislar-etkili-oldu/3983751,https://web-cdnprod.aa.com.tr/uploads/Contents/2026/07/01/thumbs_b_c_da46cedd0ef285704e9b816bc9f8b400.jpg,http://web.archive.org/web/20260701200658/https://www.aa.com.tr/tr/dunya/bulgaristanda-sicak-hava-dalgasinin-ardindan-siddetli-yagislar-etkili-oldu/3983751,"Bakent Sofya bata olmak üzere 25 ilde etkisini gösteren iddetli yalar, su basknlarna, ulam aksamalarna ve elektrik kesintilerine yol açt.
Sofya Belediyesi'nden yaplan açklamada, frtna nedeniyle devr… [+424 chars]","After the heat wave, heavy rains were effective in Bulgaria. After the heat wave in Bulgaria, heavy rain and storms were effective throughout the country.",Nach der Hitzewelle kam es in Bulgarien zu heftigen Regenfällen. Nach der Hitzewelle in Bulgarien kam es im ganzen Land zu heftigen Regenfällen und Stürmen.,Post aestum fluctuantem pluviae graves in Bulgaria efficaces sunt. Post aestum in Bulgaria fluctuantibus pluviae et procellae per universam regionem validae erant.,,,,random
e7db084288e0aaa8ce751c65a50792d6,2026-07-01T20:19:29Z,Storm,,observador.pt,pt,0.3,Aviso vermelho de calor alargado a 12 distritos,"12 dos 18 distritos de Portugal continental vão estar sob aviso vermelho, pelo menos até sabado. A temperatura máxima vai atingir valores entre 35 e 41°C na generalidade do território.",https://observador.pt/2026/07/01/ipma-alarga-aviso-vermelho-de-calor-a-12-distritos-a-partir-de-quinta-feira-maximas-podem-chegar-aos-44oc/,https://wm.observador.pt/wm/l/https%3A%2F%2Fbordalo.observador.pt%2Fv2%2Frs%3Afill%3A770%3A403%2Fc%3A2000%3A1121%3Anowe%3A0%3A0%2Fq%3A70%2Ff%3Awebp%2Fplain%2Fhttps%3A%2F%2Fs3.observador.pt%2Fwp-content%2Fuploads%2F2026%2F07%2F01172448%2F47387035.jpg?layer=obstop:T,http://web.archive.org/web/20260701203906/https://observador.pt/2026/07/01/ipma-alarga-aviso-vermelho-de-calor-a-12-distritos-a-partir-de-quinta-feira-maximas-podem-chegar-aos-44oc/,"Acompanhe o nosso artigo em direto sobre a atualidade política
O aviso vermelho devido ao calor vai ser alargado a partir de quinta-feira a Santarém, Portalegre, Évora e Beja, além de Lisboa e Setúb… [+3417 chars]","Red heat warning extended to 12 districts. 12 of the 18 districts of mainland Portugal will be under red warning, at least until Saturday. The maximum temperature will reach values ​​between 35 and 41°C across most of the territory.",Die Warnung vor roter Hitze wurde auf 12 Bezirke ausgeweitet. Für 12 der 18 Bezirke auf dem portugiesischen Festland gilt mindestens bis Samstag die Warnstufe Rot. Die Höchsttemperatur wird im größten Teil des Gebiets Werte zwischen 35 und 41 °C erreichen.,"Monitum rubrum calor ad 12 regiones extenditur. 12 ex 18 districtus continentis Portugalliae moniti rubent, saltem usque ad diem Sabbati. Maxima temperatura valorum inter 35 et 41°C per plures territorii perveniet.",Macao,EAS,Asia,wmo
30aaf8f8ce8e2449a7c5f2d52f566a65,2026-07-01T21:36:28Z,Snow&Ice,,www.abc.net.au,en,0.7,Alice Springs drug and alcohol rehab curbed due to flooding,Drug and Alcohol Services Australia is running programs at a vastly reduced capacity due to flooding at its Alice Springs site earlier this year.,https://www.abc.net.au/news/2026-07-02/alice-springs-drug-and-alcohol-rehab-curbed/106826620,https://live-production.wcms.abc-cdn.net.au/1d93b44327cf8a748ed513e586c2f88c?impolicy=wcms_watermark_news&cropH=2813&cropW=5000&xPos=0&yPos=521&width=862&height=485&imformat=generic,,A major provider of drug and alcohol rehabilitation in central Australia has reduced the number of clients participating in programs at one of its sites to a third after it flooded earlier this year.… [+4381 chars],Alice Springs drug and alcohol rehab curbed due to flooding. Drug and Alcohol Services Australia is running programs at a vastly reduced capacity due to flooding at its Alice Springs site earlier this year.,Drogen- und Alkoholentzug in Alice Springs wegen Überschwemmung unterbrochen. Drug and Alcohol Services Australia führt seine Programme aufgrund der Überschwemmungen am Standort Alice Springs Anfang des Jahres mit stark reduzierter Kapazität durch.,Alicia Fontes medicamento et alcohol rehab ob inundationem repressit. Medicamentum et Vocatus Services Australia programs currit ad facultatem valde imminutam ob inundationem apud fontem Aliciae eius situs hoc anno maturius.,Australia,CAU,Oceania,wmo
4bb2c0e5934d0b1c22f19aabd51b8dbb,2026-07-01T21:56:11Z,Iceberg,,yosyan.hatenablog.com,ja,0.25,一の谷異聞（第35話）梅松論,ここでテツヤが、「一の谷を比定できる他の資料は無いのですか？」 あるわけないだろ。「あるよ。梅松論」 あれって足利側から見た太平記みたいなもののはず。読んだことないな。そこには陸路の足利軍の動きも書いてあるみたいだ。「とくに興味深いのは山陽道を東に進んだ少弐頼尚の描写かな」 そこには、『一の谷を馳越すと見えし程に、辰の終りに兵庫島を近く見渡したりければ、敵は湊河の後の山より里まで旗をなびかし、楯を並べて備へたり。是は楠大夫判官正成とぞ聞えし』 これはたしかに少弐頼尚視点で良い気がする。辰の刻は八時ぐらいのはずだけ…,https://yosyan.hatenablog.com/entry/20260702/1782942971,https://cdn.image.st-hatena.com/image/scale/86942d50a1753736d8fc25efab4d717c5af25d38/backend=imagemagick;version=1;width=1300/https%3A%2F%2Fcdn.user.blog.st-hatena.com%2Fdefault_entry_og_image%2F332730%2F1566378527110981,,ここでテツヤが、「一の谷を比定できる他の資料は無いのですか？」　あるわけないだろ。「あるよ。梅松論」　あれって足利側から見た太平記みたいなもののはず。読んだことないな。そこには陸路の足利軍の動きも書いてあるみたいだ。「とくに興味深いのは山陽道を東に進んだ少弐頼尚の描写かな」　そこには、『一の谷を馳越すと見えし程に、辰の終りに兵庫島を近く見渡したりければ、敵は湊河の後の山より里まで旗をなびかし、楯… [+2977 chars],"Ichinotani Ibun (Episode 35) Umematsu theory. At this point, Tetsuya asks, ``Are there any other materials that can be used to determine Ichinotani?'' There's no way that's the case. ``Yes, there is. Baimatsu theory.'' That must be something like the Taiheiki from the Ashikaga side. I've never read it. It seems that the movements of the Ashikaga army overland are also written there. ``Particularly interesting is the description of Yorinao Shoni as he marched east along the Sanyo Road.'' It says, ``If you look out over Hyogo Island at the end of the Dragon, as close as you can see as you cross the Ichi-no-tani Valley, you'll see the enemy waving their flags from the mountains behind the Minato River all the way to the village, lining up their shields, and preparing. I heard that this is Kusunoki Daibu Hankan Masanari.'' This certainly feels like a good idea from Shoni Yorinao's perspective. The time of the dragon should be around 8 o'clock...","Ichinotani Ibun (Folge 35) Umematsu-Theorie. An dieser Stelle fragt Tetsuya: „Gibt es noch andere Materialien, die zur Bestimmung von Ichinotani verwendet werden können?“ Das ist auf keinen Fall der Fall. „Ja, das gibt es. Baimatsu-Theorie.'' Das muss so etwas wie das Taiheiki von der Ashikaga-Seite sein. Ich habe es nie gelesen. Es scheint, dass dort auch die Bewegungen der Ashikaga-Armee über Land verzeichnet sind. „Besonders interessant ist die Beschreibung von Yorinao Shoni, wie er entlang der Sanyo-Straße nach Osten marschierte.“ Darin heißt es: „Wenn Sie beim Überqueren des Ichi-no-tani-Tals auf die Insel Hyogo am Ende des Drachen blicken, werden Sie sehen, wie der Feind von den Bergen hinter dem Minato-Fluss bis zum Dorf seine Flaggen schwenkt, seine Schilde aufstellt und sich vorbereitet.“ „Ich habe gehört, dass das Kusunoki Daibu Hankan Masanari ist.“ Aus Shoni Yorinaos Sicht scheint das sicherlich eine gute Idee zu sein. Die Zeit des Drachen sollte etwa 8 Uhr sein...","Ichinotani Ibun (Episode 35) Umematsu theoria. Hic, Tetsuya quaerit, `An ulla alia materia Ichinotani determinare potest?'' Nullo modo est. `Immo vero est. Baimatsu theoria.'' Id debet esse simile Taiheiki ex parte Ashikaga. Nunquam legit. Videtur quod motus exercitus Ashikaga terrestri ibi etiam scripti sint. `Maxime interesting descriptio Yorinao Shoni ad orientem per Sanyo Via proficiscens.'' Dicit, `Si in finem Draconis Islandia Hyogo prospicias, quam proxime cernis ut vallem Ichi-no-tani transieris, hostem e montibus post Minato Flumen usque ad vicum iactantem, scuta parat, ac parat. Audivi hoc esse Kusunoki Daibu Hankan Masanari.'' Hoc certe sentit sicut utilem ideam de prospectu Shoni Yorinao. Tempus draconis debet esse circa horam VIII...",,,,random
914a2a28dcf3933f562c4e9c7b9dafd9,2026-07-01T22:01:00Z,Heat Wave,,www.repubblica.it,it,0.2,Previsioni meteo: dalla violenza dei temporali alla nuova ondata di calore nel weekend,"I fenomeni più intensi si concentreranno inizialmente sulla Romagna, per poi estendersi rapidamente alle regioni centrali, colpendo Marche, Umbria, Toscana e Lazio",https://www.repubblica.it/cronaca/2026/07/02/news/previsioni_meteo_grandine_temporali_weekend_nuova_ondata_di_calore-425445600/,https://www.repstatic.it/content/nazionale/img/2026/07/01/224752059-c55b58be-ead4-4b6f-9751-cf156485f028.jpg,http://web.archive.org/web/20260701230644/https://www.repubblica.it/cronaca/2026/07/02/news/previsioni_meteo_grandine_temporali_weekend_nuova_ondata_di_calore-425445600/,"Dopo settimane di canicola asfissiante, il conto da pagare si è presentato sotto forma di fenomeni violenti. Caldo estremo e nubifragi non sono altro che le due facce della stessa medaglia: l'immenso… [+2313 chars]","Weather forecast: from the violence of the storms to the new heat wave over the weekend. The most intense phenomena will initially focus on Romagna, and then quickly spread to the central regions, affecting Marche, Umbria, Tuscany and Lazio","Wettervorhersage: Von der Heftigkeit der Unwetter bis zur neuen Hitzewelle am Wochenende. Die heftigsten Phänomene werden sich zunächst auf die Romagna konzentrieren und sich dann schnell auf die zentralen Regionen ausbreiten und die Marken, Umbrien, die Toskana und Latium betreffen","Tempestas praenuntietur: a violentia tempestatum ad novum aestus fluctum super volutpat. Phaenomena intensissima in Romandiolam intendunt, et tunc cito ad medias regiones diffunduntur, quae Picentes, Umbriam, Tusciam et Latium afficiunt.",Italy,MED,Europe,wmo
9dd7fe9f21968242b130af72bfe8a8e9,2026-07-01T22:26:08Z,Heat Wave,,observador.pt,pt,0.9,Lisboa tem dois pavilhões preparados para abrigo do calor,"Pavilhões no Areeiro e em São Vicente só vão abrir em caso de extrema necessidade. Estações do Oriente, Rossio e Santa Apolónia vão estar abertas fora do horário de funcionamento para sem-abrigo.",https://observador.pt/2026/07/01/calor-lisboa-tem-dois-pavilhoes-preparados-para-abrigo-temporario-de-populacao-mais-vulneravel/,https://wm.observador.pt/wm/l/https%3A%2F%2Fbordalo.observador.pt%2Fv2%2Frs%3Afill%3A770%3A403%2Fc%3A2000%3A1122%3Anowe%3A0%3A59%2Fq%3A70%2Ff%3Awebp%2Fplain%2Fhttps%3A%2F%2Fs3.observador.pt%2Fwp-content%2Fuploads%2F2026%2F07%2F01183339%2F28762103.jpg?layer=obstop:T,,"A Câmara de Lisboa preparou o Pavilhão Casal Vistoso, no Areeiro, e o Pavilhão Manuel Castelo Branco, em São Vicente, para funcionarem, em caso de necessidade, como abrigos temporários para a populaç… [+3763 chars]","Lisbon has two pavilions prepared to shelter from the heat. Pavilions in Areeiro and São Vicente will only open in cases of extreme need. Oriente, Rossio and Santa Apolónia stations will be open outside opening hours for homeless people.","In Lissabon gibt es zwei Pavillons, die Schutz vor der Hitze bieten. Pavillons in Areeiro und São Vicente werden nur in extremen Bedarfsfällen geöffnet. Die Bahnhöfe Oriente, Rossio und Santa Apolónia werden außerhalb der Öffnungszeiten für Obdachlose geöffnet sein.","Lisbon duas umbraculas a calore praeparatas habet. Paviliones in Areeiro et São Vicente aperient tantum in casibus extremae necessitatis. Oriente, Rossio et Santa Apolónia statio aperta foris horas aperient populo profugo.",,,,random
2ff3ac29a3c131feda643231b7b95fda,2026-07-01T23:43:39Z,Earthquake,,www.abc.es,es,0.3,Así preparó EE.UU. la caída de Maduro: diez meses de despliegue militar frente a Venezuela,"La captura de Nicolás Maduro y el regreso de la bandera estadounidense a Caracas han sido el punto culminante de una larga demostración de fuerza de Donald Trump en el Caribe. Durante meses, Washington ha mantenido en la región una fuerza capaz de desembarcar…",https://www.abc.es/internacional/preparo-eeuu-caida-maduro-diez-meses-despliegue-20260623014339-nt.html,https://s1.abcstatics.com/abc/www/multimedia/internacional/2026/06/23/251219-M-HC655-1029-U65253250663tHV-1200x630@diario_abc.JPG,,"La captura de Nicolás Maduro y el regreso de la bandera estadounidense a Caracas han sido el punto culminante de una larga demostración de fuerza de Donald Trump en el Caribe. Durante meses, Washingt… [+10240 chars]","This is how the US prepared the fall of Maduro: ten months of military deployment against Venezuela. The capture of Nicolás Maduro and the return of the American flag to Caracas has been the culmination of a long show of force by Donald Trump in the Caribbean. For months, Washington has maintained a force in the region capable of landing...","So bereiteten die USA den Sturz Maduros vor: zehn Monate Militäreinsatz gegen Venezuela. Die Gefangennahme von Nicolás Maduro und die Rückkehr der amerikanischen Flagge nach Caracas waren der Höhepunkt einer langen Machtdemonstration von Donald Trump in der Karibik. Seit Monaten unterhält Washington eine Truppe in der Region, die in der Lage ist, ... zu landen.","Ita casus US Maduro paravit: decem menses de instruere in Venetiola militaris. Capta Nicolás Maduro et reditus Vexillum Americanum ad Caracas fuit culmen longae virium a Donald Trump in Caribbean. Menses, Washington vim in regione ad portum capacem servavit.",Colombia,NWS,South-America,usgs
a6bee5f4ad46358af6acdb6178798894,2026-07-02T00:10:58Z,Tropical Cyclone,,36kr.com,zh,0.3,8点1氪丨宾利低至27万，二手豪华燃油车价格大跳水；Anthropic回应暗藏代码检测中国用户；寒武纪市值一日蒸发700亿,"今日热点导览
 OpenAI据悉迎来重大技术突破：系统优化使模型推理成本减半
 苹果首次上架iPhone16e官翻机，仅有黑色与白色可选
 国内航线燃油附加费7月5日起大幅下调
 巴菲特“断供”盖茨基金会
 董明珠喊话股东：家电不换成格力，凭什么要分红
 詹姆斯发文告别湖人
 TOP3大新闻
 二手豪华燃油车价格大跳水：宾利近27万、保时捷15万
 7月1日，在青岛市的陆海汽车交易市场，二手车商在售8年以上车龄的宾利飞驰挂牌价仅26.8万元，入门保时捷Macan则低至15万元，新车近90万元的大众途锐二手成交价6…",https://36kr.com/p/3877746956611847,"https://img.36krcdn.com/hsossms/20260702/v2_65bbbb1e43944a9c9ddf0a75b31d63fc@5667365_oswg82810oswg1053oswg495_img_jpg?x-oss-process=image/resize,m_mfit,w_600,h_400,limit_0/crop,w_600,h_400,g_center",,"OpenAI
iPhone16e
75
TOP3
2715
71826.8Macan15906.8SUV30%530%
20126.0T35.8562G2004G 50033.8150.342013A8L 50 TFSI quattro8.88148.17
AnthropicClaude Code
Claude Code4147AnthropicIT
7%700
630160… [+1252 chars]","8:01 Krypton | Bentley is as low as 270,000, and the price of second-hand luxury fuel vehicles has plummeted; Anthropic responded with hidden codes to detect Chinese users; Cambrian's market value evaporated by 70 billion in one day. Today's hot topics guide
 OpenAI is reported to have ushered in a major technological breakthrough: system optimization has halved the cost of model inference
 Apple launches officially refurbished iPhone 16e for the first time, only available in black and white
 Domestic route fuel surcharges will be significantly reduced starting from July 5
 Buffett cuts off funding to Gates Foundation
 Dong Mingzhu appeals to shareholders: If home appliances are not replaced by Gree, why should we pay dividends?
 James sends farewell message to Lakers
 TOP3 big news
 The price of second-hand luxury fuel vehicles has plummeted: Bentley nearly 270,000, Porsche 150,000
 On July 1st, at the Land and Sea Automobile Market in Qingdao, second-hand car dealers were selling a Bentley Flying Spur that was more than 8 years old for only 268,000 yuan, an entry-level Porsche Macan for as low as 150,000 yuan, and a new Volkswagen Touareg with a second-hand transaction price of nearly 900,000 yuan for 6...","8:01 Krypton | Bentley gibt es nur noch bei 270.000, und der Preis für gebrauchte Luxusfahrzeuge mit Kraftstoff ist stark gesunken; Anthropic reagierte mit versteckten Codes, um chinesische Benutzer zu erkennen; Der Marktwert von Cambrian schrumpfte an einem Tag um 70 Milliarden. Der heutige Leitfaden zu aktuellen Themen
 Berichten zufolge hat OpenAI einen großen technologischen Durchbruch eingeläutet: Die Systemoptimierung hat die Kosten für die Modellinferenz halbiert
 Apple bringt zum ersten Mal ein offiziell generalüberholtes iPhone 16e auf den Markt, das nur in Schwarz und Weiß erhältlich ist
 Ab dem 5. Juli werden die Treibstoffzuschläge auf Inlandsstrecken deutlich gesenkt
 Buffett stellt die Finanzierung der Gates-Stiftung ein
 Dong Mingzhu appelliert an die Aktionäre: Wenn Haushaltsgeräte nicht durch Gree ersetzt werden, warum sollten wir dann Dividenden zahlen?
 James sendet Abschiedsbotschaft an die Lakers
 TOP3 große Neuigkeiten
 Die Preise für gebrauchte Luxusfahrzeuge sind stark gesunken: Bentley fast 270.000, Porsche 150.000
 Am 1. Juli verkauften Gebrauchtwagenhändler auf dem Land- und Seeautomobilmarkt in Qingdao einen Bentley Flying Spur, der mehr als acht Jahre alt war, für nur 268.000 Yuan, einen Porsche Macan der Einstiegsklasse für nur 150.000 Yuan und einen neuen Volkswagen Touareg mit einem Gebrauchttransaktionspreis von fast 900.000 Yuan für 6 …","8:01 Krypton | Bentley tam humilis est quam 270,000, et secundae manus luxuriae pretium vehicula plummetatur; Anthropica respondit cum codicibus occultis utentes Sinenses deprehendere; Valor monetae Cambrianae per 70 miliarda in uno die evanuit. Hodie calidum thema dux
 OpenAI fertur invenisse in maiore technologico breakthrough: ratio optimization dimidiata est sumptus exemplaris illationis
 Apple iPhone 16e primum publice immittit, tantum available in albo et nigro
 Iter domesticum cibus surcharges signanter reductus erit incipiens a die 5 mensis Iulii
 Buffett abscidit funding ad portas Foundation
 Dong Mingzhu appellat socios: Si domum adjumenta non reponuntur per Gree, cur feneret solvemus?
 James vale nuntium mittit turpis
 TOP3 magnum nuntium
 Pretium secundae manus luxuriae escarum vehiculorum plummeted: Bentley fere 270,000, ruerat 150,000 .
 Idibus Iulii, apud Terram et Mare Automobile Market in Qingdao, secunda manus autocineti negotiantes vendebant Bentley Volans Calca quae plus quam 8 annorum erat solum 268,000 Yuan, ingressum gradu Porsche Macan pro 150,000 Yuan, et novum Volkswagen Touareg cum secunda manu transactionis pretium prope 900,000 Yuan pro VI...",China,EAS,Asia,wmo
e6296217c542658c8fe07a818079f4f7,2026-07-02T00:30:23Z,Heat Wave,,36kr.com,zh,0.2,专访美图 CEO 吴欣鸿：做 AI 产品，是一场难以提前策划的游戏,"访谈｜周鑫雨 兰杰
 文｜周鑫雨
 编辑｜张雨忻
 截至 6 月中旬，吴欣鸿 2026 年的飞行距离已经超过了 230000 km，飞行时长近 300 个小时。他的轨迹横跨亚洲、北美、欧洲、南美，到达最远的地方是巴西和阿根廷。
 航线所经之地，是美图近三年来靠 AI 产品扩展的市场版图。
 美图 2025 年财报显示，海外 MAU 时隔多年重新回到 1 亿，其中，AI 视频编辑工具 Wink 和影像创作 Agent RoboNeo 在东南亚、墨西哥、巴西等地增长迅速，频频登上 iOS 下载榜第一。
 随全球拓展水…",https://36kr.com/p/3877112973733895,"https://img.36krcdn.com/hsossms/20260701/v2_1d3d1de50d3d4508981ee083aa2a4d64@5783683_oswg944820oswg1053oswg495_img_png?x-oss-process=image/resize,m_mfit,w_600,h_400,limit_0/crop,w_600,h_400,g_center",,"6 2026 230000 km 300 
 AI 
 2025 MAU 1 AI Wink Agent RoboNeo  iOS 
2025 38.58 9.65 64.7% AI  35% 76.6%
 AI 
 AI 2000 AI 1000 AI AI 
AI 
 1 PMF ARR 10 
2026 4 4 AI 
2026 4 AI AI Picchi MeituH… [+510 chars]","Exclusive interview with Meitu CEO Wu Xinhong: Making AI products is a game that is difficult to plan in advance. Interview | Zhou Xinyu Lan Jie
 Text | Zhou Xinyu
 Editor｜Zhang Yuxin
 As of mid-June, Wu Xinhong’s flight distance in 2026 has exceeded 230,000 kilometers and the flight time has been nearly 300 hours. His trajectory spans Asia, North America, Europe, and South America, reaching as far away as Brazil and Argentina.
 The route passes through a market that Meitu has expanded through AI products in the past three years.
 Meitu's 2025 financial report shows that overseas MAUs have returned to 100 million after many years. Among them, AI video editing tool Wink and image creation Agent RoboNeo have grown rapidly in Southeast Asia, Mexico, Brazil and other places, frequently ranking first on the iOS download list.
 With the global expansion of water...","Exklusives Interview mit Wu Xinhong, CEO von Meitu: Die Herstellung von KI-Produkten ist ein Spiel, das schwer im Voraus zu planen ist. Interview | Zhou Xinyu Lan Jie
 Text | Zhou Xinyu
 Herausgeber｜Zhang Yuxin
 Bis Mitte Juni hat Wu Xinhongs Flugdistanz im Jahr 2026 230.000 Kilometer überschritten und die Flugzeit betrug fast 300 Stunden. Seine Laufbahn erstreckt sich über Asien, Nordamerika, Europa und Südamerika und reicht bis nach Brasilien und Argentinien.
 Die Route führt durch einen Markt, den Meitu in den letzten drei Jahren durch KI-Produkte erweitert hat.
 Der Finanzbericht 2025 von Meitu zeigt, dass die MAUs im Ausland nach vielen Jahren wieder auf 100 Millionen zurückgekehrt sind. Unter ihnen sind das KI-Videobearbeitungstool Wink und der Bilderstellungsagent RoboNeo in Südostasien, Mexiko, Brasilien und anderen Ländern schnell gewachsen und stehen häufig an erster Stelle der iOS-Downloadliste.
 Mit der globalen Ausbreitung des Wassers...","Colloquium exclusivum cum Meitu CEO Wu Xinhong: Faciens AI producta est ludus qui difficile est in antecessum disponere. Interview | Zhou Xinyu Lan Jie
 Text | Zhou Xinyu
 Editor｜Zhang Yuxin
 Cum medio Iunio, fugae Wu Xinhong in 2026 spatium 230.000 chiliometrorum exceditur et tempus fugae paene 300 horarum fuit. Eius trajectoria spatia Asiam, Americam Septentrionalem, Europam, et Americam Meridionalem, usque ad Brasiliam et Argentinam attingentes.
 Iter per mercatum transit, quod Meitu per AI productos in tres annos praeteritos dilatavit.
 Renuntiatio nummaria Meitu 2025 demonstrat trans MAUs ad centum decies post multos annos reddidisse. Inter eos, AI video instrumentum edendi Wink et creationis imaginis Agens RoboNeo in Asia, Mexico, Brasilia et aliis locis Meridiani celeriter creverunt, saepe primum in indice electronicorum iOS.
 Cum expansione aquae globalis...",China,EAS,Asia,wmo
44d388f3df744c73b75a7bdab97c88cc,2026-07-02T01:03:24Z,Earthquake,,www.latercera.com,es,0.7,Red de venezolanos en Chile moviliza médicos e insumos para los damnificados por el terremoto,"Entre vuelos humanitarios, médicos, enfermeros y rescatistas venezolanos residentes en Chile lideran una red solidaria que ya envió 27 profesionales, más de 750 kilos de insumos médicos y espera enviar cerca de 70 toneladas de ayuda hacia las zonas afectadas …",https://www.latercera.com/nacional/noticia/red-de-venezolanos-en-chile-moviliza-medicos-e-insumos-para-los-damnificados-por-el-terremoto/,https://www.latercera.com/resizer/v2/FNIPQ24ALFCSZGWMPYWQYZ7GXU.JPG?auth=a769a95cafc9b644eb2b0c465e0962fee089bc69b2dbde0d3965851d2cb31fa2&height=630&width=1200&focal=457%2C159,,"Otra operación humanitaria sigue creciendo desde Chile. Esta vez no son bomberos ni equipos especializados en búsqueda entre escombros, sino médicos, enfermeros y rescatistas venezolanos residentes e… [+6033 chars]","Network of Venezuelans in Chile mobilizes doctors and supplies for those affected by the earthquake. Between humanitarian flights, Venezuelan doctors, nurses and rescuers residing in Chile lead a solidarity network that has already sent 27 professionals, more than 750 kilos of medical supplies and hopes to send close to 70 tons of aid to the affected areas...","Netzwerk von Venezolanern in Chile mobilisiert Ärzte und Hilfsgüter für die vom Erdbeben Betroffenen. Zwischen humanitären Flügen leiten in Chile lebende venezolanische Ärzte, Krankenschwestern und Retter ein Solidaritätsnetzwerk, das bereits 27 Fachkräfte und mehr als 750 Kilo medizinische Hilfsgüter geschickt hat und hofft, fast 70 Tonnen Hilfsgüter in die betroffenen Gebiete schicken zu können...","Retis Venezuelans in Chile doctores convocat et commeatus pro terrae motu affectis. Inter volatus humanitarios, medici Venezuelani, nutrices et salvatores in Chile commorantes, retis solidarietatis agunt quae iam 27 professionales mittunt, plus quam 750 kilos medicorum commeatuum et sperat ut prope 70 talenta auxilii mittendi locis affectis.",Chile,SWS,South-America,usgs
c7a0b86ca6b834ac18b16d32af1ac4a2,2026-07-02T01:10:22Z,Heat Wave,,www.aajtak.in,hi,0.9,"तेजी से बढ़ रहा मॉनसून, दिल्ली-UP समेत इन राज्यों में अगले 2 दिन में बारिश","मौसम विशेषज्ञों का कहना है कि मॉनसून की रफ्तार अब सामान्य से बेहतर हो रही है. आने वाले कुछ दिनों में उत्तर और उत्तर-पश्चिम भारत के अधिकांश हिस्सों में बारिश का दायरा और बढ़ेगा, जिससे भीषण गर्मी से राहत मिलने के साथ-साथ खरीफ फसलों की बुआई को भी गति मिलेगी.",https://www.aajtak.in/india/news/story/southwest-monsoon-2026-north-india-imd-rainfall-forecast-delhi-up-weather-ahlbs-dskc-2592105-2026-07-02,https://akm-img-a-in.tosshub.com/aajtak/images/story/202607/6a45b1fc7d03c-monsoon-update-023357717-16x9.png,http://web.archive.org/web/20260703071414/https://www.aajtak.in/india/news/story/southwest-monsoon-2026-north-india-imd-rainfall-forecast-delhi-up-weather-ahlbs-dskc-2592105-2026-07-02,"- . 1 2026 , , , , , , , - .  .  .
 , - , , , , , , , . .
 , - .  (Seasonal Trough) .  .  3 - , .
 . , - . .
 (2 )  , -, , , , , . , , - , .
 , , , , , , , , . , .","Monsoon is increasing rapidly, rain in these states including Delhi-UP in the next 2 days. Meteorologists say that the pace of monsoon is now better than normal. In the coming few days, the scope of rain will increase in most parts of North and North-West India, which will provide relief from the scorching heat and will also give impetus to the sowing of Kharif crops.","Der Monsun nimmt rapide zu, in den nächsten zwei Tagen regnet es in diesen Bundesstaaten, einschließlich Delhi-UP. Meteorologen sagen, dass das Tempo des Monsuns jetzt besser als normal ist. In den kommenden Tagen wird die Niederschlagsmenge in den meisten Teilen Nord- und Nordwestindiens zunehmen, was für Abhilfe von der sengenden Hitze sorgen und auch der Aussaat von Kharif-Pflanzen neue Impulse verleihen wird.","Monsoon celeriter crescit, pluvia in his civitatibus, quae in Delhi-UP proximis 2 diebus possidet. Astrologi dicunt gressum ETESIA nunc meliorem esse quam normalem. Paucis diebus venientibus, pluviae ambitus in plerisque Indiae septentrionalis et occidentalis occidentalis partibus crescet, quae subsidio aestus praebebit et etiam impetum dabit ad sationem frugum Kharif.",,,,random
8e7336cb559fba6a6de12e2752fa2134,2026-07-02T02:07:10Z,Earthquake,,www.nacion.com,es,0.7,Jude Bellingham protagoniza solidario mensaje para Venezuela en el Mundial 2026 (video),"El volante de Inglaterra, Jude Bellingham, aprovechó la vitrina del Mundial para enviar un mensaje de apoyo al pueblo venezolano tras el terremoto",https://www.nacion.com/puro-deporte/jude-bellingham-protagoniza-solidario-mensaje-para/YSZCUO2OORE7JKES6CK66A4EHI/story/,https://www.nacion.com/resizer/v2/A6CWKDKIEFFMZHT5XY7F2LJ5AI.png?smart=true&auth=c17d933352def45e8581b80319b400542b6580fb7c828dd6e6d3640dceb4f8c3&width=1440,http://web.archive.org/web/20260702023839/https://www.nacion.com/puro-deporte/jude-bellingham-protagoniza-solidario-mensaje-para/YSZCUO2OORE7JKES6CK66A4EHI/story/,"El volante del Real Madrid y de la selección de Inglaterra, Jude Bellingham, volvió a demostrar su carácter y cercanía con los aficionados al detenerse en la zona mixta, tras el partido entre Inglate… [+1836 chars]","Jude Bellingham stars in solidarity message for Venezuela in the 2026 World Cup (video). England midfielder, Jude Bellingham, took advantage of the World Cup showcase to send a message of support to the Venezuelan people after the earthquake","Jude Bellingham ist der Star einer Solidaritätsbotschaft für Venezuela bei der Weltmeisterschaft 2026 (Video). Der englische Mittelfeldspieler Jude Bellingham nutzte die Weltmeisterschaft, um nach dem Erdbeben eine Botschaft der Unterstützung an das venezolanische Volk zu senden","Iudas Bellingham in solidarietatis nuntius stellae in Venezuela in anno 2026 Trophaei Mundi (video). Anglia midfielder, Jude Bellingham, usus est prodo Mundi Calicem misit nuntium subsidii populo Venezuelan post terrae motum.",Venezuela,NSA,South-America,usgs
b3c81f1c19507c0460879319e46efd4f,2026-07-02T03:00:02Z,Precipitation,,www.ilgiornale.it,it,0.3,Raffiche di vento e pioggia. Oltre 200 chiamate ai pompieri,In piazzale Libia un albero è caduto su un'auto in sosta. In via dei Rospigliosi i rami divelti hanno fermato il tram,https://www.ilgiornale.it/news/raffiche-vento-e-pioggia-oltre-200-chiamate-ai-2687445.html,https://img.ilgcdn.com/sites/default/files/styles/social/public/filefield_paths/AO-0FJ8BZ5ExmXnf4LOf_foto Stefano Porta _ LaPresse.jpeg?_=1782968551,http://web.archive.org/web/20260703025656/https://www.ilgiornale.it/news/raffiche-vento-e-pioggia-oltre-200-chiamate-ai-2687445.html,Previsto e arrivato. Un'acquazzone con forte vento si è abbattuto ieri sulla città e sull'hinterland. Le chiamate ai Vigili del Fuoco dai comuni della cintura milanese sono state 240 a cominciare dal… [+2267 chars],Gusts of wind and rain. Over 200 calls to the firefighters. In Piazzale Libia a tree fell on a parked car. In via dei Rospigliosi the uprooted branches stopped the tram,Windböen und Regen. Über 200 Anrufe bei der Feuerwehr. Auf der Piazzale Libia fiel ein Baum auf ein geparktes Auto. In der Via dei Rospigliosi stoppten die entwurzelten Äste die Straßenbahn,Pentibus ventis et pluviis. Super 200 vocat ad firefighters. In Piazzale Libia arbor super currus ortus cecidit. In via dei Rospigliosi rami evulsi obstruxerunt tram,Italy,MED,Europe,wmo
5b8c450de9fec409f3e97dfdef066faa,2026-07-02T03:47:38Z,Thunderstorm,,www.bbc.com,ar,0.9,"""الشرطة التركية ضربتنا بقضبان حديدية، قبل أن نفقد أطرافنا بسبب قضمة الصقيع""","يقول المهاجرون الأفغان إنهم أُجبروا على مغادرة مدينة ""فان"" التركية الواقعة شرقي البلاد نحو الحدود الإيرانية، حيث كانت درجات الحرارة تحت الصفر. وأضافت المجموعة أن ما لا يقل عن 20 شخصاً ماتوا من البرد.",https://www.bbc.com/arabic/articles/cj0gv4lmd33o,https://ichef.bbci.co.uk/news/1200/branded_arabic/b1c6/live/fa5247b0-75b6-11f1-bef4-7913b013142a.jpg,http://web.archive.org/web/20260703020343/https://www.bbc.com/arabic/articles/cj0gv4lmd33o,"Article Information<ul><li></li><li></li><li></li></ul>
: .
 / 50 .
 """" . 20 .
 12 - 13 - .
 25 .
.
 : "" - . . "".
 .
.
Anadolu via Getty Images
15 
/ 50 """" 15 .
 21 .
 .
"" . "".
 23 : … [+453 chars]","""The Turkish police beat us with iron rods, before we lost our limbs due to frostbite."" Afghan migrants say that they were forced to leave the Turkish city of Van, located in the east of the country, towards the Iranian border, where temperatures were below zero. The group added that at least 20 people died from the cold.","„Die türkische Polizei schlug uns mit Eisenstangen, bevor wir durch Erfrierungen unsere Gliedmaßen verloren.“ Afghanische Migranten sagten, sie seien gezwungen worden, die türkische Stadt Van im Osten des Landes in Richtung der iranischen Grenze zu verlassen, wo die Temperaturen unter Null lagen. Die Gruppe fügte hinzu, dass mindestens 20 Menschen an der Kälte gestorben seien.","""Turcicum vigiles nos virgis ferreis verberant, antequam membra ob congelationis amisimus."" Afghan migrantes dicere coacti sunt urbem Van Turcicam relinquere, in orientali regione sita, ad terminum Iranianum, ubi temperaturae infra zerum erant. Circulus addidit saltem XX homines ex frigore decessisse.",,,,random
d00be74d0fb3762d37ecdf33968329c2,2026-07-02T04:32:11Z,Drought,,touchlab.jp,ja,0.5625,【iOS版】Teslaアプリ「v4.58.5」が配信〜FSDトランスファー自動検証・本人確認など,"iOS版Teslaアプリの最新アップデート「v4.58.5」が公開されました。 主な新機能の概要 リリースノートに記載はありませんが、Tesla App Updates (iOS) / Aaron Cash のアップデー […]©2019 ""Touch Lab - タッチ ラボ"".",https://touchlab.jp/2026/07/tesla_app_ios_4585_released/,https://touchlab.jp/wp-content/uploads/2026/07/tesla_app_4565_0.jpg,,"<!-- 【筆者メモ】アイキャッチ: Teslaアプリのアップデート画像(シリーズ共通のTesla App Update系)を手動アップロードしてください。タグ候補: Tesla App -->

iOS版Teslaアプリの最新アップデート「v4.58.5」が公開されました。







主な新機能の概要



リリースノートに記載はありませんが、Tesla App Updates (iOS)… [+1695 chars]","[iOS version] Tesla app ""v4.58.5"" released - FSD transfer automatic verification, identity verification, etc. The latest update for the iOS version of the Tesla app ""v4.58.5"" has been released. Overview of major new features Although not mentioned in the release notes, Tesla App Updates (iOS) / Aaron Cash update […]©2019 ""Touch Lab"".","[iOS-Version] Tesla-App „v4.58.5“ veröffentlicht – Automatische Verifizierung der FSD-Übertragung, Identitätsverifizierung usw. Das neueste Update für die iOS-Version der Tesla-App „v4.58.5“ wurde veröffentlicht. Überblick über die wichtigsten neuen Funktionen Obwohl in den Versionshinweisen nicht erwähnt, Tesla App Updates (iOS) / Aaron Cash Update […]©2019 „Touch Lab“.","Tesla app ""v4.58.5"" dimisit - FSD translationis verificationis latae sententiae, verificationis identitatis, etc. Novissima renovatio pro iOS versionis app ""v4.58.5"" dimissa est. Maiorum novarum notarum inspectio, quamvis in notis emissione non memoratur, Tesla App Updates (iOS) / Nummi Aaron renovatio […]©2019 ""Tange Lab"".",,,,random
c0c335f2ae3071144474a1b2d494c42e,2026-07-02T05:16:00Z,Precipitation,,steiermark.orf.at,de,0.3,Nur kleinräumige Schäden nach Gewittern,"Auf die Hitzewelle folgte am Donnerstag eine Kaltfront und in diesem Zusammenhang wurden auch schwere Unwetter befürchtet. In der Steiermark kam es letztlich nur zu kleinräumigen Schäden – etwa in Neuberg an der Mürz, wo ein Bach über die Ufer trat.",https://steiermark.orf.at/stories/3360900/,https://ibs.orf.at/stm?image=https%3A%2F%2Foekastatic.orf.at%2Fmims%2F2026%2F27%2F80%2Fcrops%2Fw%3D1200%2Ch%3D627%2Cq%3D75%2F3097388_master_1199580_unwettereinsaetze_im_bereich_muerzzuschlag_neuberg.jpg%3Fs%3Db8687abb622d08b89e58be4849adce941ed88be2,http://web.archive.org/web/20260703034251/https://steiermark.orf.at/stories/3360900/,"Am Mittwoch warnte das Land Steiermark noch vor lokalen, schweren Unwettern mit Hagel und Sturmspitzen von 80 bis 100 km/h. Die Behörde warnte vor herabfallenden Ästen und umfallenden Bäumen und davo… [+1417 chars]","Only small-scale damage after thunderstorms. The heat wave was followed by a cold front on Thursday and in this context severe storms were feared. In Styria, there was ultimately only small-scale damage - for example in Neuberg an der Mürz, where a stream overflowed its banks.","Nur kleinräumige Schäden nach Gewittern. Auf die Hitzewelle folgte am Donnerstag eine Kaltfront und in diesem Zusammenhang wurden auch schwere Unwetter befürchtet. In der Steiermark kam es letztlich nur zu kleinräumigen Schäden – etwa in Neuberg an der Mürz, wo ein Bach über die Ufer trat.","Tantum parvarum damna post tonitribus. Calor unda secuta est frontem frigidam die Iovis et in hoc loco tempestates graves timebantur. In Styria tandem tantum parvae damnum fuit - verbi gratia in Neuberg an der Mürz, ubi rivus ripas suas inundavit.",Switzerland,WCE,Europe,wmo
c84b013a3804d8670f74ded455aa3eea,2026-07-02T05:56:49Z,Fog,,www.toodaylab.com,zh,0.3,实验室带你过周末：2026.7.4 - 7.5 成都篇,人在成都的同学们，2026 年已经过去一半，感觉又离跨年不远了，上半年的目标都完成了吗？本周成都尼依格罗酒店开启了和 EviDenS de Beauté 伊菲丹的联动，双方带来了联名限定的“以爱之名”下午茶及主题套房，它们将在接下来两个月时间里提供，其中也覆盖了今年的七夕，这样也给大家表达对另一半的关心与爱意提供了新的选择，就和伊菲丹的诞生是因为创始人 Charles-Edouard Barthes 想要守护亚裔敏感肌妻子一样。在此之前伊菲丹超级面膜就已经是社交平台上的热门单品，这次的合作也延续了伊菲丹的品牌理念…,https://www.toodaylab.com/84101,,,"2026 
 EviDenS de Beauté Charles-Edouard Barthes 
530 CP 
 N3 Explorer Suite 960 2260 
x 7 1 - 8 31 13:00 - 18:00 1 IFS 3 3F 498 / 788 / 028-82208888
 x 7 1 - 8 31 1 IFS 3 
New Balance 6 · 7 5 … [+361 chars]","The laboratory takes you through the weekend: 2026.7.4 - 7.5 Chengdu. For students in Chengdu, half of 2026 has passed, and it feels like New Year's Eve is not far away. Have all the goals for the first half of the year been completed? This week, Niccolo Chengdu has launched a collaboration with EviDenS de Beauté. The two parties have brought a jointly limited ""In the Name of Love"" afternoon tea and theme suites. They will be available in the next two months, including this year's Chinese Valentine's Day. This also provides a new choice for everyone to express their care and love for their significant other, just like the birth of Ifedan was because founder Charles-Edouard Barthes wanted to protect his Asian wives with sensitive skin. Before this, Ifidan Super Mask was already a popular item on social platforms. This cooperation also continues the brand concept of Ifidan...","Das Labor führt Sie durch das Wochenende: 2026.7.4 – 7.5 Chengdu. Für Studenten in Chengdu ist die Hälfte des Jahres 2026 vorbei und es fühlt sich an, als ob Silvester nicht mehr weit entfernt wäre. Sind alle Ziele für das erste Halbjahr erreicht? Diese Woche hat Niccolo Chengdu eine Zusammenarbeit mit EviDenS de Beauté gestartet. Die beiden Parteien haben einen gemeinsam limitierten Nachmittagstee und Themensuiten „In the Name of Love“ mitgebracht. Sie werden in den nächsten zwei Monaten verfügbar sein, einschließlich des diesjährigen chinesischen Valentinstags. Dies bietet auch jedem eine neue Möglichkeit, seine Fürsorge und Liebe für seinen Lebensgefährten auszudrücken, genau wie die Geburt von Ifedan geschah, weil Gründer Charles-Edouard Barthes seine asiatischen Frauen mit empfindlicher Haut schützen wollte. Zuvor war die Ifidan Super Mask bereits ein beliebter Artikel auf sozialen Plattformen. Diese Kooperation führt auch das Markenkonzept von Ifidan fort...","Laboratorium volutpat per suscipit te: 2026.7.4 - 7.5 Chengdu. Pro studentibus in Chengdu dimidium 2026 praeteriit, et sentit sicut Novus Annus Eva non longe abest. Num omnes fines prioris dimidium anni confecti sunt? Hac septimana, Nicolaus Chengdu cooperationem cum EvidenS de Beauté induxit. Duae partes coniunctim limitatam ""In nomine Amoris"" pomeridiano tea et argumento consentanea attulerunt. In duobus proximis mensibus praesto erunt, incluso hoc anno Seres Valentine 'Dies. Hoc etiam novam electionem omnibus praebet ut suam curam et amorem erga significantes alias exprimant, sicut nativitas Ifedan fuit, quia conditor Carolus-Edouard Barthes suas uxores Asiaticas cum cute sensitiva tueri voluit. Ante hoc, Ifidan Super Mask iam popularis erat item in suggestis socialibus. Haec cooperatio etiam notam notam conceptus Ifidan...",China,EAS,Asia,wmo
a5d41e792dcff5fe3acce87cfb076473,2026-07-02T05:59:01Z,Volcano,,www.aajtak.in,hi,0.9,"इटली के माउंट एटना में विस्फोट, 9800 फीट दूर तक पहुंचा लावा",इटली के सिसिली में माउंट एटना ज्वालामुखी एक बार फिर एक्टिव हो गया है और इससे लगातार लावा निकल रहा है. इस वजह से आसपास के इलाके और आसमान में लाल चमक दिखाई दे रही है.,https://www.aajtak.in/science/photo/italy-mount-etna-volcano-eruption-lava-red-sky-2592249-2026-07-02,https://akm-img-a-in.tosshub.com/aajtak/images/photo_gallery/202607/6a45fc774e644-mount-etna-eruption-025145204-16x9.jpg,,". 9,800 . . INGV . Photo: Reuters","Eruption in Italy's Mount Etna, lava reached 9800 feet away. Mount Etna volcano in Sicily, Italy has once again become active and lava is continuously coming out from it. Because of this, a red glow is visible in the surrounding area and sky.","Bei einem Ausbruch auf dem Ätna in Italien erreichte die Lava eine Entfernung von 9.800 Fuß. Der Vulkan Ätna auf Sizilien, Italien, ist wieder aktiv geworden und es strömt kontinuierlich Lava aus ihm. Dadurch ist in der Umgebung und am Himmel ein roter Schimmer sichtbar.","Eruptio in Aetnae monte Italiae, lava 9800 pedes aberat. mons Aetnae vulcano in Sicilia, Italia iterum activa facta est et lava continue inde exit. Propter hoc rutilans rubens in circuitu et coelo conspicitur.",,,,random
e09f9395af8835b1e124f4986d832c29,2026-07-02T06:00:35Z,Heat Wave,,www.journaldugeek.com,fr,0.7,Moustique tigre : voici les endroits en France à bannir pour éviter les piqûres,"Le cauchemar de vos étés est de retour, et il ne s'agit pas de la canicule.",https://www.journaldugeek.com/2026/07/02/moustique-tigre-voici-les-endroits-en-france-a-bannir-pour-eviter-les-piqures/,https://www.journaldugeek.com/app/uploads/2026/07/moustique-tigre-1600x900.jpg,,"En 2004, les moustiques tigres ne s’étaient implantés que dans un seul département français. Vingt-deux ans plus tard, il en occupe 81, soit 84 % du territoire métropolitain. La progression a été rap… [+2389 chars]","Tiger mosquito: here are the places in France to ban to avoid bites. Your summer nightmare is back, and it's not the heatwave.","Tigermücken: Hier sind die Orte in Frankreich, die man verbieten sollte, um Stiche zu vermeiden. Ihr Sommeralbtraum ist zurück, und das liegt nicht an der Hitzewelle.","Tigris CULEX: Hic sunt loca in Gallia ad vitanda morsus. Aestas somnum tuum tergum est, et aestus non est.",France,WCE,Europe,wmo
839fd5f733c5159d8b864c260a0f9e25,2026-07-02T06:08:04Z,Wildfire,,arabic.cnn.com,ar,0.9,لحظة إجلاء الخيول مع انتشار أعمدة الدخان بسماء كولورادو جراء حرائق الغابات,مع اشتعال حريق أسبن إيكرز في كولورادو، يُظهر مقطع فيديو طاقم مزرعة وهم يُجلون الخيول إلى بر الأمان تحت سماء مليئة بالدخان.,https://arabic.cnn.com/miscellaneous/video/2026/07/02/v197253-horses-evacuated-colorado-wildfire-aspen-acres-digvid,"https://cnn-arabic-images.cnn.io/cloudinary/image/upload/w_1920,h_1008,c_fill,q_auto,g_center/t_cnnarabic_watermark_logo_v5/cnnarabic/2026/07/01/images/337252.jpg",,,"The moment horses are evacuated as plumes of smoke spread over the Colorado sky due to forest fires. As the Aspen Acres fire rages in Colorado, video shows a ranch crew evacuating horses to safety under smoke-filled skies.","Der Moment, in dem Pferde evakuiert werden, während sich aufgrund von Waldbränden Rauchwolken über dem Himmel Colorados ausbreiten. Während das Feuer in Aspen Acres in Colorado wütet, zeigt ein Video, wie eine Ranch-Crew ihre Pferde unter rauchgefülltem Himmel in Sicherheit bringt.","Momentum equi emittuntur sicut plumae fumi diffusae super Colorado caelo propter ignes silvarum. Sicut Aspen Acres ignis in Colorado furit, video vicus cantavit cedentes equos ad salutem sub caelo fumoso.",,,,random
9cf25c24a2299ae6424bbe615d429b0c,2026-07-02T06:21:11Z,Earthquake,,www.hurriyet.com.tr,tr,0.9,Venezuela'da 7 günlük yas ilan edildi,Venezuela'da 24 Haziran'da meydana gelen depremlerde hayatını kaybedenler için ülke genelinde 7 günlük ulusal yas ilan edildiği duyuruldu.,https://www.hurriyet.com.tr/dunya/venezuelada-7-gunluk-yas-ilan-edildi-43225900,https://image.hurimg.com/i/hurriyet/90/0x0/6a460352d76e93b6a8a9e020.jpg,,"p&gt;Venezuela, depremlerde hayatn kaybedenler için 7 günlük ulusal yas ilan etti.Venezuela Geçici Devlet Bakan Delcy Rodriguez, sosyal medya hesabndan yapt açklamada, ülkesinin ykc depremler nedeniy… [+1771 chars]",7 days of mourning were declared in Venezuela. It was announced that 7 days of national mourning were declared throughout the country for those who lost their lives in the earthquakes that occurred on June 24 in Venezuela.,"In Venezuela wurde eine siebentägige Staatstrauer ausgerufen. Es wurde bekannt gegeben, dass im ganzen Land eine siebentägige Staatstrauer für diejenigen ausgerufen wurde, die bei den Erdbeben vom 24. Juni in Venezuela ihr Leben verloren haben.","VII dies luctus in Venetiola declarati sunt. Nuntiatum est VII dies luctus nationalis per universam regionem declaratos esse iis qui vitam amiserunt in terrae motu, qui die 24 mensis Iunii in Venezuela acciderat.",,,,random
ff3491da7bea238b85de977633c42fe1,2026-07-02T06:28:04Z,Thunderstorm,,www.ansa.it,it,0.7,"Maltempo in Veneto, oltre 390 interventi dei Vigili del fuoco","Una violenta ondata di maltempo ha colpito il Veneto nella notte dell'1 luglio, impegnando le squadre dei Vigili del fuoco in oltre 390 interventi dalle 18:00 di ieri. (ANSA)",https://www.ansa.it/veneto/notizie/2026/07/02/maltempo-in-veneto-oltre-390-interventi-dei-vigili-del-fuoco_56dfec34-5db5-4ea1-a9d3-fe0e0593dc71.html,https://www.ansa.it/webimages/img_1280x720/2026/7/2/90551ae558e2d5588c20db0149341c73.jpg,http://web.archive.org/web/20260702085048/https://www.ansa.it/veneto/notizie/2026/07/02/maltempo-in-veneto-oltre-390-interventi-dei-vigili-del-fuoco_56dfec34-5db5-4ea1-a9d3-fe0e0593dc71.html,"Se hai scelto di non accettare i cookie di profilazione e tracciamento, puoi aderire all’abbonamento ""Consentless"" a un costo molto accessibile, oppure scegliere un altro abbonamento per accedere ad … [+320 chars]","Bad weather in Veneto, over 390 interventions by the firefighters. A violent wave of bad weather hit the Veneto on the night of July 1st, involving the fire brigade teams in over 390 interventions since 6pm yesterday. (HANDLE)","Schlechtes Wetter in Venetien, über 390 Einsätze der Feuerwehr. In der Nacht zum 1. Juli wurde Venetien von einer heftigen Unwetterwelle heimgesucht, die seit gestern 18 Uhr zu über 390 Einsätzen der Feuerwehren führte. (HANDHABEN)","Tempestas in Veneto, super 390 interventus a pugnatoribus. Fluctus tempestatis vehemens Veneto die 1 mensis Iulii nocte percussus est, involutus gregarius ignis in super 390 interventus ab heri hora sexta. (CONTRACTO)",Italy,MED,Europe,wmo
ab923c42c73f583db1897c75941ff30b,2026-07-02T06:38:16Z,Wildfire,,observador.pt,pt,0.3,Quase todo o país em risco máximo e muito elevado de fogo,"Quase todo o continente em risco elevado ou máximo. Quinta-feira com aviso vermelho em cinco distritos, subindo para 12 a partir de sexta-feira. Proteção Civil ativa nível III de prontidão especial.",https://observador.pt/2026/07/02/quase-todo-o-pais-em-risco-maximo-e-muito-elevado-de-incendio/,https://wm.observador.pt/wm/l/https%3A%2F%2Fbordalo.observador.pt%2Fv2%2Frs%3Afill%3A770%3A403%2Fc%3A2000%3A1122%3Anowe%3A0%3A211%2Fq%3A70%2Ff%3Awebp%2Fplain%2Fhttps%3A%2F%2Fs3.observador.pt%2Fwp-content%2Fuploads%2F2025%2F09%2F23182402%2F45713935.jpg?layer=obstop:T,http://web.archive.org/web/20260703054049/https://observador.pt/2026/07/02/quase-todo-o-pais-em-risco-maximo-e-muito-elevado-de-incendio/,"Acompanhe aqui o nosso artigo em direto sobre a onda de calor
Todo o interior Norte e Centro do país está esta quinta-feira em perigo máximo de incêndio, que atinge igualmente alguns concelhos dos d… [+3037 chars]","Almost the entire country is at maximum and very high risk of fire. Almost the entire continent at high or maximum risk. Thursday with red warning in five districts, rising to 12 from Friday. Civil Protection activates special readiness level III.","Fast im gesamten Land herrscht maximale und sehr hohe Brandgefahr. Fast der gesamte Kontinent ist einem hohen oder maximalen Risiko ausgesetzt. Am Donnerstag herrschte in fünf Bezirken rote Warnung, ab Freitag stieg sie auf zwölf. Der Katastrophenschutz aktiviert die besondere Bereitschaftsstufe III.","Fere tota terra in maximo et maximo periculo ignis est. Fere tota continens in magno vel maximo periculo. Feria quinta cum rubea monitione in quinque regionibus, ortu Veneris ad 12 a. Civilis Praesidium specialem promptitudinem operatur III.",Australia,SAU,Oceania,acwe
47c26bd057ec5c66898546235897e2aa,2026-07-02T06:40:19Z,Heat Wave,,36kr.com,zh,0.2,秋声 | 净利从8.4亿跌到1987万，深圳光伏老兵靠储能再冲港股,"本文约3300字，建议阅读7分钟
 作者 | 彭孝秋
 
 编者按：AI大爆发之际，越来越多公司走向资本市场。每一份招股书翻动的声音里，都藏着一家公司想说与未曾明说的全部。

 鉴于此，硬氪特推出「秋声」专栏。秋声取自欧阳修《秋声赋》，借“听秋声”之意，产业冷暖，辨公司成色，记录企业冲刺IPO途中那些被写下与被隐藏的真实。这是我们第六期，古瑞瓦特。

 
 上个月，古瑞瓦特第三次向港交所递交招股书。古瑞瓦特的IPO之路命运多舛，曾于2022年6月第一次递交，聆讯通过后未启动招股；2023年3月第二次递交，再次…",https://36kr.com/p/3878131056701447,"https://img.36krcdn.com/hsossms/20260702/v2_503dbfab8652422fad091a70376d8572@000000_oswg25440oswg893oswg380_img_000?x-oss-process=image/resize,m_mfit,w_600,h_400,limit_0/crop,w_600,h_400,g_center",,"33007
 | 
AI
IPO
IPO2022620233
20171120219
202510.2%14.7%2025190AI420
3848.420004.1
202320242025 8.43319874.1315.7%0.4%7.9%
20240.4%489620239.9%1.2% 26.3% 20.3%
 2025 9.9% 4.83 
 2023 8.4 … [+826 chars]","Autumn Sound | Net profit fell from 840 million to 19.87 million, Shenzhen photovoltaic veterans relied on energy storage to rush into Hong Kong stocks. This article is about 3,300 words, and it is recommended to read for 7 minutes
 Author | Peng Xiaoqiu
 
 Editor's note: As AI explodes, more and more companies are heading to the capital market. The sound of every prospectus being turned over contains everything a company wants to say and has yet to say.

 In view of this, Hard Krypton launches the ""Autumn Sound"" column. The sound of autumn is taken from Ouyang Xiu's ""Ode to the Sound of Autumn"", which means ""listening to the sound of autumn"". It refers to the ups and downs of the industry and the quality of the company, recording the written and hidden truths in the company's sprint for IPO. This is our sixth issue, Gurivat.

 
 Last month, Growatt submitted a prospectus to the Hong Kong Stock Exchange for the third time. Growatt's IPO road has been ill-fated. It submitted for the first time in June 2022, but did not start the IPO after passing the hearing; it submitted for the second time in March 2023, and again...","Herbstklang | Der Nettogewinn sank von 840 Millionen auf 19,87 Millionen. Die Photovoltaik-Veteranen von Shenzhen setzten auf Energiespeicher, um in Hongkonger Aktien einzusteigen. Dieser Artikel umfasst etwa 3.300 Wörter und es wird empfohlen, ihn 7 Minuten lang zu lesen
 Autor | Peng Xiaoqiu
 
 Anmerkung der Redaktion: Da die KI explodiert, drängen immer mehr Unternehmen auf den Kapitalmarkt. Der Klang jedes vorgelegten Prospekts enthält alles, was ein Unternehmen sagen möchte und noch sagen muss.

 Vor diesem Hintergrund startet Hard Krypton die Kolumne „Autumn Sound“. Der Klang des Herbstes stammt aus Ouyang Xius „Ode an den Klang des Herbstes“, was „dem Klang des Herbstes lauschen“ bedeutet. Es bezieht sich auf die Höhen und Tiefen der Branche und die Qualität des Unternehmens und zeichnet die geschriebenen und verborgenen Wahrheiten im Sprint des Unternehmens für den Börsengang auf. Dies ist unsere sechste Ausgabe, Gurivat.

 
 Im vergangenen Monat reichte Growatt zum dritten Mal einen Prospekt bei der Hong Kong Stock Exchange ein. Der Weg zum Börsengang von Growatt war unglücklich. Es reichte erstmals im Juni 2022 ein, startete den Börsengang jedoch nach bestandener Anhörung nicht; im März 2023 reichte es zum zweiten Mal ein und erneut...","Autumn Sound | Net lucrum decidit ex 840 miliones ad 19.87 decies centena millia, Shenzhen veterani photovoltaici industria repositorii nitebantur ut in nervum Hong Kong irrueret. Hic articulus est circa 3,300 verba, et commendatur legere pro 7 minutis
 Author | Peng Xiaoqiu
 
 Nota Editor: Sicut AI explodit, magis magisque societates ad forum capitale tendunt. Prospectus omnium sonitus versarum continet omnia societas vult dicere et adhuc dicere.

 Ob hanc rem, Hard Krypton agmen ""Autumni Soni"" immittit. Sonus autumni sumitur ab Ouyang Xiu ""Ode ad sonum autumni"", quod significat ""auscultare sonum autumni"". De industria et qualitate societatis discursibus refertur, scripta et occulta veritates in memoria societatis IPO concitus. Hic est sextus exitus, Gurivat.

 
 Novissimo mense, Growatt prospectum Hong Kong Stock Exchange tertio submisit. Growatt's IPO via infausta est. Hoc primum mense Iunio 2022 submisit, sed IPO post auditum transiens initium non fecit; secundo mense Martio 2023 submisit, ac iterum...",China,EAS,Asia,wmo
761b4acb2913140fa8525f4d1abd1048,2026-07-02T06:49:15Z,Fog,,www.ithome.com,zh,0.2,AI 技术用于工厂质检：特斯拉车间靠车载麦克风自动检测车辆异响,IT之家 7 月 2 日消息，自去年起，特斯拉车辆就已经能够自主驶离工厂装配线，自动驶入交付停车场。这套自动化物流体系大幅节省了厂区作业时间；去年特斯拉更是创下行业纪录，一台新车从得州超级工厂通过自动驾驶，直接送到客户家门口。如今，这套自动驾驶技术正进一步渗透至整车总装的末端工序。IT之家注意到，特斯拉工程副总裁拉尔斯 · 莫拉维（Lars Moravy）近期接受资深特斯拉爱好者赫伯特 · 翁（Herbert Ong）专访时，介绍了 FSD 系统如何接管工厂最后的整车核验流程。莫拉维透露，新款车辆如今可全程自主驶…,https://www.ithome.com/0/971/587.htm,,,"IT 7 2 
IT · Lars Moravy · Herbert Ong FSD BSR 
 AI 
 Cybercab Cybercab 90% 
Cybercab Model Y 400 
Starlink Cybercab Cybercab 
Optimus Optimus 
40 Optimus 
 7 7 
IT","AI technology is used for factory quality inspection: Tesla workshops rely on on-board microphones to automatically detect abnormal vehicle noises. IT House reported on July 2 that since last year, Tesla vehicles have been able to autonomously drive off the factory assembly line and automatically drive into the delivery parking lot. This automated logistics system has greatly saved factory operation time; last year, Tesla set an industry record when a new car was delivered directly to customers' doorsteps through autonomous driving from the Texas Gigafactory. Nowadays, this set of autonomous driving technology is further penetrating into the final process of vehicle assembly. IT House noticed that in a recent exclusive interview with veteran Tesla enthusiast Herbert Ong, Tesla Vice President of Engineering Lars Moravy introduced how the FSD system takes over the final vehicle inspection process at the factory. Molavi revealed that the new vehicle can now drive completely autonomously...","Bei der Qualitätsprüfung im Werk kommt KI-Technologie zum Einsatz: Tesla-Werkstätten sind auf Bordmikrofone angewiesen, um ungewöhnliche Fahrzeuggeräusche automatisch zu erkennen. IT House berichtete am 2. Juli, dass Tesla-Fahrzeuge seit letztem Jahr autonom vom Fließband der Fabrik fahren und automatisch auf den Lieferparkplatz fahren können. Dieses automatisierte Logistiksystem hat die Betriebszeit der Fabrik erheblich eingespart; Letztes Jahr stellte Tesla einen Branchenrekord auf, als ein neues Auto durch autonomes Fahren aus der Texas Gigafactory direkt an die Haustür der Kunden geliefert wurde. Heutzutage dringt diese Reihe autonomer Fahrtechnologien immer weiter in den Endprozess der Fahrzeugmontage ein. IT House bemerkte, dass Lars Moravy, Vizepräsident für Technik bei Tesla, kürzlich in einem Exklusivinterview mit dem erfahrenen Tesla-Enthusiasten Herbert Ong vorstellte, wie das FSD-System den abschließenden Fahrzeuginspektionsprozess im Werk übernimmt. Molavi gab bekannt, dass das neue Fahrzeug nun völlig autonom fahren kann ...","AI technicae artis inspectionem qualitatis officinas adhibent: Tesla officinae in microphones tabulae nituntur ut abnormes crepitus vehiculorum automatice deprehendantur. IT Domus renuntiavit Kalendis Iuliis II ab anno priore vehicula Tesla potuisse ad lineam conventus officinas autonome propulsare et automatice in sortem traditionis raedam impellere. Hoc automated systema logisticorum multum temporis operationis officinas servavit; Anno praeterito, Tesla recordationem industriam constituit cum novus currus directe traditus est ad ostia clientium per sui iuris emissionem e Texas Gigafactory. Hodie, haec copia technologiae sui iuris agens ulterius in ultimum processum vehiculi conventus penetrat. IT Domus animadvertit in recenti conloquio exclusivo cum veterano Tesla fanatico Herbert Ong, Tesla vice Praeses Engineering Lars Moravy introductum quomodo ratio FSD occupat processum inspectionis finalis vehiculo apud officinam. Molavi revelatum est novum vehiculum nunc omnino autonoma ratione pellere posse.",China,EAS,Asia,wmo
5a3958f3d0b1e60204133047a9655001,2026-07-02T07:33:00Z,Earthquake,,www.odatv.com,tr,0.9,Venezuela’da Deprem Felaketi: 7 Günlük Yas ilan edildi... Ölü sayısı artıyor,"Venezuela'da 24 Haziran'da meydana gelen 7,2 ve 7,5 büyüklüğündeki çifte depremde bilanço ağırlaşıyor. 2 bin 295 kişinin hayatını kaybettiği felaket nedeniyle 7 günlük yas ilan edildi. Sahada aralıksız çalışan 75 kişilik Türk arama-kurtarma ekibi ise bölgedek…",https://www.odatv.com/guncel/venezuelada-deprem-felaketi-7-gunluk-yas-ilan-edildi-olu-sayisi-artiyor-120153136,https://img.odatv.com/rcman/Cw1280h720q95gc/storage/files/images/2026/07/02/venezuelada-deprem-felaketi-7-gunluk-yas-ilan-edildi-olu-sayisi-artiyor-ebgt.jpg,,"Venezuela, 24 Haziranda 39 saniye arayla meydana gelen 7,2 ve 7,5 büyüklüündeki ykc depremlerin yaralarn sarmaya çalyor. Ülke genelinde hayatn kaybedenlerin ansna 7 günlük ulusal yas ilan edilirken, … [+1527 chars]","Earthquake Disaster in Venezuela: 7 Days of Mourning Declared... The death toll is increasing. The consequences of the double earthquake of magnitude 7.2 and 7.5 that occurred in Venezuela on June 24 are getting heavier. 7 days of mourning were declared due to the disaster in which 2 thousand 295 people lost their lives. The Turkish search and rescue team of 75 people, working non-stop in the field, is in the region.","Erdbebenkatastrophe in Venezuela: 7 Tage Trauer ausgerufen... Die Zahl der Todesopfer steigt. Die Folgen des Doppelbebens der Stärke 7,2 und 7,5, das sich am 24. Juni in Venezuela ereignete, werden immer schwerwiegender. Aufgrund der Katastrophe, bei der 2.295 Menschen ihr Leben verloren, wurde eine siebentägige Trauer ausgerufen. Das 75-köpfige türkische Such- und Rettungsteam ist in der Region ununterbrochen im Einsatz.","Terrae motus Clades in Venezuela: 7 Dies luctus declaravit... Theloneum mortis increscit. Effectus duplicis terrae motus magnitudinis 7.2 et 7.5 qui in Venetiola die 24 mensis Iunii acciderunt graviora sunt. 7 dies luctus declarati sunt ob calamitatem, qua II milia CCXCV homines vitam amiserunt. Turcicum quaero et liberare turmas 75 hominum, qui in agro non-cessant, in regione sunt.",Chile,SWS,South-America,usgs
1fbdad20a80c209e16982243fa69f15e,2026-07-02T07:38:20Z,Earthquake,,elpais.com,es,0.7,"Última hora del terremoto en Venezuela, en directo | Un equipo de rescatistas de 10 países trabaja para sacar con vida a un venezolano después de siete días bajo los escombros",Exteriores eleva a 27 los españoles muertos por los terremotos | Más de 2.200 fallecidos y 11.200 heridos en total,https://elpais.com/america/2026-07-02/ultima-hora-del-terremoto-en-venezuela-en-directo.html,https://imagenes.elpais.com/resizer/v2/WWOUYRZUJBBFVHMQOOHWNFJLD4.JPG?auth=18bb792a176da3856186ffc7f55e352140359adf02992c5a53cf749c237e631d&width=1200,,"Una semana del doble terremoto de Venezuela en cifras
Los terremotos de magnitud 7,2 y 7,5 que sacudieron la zona norte de Venezuela el miércoles 24 de junio han dejado daños cuantiosos en viviendas… [+3464 chars]","Last minute of the earthquake in Venezuela, live | A team of rescuers from 10 countries is working to remove a Venezuelan alive after seven days under the rubble. Foreign Affairs raises the number of Spaniards killed by the earthquakes to 27 | More than 2,200 dead and 11,200 injured in total","Letzte Minute des Erdbebens in Venezuela, live | Ein Team von Rettern aus zehn Ländern arbeitet daran, einen Venezolaner nach sieben Tagen unter den Trümmern lebend zu bergen. Foreign Affairs erhöht die Zahl der durch die Erdbeben getöteten Spanier auf 27 | Insgesamt mehr als 2.200 Tote und 11.200 Verletzte","Novissimo momento terrae motus in Venezuela, live | Manipulus liberatorum e 10 terris laborat Venezuelan vivum removere post septem dies sub ruderibus. Negotiis exteris numerum Hispanorum a terrae motu ad 27 occisum suscitat | Plus quam 2,200 mortuus et 11,200 laesus in total",Venezuela,NSA,South-America,usgs
074d39f8a0679b17f94c96bab2179664,2026-07-02T08:00:00Z,Heat Wave,,www.cbc.ca,en,0.7,Want to cool off with a dip in a river or lake? Here's how to stay safe,"After a rash of drowning deaths during Europe's ongoing record-breaking heat wave, advocates are urging Canadians to stay safe this Canada Day as they push for more public swimming access across the country.",https://www.cbc.ca/news/canada/heat-wave-swimming-risk-canada-9.7253498,"https://i.cbc.ca/ais/d3d29923-3b1b-44ac-a846-ca130266d7da,1782851372621/full/max/0/default.jpg?im=Crop%2Crect%3D%280%2C226%2C5824%2C3276%29%3BResize%3D620",,"After a rash of drowning deaths during Europe's record-breaking heat wave, advocates are urging Canadians to stay safe this summer as they push for more public swimming access across the country. 
F… [+5880 chars]","Want to cool off with a dip in a river or lake? Here's how to stay safe. After a rash of drowning deaths during Europe's ongoing record-breaking heat wave, advocates are urging Canadians to stay safe this Canada Day as they push for more public swimming access across the country.","Möchten Sie sich bei einem Bad in einem Fluss oder See abkühlen? So bleiben Sie auf der sicheren Seite. Nach einer Reihe von Todesfällen durch Ertrinken während der anhaltenden rekordverdächtigen Hitzewelle in Europa fordern Befürworter die Kanadier auf, an diesem Kanada-Tag auf Nummer sicher zu gehen, während sie sich für mehr Zugang zu öffentlichen Schwimmbädern im ganzen Land einsetzen.","Vis refrigescant cum tingunt in flumine vel lacu? Hic est quomodo tutus maneas. Post mortem temerariam submersionis in Europa record-fractionis fluctus caloris permanentem, advocati suadent Canadenses ut incolumem hunc diem Canadam maneant, dum ad maiorem accessum per patriam natandi publici impellunt.",Canada,NEN,North-America,wmo
8aed1e9990cd21e4b73de20837166aea,2026-07-02T08:10:22Z,Volcano,,arabic.cnn.com,ar,0.9,شاهد لحظة ثوران بركان تال مجددًا في الفلبين.. أعمدة رماد ترتفع إلى 4 آلاف قدم,شهدت الفلبين ثورانًا جديدًا لبركان تال، أطلق خلاله ثلاث دفعات انفجارية من الرماد والبخار ارتفعت إلى نحو 4 آلاف قدم. واستمر النشاط البركاني لأكثر من أربع دقائق، فيما أبقت السلطات مستوى التأهب عند الدرجة الأولى، مع مواصلة متابعة تطورات الوضع.,https://arabic.cnn.com/science-and-health/video/2026/07/02/v197303-taal-volcano-erupts-sending-ash-plumes-4-000-feet-into-the-sky-weather,"https://cnn-arabic-images.cnn.io/cloudinary/image/upload/w_1920,h_1008,c_fill,q_auto,g_center/t_cnnarabic_watermark_logo_v5/cnnarabic/2026/07/02/images/337308.jpg",,,"Watch the moment Taal Volcano erupts again in the Philippines... Ash columns rise to 4,000 feet. The Philippines witnessed a new eruption of Taal Volcano, during which it released three explosive jets of ash and steam that rose to about 4,000 feet. The volcanic activity continued for more than four minutes, while the authorities kept the alert level at first level, while continuing to monitor developments in the situation.","Beobachten Sie den Moment, in dem der Vulkan Taal auf den Philippinen erneut ausbricht ... Aschesäulen erreichen eine Höhe von 4.000 Fuß. Auf den Philippinen kam es zu einem erneuten Ausbruch des Taal-Vulkans, bei dem drei explosive Asche- und Dampfstrahlen ausgestoßen wurden, die bis zu einer Höhe von etwa 4.000 Fuß aufstiegen. Die vulkanische Aktivität dauerte mehr als vier Minuten, während die Behörden die Alarmstufe auf der ersten Stufe behielten und gleichzeitig die Entwicklung der Situation weiterhin beobachteten.","Vide momentum Taal Volcano iterum erumpit in Philippinis... Columnae Cinerum ad 4,000 pedes oriuntur. Philippinae novam eruptionem Volcano Taal testati sunt, in qua tres icies explosivae cineris et vaporis ad circiter 4,000 pedes emisit. Actio volcanica plus quam quattuor minuta continuavit, dum auctoritates in primo gradu intenti sunt, dum progressiones monitores in situ perseverantes.",,,,random
fbe747aaeace10c77f8f119826d3d093,2026-07-02T08:16:59Z,Wildfire,,observador.pt,pt,0.3,As notícias das 9h,As notícias na Rádio Observador. Aconteça o que acontecer.,https://observador.pt/programas/noticiario/as-noticias-das-9h-2397/,https://bordalo.observador.pt/v2/rs:fill:770:403/c:770:433:nowe:0:0/q:70/f:webp/plain/https://s3.observador.pt/wp-content/uploads/2026/06/15153459/770-podcast-noticiario.png,http://web.archive.org/web/20260703060811/https://observador.pt/programas/noticiario/as-noticias-das-9h-2397/,"Esta transcrição foi gerada automaticamente por Inteligência Artificial e pode conter erros ou imprecisões.Observador, são 09h01. As notícias com Carla Jorge Carvalho. Começamos com uma notícia Obser… [+9688 chars]",The 9am news. News on Radio Observador. Whatever happens.,Die 9-Uhr-Nachrichten. Nachrichten auf Radio Observador. Was auch immer passiert.,9am quod noui. Nuntii in Radio Observatore. Quicquid fit.,Russia,ESB,Europe,wmo
0f662ed1e3558684d1fc6d3f853922cb,2026-07-02T08:42:15Z,Flood,,www.thehindubusinessline.com,en,0.2,Indian box office collections surged 21% in H1: Multiplex Association,"The improved collections have been attributed to higher footfalls across metros and even smaller centres, besides an increase in ticket prices",https://www.thehindubusinessline.com/news/variety/indian-box-office-collections-surged-21-in-h1-multiplex-association/article71173633.ece,https://bl-i.thgim.com/public/incoming/bdwvjr/article70751134.ece/alternates/LANDSCAPE_1200/IMG_iStock-1007557230_2_1_I8CJ91IB.jpg,,"Domestic box office collections in the first six months of the year across Indian multiplexes recorded a 21 per cent increase over the corresponding period in 2025, estimates released by the Multiple… [+1774 chars]","Indian box office collections surged 21% in H1: Multiplex Association. The improved collections have been attributed to higher footfalls across metros and even smaller centres, besides an increase in ticket prices",Die Einnahmen an den indischen Kinokassen stiegen im ersten Halbjahr um 21 %: Multiplex Association. Die verbesserten Sammlungen sind neben einem Anstieg der Ticketpreise auf höhere Besucherzahlen in U-Bahnen und sogar kleineren Zentren zurückzuführen,"Collectiones in officio capsulae Indicae 21% in H1: Multiplex Consociatio. Emendatae collectiones altioribus gressibus per metros et etiam minora centra attributa sunt, praeter auctum tessera pretiis.",United States,CNA,North-America,wmo
9cc6db08d7e5338d5bf9f03b484e0163,2026-07-02T09:00:00Z,Snow&Ice,,entabe.jp,ja,0.625,【2026年7月発売】菓子パン新商品まとめ「ポケモンWキャラメルクリームパン」「パインぱん」「ホイップメロンパン ジャージー牛乳」など,2026年7月1日に発売される菓子パン新商品をまとめてご紹介します。「ポケモンWキャラメルクリームパン」や「パインぱん」など。,https://entabe.jp/60794/summary-2026-july-new-release-bread,https://image.entabe.jp/upload/20260701/images/000_1.jpg,http://web.archive.org/web/20260702142344/https://entabe.jp/60794/summary-2026-july-new-release-bread,"2026年7月1日に発売される菓子パン新商品をまとめてご紹介します。「ポケモンWキャラメルクリームパン」や「パインぱん」など。
Pasco「ホイップメロンパン ジャージー牛乳」
季節に合わせた味わいが好評を得ている「ホイップメロンパン」シリーズの新商品。ミルク風味のビスケット生地をトッピングしたメロンパンに、濃厚でコクのある蒜山ジャージー牛乳入りのホイップクリームをたっぷり入れました。暑い夏… [+1398 chars]","[Released in July 2026] Summary of new sweet bread products such as ``Pokemon W Caramel Cream Bread'', ``Pine Bread'', ``Whipped Melon Bread Jersey Milk'', etc. We will introduce all the new sweet bread products that will be released on July 1, 2026. ""Pokemon W Caramel Cream Bread"" and ""Pine Bread"".","[Veröffentlicht im Juli 2026] Zusammenfassung neuer süßer Brotprodukte wie „Pokemon W Caramel Cream Bread“, „Pine Bread“, „Whipped Melon Bread Jersey Milk“ usw. Wir stellen alle neuen süßen Brotprodukte vor, die am 1. Juli 2026 erscheinen werden. „Pokemon W Caramel Cream Bread“ und „Pine Bread“.","[Dimissi in July 2026] Summarium de novorum panis dulcium productorum ut `Pokemon W Carmeli Cream Panis', `Pane Panis', `Panis Melon verberatus', `Paneis lacte', etc. Omnes novos panes dulces inducemus, qui emissi sunt die 1 mensis Iulii, anno 2026. ""Pokemon W Carmeli Cream Panis"" et ""Pane Panis"".",,,,random
62f0e9546a955fc94c6ca649a0fa23ee,2026-07-02T09:27:03Z,Precipitation,,observador.pt,pt,0.3,Aviso vermelho alargado até domingo em 10 distritos,"O aviso vermelho está esta quinta-feira ativo nos distritos de Portalegre, Évora e Beja, assim como em Santarém e Lisboa, sendo que os últimos dois distritos passam a laranja às 23h de sexta-feira.",https://observador.pt/2026/07/02/aviso-vermelho-alargado-ate-domingo-em-10-distritos/,https://wm.observador.pt/wm/l/https%3A%2F%2Fbordalo.observador.pt%2Fv2%2Frs%3Afill%3A770%3A403%2Fc%3A770%3A433%3Anowe%3A0%3A0%2Fq%3A70%2Ff%3Awebp%2Fplain%2Fhttps%3A%2F%2Fs3.observador.pt%2Fwp-content%2Fuploads%2F2020%2F09%2F06104045%2F14559919_770x433_acf_cropped.jpg?layer=obstop:T,,"Acompanhe o nosso liveblog sobre a vaga de calor em Portugal
O aviso vermelho devido ao calor foi alargado até domingo em 10 distritos do litoral e do interior sul do país, anunciou esta quinta-feir… [+2209 chars]","Red warning extended until Sunday in 10 districts. The red warning is active this Thursday in the districts of Portalegre, Évora and Beja, as well as in Santarém and Lisbon, with the last two districts turning orange at 11pm on Friday.","In 10 Bezirken wurde die Warnstufe Rot bis Sonntag verlängert. Die rote Warnung gilt an diesem Donnerstag in den Bezirken Portalegre, Évora und Beja sowie in Santarém und Lissabon, wobei die letzten beiden Bezirke am Freitag um 23 Uhr orange werden.","Monitio rubra extenditur usque ad diem dominicum in 10 districtu. Monitum rubrum efficax est hoc Iovis in regionibus Portalegre, Evora et Beja, nec non in Santarém et Lisbon, cum duobus proximis regionibus die 11 post meridiem orange quod Veneris die.",Bulgaria,MED,Europe,wmo
14bb227d5b231b4b465f3584d974f990,2026-07-02T09:56:18Z,Earthquake,,www.latercera.com,es,0.7,"Temblor hoy, jueves 2 de julio en Chile: consulta epicentro y magnitud","Revisa los recientes movimientos sísmicos registrados por el Centro Sismológico Nacional de la Universidad de Chile. Además, conoce las recomendaciones de Senapred sobre qué hacer en caso de un terremoto.",https://www.latercera.com/servicios/noticia/temblor-hoy-jueves-2-de-julio-en-chile-consulta-epicentro-y-magnitud/,https://www.latercera.com/resizer/v2/WJVZ4RZ2GVAFNLSDARBLUVBWJA.png?auth=7a114d5945e0d34ed544719bc7a5c07e3e9178c8069b1a79187db905b3eeea27&height=630&width=1200&smart=true,http://web.archive.org/web/20260703015948/https://www.latercera.com/servicios/noticia/temblor-hoy-jueves-2-de-julio-en-chile-consulta-epicentro-y-magnitud/,"Durante la presente jornada, se han registrado sismos de variada intensidad en distintos lugares del país.
No obstante, la mayoría de los movimientos resultan imperceptibles, debido a que Chile se e… [+1499 chars]","Tremor today, Thursday, July 2 in Chile: query epicenter and magnitude. Review the recent seismic movements recorded by the National Seismological Center of the University of Chile. Additionally, learn about Senapred's recommendations on what to do in the event of an earthquake.","Beben heute, Donnerstag, 2. Juli in Chile: Epizentrum und Stärke abfragen. Sehen Sie sich die jüngsten seismischen Bewegungen an, die vom Nationalen Seismologischen Zentrum der Universität Chile aufgezeichnet wurden. Erfahren Sie außerdem mehr über die Empfehlungen von Senapred, was im Falle eines Erdbebens zu tun ist.","Tremor hodie, die Iovis, die 2 mensis Iulii apud Chile: interrogatione epicenter et magnitudine. Recense motus recentes seismicos a Centro Nationali seismologico Universitatis Chile commemoratos. Praeterea cognosce de commendatione Senapredum quid in terrae motu evenerit.",Chile,SWS,South-America,usgs
f86a88c58e3a158ed1d0f8338440a334,2026-07-02T10:00:00Z,Landslide,,entabe.jp,ja,0.25,【2026年7月】ほっかほっか亭50周年・ほっともっと新作も！テイクアウト専門店最新情報特集,KFCの定番パックから、創業50周年を迎えたほっかほっか亭の感謝キャンペーン、ほっともっとの新作サイド、まい泉のさっぱりキャンペーンまで、夏のテイクアウト専門店の注目情報をご紹介します。,https://entabe.jp/60777/2026-july-takeout-news-kfc-hokkahokka-hottomotto,https://image.entabe.jp/upload/20260629/images/26-06-29_155159.jpg,,"KFC「とりの日パック」で毎月28日がお得に
KFCでは毎月28日の「とりの日」に合わせて、オリジナルチキンとナゲットがセットになったパックを販売しています。11種類のハーブとスパイスで味付けし、専用の圧力釜で約15分かけてふっくらジューシーに仕上げたオリジナルチキンが特徴です。手軽に持ち帰れるボリュームで、家族でのテイクアウトにもぴったりの内容になっています。
ほっかほっか亭が創業50周年… [+823 chars]","[July 2026] 50th anniversary of Hokka Hokka-tei/Hotto more new works! Special feature on the latest information on takeout specialty stores. From KFC's standard packs, Hokka Hokkatei's appreciation campaign celebrating its 50th anniversary, Hotto Motto's new sides, and Maisen's refreshing campaign, we'll introduce you to the latest information on takeout specialty stores in the summer.",[Juli 2026] Hokka Hokka-tei 50-jähriges Jubiläum/Hotto weitere neue Werke! Sonderbeitrag zu den neuesten Informationen zu Take-Away-Fachgeschäften. Von den Standardpaketen von KFC über die Wertschätzungskampagne von Hokka Hokkatei zum 50-jährigen Jubiläum über die neue Seite von Hotto Motto bis hin zur Erfrischungskampagne von Maisen stellen wir Ihnen die neuesten Informationen zu Fachgeschäften zum Mitnehmen im Sommer vor.,"L anniversarium Hokka Hokka-tei/Hotto plus nova opera! Praecipuum pluma in recentissima notitia de specialitate thesaurorum takeout. Ex vexillum sarcinarum KFC, Hokka Hokkatei appreciationis expeditionem celebrans eius 50 anniversarium, novi latera Hotto Motto, et expeditionem Maisen recreans, te ad recentissimas informationes de specialibus thesauris aestate.",,,,random
8533142aa742793fc5f12c60c31c0eb7,2026-07-02T10:00:02Z,Thunderstorm,,www.ilgiornale.it,it,0.7,"Dopo la canicola arrivano temporali e ""downburst"". Pioggia, vento e grandine colpiscono la Lombardia",Una perturbazione interrompe l'afa. A Milano boom di chiamate d'emergenza,https://www.ilgiornale.it/news/politica/canicola-arrivano-temporali-e-downburst-pioggia-vento-e-2687427.html,https://img.ilgcdn.com/sites/default/files/styles/social/public/filefield_paths/i0h-FJ8BrK8qADrqEaBQ_foto Stefano Porta _ LaPresse.jpeg?_=1782971310,http://web.archive.org/web/20260703043836/https://www.ilgiornale.it/news/politica/canicola-arrivano-temporali-e-downburst-pioggia-vento-e-2687427.html,"Tregua. Il termometro ha finalmente deciso di far respirare l'Italia ma il meteo non si dà pace e ieri è stato un giorni di temporali in gran parte dell'Italia. Un clima isterico, bipolare, senza vie… [+3003 chars]","After the heatwave comes thunderstorms and ""downbursts"". Rain, wind and hail hit Lombardy. A disturbance interrupts the heat. There is a boom in emergency calls in Milan","Nach der Hitzewelle kommt es zu Gewittern und „Downbursts“. Regen, Wind und Hagel trafen die Lombardei. Eine Störung unterbricht die Hitze. In Mailand boomen Notrufe","Post aestus tonitribus venit et ""prorumpunt"". Imber, ventus et grando in Lombardia percusserunt. Seditio intermittit aestum. Est BUTIO in subitis vocat in Milan",Italy,MED,Europe,wmo
0546e56ec7137627691a8054af953267,2026-07-02T10:03:41Z,Heat Wave,,www.aajtak.in,hi,0.9,तेज गर्मी से मुरझाए गार्डन को ऐसे करें दोबारा जीवित,"हीटवेव के बाद बगीचे के पौधों को बचाने के लिए उन्हें सीधी धूप से हटाकर हल्की छांव में रखें, धीरे-धीरे पानी देकर मिट्टी में नमी बनाए रखें और सूखी पत्तियों को हटा दें। मल्चिंग से मिट्टी ठंडी रहती है और नमी बनी रहती है। नियमित लेकिन संतुलित पानी और थोड़े धैर्य के…",https://www.aajtak.in/short-videos/video/to-save-garden-plants-after-a-heatwave-sunlight-partial-shade-maintain-soil-moisture-gradual-watering-mmtc-2592427-2026-07-02,https://akm-img-a-in.tosshub.com/aajtak/images/video/202607/6a46375db5462-plant-in-summer-020303780-16x9.jpg,,"Please rotate your device
 . .","This is how to revive a garden that has withered due to extreme heat. To protect garden plants after a heatwave, keep them in light shade by removing them from direct sunlight, maintain moisture in the soil by watering slowly and remove dry leaves. Mulching keeps the soil cool and maintains moisture. With regular but balanced watering and a little patience…","So lässt sich ein durch extreme Hitze verdorrter Garten wiederbeleben. Um Gartenpflanzen nach einer Hitzewelle zu schützen, halten Sie sie in einem hellen Schatten, indem Sie sie vor direkter Sonneneinstrahlung schützen, halten Sie die Feuchtigkeit im Boden durch langsames Gießen aufrecht und entfernen Sie trockene Blätter. Mulchen hält den Boden kühl und hält die Feuchtigkeit aufrecht. Mit regelmäßiger, aber ausgewogener Bewässerung und etwas Geduld …","Hoc hortus exaruit ob calorem maximum reviviscere. Hortis plantis tueri post heatwave, in umbra lucis eas a recto sole removens, tenere humorem in solo lente rigando et arida folia removere. Mulching humum refrigerat et conservat humorem. Cum iusto sed temperato inriguo et modica patientia…",,,,random
e614b81510ecb1f2b6a8eb6e6dbb981a,2026-07-02T10:18:30Z,Tropical Cyclone,,www.diariodocentrodomundo.com.br,pt,0.9,Tempestades e frio extremo: ciclone extratropical muda o clima no Brasil,Uma frente fria associada à formação de um ciclone extratropical no oceano deve manter a chuva forte na Região Sul nesta quinta-feira (2) e provocar uma mudança brusca no tempo no Sudeste a partir de sexta (3). O sistema deve se organizar próximo à divisa ent…,https://www.diariodocentrodomundo.com.br/tempestades-e-frio-extremo-ciclone-extratropical-muda-o-clima-no-brasil/,https://www.diariodocentrodomundo.com.br/wp-content/uploads/2026/07/imagem_2026-07-02_071315870.png,,"Frio na Avenida Paulista, em SP. Foto: reprodução
Uma frente fria associada à formação de um ciclone extratropical no oceano deve manter a chuva forte na Região Sul nesta quinta-feira (2) e provocar… [+3348 chars]",Storms and extreme cold: extratropical cyclone changes the climate in Brazil. A cold front associated with the formation of an extratropical cyclone in the ocean is expected to maintain heavy rain in the South region this Thursday (2) and cause a sudden change in the weather in the Southeast from Friday (3). The system must be organized close to the border between…,"Stürme und extreme Kälte: Außertropischer Wirbelsturm verändert das Klima in Brasilien. Es wird erwartet, dass eine Kaltfront, die mit der Bildung eines außertropischen Wirbelsturms im Ozean einhergeht, an diesem Donnerstag (2) in der Südregion für starken Regen sorgen und ab Freitag (3) zu einem plötzlichen Wetterumschwung im Südosten führen wird. Das System muss nahe der Grenze zwischen… organisiert werden.","Tempestates et frigora extrema: cyclo extratropico mutat caelum in Brasilia. Frons frigida cum formatione cyclonis extratropicae in oceano coniungitur, expectatur pluviam in regione meridionali hanc Iovis (2) servare et subitam mutationem in tempestate in Meridiano a die Veneris (3). Systema constituendum est prope terminos inter…",,,,random
27b45bdb7dab3ff2271415e72c4e0d45,2026-07-02T10:21:46Z,Earthquake,,www.bbc.com,es,0.7,Terremoto en Venezuela: 3 factores que explican por qué se derrumbaron tantos edificios en La Guaira,"El doblete sísmico fue devastador, pero ¿qué factores influyeron en los derrumbes de numerosos edificios? Esto es lo que dicen los expertos.",https://www.bbc.com/mundo/articles/c4gy818p6n4o,https://ichef.bbci.co.uk/news/1200/branded_mundo/d99d/live/0779ee40-7579-11f1-9db8-97a620cd9604.jpg,http://web.archive.org/web/20260703013853/https://www.bbc.com/mundo/articles/c4gy818p6n4o,"Fuente de la imagen, AFP via Getty Images
Pie de foto, Catia La Mar y Caraballeda fueron algunas de las ciudades costeras más castigadas por el doblete sísmico.
Información del artículo<ul><li></li… [+9892 chars]","Earthquake in Venezuela: 3 factors that explain why so many buildings collapsed in La Guaira. The seismic doublet was devastating, but what factors influenced the collapse of numerous buildings? This is what the experts say.","Erdbeben in Venezuela: 3 Faktoren, die erklären, warum in La Guaira so viele Gebäude einstürzten. Die seismische Wams war verheerend, aber welche Faktoren beeinflussten den Einsturz zahlreicher Gebäude? Das sagen die Experten.","Terrae motus in Venezuela: 3 causae sunt quae explicant cur tot aedificia in La Guaira corruerint. Seismic duplicatum devastabat, sed quae res movit ruinam multarum aedificiorum? Hoc dicunt periti.",Venezuela,NSA,South-America,usgs
84b2851f545ae09138c62c9c7be96f97,2026-07-02T10:24:52Z,Heat Wave,,www.nationalobserver.com,en,0.7,Animals at Toronto Zoo remained cool despite power outage amid heat wave,"While much of southern Ontario sweats under an extended heat wave, the Toronto Zoo says its animals were kept cool despite a power failure that shuttered the facility on Canada Day.",https://www.nationalobserver.com/2026/07/02/news/animals-toronto-zoo-remained-cool-despite-power-outage-amid-heat-wave,https://www.nationalobserver.com/sites/default/files/img/2026/07/02/25b640dc4a9b89c1fb543d03264f2ce6b58d2f2b59a0228a87c314eccc0299c1.jpg,,"While much of southern Ontario sweats under an extended heat wave, the Toronto Zoo says its animals were kept cool despite a power failure that shuttered the facility on Canada Day.
A statement from… [+723 chars]","Animals at Toronto Zoo remained cool despite power outage amid heat wave. While much of southern Ontario sweats under an extended heat wave, the Toronto Zoo says its animals were kept cool despite a power failure that shuttered the facility on Canada Day.","Trotz Stromausfall während der Hitzewelle blieben die Tiere im Toronto Zoo kühl. Während weite Teile Südontarios unter einer anhaltenden Hitzewelle schwitzen, gab der Toronto Zoo an, dass seine Tiere trotz eines Stromausfalls, der die Einrichtung am Canada Day lahmlegte, kühl gehalten wurden.","Animalia apud Toronto Zoo frigus remanserunt obstante potentia eu inter undam caloris. Dum Ontario meridionali multum sub unda aestu extenso sudat, Toronto Zoo dicit animalia sua refrigerari conservata propter defectum potentiae quae in Canada diei facilitatem concluditur.",Canada,NEN,North-America,wmo
8375256ae626deefb9075a42a55fee54,2026-07-02T10:51:30Z,Volcano,,pplware.sapo.pt,pt,0.9,Etna volta a entrar em erupção e ilumina os céus da Sicília com rios de lava,"O vulcão mais ativo da Europa, o Etna, continua em atividade, mas sem representar perigo imediato para as populações. O Monte Etna voltou a entrar em erupção, proporcionando um impressionante espetáculo natural na ilha...",https://pplware.sapo.pt/ciencia/etna-volta-a-entrar-em-erupcao-e-ilumina-os-ceus-da-sicilia-com-rios-de-lava/,https://pplware.sapo.pt/wp-content/uploads/2026/07/etna_00.webp,http://web.archive.org/web/20260703070849/https://pplware.sapo.pt/ciencia/etna-volta-a-entrar-em-erupcao-e-ilumina-os-ceus-da-sicilia-com-rios-de-lava/,"O vulcão mais ativo da Europa, o Etna, continua em atividade, mas sem representar perigo imediato para as populações.
O Monte Etna voltou a entrar em erupção, proporcionando um impressionante espetá… [+2443 chars]","Etna erupts again and lights up the skies of Sicily with rivers of lava. The most active volcano in Europe, Etna, remains active, but without posing an immediate danger to the population. Mount Etna erupted again, providing an impressive natural spectacle on the island...","Der Ätna bricht erneut aus und erleuchtet den Himmel Siziliens mit Lavaströmen. Der aktivste Vulkan Europas, der Ätna, bleibt aktiv, stellt jedoch keine unmittelbare Gefahr für die Bevölkerung dar. Der erneute Ausbruch des Ätna sorgte für ein beeindruckendes Naturschauspiel auf der Insel...","Aetna iterum erumpit et Siciliam caelos cum lavae fluminibus inluminat. Acerrimus vulcanus in Europa, Aetna, active manet, sed sine periculo incolarum immediatum ponens. Mons Aetna iterum erupit, spectaculum naturale in insula infigendum praebens.",,,,random
c895eaf40bda87acde8ce026a0522682,2026-07-02T10:58:16Z,Wildfire,,arabic.cnn.com,ar,0.9,خلال دقائق من اندلاعها.. الأقمار الصناعية ترصد حرائق كولورادو,مع اشتداد موسم حرائق الغابات في ولاية كولورادو الأميركية مبكراً هذا العام، تعتمد السلطات بشكل متزايد على تكنولوجيا الأقمار الصناعية لرصد بؤر الحرائق خلال دقائق من اندلاعها.,https://arabic.cnn.com/miscellaneous/video/2026/07/02/v197316-colorado-noaa-satellites-track-fires,"https://cnn-arabic-images.cnn.io/cloudinary/image/upload/w_1920,h_1008,c_fill,q_auto,g_center/t_cnnarabic_watermark_logo_v5/cnnarabic/2026/07/02/images/337332.jpg",,,"Within minutes of their outbreak, satellites monitor the Colorado fires. As the wildfire season intensifies in the US state of Colorado early this year, authorities are increasingly relying on satellite technology to monitor fire hotspots within minutes of their outbreak.","Schon wenige Minuten nach ihrem Ausbruch überwachen Satelliten die Brände in Colorado. Da sich die Waldbrandsaison Anfang dieses Jahres im US-Bundesstaat Colorado intensiviert, verlassen sich die Behörden zunehmend auf Satellitentechnologie, um Brandherde innerhalb weniger Minuten nach ihrem Ausbruch zu überwachen.","Intra minuta tumultus, satellites monitoria incendiorum Colorado. Incendium tempus auget in statu Colorado in US primo hoc anno, auctoritates magis magisque innituntur technologiae satellites ad monitores ignis hotspotum intra minuta sui tumultus.",,,,random
cf5ac3e224e6bc81ed5defd6477586f1,2026-07-02T11:10:00Z,Earthquake,,www.protothema.gr,el,0.7,"Σεισμός 5,2 Ρίχτερ στην Κάρπαθο, έγινε αισθητός στα Δωδεκάνησα",Πού εντοπίζεται το επίκεντρο της σεισμικής δόνησης | Σεισμός | Κάρπαθος | Ελλάδα,https://www.protothema.gr/greece/article/1844530/seismos-tora-stin-karpatho/,https://www.protothema.gr/images/640x360share/jpg/files/2026-07-02/seismos-karpathos-mkt.jpg,,"5,2 14:00 .,  11   5,2  13 .
, , .
, .","5.2 Richter earthquake in Karpathos, was felt in the Dodecanese. Where is the epicenter of the earthquake? Earthquake | Karpathos | Greece","Das Richterbeben der Stärke 5,2 auf Karpathos war auch auf dem Dodekanes zu spüren. Wo liegt das Epizentrum des Erdbebens? Erdbeben | Karpathos | Griechenland",5.2 Richter terrae motus in Karpatho in Dodecanesi sentitur. Ubi est epicor terrae motus? Terrae motus | Karpathos | Graecia,,,,random
1d0994388e674e20d8565615eed8abfb,2026-07-02T11:15:24Z,Heat Wave,,observador.pt,pt,0.9,12h. Onda de calor. Governo declara situação de alerta,"Anúncio do ministro da Administração Interna. Emitidos despachos de exceção para proibir o uso de maquinaria. Ainda, subiu para 18 o número de mortos no maior ataque a Kiev desde o início da guerra.",https://observador.pt/programas/noticiario/as-noticias-das-12h-2374/,https://bordalo.observador.pt/v2/rs:fill:770:403/c:770:433:nowe:0:0/q:70/f:webp/plain/https://s3.observador.pt/wp-content/uploads/2026/06/15153459/770-podcast-noticiario.png,,"Esta transcrição foi gerada automaticamente por Inteligência Artificial e pode conter erros ou imprecisões.Observador, é meio-dia. Está a começar o Jornal do Meio-Dia com a edição do Vasco Maldonado … [+10296 chars]","12pm. Heat wave. Government declares alert situation. Announcement by the Minister of Internal Affairs. Exceptional orders were issued to prohibit the use of machinery. Furthermore, the death toll in the biggest attack on Kiev since the start of the war rose to 18.","12 Uhr. Hitzewelle. Die Regierung ruft die Alarmsituation aus. Ankündigung des Innenministers. Es wurden Ausnahmeanordnungen erlassen, um den Einsatz von Maschinen zu verbieten. Darüber hinaus stieg die Zahl der Todesopfer beim größten Angriff auf Kiew seit Kriegsbeginn auf 18.",12pm. Caloris fluctus. Res publica erecta declarat. Nuntio a Ministro Negotiis Internum. Iussus eximii edicti sunt ad usum machinationis prohibendum. Ceterum portorium mortis in maxima oppugnatione Kioviae ab initio belli XVIII orta est.,,,,random
eefee41ffb7911b1bb6371270ebee177,2026-07-02T11:17:00Z,Earthquake,,www.haber7.com,tr,0.9,Sağlık Bakanı açıkladı: Olası Marmara depremi için yeni model geliştirildi,"Sağlık Bakanı Kemal Memişoğlu, ""Başta olası bir Marmara depremine karşı İstanbul olmak üzere, tüm riskli bölgelerimiz için bir model geliştirdik. Dünyada bir ilke imza atarak Depremde Halk Sağlığı Hizmetleri Rehberi'ni hazırladık"" dedi.",https://www.haber7.com/saglik/haber/3640227-saglik-bakani-acikladi-olasi-marmara-depremi-icin-yeni-model-gelistirildi,https://i20.haber7.net/resize/1280x720/haber/haber7/bigmanset/2026/27/saglik_bakani_acikladi_olasi_marmara_depremi_icin_yeni_model_gelistirildi_1782991049_6637.jpg,,"Salk Bakan Kemal Memiolu, sahip olduklar afet yönetimi tecrübelerini ihtiyaç duyan ülkelerle paylamay insani sorumluluk olarak gördüklerini belirterek, ""Çünkü salk, snrlarn ötesinde evrensel bir deer… [+7799 chars]","Minister of Health announced: A new model has been developed for the possible Marmara earthquake. Minister of Health Kemal Memişoğlu said, ""We developed a model for all our risky regions, especially Istanbul, against a possible Marmara earthquake. We broke new ground in the world and prepared the Public Health Services Guide in Earthquakes.""","Gesundheitsminister gab bekannt: Es wurde ein neues Modell für das mögliche Marmara-Erdbeben entwickelt. Gesundheitsminister Kemal Memişoğlu sagte: „Wir haben ein Modell für alle unsere Risikoregionen, insbesondere Istanbul, gegen ein mögliches Marmara-Erdbeben entwickelt. Wir haben weltweit neue Wege beschritten und den Leitfaden für öffentliche Gesundheitsdienste bei Erdbeben erstellt.“","Minister Salutem nuntiavit: Novum exemplar pro possibili Marmara terrae motu auctum est. Minister Salutem Kemal Memişoğlu dixit ""exemplum ad omnes nostras regiones periculosas, praesertim Istanbul, contra possibilis Terrae motus Marmara evolvit. Novam terram in mundo fregimus et Rectorem in Terrae motu Publicam Services paravimus"".",,,,random
47c1a43119ef57a9c5f5f85a83a1d773,2026-07-02T11:23:39Z,Heat Wave,,arabic.cnn.com,ar,0.9,كيف تحمي نفسك من ضربة الشمس والحالات الطارئة المرتبطة بارتفاع الحرارة؟,تُعدّ ضربة الشمس حالة طبية طارئة يجب التعامل معها فورًا، لأنها قد تصبح مميتة بسرعة إذا لم تُعالج.,https://arabic.cnn.com/science-and-health/article/2026/07/02/heat-stroke-sun-exhaustion-health-xpn-wellness,"https://cnn-arabic-images.cnn.io/cloudinary/image/upload/x_0,y_209,w_1998,h_1124,c_crop/w_1920,h_1008,c_fill,q_auto,g_center/t_cnnarabic_watermark_logo_v5/cnnarabic/2026/07/01/images/337245.jpg",,,"How do you protect yourself from heatstroke and emergencies related to high temperature? Heatstroke is a medical emergency that must be treated immediately, because it can quickly become fatal if left untreated.","Wie schützen Sie sich vor Hitzschlag und Notfällen im Zusammenhang mit hohen Temperaturen? Ein Hitzschlag ist ein medizinischer Notfall, der sofort behandelt werden muss, da er unbehandelt schnell tödlich enden kann.","Quomodo te defendis ab heatstroke et periculis ad caliditatem relato? Heatstroke medicinalis est, quae statim curanda est, quia cito exitiale fieri potest, si increatum relinquitur.",,,,random
3a2b20ed807f52ea3747ce6078339a03,2026-07-02T11:26:03Z,Heat Wave,,dialogos.com.cy,el,0.9,Γαλλία: Πανικός για ένα κλιματιστικό – Ξύλο στα σούπερ μάρκετ ενόψει νέου καύσωνα (ΒΙΝΤΕΟ),"Καμπανάκι ότι έρχεται ένα τρίτο κύμα καύσωνα στη Γαλλία από το Σαββατοκύριακο και το οποίο θα συνεχιστεί και την επόμενη εβδομάδα κρούουν οι μετεωρολόγοι την ώρα που οι πολίτες «πιάνονται στα χέρια» για ένα κλιματιστικό, όπως δείχνουν τα βίντεο που βλέπουν το…",https://dialogos.com.cy/gallia-panikos-gia-ena-klimatistiko-xylo-sta-soyper-market-enopsei-neoy-kaysona-vinteo/,https://dialogos.com.cy/wp-content/uploads/2026/07/image-14.png,,"© Dialogos Media Group - , , , / , , , , ( ) , , , , , .","France: Panic for an air conditioner - Wood in supermarkets in view of a new heatwave (VIDEO). Forecasters are sounding the alarm that a third heat wave is coming to France since the weekend and will continue into next week as citizens ""grab"" for an air conditioner, as shown by videos seen by the...","Frankreich: Panik um eine Klimaanlage – Holz in Supermärkten angesichts einer neuen Hitzewelle (VIDEO). Prognostiker schlagen Alarm, dass seit dem Wochenende eine dritte Hitzewelle nach Frankreich kommt und bis in die nächste Woche andauern wird, da die Bürger nach einer Klimaanlage „greifen“, wie Videos zeigen, die von der...","Gallia: Terror pro conditione aeris - Wood in supermarkets intuitu novae heatwave (VIDEO). Vates terrorem sonant quod unda tertia caloris in Galliam venit ex volutpat vestibulum et in altera septimana cives ""capto"" pro conditione aeri perseveret, sicut per videos visum a ...",,,,random
97f39f1c52e226c4b9a3a373baf814cb,2026-07-02T11:29:56Z,Thunderstorm,,www.ansa.it,it,0.7,"Maltempo, prorogata l'allerta meteo per temporali in Campania","La Protezione civile della Regione, in considerazione delle valutazioni del Centro funzionale sugli scenari meteorologici in atto e sulla loro evoluzione, ha prorogato l'allerta meteo di colore giallo per forti e improvvisi temporali fino alla mezzanotte d...…",https://www.ansa.it/campania/notizie/2026/07/02/maltempo-prorogata-lallerta-meteo-per-temporali-in-campania_e321bd74-28b5-4fe3-8ec9-ef2be40733e3.html,https://www.ansa.it/webimages/img_1280x720/2020/6/7/04ecee5e3475d0647cba1a43ed92b2d1.jpg,http://web.archive.org/web/20260703025121/https://www.ansa.it/campania/notizie/2026/07/02/maltempo-prorogata-lallerta-meteo-per-temporali-in-campania_e321bd74-28b5-4fe3-8ec9-ef2be40733e3.html,"La Protezione civile della Regione,
in considerazione delle valutazioni del Centro funzionale sugli
scenari meteorologici in atto e sulla loro evoluzione, ha
prorogato l'allerta meteo di colore gi… [+588 chars]","Bad weather, the weather warning for thunderstorms has been extended in Campania. The Civil Protection of the Region, in consideration of the evaluations of the Functional Center on the current meteorological scenarios and their evolution, has extended the yellow weather alert for strong and sudden thunderstorms until midnight on...…","Schlechtes Wetter, die Wetterwarnung für Gewitter wurde in Kampanien verlängert. Der Katastrophenschutz der Region hat unter Berücksichtigung der Bewertungen des Funktionszentrums zu den aktuellen meteorologischen Szenarien und deren Entwicklung die gelbe Wetterwarnung für starke und plötzliche Gewitter bis Mitternacht am... verlängert.","Tempestates in Campania protracta tonitruum monita sunt. Civilis Regionis Protectio, aestimationibus Centri functionum consideratis in missionibus meteorologicis ac eorum evolutione, tempestatem flavam intendit ad validos et repentinos tonitros usque ad mediam noctem in ...",Italy,MED,Europe,wmo
78d247345d2cb0ca68b9f50be914349f,2026-07-02T12:00:00Z,Drought,,www.nybooks.com,en,0.2,The Judeo-Bolshevist Target,"Popular memory in the West tends to separate the Holocaust from the German war against the Soviet Union, but for the Nazi regime they were two faces of the same undertaking.",https://www.nybooks.com/articles/2026/07/23/the-judeo-bolshevist-target-jochen-hellbeck/,https://www.nybooks.com/wp-content/uploads/2026/06/bartov_1-072326-1200.jpg,http://web.archive.org/web/20260703050226/https://www.nybooks.com/articles/2026/07/23/the-judeo-bolshevist-target-jochen-hellbeck/,"Sometime in early 1983, toward the end of my time as a graduate student at Oxford University, I met with the military historian Michael Howard, who had served as an officer during World War II and fo… [+33032 chars]","The Judeo-Bolshevist Target. Popular memory in the West tends to separate the Holocaust from the German war against the Soviet Union, but for the Nazi regime they were two faces of the same undertaking.","Das jüdisch-bolschewistische Ziel. Die populäre Erinnerung im Westen neigt dazu, den Holocaust vom deutschen Krieg gegen die Sowjetunion zu trennen, aber für das Nazi-Regime waren sie zwei Gesichter desselben Unternehmens.","The Judeo-Bolshevist Target. In Occidente memoria popularis Holocaustum a bello Germanico contra Unionem Sovieticam separare tendit, sed pro regimine Nazi duo eiusdem incepti facies erant.",Bermuda,NAO,Atlantic Ocean,edo
d147ef6bdb9dc6444c0303a5b2afaecb,2026-07-02T12:07:41Z,Wildfire,,observador.pt,pt,0.9,Detido suspeito de atear fogo em Estarreja,"O suspeito, de 39 anos, está fortemente indiciado pela prática do crime de incêndio florestal, ocorrido no dia 14 de maio, em Estarreja.",https://observador.pt/2026/07/02/incendios-detido-suspeito-de-atear-fogo-em-estarreja/,https://wm.observador.pt/wm/l/https%3A%2F%2Fbordalo.observador.pt%2Fv2%2Frs%3Afill%3A770%3A403%2Fc%3A2000%3A1122%3Anowe%3A0%3A88%2Fq%3A70%2Ff%3Awebp%2Fplain%2Fhttps%3A%2F%2Fs3.observador.pt%2Fwp-content%2Fuploads%2F2026%2F04%2F14130314%2F45691989.jpg?layer=obstop:T,http://web.archive.org/web/20260703074216/https://observador.pt/2026/07/02/incendios-detido-suspeito-de-atear-fogo-em-estarreja/,"Acompanhe o nosso liveblog sobre a atual onda de calor em Portugal
A Polícia Judiciária (PJ) deteve um homem, de 39 anos, suspeito de ter ateado um incêndio florestal em maio no concelho de Estarrej… [+698 chars]","Arrested on suspicion of setting fire to Estarreja. The suspect, aged 39, is heavily indicted for the crime of forest fire, which occurred on May 14, in Estarreja.","Verhaftet wegen des Verdachts, Estarreja in Brand gesteckt zu haben. Der 39-jährige Verdächtige ist wegen des Waldbrandverbrechens vom 14. Mai in Estarreja schwer angeklagt.","Suspicione comprehensus Estarreja incendendi causa. Suspicio, annos natus 39, graviter accusatur ob crimen ignis silvae, quod die 14 mensis Maii factum est, in Estarreja.",,,,random
97ec82ddd8384d2cd1bd13a33e212a2c,2026-07-02T12:09:33Z,Heat Wave,,www.cbc.ca,en,0.8,Storm cleanup happening during expected peak of heat wave,"The Ottawa-Gatineau area is cleaning up from massive, powerful thunderstorms that struck the afternoon and evening of Canada Day. The damage, including flooding, happened during a long-lasting, punishing heat wave.",https://www.cbc.ca/news/canada/ottawa/ottawa-gatineau-canada-day-storm-weather-cancel-9.7255678,"https://i.cbc.ca/ais/99741cd0-f1f2-4b9d-b037-14799e26e872,1782992199138/full/max/0/default.jpg?im=Crop%2Crect%3D%280%2C366%2C4032%2C2268%29%3BResize%3D620",,"The Ottawa-Gatineau area is cleaning up from massive, powerful thunderstorms that struck the afternoon and evening of Canada Day. 
The damage, including flooding, happened during a long-lasting, pun… [+975 chars]","Storm cleanup happening during expected peak of heat wave. The Ottawa-Gatineau area is cleaning up from massive, powerful thunderstorms that struck the afternoon and evening of Canada Day. The damage, including flooding, happened during a long-lasting, punishing heat wave.","Aufräumarbeiten nach dem Sturm finden während des erwarteten Höhepunkts der Hitzewelle statt. Das Gebiet Ottawa-Gatineau räumt sich von den massiven, starken Gewittern auf, die am Nachmittag und Abend des Canada Day heimgesucht haben. Der Schaden, einschließlich Überschwemmungen, ereignete sich während einer langanhaltenden, heftigen Hitzewelle.","Tempestas tersus fiebat in expectata cacumine caloris unda. Area Ottawa-Gatineau redigit a magnis et validis procellis qui post meridiem et vesperum Diei Canadae percussit. Damnum, inclusa inundatione, accidit diuturno, plectens aestum fluctum.",Canada,NEN,North-America,wmo
969dad683c44948d6b61208eb0e77ece,2026-07-02T12:15:51Z,Heat Wave,,www.derstandard.at,de,0.3,Trotz Hitzewelle nicht wärmster Juni der Messgeschichte,"In der ersten Monatshälfte waren die Temperaturen vergleichsweise niedrig. Deshalb ist der Juni 2026 ""nur"" der viertwärmste seit Beginn der Aufzeichnungen",https://www.derstandard.at/story/3000000329812/hitze-trotz-hitzewelle-nicht-w228rmster-juni-der-messgeschichte,https://i.ds.at/kN1Ohg/rs:fill:1200:600/plain/lido-images/2026/07/02/e1780c4d-2d29-4d52-bd4f-ad55058db7a2.jpg,http://web.archive.org/web/20260702125639/https://www.derstandard.at/story/3000000329812/hitze-trotz-hitzewelle-nicht-w228rmster-juni-der-messgeschichte,"Bei der Hitze freut man sich über kleine Abkühlungen im Alltag.
IMAGO/Neil Milton
Wien Vierzehn Tage lang Hitze, Temperaturen bis 40 Grad, Juni-Rekordwerte und dann teils schwere Unwetter, die über… [+634 chars]","Despite the heat wave, it was not the warmest June in recorded history. In the first half of the month the temperatures were comparatively low. That's why June 2026 is ""only"" the fourth warmest since records began","Trotz Hitzewelle nicht wärmster Juni der Messgeschichte. In der ersten Monatshälfte waren die Temperaturen vergleichsweise niedrig. Deshalb ist der Juni 2026 ""nur"" der viertwärmste seit Beginn der Aufzeichnungen","Quamvis aestus fluctus, non calidissimus Iunii in historia memoratur. In prima parte mensis temperaturae humiliores erant. Quam ob rem mensis Iunii 2026 ""solum"" quartum calidissimum est ex quo monumenta incohata sunt",Switzerland,WCE,Europe,wmo
c23ec809c12ecaf0eacd81a36690452d,2026-07-02T12:16:27Z,Thunderstorm,,www.ansa.it,it,0.7,"Maltempo, prorogata l'allerta meteo per temporali in Campania","Le immagini da Pomigliano d'Arco, strade allagate (ANSA)",https://www.ansa.it/sito/videogallery/italia/2026/07/02/maltempo-prorogata-lallerta-meteo-per-temporali-in-campania_871e1bea-7267-4851-8fe1-5c599c7376a1.html,https://www.ansa.it/webimages/img_1280x720/2026/7/2/b9f8f69586916579d601a9e86bfc00f0.jpg,,"Se hai scelto di non accettare i cookie di profilazione e tracciamento, puoi aderire all’abbonamento ""Consentless"" a un costo molto accessibile, oppure scegliere un altro abbonamento per accedere ad … [+320 chars]","Bad weather, the weather warning for thunderstorms has been extended in Campania. Images from Pomigliano d'Arco, flooded streets (ANSA)","Schlechtes Wetter, die Wetterwarnung für Gewitter wurde in Kampanien verlängert. Bilder aus Pomigliano d'Arco, überflutete Straßen (ANSA)","Tempestates in Campania protracta tonitruum monita sunt. Imagines e Pomigliano d'Arco, plateae inundatae (ANSA)",Italy,MED,Europe,wmo
5146b8d3d263b098dcb7a6c56f418ad6,2026-07-02T12:25:23Z,Heat Wave,,www.ilfattoquotidiano.it,it,0.3,"Wimbledon, i risultati degli italiani: la 18enne Tyra Grant è eliminata. Ora in campo Sonego, poi c’è Berrettini sul Centrale","Il mercoledì ricco di italiani in campo a Wimbledon non è iniziato nel migliore dei modi. Tyra Grant, 18enne che all’esordio aveva vinto contro Katie Boulter il suo primo match di sempre nello Slam londinese, ha ceduto in due set a Marie Bouzkova in un match …",https://www.ilfattoquotidiano.it/2026/07/02/wimbledon-2026-risultati-italiani-oggi-2-luglio/8437229/,https://st.ilfattoquotidiano.it/wp-content/uploads/2026/07/02/italiani-wimbledon.jpg,,"Roma, 2 lug. (Adnkronos/Labitalia) - ""Per far fare al Paese un ulteriore salto competitivo, è necessario promuovere un salto organizzativo delle sue piccole e medie imprese. Il Paese cresce quando le… [+16341 chars]","Wimbledon, the results of the Italians: 18 year old Tyra Grant is eliminated. Now Sonego is on the field, then there's Berrettini on Centrale. The Wednesday full of Italians on the court at Wimbledon did not start in the best way. Tyra Grant, an 18-year-old who on her debut had won her first match ever in the London Slam against Katie Boulter, lost in two sets to Marie Bouzkova in a match ...","Wimbledon, die Ergebnisse der Italiener: Die 18-jährige Tyra Grant scheidet aus. Jetzt ist Sonego auf dem Feld, dann ist da noch Berrettini auf Centrale. Der Mittwoch voller Italiener auf dem Wimbledon-Platz begann nicht optimal. Tyra Grant, eine 18-Jährige, die bei ihrem Debüt ihr erstes Match überhaupt beim London Slam gegen Katie Boulter gewonnen hatte, verlor in zwei Sätzen gegen Marie Bouzkova in einem Match ...","Wimbledon eventus Italiae: 18 annos natus Tyra Grant removetur. Nunc Sonego in agro est, deinde Berrettini in Centrale. Mercurii plena Italicorum in atrio apud Wimbledon non optime incipit. Tyra Grant, vir XVIII annorum, quae sua debut primum certamen in Londinii Slam contra Katie Boulter semper vicit, duobus amisi Mariae Bouzkova in certamine ...",Switzerland,WCE,Europe,wmo
7a40f84079aa2a0018e536460d8a8f64,2026-07-02T12:25:24Z,Heat Wave,,www.ilfattoquotidiano.it,it,0.3,"Attentato Monaco, l’imprenditore: “L’oligarca ferito Ermolaev pagò 5 milioni ai servizi segreti per non essere sottoposto a sanzioni”","Si allunga sempre più scura e intensa l’ombra dei servizi segreti di Kiev sulla bomba che il 29 giugno ha ridotto in fin di vita nel Principato di Monaco l’oligarca ucraino Vadym Ermolaev, la donna che era con lui e ha ferito il figlio 13enne. A gennaio un im…",https://www.ilfattoquotidiano.it/2026/07/02/attentato-monaco-oligarca-ferito-ermolaev-pago-5-milioni-servizi-segreti-notizie/8436966/,https://st.ilfattoquotidiano.it/wp-content/uploads/2026/07/02/Serhiy-Vahanyan-Vadym-Ermolaev-Monaco.jpg,http://web.archive.org/web/20260703031121/https://www.ilfattoquotidiano.it/2026/07/02/attentato-monaco-oligarca-ferito-ermolaev-pago-5-milioni-servizi-segreti-notizie/8436966/,"Roma, 2 lug. (Adnkronos/Labitalia) - ""Per far fare al Paese un ulteriore salto competitivo, è necessario promuovere un salto organizzativo delle sue piccole e medie imprese. Il Paese cresce quando le… [+16341 chars]","Munich attack, the entrepreneur: ""The injured oligarch Ermolaev paid 5 million to the secret services to avoid being subjected to sanctions"". The shadow of Kiev's secret services is growing ever darker and more intense over the bomb that on 29 June left the Ukrainian oligarch Vadym Ermolaev dying in the Principality of Monaco, as well as the woman who was with him and injured his 13-year-old son. In January an im…","Münchner Anschlag, der Unternehmer: „Der verletzte Oligarch Ermolaev zahlte 5 Millionen an die Geheimdienste, um Sanktionen zu entgehen.“ Der Schatten der Kiewer Geheimdienste wird immer dunkler und intensiver über die Bombe, die am 29. Juni den ukrainischen Oligarchen Vadym Ermolaev im Fürstentum Monaco sterben ließ, sowie über die Frau, die bei ihm war und seinen 13-jährigen Sohn verletzte. Im Januar ein im…","Munich oppugnatio manceps: ""Laesus oligarch Ermolaev solvit 5 decies centena officia secreta ne sanctionibus subiciantur"". Umbra secretorum servitiorum Kiev in dies magis obscurior et intensior in bombam crescit quam die 29 mensis Iunii in Principatu Monoeci moriens Ucraina oligarch Vadym Ermolaev, necnon mulier quae cum eo erat, filium suum 13 annorum laesit. Mense Ianuario an im…",Switzerland,WCE,Europe,wmo
c053c282b6ba37a200677b2a891cd4c1,2026-07-02T12:30:39Z,Precipitation,,www.ilfattoquotidiano.it,it,0.3,"Malattie rare, 30 milioni per trasformare la speranza in terapia: la ricerca europea guidata da Telethon accende nuove possibilità","Ci sono malattie che colpiscono una persona su centomila, altre poche decine di pazienti in tutto il mondo. Sono così rare che spesso la loro prima battaglia non è trovare una cura, ma essere riconosciute. Per chi convive con una patologia rara, il tempo dell…",https://www.ilfattoquotidiano.it/2026/07/02/malattie-rare-30-milioni-per-trasformare-la-speranza-in-terapia-la-ricerca-europea-guidata-da-telethon-accende-nuove-possibilita/8437220/,https://st.ilfattoquotidiano.it/wp-content/uploads/2026/07/02/ricerca-scientifca-1200x675-1.jpg,http://web.archive.org/web/20260703081947/https://www.ilfattoquotidiano.it/2026/07/02/malattie-rare-30-milioni-per-trasformare-la-speranza-in-terapia-la-ricerca-europea-guidata-da-telethon-accende-nuove-possibilita/8437220/,"Roma, 2 lug. (Adnkronos/Labitalia) - ""Per far fare al Paese un ulteriore salto competitivo, è necessario promuovere un salto organizzativo delle sue piccole e medie imprese. Il Paese cresce quando le… [+16341 chars]","Rare diseases, 30 million to transform hope into therapy: European research led by Telethon ignites new possibilities. There are diseases that affect one person in a hundred thousand, another few dozen patients around the world. They are so rare that often their first battle is not to find a cure, but to be recognized. For those living with a rare pathology, the time of…","Seltene Krankheiten, 30 Millionen, um Hoffnung in Therapie zu verwandeln: Europäische Forschung unter der Leitung von Telethon eröffnet neue Möglichkeiten. Es gibt Krankheiten, von denen einer von hunderttausend Menschen betroffen ist, weitere ein paar Dutzend Patienten auf der ganzen Welt. Sie sind so selten, dass ihr erster Kampf oft nicht darin besteht, ein Heilmittel zu finden, sondern darin, anerkannt zu werden. Für diejenigen, die mit einer seltenen Pathologie leben, ist die Zeit von…","Rari morbi, XXX decies centena millia spem in therapiam transformare: Europae investigatio a Telethon ductus novas possibilitates accendit. Sunt morbi qui unum hominem in centum milibus afficiunt, alii pauci duodecim aegros circa mundum. Adeo rari sunt ut saepe prima acies non mederi, sed cognoscatur. Pro vivis rara pathologia, tempus…",Switzerland,WCE,Europe,wmo
986809e544208ceca71e0f9dfe5bbe90,2026-07-02T12:31:37Z,Wildfire,,observador.pt,pt,0.3,Faro tem locais climatizados para pessoas vulneráveis,"Os espaços vão funcionar, entre esta quinta-feira e 10 de julho, na biblioteca municipal, na segunda-feira, entre as 14h30 e as 19h30, e de terça a sexta-feira, entre as 9h30 e as 19h30.",https://observador.pt/2026/07/02/faro-disponibiliza-locais-climatizados-para-abrigo-da-populacao-vulneravel/,https://wm.observador.pt/wm/l/https%3A%2F%2Fbordalo.observador.pt%2Fv2%2Frs%3Afill%3A770%3A403%2Fc%3A2000%3A1123%3Anowe%3A0%3A59%2Fq%3A70%2Ff%3Awebp%2Fplain%2Fhttps%3A%2F%2Fs3.observador.pt%2Fwp-content%2Fuploads%2F2023%2F08%2F20124038%2F40688558.jpg?layer=obstop:T,,"Acompanhe o nosso liveblog sobre a atual onda de calor em Portugal
A Câmara de Faro vai disponibilizar a partir desta quinta-feira equipamentos municipais para servirem como abrigos temporários clim… [+1932 chars]","Faro has air-conditioned places for vulnerable people. The spaces will be open, between this Thursday and July 10th, at the municipal library, on Monday, between 2:30 pm and 7:30 pm, and from Tuesday to Friday, between 9:30 am and 7:30 pm.",Faro verfügt über klimatisierte Orte für gefährdete Menschen. Die Plätze sind von diesem Donnerstag bis zum 10. Juli in der Stadtbibliothek am Montag von 14:30 bis 19:30 Uhr und von Dienstag bis Freitag von 9:30 bis 19:30 Uhr geöffnet.,"Faro loca aeraria pro vulnerabilibus hominibus habet. Spatia aperta erunt, inter hanc quintam et 10 iulii, in bibliotheca municipali, die Lunae, inter 2:30 post meridiem et 7:30 post meridiem, et a die Martis ad Veneris, inter 9:30 am et 7:30 pm.",Russia,ESB,Europe,wmo
3c1da6062dde5cfbcd2e5e1af48cc9eb,2026-07-02T12:33:14Z,Heat Wave,,anlatilaninotesi.com.tr,tr,0.7,Fransa'da aşırı sıcaklar can almaya devam ediyor: En az 90 kişi boğularak öldü,Fransa'yı yaklaşık iki hafta etkisi altına alan aşırı sıcak hava dalgası yüzlerce can kaybına ve onlarca boğulma vakasına yol açtı. 19 Haziran'dan bu yana 90'dan fazla kişinin boğulduğu açıklandı.,https://anlatilaninotesi.com.tr/20260702/fransada-asiri-sicaklar-can-almaya-devam-ediyor-en-az-90-kisi-bogularak-oldu-1106943433.html,https://cdn.img.anlatilaninotesi.com.tr/images/sharing/article/tur/1106943433.jpg?11067252241782995594,http://web.archive.org/web/20260703023413/https://anlatilaninotesi.com.tr/20260702/fransada-asiri-sicaklar-can-almaya-devam-ediyor-en-az-90-kisi-bogularak-oldu-1106943433.html,"Rusya, ABD, Avrupa ve Ortadou bata olmak üzere dünyann dört bir yanndan son dakika haberleri, analizler ve özel dosyalar.
https://anlatilaninotesi.com.tr/20260702/fransada-asiri-sicaklar-can-almaya-… [+3858 chars]",Extreme heat continues to claim lives in France: At least 90 people have drowned. The extreme heat wave that affected France for about two weeks caused hundreds of deaths and dozens of drowning cases. It has been announced that more than 90 people have drowned since June 19.,"In Frankreich fordert die extreme Hitze weiterhin Todesopfer: Mindestens 90 Menschen sind ertrunken. Die extreme Hitzewelle, die Frankreich etwa zwei Wochen lang heimsuchte, verursachte Hunderte Todesfälle und Dutzende Fälle von Ertrinken. Es wurde bekannt gegeben, dass seit dem 19. Juni mehr als 90 Menschen ertrunken sind.","Extremus calor pergit affirmare vitam in Gallia: Saltem 90 homines submersi sunt. Extremus calor fluctus, qui Gallia afficiebatur, circiter duas septimanas centena mortes et justos casus submersionis effecit. Nuntiatum est plures quam 90 homines submersos esse ab 19 Iunii.",France,WCE,Europe,wmo
ea4fdc538e7e87611420b57a477a313a,2026-07-02T12:42:41Z,Heat Wave,,greensavers.sapo.pt,pt,0.7,Calor: Ministra do Ambiente pede “economia de água” e admite apagões localizados,"Em declarações aos jornalistas na Galiza, Espanha, onde inaugurou uma nova interligação elétrica entre Portugal e Espanha, Maria da Graça Carvalho observou que há alguns concelhos onde se regista “uma utilização da água acima do normal”, pedindo à população a…",https://greensavers.sapo.pt/calor-ministra-do-ambiente-pede-economia-de-agua-e-admite-apagoes-localizados/,https://greensavers.sapo.pt/wp-content/uploads/2024/04/Maria-da-Graca-Carvalho.jpg,http://web.archive.org/web/20260702143616/https://greensavers.sapo.pt/calor-ministra-do-ambiente-pede-economia-de-agua-e-admite-apagoes-localizados/,"A ministra do Ambiente e Energia pediu hoje à população para tentar fazer uma economia de água e usar só mesmo a essencial por causa do aviso vermelho devido ao calor.
Em declarações aos jornalistas… [+3484 chars]","Heat: Minister of the Environment calls for “water savings” and admits localized blackouts. Speaking to journalists in Galicia, Spain, where she inaugurated a new electrical interconnection between Portugal and Spain, Maria da Graça Carvalho noted that there are some municipalities where there is “above normal water use”, asking the population to...","Hitze: Umweltminister fordert „Wassersparen“ und räumt örtliche Stromausfälle ein. Im Gespräch mit Journalisten in Galizien, Spanien, wo sie eine neue Stromverbindung zwischen Portugal und Spanien einweihte, stellte Maria da Graça Carvalho fest, dass es einige Gemeinden gibt, in denen der Wasserverbrauch „über dem Normalwert liegt“, und forderte die Bevölkerung auf, …","Calor: Minister Operationis ""peculium aquae"" vocat et blackouts locales admittit. Loquens cum diurnariis in Galicia, Hispania, ubi novam connexionem electricam inter Portugalliam et Hispaniam inauguravit, Maria da Graça Carvalho animadverterunt quaedam esse municipia ubi ""supra usum aquarum"", incolas quaerens...",,,,random
355f36833bc2d6bc581c54929aea33ac,2026-07-02T12:59:23Z,Precipitation,,www.ilfattoquotidiano.it,it,0.3,"Al Senato il question time con i ministri Valditara, Urso e Schillaci: la diretta tv","Si tiene al Senato il question time con il ministro dell’Istruzione, Giuseppe Valditara, il ministro dell’Imprese e del Made in Italy, Adolfo Urso, e il ministro della Salute, Orazio Schillaci. Ecco la diretta tv.
L'articolo Al Senato il question time con i m…",https://www.ilfattoquotidiano.it/2026/07/02/al-senato-il-question-time-con-i-ministri-valditara-urso-e-schillaci-la-diretta-tv/8437275/,https://st.ilfattoquotidiano.it/wp-content/uploads/2026/02/25/med-1200x630-6.jpg,http://web.archive.org/web/20260703053300/https://www.ilfattoquotidiano.it/2026/07/02/al-senato-il-question-time-con-i-ministri-valditara-urso-e-schillaci-la-diretta-tv/8437275/,"Roma, 2 lug. (Adnkronos/Labitalia) - ""Per far fare al Paese un ulteriore salto competitivo, è necessario promuovere un salto organizzativo delle sue piccole e medie imprese. Il Paese cresce quando le… [+16341 chars]","Question time in the Senate with ministers Valditara, Urso and Schillaci: live TV. Question time is held in the Senate with the Minister of Education, Giuseppe Valditara, the Minister of Business and Made in Italy, Adolfo Urso, and the Minister of Health, Orazio Schillaci. Here is the live TV.
The article Question time in the Senate with m…","Fragestunde im Senat mit den Ministern Valditara, Urso und Schillaci: Live-TV. Im Senat findet eine Fragestunde mit dem Bildungsminister Giuseppe Valditara, dem Minister für Wirtschaft und Made in Italy, Adolfo Urso, und dem Gesundheitsminister Orazio Schillaci statt. Hier ist das Live-TV.
Der Artikel Fragestunde im Senat mit m…","Quaestio in senatu cum ministris Valditara, Urso et Schillaci: live Tr. Quaestio tempus in senatu habita est cum Ministro Educationis, Giuseppe Valditara, Ministro Negotiationis et in Italia, Adolfo Urso, et Ministro Salutem, Orazio Schillaci. Hic est TV vivo.
Quaestio de tempore in senatu cum m…",Switzerland,WCE,Europe,wmo
c7989a94f788cda9049d5f520268e9c3,2026-07-02T13:00:15Z,Tropical Cyclone,,observador.pt,pt,0.3,Ministra do Ambiente pede economia de água e admite apagões,"Maria da Graça Carvalho observou que há alguns concelhos onde se regista ""uma utilização da água acima do normal"", pedindo à população alguma parcimónia.",https://observador.pt/2026/07/02/ministra-do-ambiente-pede-economia-de-agua-e-admite-apagoes-localizados-devido-ao-calor/,https://wm.observador.pt/wm/l/https%3A%2F%2Fbordalo.observador.pt%2Fv2%2Frs%3Afill%3A770%3A403%2Fc%3A2000%3A1122%3Anowe%3A0%3A99%2Fq%3A70%2Ff%3Awebp%2Fplain%2Fhttps%3A%2F%2Fs3.observador.pt%2Fwp-content%2Fuploads%2F2026%2F07%2F02133815%2F47384570.jpg?layer=obstop:T,http://web.archive.org/web/20260703053256/https://observador.pt/2026/07/02/ministra-do-ambiente-pede-economia-de-agua-e-admite-apagoes-localizados-devido-ao-calor/,"Acompanhe o nosso liveblog sobre a atual onda de calor em Portugal
A ministra do Ambiente e Energia pediu esta quinta-feira à população para tentar fazer “uma economia de água” e “usar só mesmo a es… [+3615 chars]","Minister of the Environment calls for water savings and admits blackouts. Maria da Graça Carvalho observed that there are some municipalities where there is ""a higher than normal use of water"", asking the population to exercise some caution.","Umweltminister fordert Wassereinsparungen und räumt Stromausfälle ein. Maria da Graça Carvalho stellte fest, dass es in einigen Gemeinden einen „überdurchschnittlichen Wasserverbrauch“ gäbe, und forderte die Bevölkerung auf, etwas Vorsicht walten zu lassen.","Minister environment in aqua compendia vocat et blackouts admittit. Maria da Graça Carvalho animadvertebat quaedam municipia esse ubi ""altior aquae usus esset"", incolarum rogans ut cautelam aliquam exerceret.",United States,CNA,North-America,wmo
1906e1abc5ae633221f35b5c3d73dfbe,2026-07-02T13:01:55Z,Heat Wave,,www.xataka.com,es,0.3,Un aire acondicionado que gotea en la calle parece algo inofensivo. Hasta que descubres que te pueden multar,"Acaba de empezar el verano y ya estamos sufriendo la primera ola de calor extremo que ha hecho que los aires acondicionados estén funcionando a pleno rendimiento, lo que implica que producen más agua de condensación. Mucha gente  deja que esa agua caiga direc…",https://www.xataka.com/magnet/dejar-gotear-aire-acondicionado-calle-parece-inofensivo-que-te-multan,https://i.blogs.es/f29c0f/ac-agua-acera/840_560.jpeg,,"Acaba de empezar el verano y ya estamos sufriendo la primera ola de calor extremo que ha hecho que los aires acondicionados estén funcionando a pleno rendimiento, lo que implica que producen más agua… [+3517 chars]","An air conditioner that leaks on the street seems harmless. Until you discover that you can be fined. Summer has just begun and we are already experiencing the first wave of extreme heat that has caused the air conditioners to be working at full capacity, which means that they produce more condensation water. Many people let that water fall directly…","Eine Klimaanlage, die auf der Straße ausläuft, scheint harmlos zu sein. Bis Sie feststellen, dass Ihnen eine Geldstrafe droht. Der Sommer hat gerade erst begonnen und wir erleben bereits die erste extreme Hitzewelle, die dazu führt, dass die Klimaanlagen auf Hochtouren laufen und dadurch mehr Kondenswasser produzieren. Viele Leute lassen das Wasser direkt fallen ...","Aer Conditioner quae in platea diffluit innocens videtur. Donec inveneris mulctari posse. Aestas iam inceperat et iam experti sumus primam undam caloris maximi, qui aer conditioners operandi in plena capacitate effecit, quod significat aquam maiorem condensationem producere. Multi homines aquam illam directe cadunt.",Chile,SWS,South-America,wmo
d39b7c8afbe5c3027598c65c4be3c1a0,2026-07-02T13:16:26Z,Storm,,www.ilfattoquotidiano.it,it,0.3,"“Anche io sono malato, spero di farcela”: l’annuncio con la voce rotta di Clemente Mastella","L’annuncio è stato inatteso, in una circostanza irrituale: “A tutti chiedo di pregare per me. Anche io sono malato, spero di farcela”. A parlare è il sindaco di Benevento Clemente Mastella, ex ministro, uno dei politici con la carriera più longeva ancora in a…",https://www.ilfattoquotidiano.it/2026/07/02/anche-io-sono-malato-spero-di-farcela-lannuncio-con-la-voce-rotta-di-clemente-mastella/8437315/,https://st.ilfattoquotidiano.it/wp-content/uploads/2026/07/02/mastella-1200x675.jpg,http://web.archive.org/web/20260702224159/https://www.ilfattoquotidiano.it/2026/07/02/anche-io-sono-malato-spero-di-farcela-lannuncio-con-la-voce-rotta-di-clemente-mastella/8437315/,"Roma, 2 lug. (Adnkronos/Labitalia) - ""Per far fare al Paese un ulteriore salto competitivo, è necessario promuovere un salto organizzativo delle sue piccole e medie imprese. Il Paese cresce quando le… [+16341 chars]","“I'm sick too, I hope I can make it”: the announcement with the broken voice of Clemente Mastella. The announcement was unexpected, in an unusual circumstance: ""I ask everyone to pray for me. I'm sick too, I hope I can make it."" Speaking is the mayor of Benevento Clemente Mastella, former minister, one of the politicians with the longest career still in…","„Ich bin auch krank, ich hoffe, ich schaffe es“: die Ansage mit der gebrochenen Stimme von Clemente Mastella. Die Ankündigung kam unerwartet und unter ungewöhnlichen Umständen: „Ich bitte alle, für mich zu beten. Ich bin auch krank, ich hoffe, ich schaffe es.“ Es spricht der Bürgermeister von Benevento Clemente Mastella, ehemaliger Minister, einer der Politiker mit der längsten Karriere noch in…","""Aegro etiam, spero me posse reddere"": annuntiatio fracta voce Clementis Mastella. Inexpectata nuntiatio, in re insolita: ""Omnes rogo ut pro me orent. Etiam aeger sum, id spero posse facere"". Loquens maior Beneventi Clemente Mastella, pristinus minister, unus e politicis cum longissima aetate adhuc in…",Switzerland,WCE,Europe,wmo
8bab1970147726f9f9f53aa4ebbd8476,2026-07-02T13:22:24Z,Landslide,,36kr.com,zh,0.2,谁能想到，系统流「爽文」最先被AI Agent实现了,"撰文｜深海
 
 网文里的“系统流”，被拍成了职场短剧
 千禧年初的网文圈，有三大经典题材在爽文届立于不败之地：无限流、快穿流、系统流。
 这三大爽文战神体横空出世时，对IP界几乎是降维打击。当传统小说还在费劲搭世界观、铺人物成长弧光时，系统流已经绕过漫长的发育过程，直接把爽感推到最大。系统，这个堪称bug的存在，无论主角进入什么样的世界副本，面对不同的任务、危机和奖励，它总会尽职尽责地当好一个无情的辅助工具，记录进度、提示规则、保存道具、结算积分、解锁技能……换句话说，一切琐事都干扰不到主角的成长，主角只管尽情…",https://36kr.com/p/3878522627518471,"https://img.36krcdn.com/hsossms/20260702/v2_88f1beb5e5dc4b8d9d5675376ff8b87e@000000_oswg96981oswg1280oswg544_img_000?x-oss-process=image/resize,m_mfit,w_600,h_400,limit_0/crop,w_600,h_400,g_center",,"IPbug
202026AI
AIAIAI
AI AgentAI
AI67
AIAI
AIPPT
AI
PPTPPT
AI Agent
AI Agent
AI
AI AgentAI Agent
AI Agent
AI AgentAI
AI AgentAI AgentAIAI
AI Agent
WordPDFExcelPPTAI AgentAI Agent
AI… [+251 chars]","Who would have thought that the system flow ""Shuangwen"" was first implemented by AI Agent. Written by | Deep Sea
 
 The ""system flow"" in the Internet article was filmed into a workplace short drama
 In the Internet literature circle at the beginning of the millennium, there were three classic themes that were invincible in the Shuangwen world: unlimited flow, fast travel flow, and system flow.
 When these three great war gods came out, they were almost a dimensionality-reducing blow to the IP world. While traditional novels are still struggling to build a world view and lay out the arc of character growth, system flow has bypassed the long development process and directly maximizes the sense of fun. The system, which can be called a bug, no matter what kind of world copy the protagonist enters and faces different tasks, crises and rewards, it will always serve as a ruthless auxiliary tool dutifully, recording progress, prompting rules, saving props, settling points, unlocking skills... In other words, all trivial matters will not interfere with the protagonist's growth, and the protagonist can just enjoy himself...","Wer hätte gedacht, dass der Systemfluss „Shuangwen“ zuerst von AI Agent implementiert wurde? Geschrieben von | Tiefsee
 
 Der „Systemablauf“ im Internetartikel wurde in einem Kurzdrama am Arbeitsplatz verfilmt
 Im Internet-Literaturkreis zu Beginn des Jahrtausends gab es drei klassische Themen, die in der Shuangwen-Welt unbesiegbar waren: unbegrenzter Fluss, schneller Reisefluss und Systemfluss.
 Als diese drei großen Kriegsgötter herauskamen, waren sie für die IP-Welt fast ein Dimensionsverlust. Während traditionelle Romane immer noch Schwierigkeiten haben, eine Weltanschauung zu entwickeln und den Bogen der Charakterentwicklung zu skizzieren, hat der Systemfluss den langen Entwicklungsprozess umgangen und den Sinn für Spaß direkt maximiert. Das System, das man als Bug bezeichnen kann, egal welche Art von Weltkopie der Protagonist betritt und mit verschiedenen Aufgaben, Krisen und Belohnungen konfrontiert wird, wird immer pflichtbewusst als rücksichtsloses Hilfswerkzeug dienen, Fortschritte aufzeichnen, Regeln festlegen, Requisiten speichern, Punkte abrechnen, Fähigkeiten freischalten ... Mit anderen Worten, alle trivialen Dinge werden das Wachstum des Protagonisten nicht beeinträchtigen, und der Protagonist kann sich einfach amüsieren ...","Quis crederet systema fluxum ""Shuangwen"" primum ab AI agente effectum esse. Scriptum ab | Mare altum
 
 ""Ratio fluxus"" in articulo interretiali in workplace brevis dramate est cinematographica
 In circulo interreti litterae ineunte millennio, tria themata classica in mundo Shuangwen invicta erant: illimitata fluxus, cursus rapidus et ratio fluens.
 Cum hi tres magni dii belli prodierunt, propemodum dimensionis-incusationem in mundum IP redactum erant. Dum traditiones fabulae adhuc conluctant ad visum mundum aedificare et arcum incrementi characteris ponere, ratio fluens longam processum progressum praeterivit et sensum ioci directe maximificat. Systema, quod dici potest cimex, cuiuscumque generis mundi exemplum primas intrat et facies varias operas, discrimina et praemia, semper ut instrumentum auxiliarium immitem officiose servet, progressum, admonitionem regulas, salutaria adminicula, puncta disponens, artes reserans... Id est, omnia levia non impedire possunt cum primarum incremento ac primario.",China,EAS,Asia,wmo
d34f6653f037009ae012265bd32b8b81,2026-07-02T13:27:11Z,Precipitation,,www.ilfattoquotidiano.it,it,0.3,"Nuovo regolamento Ue, dal 2030 addio alle confezioni da sei bottiglie d’acqua e agli imballaggi singoli per frutta e verdura","Entrerà in vigore il 12 agosto il regolamento Ue sugli imballaggi e i rifiuti di imballaggio, che introduce obblighi per Stati e aziende di vari settori. Il regolamento introduce requisiti più severi sulla riciclabilità e sulla presenza di sostanze nocive, me…",https://www.ilfattoquotidiano.it/2026/07/02/nuovo-regolamento-ue-dal-2030-addio-alle-confezioni-da-sei-bottiglie-dacqua-e-agli-imballaggi-singoli-per-frutta-e-verdura/8437064/,https://st.ilfattoquotidiano.it/wp-content/uploads/2021/07/01/plastica-1200-1200x675.jpg,http://web.archive.org/web/20260703080735/https://www.ilfattoquotidiano.it/2026/07/02/nuovo-regolamento-ue-dal-2030-addio-alle-confezioni-da-sei-bottiglie-dacqua-e-agli-imballaggi-singoli-per-frutta-e-verdura/8437064/,"Roma, 2 lug. (Adnkronos/Labitalia) - ""Per far fare al Paese un ulteriore salto competitivo, è necessario promuovere un salto organizzativo delle sue piccole e medie imprese. Il Paese cresce quando le… [+16341 chars]","New EU regulation, goodbye to packs of six bottles of water and individual packaging for fruit and vegetables from 2030. The EU regulation on packaging and packaging waste will come into force on 12 August, introducing obligations for states and companies in various sectors. The regulation introduces stricter requirements on recyclability and the presence of harmful substances, me…","Neue EU-Verordnung, Abschied von Sechserpackungen Wasser und Einzelverpackungen für Obst und Gemüse ab 2030. Die EU-Verordnung zu Verpackungen und Verpackungsabfällen tritt am 12. August in Kraft und bringt Pflichten für Staaten und Unternehmen verschiedener Branchen mit sich. Die Verordnung führt strengere Anforderungen an die Recyclingfähigkeit und das Vorhandensein von Schadstoffen ein, me…","Nova ordinatio Europaea, vale sarcinas sex utres aquae et singulas sarcinas fructuum et leguminum ab anno 2030. In vastitate UE ordinatio sarcinarum et sarcinarum vigere incipiet die XII mensis Augusti, obligationes pro civitatibus et societatibus variis in partibus inducendis. Moderatio severiores requisita de recyclabilitate et praesentia substantiae noxiae introducit, me…",Argentina,SES,South-America,wmo
2ad003806051cb4822d0d2532500c151,2026-07-02T14:12:31Z,Precipitation,,observador.pt,pt,0.3,Câmara da Sertã lança concurso para compra de 4 viaturas,"Os quatro veículos destinam-se a funções de comando tático (VCOT), operacional da Proteção Civil Municipal, Coordenação da Proteção Civil Municipal e Combate Especial a Incêndios (VECI).",https://observador.pt/2026/07/02/camara-da-serta-lanca-concurso-para-compra-de-quatro-viaturas/,https://wm.observador.pt/wm/l/https%3A%2F%2Fbordalo.observador.pt%2Fv2%2Frs%3Afill%3A770%3A403%2Fc%3A770%3A433%3Anowe%3A0%3A0%2Fq%3A70%2Ff%3Awebp%2Fplain%2Fhttps%3A%2F%2Fs3.observador.pt%2Fwp-content%2Fuploads%2F2019%2F02%2F06074939%2F33022975_770x433_acf_cropped.jpg?layer=obstop:T,,"Acompanhe o nosso liveblog sobre a atual onda de calor em Portugal
A Câmara da Sertã, no distrito de Castelo Branco, abriu um concurso público para a aquisição de quatro viaturas de combate a incênd… [+905 chars]","Sertã Chamber launches competition to purchase 4 vehicles. The four vehicles are intended for tactical command (VCOT), operational functions of Municipal Civil Protection, Coordination of Municipal Civil Protection and Special Fire Fighting (VECI).","Sertã Chamber startet Wettbewerb zum Kauf von 4 Fahrzeugen. Die vier Fahrzeuge sind für die taktische Führung (VCOT), operative Funktionen des kommunalen Katastrophenschutzes, die Koordinierung des kommunalen Katastrophenschutzes und die besondere Brandbekämpfung (VECI) vorgesehen.","Sertã Cubicula competition ad 4 vehicula mercandum movet. Quattuor vehicula destinata sunt ad mandatum imperatorium (VCOT), functiones operationales tutelae civilis municipalis, Coordinatio Municipalis Civilis Protectionis et Ignis Pugnandi Specialis (VECI).",New Zealand,NZ,Oceania,wmo
0245368cabad40c69b7190a378982a28,2026-07-02T14:17:40Z,Earthquake,,www.latercera.com,es,0.7,Terremotos en Venezuela: Rescatan a hombre que permaneció ocho días atrapado bajo los escombros de un edificio,"Personal del equipo USAR de Bomberos de Chile lideró el rescate del hombre de 43 años, que quedó atrapado en la garita de seguridad del edificio donde trabajaba.",https://www.latercera.com/mundo/noticia/terremotos-en-venezuela-rescatan-a-hombre-que-permanecio-ocho-dias-atrapado-bajo-los-escombros-de-un-edificio/,https://www.latercera.com/resizer/v2/EPHOY7HJV5CRNAZWA4ZJZJCBUY.jfif?auth=b9f503b6333d84fd42986812c7df97334e8eb113c75cd0b353a4e538f4aec8e1&height=630&width=1200&smart=true,http://web.archive.org/web/20260703074808/https://www.latercera.com/mundo/noticia/terremotos-en-venezuela-rescatan-a-hombre-que-permanecio-ocho-dias-atrapado-bajo-los-escombros-de-un-edificio/,"Durante la mañana de este jueves y tras más de 70 horas de trabajo, personal de emergencia logró rescatar a Hernán Gil, un hombre que quedó atrapado bajo los escombros de un edificio tras los terremo… [+1490 chars]","Earthquakes in Venezuela: They rescue a man who was trapped for eight days under the rubble of a building. Personnel from the Chilean Firefighters USAR team led the rescue of the 43-year-old man, who was trapped in the security checkpoint of the building where he worked.","Erdbeben in Venezuela: Sie retten einen Mann, der acht Tage lang unter den Trümmern eines Gebäudes gefangen war. Mitarbeiter des USAR-Teams der chilenischen Feuerwehr leiteten die Rettung des 43-jährigen Mannes, der im Sicherheitskontrollpunkt des Gebäudes, in dem er arbeitete, eingeschlossen war.","Terrae motus in Venezuela: Hominem liberant qui capti sunt octo diebus sub ruderibus aedificii. Curatores ex Firefighters turmae Chilianae usar opem duxerunt hominum XLIII annorum, qui capti sunt in LAPIS securitatis aedificii in quo laborabat.",Chile,SWS,South-America,usgs
4c2a7cb25ff1a8e40e983f7a5bfdb3b8,2026-07-02T14:23:13Z,Heat Wave,,observador.pt,pt,0.7,Calor: Proteção Civil do Barreiro encerra Mata da Machada,"A Proteção Civil do Barreiro explica que a previsão de perigo determina ""ser necessária a adoção de medidas de condicionamento de acesso, circulação e permanência na Mata Nacional da Machada"".",https://observador.pt/2026/07/02/calor-protecao-civil-do-barreiro-encerra-mata-da-machada-ate-10-de-julho/,https://wm.observador.pt/wm/l/https%3A%2F%2Fbordalo.observador.pt%2Fv2%2Frs%3Afill%3A770%3A403%2Fc%3A2000%3A1122%3Anowe%3A0%3A107%2Fq%3A70%2Ff%3Awebp%2Fplain%2Fhttps%3A%2F%2Fs3.observador.pt%2Fwp-content%2Fuploads%2F2026%2F05%2F08163852%2F46982629.jpg?layer=obstop:T,http://web.archive.org/web/20260703065543/https://observador.pt/2026/07/02/calor-protecao-civil-do-barreiro-encerra-mata-da-machada-ate-10-de-julho/,"Acompanhe o nosso liveblog sobre a atual onda de calor em Portugal
A Mata Nacional da Machada, no município do Barreiro, está encerrada a partir desta quinta-feira e até ao dia 10 de julho, face à p… [+2230 chars]","Heat: Barreiro Civil Protection closes Mata da Machada. Barreiro Civil Protection explains that the danger forecast determines ""it is necessary to adopt measures to condition access, movement and permanence in the Machada National Forest"".","Hitze: Der Katastrophenschutz von Barreiro schließt Mata da Machada. Barreiro Civil Protection erklärt, dass die Gefahrenprognose feststellt, dass „es notwendig ist, Maßnahmen zu ergreifen, um den Zugang, die Bewegung und den Aufenthalt im Machada National Forest zu regeln“.","Calor: Barreiro Civilis Praesidium Mata da Machada claudit. Barreiro Civilis Praesidium explicat periculum prospicere decernit ""necesse est consilium capere ad accessum, motum et permanentiam in Machada National Silva"".",,,,random
d1ae57e8fef9a77e8f6949734d824ded,2026-07-02T14:36:20Z,Earthquake,,www.protothema.gr,el,0.7,"Δεν έχουν αναφερθεί ζημιές από τον σεισμό 5,2 Ρίχτερ στην Κάρπαθο, σε αυξημένη ετοιμότητα η πυροσβεστική","Aμέσως μετά τη δόνηση, κινητοποιήθηκαν οι δυνάμεις Πολιτικής Προστασίας, με διασπορά προσωπικού στην ευρύτερη νησιωτική περιοχή, προκειμένου να πραγματοποιηθούν έλεγχοι | Σεισμός | Σεισμός τώρα | Κάρπαθος | Ελλάδα",https://www.protothema.gr/greece/article/1844641/den-ehoun-anaferthei-zimies-apo-ton-seismo-52-rihter-stin-karpatho-se-auximeni-etoimotita-i-purosvestiki/,https://www.protothema.gr/images/640x360share/jpg/files/2026-07-02/seismos-karpathos.jpg,,"To view this video please enable JavaScript, and consider upgrading to a
 web browser that supports HTML5 video","No damage has been reported from the 5.2 Richter earthquake in Karpathos, the fire department is on increased alert. Immediately after the earthquake, Civil Protection forces were mobilized, with personnel dispersed throughout the wider island area, in order to carry out checks | Earthquake | Earthquake now | Karpathos | Greece","Durch das Richterbeben der Stärke 5,2 auf Karpathos wurden keine Schäden gemeldet, die Feuerwehr ist in erhöhter Alarmbereitschaft. Unmittelbar nach dem Erdbeben wurden Katastrophenschutzkräfte mobilisiert, deren Personal über das gesamte Inselgebiet verteilt war, um Kontrollen durchzuführen | Erdbeben | Erdbeben jetzt | Karpathos | Griechenland","Nullum detrimentum relatum est ex 5.2 Richter terrae motu in Karpathos, Dicasteria incendia in intenti aucta esse. Statim post terraemotu, Civilis Praesidium copiae convenerunt, cum curatores per latiorem insulam regionem dispersi, ad explendum compescendos | Terrae motus | Terrae motus nunc | Karpathos | Graecia",Greece,MED,Europe,usgs
ff9842cd166dc12cff45e6131640590f,2026-07-02T14:50:32Z,Heat Wave,,pplware.sapo.pt,pt,0.9,Onda de calor: Governo declara situação de alerta. Conheça as proibições em vigor,As temperaturas elevadas e o agravamento do risco de incêndio levaram o Governo português a declarar a situação de alerta a partir da meia noite. A medida estará em vigor até às 23h59 de...,https://pplware.sapo.pt/informacao/onda-de-calor-governo-declara-situacao-de-alerta-conheca-as-proibicoes-em-vigor/,https://pplware.sapo.pt/wp-content/uploads/2026/06/calor_extremo00.webp,http://web.archive.org/web/20260703080242/https://pplware.sapo.pt/informacao/onda-de-calor-governo-declara-situacao-de-alerta-conheca-as-proibicoes-em-vigor/,As temperaturas elevadas e o agravamento do risco de incêndio levaram o Governo português a declarar a situação de alerta a partir da meia noite. A medida estará em vigor até às 23h59 de segunda-feir… [+2897 chars],Heat wave: Government declares alert situation. Know the prohibitions in force. High temperatures and the worsening risk of fire led the Portuguese Government to declare an alert situation from midnight. The measure will be in force until 11:59 pm on...,"Hitzewelle: Regierung ruft Alarmsituation aus. Kennen Sie die geltenden Verbote. Hohe Temperaturen und die zunehmende Brandgefahr veranlassten die portugiesische Regierung, ab Mitternacht eine Alarmsituation auszurufen. Die Maßnahme gilt bis 23:59 Uhr.",aestus fluctuat: gubernatio situ intenti declarat. Scire vetitum in vi. Maximum temperaturae periculum et ignis augescens Gubernationem Lusitani ad declarandam acris condicionem a media nocte adduxit. Mensura vigebit usque ad 11:59 post meridiem in...,,,,random
d3ca24283e4023f90806a694d5e59d79,2026-07-02T15:08:34Z,Landslide,,hindi.moneycontrol.com,hi,0.9,"Landslide in Uttarakhand: उत्तराखंड में बारिश का कहर, भूस्खलन से केदारनाथ-बद्रीनाथ मार्ग प्रभावित","Landslide in Uttarakhand: उत्तराखंड के कई इलाकों में भारी बारिश के कारण भूस्खलन जैसी घटनाएं हुईं, जिससे ट्रैफिक तो बाधित हुआ ही साथ ही देहरादून सहित कई जिलों में मौसम अलर्ट जारी कर दिया गया। वहीं, भारत मौसम विज्ञान विभाग (IMD) ने कई जिलों में मध्यम से भारी बा…",https://hindi.moneycontrol.com/india/rain-wreaks-havoc-in-uttarakhand-kedarnath-badrinath-route-affected-by-landslides-article-2416530.html,https://images.moneycontrol.com/static-hindinews/2026/07/उत्तराखंड.jpg,,"Landslide in Uttarakhand: , , (IMD) , 
 , (SDRF) 
 , , , 
, 
 , - - , 
 , "" , "" , 
, IMD , , 
 , 
 :  3 : , , 15+ IMD , ,","Landslide in Uttarakhand: Rain wreaks havoc in Uttarakhand, Kedarnath-Badrinath road affected by landslides. Landslide in Uttarakhand: Due to heavy rains in many areas of Uttarakhand, incidents like landslides occurred, due to which traffic was disrupted and weather alert was issued in many districts including Dehradun. At the same time, India Meteorological Department (IMD) has reported moderate to heavy rain in many districts.","Erdrutsch in Uttarakhand: Regen verursacht verheerende Schäden in Uttarakhand, Straße Kedarnath-Badrinath von Erdrutschen betroffen. Erdrutsch in Uttarakhand: Aufgrund heftiger Regenfälle in vielen Gebieten von Uttarakhand kam es zu Vorfällen wie Erdrutschen, die zu Verkehrsbehinderungen und Wetterwarnungen in vielen Bezirken, einschließlich Dehradun, führten. Gleichzeitig hat das India Meteorological Department (IMD) in vielen Bezirken mäßige bis starke Regenfälle gemeldet.","Landslide in Uttarakhand: Imber strages in Uttarakhand, Kedarnath-Badrinath via affectus proruit. Landslide in Uttarakhand: Ob pluvias in multis locis Uttarakhand incidentes sicut ruinae factae sunt, ob quas negotiatio turbata est et intentus tempestatibus in multis regionibus inter Dehradunum divulgatus est. Eodem tempore India Meteorologica Department (IMD) moderatum pluviae in multis regionibus rettulit.",,,,random
174b879defc7080acff88187de992a18,2026-07-02T15:17:03Z,Thunderstorm,,www.ansa.it,it,0.7,Maltempo: allerta gialla domani in 7 Regioni,"Allerta gialla per il maltempo su Sicilia, Calabria, Puglia, Campania, Basilicata, Molise e settori dell'Umbria. (ANSA)",https://www.ansa.it/sito/notizie/cronaca/2026/07/02/maltempo-allerta-gialla-domani-in-7-regioni_bd9c4527-bc30-4833-a401-574542a922e2.html,https://www.ansa.it,http://web.archive.org/web/20260703052623/https://www.ansa.it/sito/notizie/cronaca/2026/07/02/maltempo-allerta-gialla-domani-in-7-regioni_bd9c4527-bc30-4833-a401-574542a922e2.html,"Allerta gialla per il maltempo su
Sicilia, Calabria, Puglia, Campania, Basilicata, Molise e
settori dell'Umbria. E' l'avviso di condizioni meteorologiche
avverse emesso dal Dipartimento della Prot… [+673 chars]","Bad weather: yellow alert tomorrow in 7 regions. Yellow alert for bad weather in Sicily, Calabria, Puglia, Campania, Basilicata, Molise and sectors of Umbria. (HANDLE)","Schlechtes Wetter: Morgen Alarmstufe Gelb in 7 Regionen. Gelber Alarm für schlechtes Wetter in Sizilien, Kalabrien, Apulien, Kampanien, Basilikata, Molise und Teilen Umbriens. (HANDHABEN)","Tempestatibus: flavis intentus cras in VII regiones. Flavus intentus tempestatibus in Sicilia, Calabria, Apulia, Campania, Lucania, Molise et partibus Umbriae. (CONTRACTO)",Italy,MED,Europe,wmo
321ec7a6e38fbe3710ed4ebda217dc1a,2026-07-02T15:34:00Z,Earthquake,,www.haber7.com,tr,0.7,DSÖ Bakanlar Konferansı kapsamında İstanbul Bildirgesi imzalandı,"Bakan Memişoğlu ile DSÖ Avrupa Bölge Direktörü Dr. Kluge, ""Depremlerde Sağlığın Korunması-Deprem Acil Durum Yönetimi Yoluyla Sağlık Güvenliğinin Güçlendirilmesi"" konulu DSÖ Bakanlar Konferansı kapsamında İstanbul Bildirgesi'ni imzaladı.",https://www.haber7.com/guncel/haber/3640306-dso-bakanlar-konferansi-kapsaminda-istanbul-bildirgesi-imzalandi,https://i12.haber7.net//haber/haber7/og_image/2026/27/dso_bakanlar_konferansi_kapsaminda_istanbul_bildirgesi_imzalandi_1783006457_6415.jpg,http://web.archive.org/web/20260702222551/https://www.haber7.com/guncel/haber/3640306-dso-bakanlar-konferansi-kapsaminda-istanbul-bildirgesi-imzalandi,"Bakan Memiolu, Salk Bakanlnn ev sahipliinde, Dünya Salk Örgütünün (DSÖ) ibirliinde Hilton stanbul Bomonti Otel ve Konferans Merkezi'nde düzenlenen ""Depremlerde Saln Korunmas-Deprem Acil Durum Yönetim… [+2703 chars]","The Istanbul Declaration was signed within the scope of the WHO Ministerial Conference. Minister Memişoğlu and WHO Regional Director for Europe Dr. Kluge signed the Istanbul Declaration within the scope of the WHO Ministerial Conference on ""Protecting Health in Earthquakes - Strengthening Health Security through Earthquake Emergency Management"".",Die Istanbul-Erklärung wurde im Rahmen der WHO-Ministerkonferenz unterzeichnet. Minister Memişoğlu und WHO-Regionaldirektor für Europa Dr. Kluge unterzeichneten die Istanbul-Erklärung im Rahmen der WHO-Ministerkonferenz zum Thema „Gesundheitsschutz bei Erdbeben – Stärkung der Gesundheitssicherheit durch Erdbeben-Notfallmanagement“.,"Declaratio Istanbul subscripta est intra ambitum CONVENTIALIS QUI Ministerialis. Minister Memişoğlu et WHO Director Regionalis pro Europa Dr. Kluge signavit Istanbul Declarationem intra ambitum Conferentiarum Ministerialium QUI ""Protegendo Salutem in Terrae motu - Confirmans Securitatem Salutis per Terrae motus tumultuarios Management"".",,,,random
81894d40e5b2a4d0ca3f9105527a7695,2026-07-02T15:49:03Z,Heat Wave,,www.terra.com.br,pt,0.9,Incêndios no sul da França avançam; nova onda de calor pode piorar situação,"O incêndio que atinge o sul da França voltou a se intensificar nesta quinta-feira (2) após já ter consumido cerca de 900 hectares na região. O fogo, que começou no fim da tarde de quarta-feira (1º) nos departamentos de Aude e Hérault, está sendo impulsionado …","https://www.terra.com.br/noticias/mundo/europa/incendios-no-sul-da-franca-avancam-nova-onda-de-calor-pode-piorar-situacao,cadbd8976b2d80502c6476675eb227a2tvon2mvv.html",https://p2.trrsf.com/image/fget/cf/1200/630/middle/images.terra.com/2026/07/02/658965832-000-b8z872n.jpg,,"Quatro aviões Canadair, dois helicópteros de combate a incêndios, uma aeronave Dash e centenas de bombeiros foram mobilizados para conter o avanço das chamas. As condições climáticas são desfavorávei… [+4498 chars]","Fires in southern France advance; A new heat wave could make the situation worse. The fire affecting the south of France intensified again this Thursday (2) after having already consumed around 900 hectares in the region. The fire, which started in the late afternoon of Wednesday (1st) in the departments of Aude and Hérault, is being driven…","Brände in Südfrankreich schreiten voran; Eine neue Hitzewelle könnte die Situation verschlimmern. Der Brand im Süden Frankreichs verschärfte sich an diesem Donnerstag (2) erneut, nachdem er in der Region bereits rund 900 Hektar vernichtet hatte. Das Feuer, das am späten Nachmittag des 1. Mittwochs in den Departements Aude und Hérault ausbrach, wird…","Ignes in Gallia australi procedunt; Novus calor fluctus statum deteriorem facere potuit. Ignis meridionalis Franciae afficiens iterum intenditur die Iovis (2) postquam iam circa 900 hectares in regione consumptus est. Ignis, qui proxima post meridiem mercurii (1st) in Dicasteriis Aude et Hérault incepit, agitatur.",France,WCE,Europe,wmo
941231816952381a9a042eb27c2e0d26,2026-07-02T16:43:43Z,Earthquake,,www.bbc.com,pt,0.9,O resgate emocionante de sobrevivente de terremoto retirado de escombros após oito dias na Venezuela,Hernán Gil ficou preso quando um edifício de estacionamento de vários andares desabou. Ele orientou os socorristas e brincava com eles durante os trabalhos de resgate,https://www.bbc.com/portuguese/articles/ckg7ed8y3x6o,https://ichef.bbci.co.uk/news/1200/branded_portuguese/eee2/live/1e6d2850-761f-11f1-8c8c-f987daa96c22.jpg,http://web.archive.org/web/20260703015044/https://www.bbc.com/portuguese/articles/ckg7ed8y3x6o,"Legenda do vídeo, Assista: homem resgatado vivo dos escombros, oito dias após o duplo terremoto na Venezuela
Article Information<ul><li><ul><li>Author, Vanessa Buschschlüter </li><li>Role, Editora d… [+4199 chars]",Heartbreaking rescue of earthquake survivor pulled from rubble after eight days in Venezuela. Hernán Gil was trapped when a multi-story parking building collapsed. He guided rescuers and played with them during rescue work,"Herzzerreißende Rettung eines Erdbebenüberlebenden, der nach acht Tagen in Venezuela aus den Trümmern geborgen wurde. Hernán Gil wurde eingeklemmt, als ein mehrstöckiges Parkhaus einstürzte. Er leitete die Retter an und spielte mit ihnen während der Rettungsarbeiten",Misericordiae liberandae terrae motus superstes e ruderibus post octiduum in Venezuela extraxerunt. Hernán Gil deprehensus est cum multi-fabulam raedam aedificii corruerunt. Salvatores deduxit cum eis in opere liberavit et lusit,,,,random
42e40749cb85c44609f8c714b454d605,2026-07-02T17:15:36Z,Earthquake,,www.abc.es,es,0.7,Los mapas de la destrucción del terremoto de Venezuela,"Bajo los escombros, el fétido olor de la muerte emana. Y, entre tantas vidas destrozadas, el drama humano que se vive en Venezuela tras los letales terremotos que sufrió el país es incalculable, pero la devastación material comienza a ser mensurable en número…",https://www.abc.es/internacional/mapas-destruccion-venezuela-59000-edificios-danados-destruidos-20260702191536-nt.html,https://s1.abcstatics.com/abc/www/multimedia/internacional/2026/07/02/1200x840.jpg,http://web.archive.org/web/20260702233731/https://www.abc.es/internacional/mapas-destruccion-venezuela-59000-edificios-danados-destruidos-20260702191536-nt.html,"Bajo los escombros, el fétido olor de la muerte emana. Y, entre tantas vidas destrozadas, el drama humano que se vive en Venezuela tras los letales terremotos que sufrió el país es incalculable, pero… [+5857 chars]","Maps of the destruction of the Venezuela earthquake. Under the rubble, the fetid smell of death emanates. And, among so many shattered lives, the human drama experienced in Venezuela after the lethal earthquakes that the country suffered is incalculable, but the material devastation is beginning to be measurable in number...","Karten der Zerstörung des Erdbebens in Venezuela. Unter den Trümmern verströmt der stinkende Geruch des Todes. Und unter so vielen zerstörten Leben ist das menschliche Drama, das Venezuela nach den tödlichen Erdbeben erlebte, die das Land erlitten hat, unkalkulierbar, aber die materielle Verwüstung beginnt in Zahlen messbar zu werden ...","Tabulae destructionis terrae motus Venetiolae. Sub caementis foetidus odor mortis emanat. Et, inter tot quassas vitas, drama humanum in Venezuela expertum est post terrae motus letales quos terra passa est inaestimabilis, materialis autem devastatio incipit esse numero mensurabilis.",Venezuela,NSA,South-America,usgs
ed17713ef70f68fe55d7e43c12691b70,2026-07-02T17:30:00Z,Heat Wave,,www.nrc.nl,nl,0.9,Klimaatverandering zit Tour de France op de hielen,"Fietsen in de hitte: De afgelopen vijftig jaar ontsprongen de Touretappes vaak nét de heetste dagen, zagen klimaatwetenschappers. Dit jaar wordt het bloedheet. Is de Tour toekomstbestendig?",https://www.nrc.nl/nieuws/2026/07/02/klimaatverandering-zit-tour-de-france-op-de-hielen-a4931037,https://images.nrc.nl/PhasOa-y3py3VKKvAA0JKYYayHE=/1200x627/smart/filters:no_upscale()/s3/static.nrc.nl/wp-content/uploads/2026/07/01175417/020726SPO_2031784009_3.jpg,http://web.archive.org/web/20260703025425/https://www.nrc.nl/nieuws/2026/07/02/klimaatverandering-zit-tour-de-france-op-de-hielen-a4931037,"Het belooft een heet begin van de Tour de France te worden dit weekend, bloedheet zelfs. Naar verwachting komt het kwik ruim boven de dertig graden uit als de renners zaterdag aan de start in Barcelo… [+11792 chars]","Climate change is hot on the heels of the Tour de France. Cycling in the heat: Over the past fifty years, the Tour stages often started on the hottest days, climate scientists saw. This year it will be scorching hot. Is the Tour future-proof?","Der Klimawandel ist der Tour de France dicht auf den Fersen. Radfahren in der Hitze: In den letzten fünfzig Jahren begannen die Tour-Etappen oft an den heißesten Tagen, wie Klimaforscher herausfanden. Dieses Jahr wird es glühend heiß. Ist die Tour zukunftssicher?","Mutatio climatis calida in passibus Tour de France. Revolutio in aestu: Super praeteritum quinquaginta annos, Gradus Tornacense in calidissimis diebus saepe inceperunt, physici climatis viderunt. Hoc anno aestus erit. Estne Peregrinatio futurae probationis?",,,,random
ef394ba11aed272763a8e8f226abfa44,2026-07-02T17:35:13Z,Storm,,lenta.ru,ru,0.8,На Москву обрушится гроза,"Гроза ожидается предстоящей ночью в Москве и Подмосковье, сообщает ТАСС со ссылкой на синоптиков Гидрометцентра России. Ожидается облачность с прояснениями, местами пройдут кратковременный дождь и гроза, при этом столбики термометров могут показать до плюс 20…",https://lenta.ru/news/2026/07/02/na-moskvu-obrushitsya-groza/,https://icdn.lenta.ru/images/2026/07/02/20/20260702203457940/share_497b062ef89f2add6ccfdad6fcaa3fb3.jpg,,", .
 , , 20 .
 , 3 , , . 26-28 25 30 . - 3-8 .
, 2 , . 31,5 . - .","A thunderstorm will hit Moscow. A thunderstorm is expected this coming night in Moscow and the Moscow region, TASS reports, citing forecasters from the Hydrometeorological Center of Russia. Cloudy skies with clearings are expected, intermittent rain and thunderstorms will occur in places, while the thermometers may show up to plus 20...","Ein Gewitter wird Moskau treffen. In der kommenden Nacht wird in Moskau und der Region Moskau ein Gewitter erwartet, berichtet TASS unter Berufung auf Prognostiker des Hydrometeorologischen Zentrums Russlands. Bewölkter Himmel mit Auflockerungen ist zu erwarten, stellenweise kann es zu Regen und Gewittern kommen, die Thermometer können bis zu plus 20 Grad anzeigen...","Tonitrua Moscuam feriet. Tonitruus exspectatur hac nocte venientem in regione Moscuae et in regione Moscuae, TASS refert, vatems citare ex Centro Hydrometeorologico Russiae. Serena caeli cum purgationibus expectantur, pluviae intermissae et tonitrua in locis occurrent, cum thermometri plus XX...",Russia,ESB,Europe,wmo
a4bd13d253be3f74de983d09242c0970,2026-07-02T17:39:14Z,Heat Wave,,observador.pt,pt,0.9,Recorde de calor: os sítios mais quentes e os mais frescos,"Vai ser o dia mais quente do ano — nem Viana do Castelo escapa. Mas o que é isto do forno ibérico afinal? E surpresa: enquanto cá se compram ventoínhas, os brasileiros do sul estão debaixo de neve.",https://observador.pt/programas/quente-e-frio/recorde-de-calor-os-sitios-mais-quentes-e-os-mais-frescos/,https://bordalo.observador.pt/v2/rs:fill:770:403/c:770:433:nowe:0:0/q:70/f:webp/plain/https://s3.observador.pt/wp-content/uploads/2026/07/02151502/770-podcast.jpg,http://web.archive.org/web/20260702204045/https://observador.pt/programas/quente-e-frio/recorde-de-calor-os-sitios-mais-quentes-e-os-mais-frescos/,"Esta transcrição foi gerada automaticamente por Inteligência Artificial e pode conter erros ou imprecisões.Seja bem-vindo ao ""Quente e Frio"", um novo programa da Rádio Observador com a Filomena Marti… [+6930 chars]","Heat record: the hottest and coolest places. It's going to be the hottest day of the year — not even Viana do Castelo can escape it. But what is this about the Iberian oven anyway? And surprise: while fans are being bought here, Brazilians in the south are under snow.","Hitzerekord: die heißesten und kühlsten Orte. Es wird der heißeste Tag des Jahres – nicht einmal Viana do Castelo kann sich ihm entziehen. Aber was hat es überhaupt mit dem iberischen Ofen auf sich? Und Überraschung: Während hier Ventilatoren gekauft werden, liegen die Brasilianer im Süden unter Schnee.","Caloris testimonium: loca calidissima et frigidissima. Dies anni calidissimus futurus est — ne Viana quidem Castelo effugere potest. Sed quid hoc de clibano Hibero usquam? Et mirum: dum hic fana emuntur, Braziliani in australi sub nive sunt.",,,,random
39412a13955c355a9b633b21a2441638,2026-07-02T17:59:25Z,Storm,,442.perfil.com,es,0.7,"Calor, humedad y tormentas: los desafíos climáticos de Argentina en el cruce ante Cabo Verde por el Mundial 2026","Más allá de la estrategia futbolística, la Selección Argentina afronta una preocupación logística ante las altas temperaturas y la humedad previstas para el cruce de dieciseisavos de final del Mundial 2026. Leer más",https://442.perfil.com/noticias/mundial-2026/calor-humedad-y-tormentas-los-desafios-climaticos-de-argentina-en-el-cruce-ante-cabo-verde-por-el-mundial-2026.phtml,https://fotos.perfil.com/2026/07/02/trim/1140/641/hard-rock-stadium-2273987.jpg,,"La Selección Argentinase encuentra en la recta final de su preparación para enfrentar a Cabo Verde, la revelación del Grupo H, en el encuentro correspondiente a los 16avos de final del Mundial 2026. … [+3629 chars]","Heat, humidity and storms: Argentina's climatic challenges in the match against Cape Verde for the 2026 World Cup. Beyond the football strategy, the Argentine National Team faces a logistical concern in the face of the high temperatures and humidity expected for the match in the round of 32 of the 2026 World Cup. Read more","Hitze, Feuchtigkeit und Stürme: Argentiniens klimatische Herausforderungen im Spiel gegen Kap Verde um die WM 2026. Über die Fußballstrategie hinaus steht die argentinische Nationalmannschaft angesichts der für das Achtelfinalspiel der Weltmeisterschaft 2026 erwarteten hohen Temperaturen und Luftfeuchtigkeit vor logistischen Problemen. Mehr lesen","Calor, humiditas et procellae: provocationes climaticae Argentinae in certamine contra Promontorium Verde pro Mundi 2026 Calicem. Ultra belli eu, Argentina National Team logisticam spectat sollicitudinem in facie caliditatum et humiditatis quae expectatur par in gyro de XXXII Mundi MMXXVI. Read more",Argentina,SES,South-America,wmo
258665e89451cb0db45774b4459f0882,2026-07-02T18:12:06Z,Earthquake,,exitoina.perfil.com,es,0.7,"El emotivo gesto de Ricky Montaner tras los terremotos en Venezuela: ""Esta es mi manera de desahogarme""","El artista venezolano compuso una canción para solidarizarse y abrazar a quienes lo necesitan, en medio de un momento angustiante. Leer más",https://exitoina.perfil.com/noticias/destacada/emotivo-gesto-ricky-montaner-terremotos-venezuela-esta-es-mi-manera-de-desahogarme.phtml,https://fotos.perfil.com/2026/07/02/trim/1140/641/ricky-montaner-2273988.jpg,http://web.archive.org/web/20260702192602/https://exitoina.perfil.com/noticias/destacada/emotivo-gesto-ricky-montaner-terremotos-venezuela-esta-es-mi-manera-de-desahogarme.phtml,"Ricky Montanerconmovió con un especial gesto tras los mortíferos terremotos en Venezuela y expresó su angustia por la situación que atraviesa el país.
A través de su cuenta de Instagram, el artista … [+4160 chars]","Ricky Montaner's emotional gesture after the earthquakes in Venezuela: ""This is my way of letting off steam."" The Venezuelan artist composed a song to show solidarity and embrace those who need it, in the midst of a distressing moment. Read more","Ricky Montaners emotionale Geste nach den Erdbeben in Venezuela: „Das ist meine Art, Dampf abzulassen.“ Der venezolanische Künstler komponierte ein Lied, um inmitten eines bedrückenden Moments Solidarität zu zeigen und diejenigen zu umarmen, die sie brauchen. Mehr lesen","Ricky Montaner gestus motus post terrae motus in Venezuela: ""Hic est via mea emittendi vaporem"". Artifex Venezuelan carmen composuit ad solidarietatem demonstrandam et ad eos qui id indigent amplectendum, in medio taediosum momentum. Read more",Venezuela,NSA,South-America,usgs
c1c5674ff6cc970e918e528d6511d631,2026-07-02T18:19:50Z,Earthquake,,www.record.com.mx,es,0.7,"Hernán Gil, el vigilante que sobrevivió ocho días bajo las ruinas y devolvió la esperanza tras los terremotos en Venezuela","El trabajador de seguridad, de 43 años, permaneció con vida gracias a un pequeño espacio que se formó dentro de una garita desplazada por el derrumbe. Su rescate requirió cuatro días de trabajo de especialistas de siete países",https://www.record.com.mx/historia/hernan-gil-el-vigilante-que-sobrevivio-ocho-dias-bajo-las-ruinas-y-devolvio-la-esperanza-tras-los-terremotos-en-venezuela-2026070218195076006,https://sportal365images.com/process/smp-images-production/record.mx/02072026/508daafd-d7e4-43ce-ba54-9b069b201a91.jpg?operations=fit(1200:630),,"El trabajador de seguridad, de 43 años, permaneció con vida gracias a un pequeño espacio que se formó dentro de una garita desplazada por el derrumbe. Su rescate requirió cuatro días de trabajo de es… [+4981 chars]","Hernán Gil, the vigilante who survived eight days under the ruins and restored hope after the earthquakes in Venezuela. The 43-year-old security worker remained alive thanks to a small space that formed inside a sentry box displaced by the collapse. His rescue required four days of work by specialists from seven countries","Hernán Gil, der Bürgerwehrmann, der acht Tage unter den Ruinen überlebte und nach den Erdbeben in Venezuela wieder Hoffnung schenkte. Der 43-jährige Sicherheitsmitarbeiter blieb am Leben, da sich in einem durch den Einsturz verschobenen Wachhäuschen ein kleiner Raum bildete. Seine Rettung erforderte vier Arbeitstage durch Spezialisten aus sieben Ländern","Hernán Gil, vigilante, qui octo diebus sub ruinis superfuit et spem restituit post terrae motus in Venezuela. Annum XLIII annorum operarius securitatis vivens superfuit propter exiguum spatii quod intra cistam vigilis formatam a ruina movit. Eius liberatio quattuor dies laboris requiretur a peritis e septem regionibus",Venezuela,NSA,South-America,usgs
d0ef784ae9b6749dc21aff479728905e,2026-07-02T19:00:47Z,Drought,,www.bbc.com,pt,0.3,Casamento de Taylor Swift: tudo sobre a provável cerimônia em NY,"O casal mantém silêncio sobre o casamento, mas as especulações sobre uma celebração de vários dias no Madison Square Garden só aumentam",https://www.bbc.com/portuguese/articles/c0ryxql15nno,https://ichef.bbci.co.uk/news/1200/branded_portuguese/b3cc/live/5add6d00-756a-11f1-b976-0b9c15b0ccfc.jpg,http://web.archive.org/web/20260702205719/https://www.bbc.com/portuguese/articles/c0ryxql15nno,"Crédito, Getty Images
Legenda da foto, Taylor Swift vai mesmo se casar com Travis Kelce no Madison Square Garden?
Article Information<ul><li><ul> e <li>Author, Nardine Saad</li><li>Reporting from, … [+15964 chars]","Taylor Swift's wedding: everything about the likely ceremony in NY. The couple is keeping quiet about their wedding, but speculation about a multi-day celebration at Madison Square Garden is only growing","Taylor Swifts Hochzeit: Alles über die wahrscheinliche Zeremonie in NY. Zu ihrer Hochzeit schweigt das Paar, doch die Spekulationen über eine mehrtägige Feier im Madison Square Garden nehmen zu","Nuptias Taylor Swift: omnia de verisimili caerimonia in NY. Coniuges de eorum nuptiis quiescunt, sed speculatio de celebratione multi diei apud Madison Square Garden tantum crescit",Brazil,SAM,South-America,edo
4d5a05604634340685e0a6a6da5ebe6a,2026-07-02T19:30:00Z,Storm,,www.abc.es,es,0.3,La Xunta amplía la alerta roja por ola de calor a 138 municipios,"La Consellería de Sanidade de la Xunta de Galicia ha elevado el nivel de riesgo ante la persistencia de las altas temperaturas en la comunidad. A partir de este viernes, un total de 138 ayuntamientos entran en alerta roja (nivel 3), la máxima categoría del pl…",https://www.abc.es/espana/galicia/xunta-amplia-alerta-roja-ola-calor-138-20260702213000-nt.html,https://s1.abcstatics.com/abc/www/multimedia/espana/2026/07/02/1500753321-U15177111637cOZ-1200x630@diario_abc.jpg,http://web.archive.org/web/20260702195100/https://www.abc.es/espana/galicia/xunta-amplia-alerta-roja-ola-calor-138-20260702213000-nt.html,"La Consellería de Sanidade de la Xunta de Galicia ha elevado el nivel de riesgo ante la persistencia de las altas temperaturas en la comunidad. A partir de este viernes, un total de 138 ayuntamientos… [+2358 chars]","The Xunta extends the red alert for a heat wave to 138 municipalities. The Department of Health of the Xunta de Galicia has raised the risk level due to the persistence of high temperatures in the community. As of this Friday, a total of 138 municipalities go on red alert (level 3), the highest category of the plan…","Die Xunta weitet die Alarmstufe Rot wegen einer Hitzewelle auf 138 Gemeinden aus. Das Gesundheitsministerium der Xunta de Galicia hat die Risikostufe aufgrund der anhaltend hohen Temperaturen in der Gemeinde erhöht. Ab diesem Freitag befinden sich insgesamt 138 Gemeinden in Alarmstufe Rot (Stufe 3), der höchsten Kategorie des Plans.","Xunta rubra intenti aestus 138 municipia porrigit. Department of Health of Xunta de Galicia periculum periculorum movit ob assiduitatem caliditatum in communitate. Cum huius Veneris, summa 138 municipiorum erecta rubra incedunt (gradu 3), summa categoria consilii…",Ecuador,NWS,South-America,wmo
18dc501820247f22d2f969ba47d6a27a,2026-07-02T19:55:00Z,Earthquake,,actualidad.rt.com,es,0.7,Tsunami: el perro que salvó decenas de vidas tapiadas tras los terremotos en Venezuela,El animal fue rescatado años atrás de unas personas que lo mantenían bajo continuo maltrato.,https://actualidad.rt.com/a-fondo/614554-tsunami-perro-salvo-decenas-vidas-venezuela,https://mf.b37mrtl.ru/actualidad/public_images/2026.07/article/6a46af40e9ff714ae71efb7c.jpg,,"El final de la historia de este perrito pudo ser trágica y en gran medida una parte de ella sí lo fue. Cuando aún era desconocido, antes de salvar decenas de vidas en al menos dos desastres naturales… [+9372 chars]",Tsunami: the dog that saved dozens of boarded-up lives after the earthquakes in Venezuela. The animal was rescued years ago from people who kept it under continuous abuse.,"Tsunami: Der Hund, der nach den Erdbeben in Venezuela Dutzende von Brettern vernagelte Leben rettete. Das Tier wurde vor Jahren vor Menschen gerettet, die es ständig misshandelten.",Tsunami: canis qui justos conscendit vitam servavit post terrae motus in Venezuela. Animal abhinc annos ab hominibus servatum est servatum abusu continuo.,Venezuela,NSA,South-America,usgs
a1093950c7d3d5a1b800a49e8adef50a,2026-07-02T20:00:18Z,Cold Wave,,veja.abril.com.br,pt,0.9,"São Paulo terá queda de temperatura nesta sexta, 3; veja a previsão do Climatempo","Depois de dias mais quentes, capital paulista terá nova mudança no tempo; saiba se vai chover",https://veja.abril.com.br/agenda-verde/sao-paulo-tera-queda-de-temperatura-nesta-sexta-3-veja-a-previsao-do-climatempo/,"https://veja.abril.com.br/wp-content/uploads/2019/09/frio-em-sao-paulo.jpg?quality=70&strip=info&resize=1080,565&crop=1",http://web.archive.org/web/20260702202158/https://veja.abril.com.br/agenda-verde/sao-paulo-tera-queda-de-temperatura-nesta-sexta-3-veja-a-previsao-do-climatempo/,"Pular para o conteúdo
Oferta Inédita: Assine por apenas 7,99 (Reprodução/Reprodução)
Continua após publicidade
<ul><li>Uma forte massa de ar polar avança sobre o Centro-Sul do Brasil nesta sexta-f… [+4407 chars]","São Paulo will see a drop in temperature this Friday, 3rd; see the Climatempo forecast. After warmer days, the capital of São Paulo will have a new change in weather; know if it's going to rain","In São Paulo wird es diesen Freitag, den 3., zu einem Temperaturrückgang kommen; siehe die Climatempo-Prognose. Nach wärmeren Tagen wird es in der Hauptstadt von São Paulo einen neuen Wetterumschwung geben; wissen, ob es regnen wird","São Paulo videbit guttam in temperie Veneris die 3; vide Climatempo prospicere. Post calidiores dies, caput São Pauli novam tempestatum mutationem habebit; scire si suus 'pluet",,,,random
5f68f7df4e816c0ebbc07db074177958,2026-07-02T20:35:01Z,Flood,,www.abc.net.au,en,0.8,Explosion in feral pig numbers attributed to major flooding in far north SA,"Feral pig numbers are exploding in outback South Australia after record-breaking floods, prompting a call from station owners and the Invasive Species Council for governments to take action.",https://www.abc.net.au/news/2026-07-03/feral-pigs-explode-in-numbers-south-australia-far-north-floods/106833158,https://live-production.wcms.abc-cdn.net.au/c4c41518578e76c2986dd0a14367bacb?impolicy=wcms_watermark_news&cropH=1149&cropW=2042&xPos=0&yPos=98&width=862&height=485&imformat=generic,http://web.archive.org/web/20260702203926/https://www.abc.net.au/news/2026-07-03/feral-pigs-explode-in-numbers-south-australia-far-north-floods/106833158,"Content warning: This story contains a graphic image of a dead animal.
Station owners and the Invasive Species Council are calling for funding and action to tackle a boom in feral pig numbers in out… [+5580 chars]","Explosion in feral pig numbers attributed to major flooding in far north SA. Feral pig numbers are exploding in outback South Australia after record-breaking floods, prompting a call from station owners and the Invasive Species Council for governments to take action.","Explosion der Wildschweinzahlen aufgrund schwerer Überschwemmungen im hohen Norden Südafrikas. Nach rekordverdächtigen Überschwemmungen explodiert die Zahl der Wildschweine im Outback Südaustraliens, was Stationsbesitzer und den Invasive Species Council zu einem Aufruf an die Regierungen veranlasst, Maßnahmen zu ergreifen.","Explosio in feral porco numerorum majorum inundationis in longe septentrionis SA attribuitur. Ferales porcus numeri in outback Australis Australiae post recordationes inundationes fractis explodunt, vocationem a stationibus dominis excitatis et Consilium speciei incursionis ad regimen agendi faciendum.",Australia,SAU,Oceania,acwe
9515e60d3e2e0c1ee6eecd2388ec8dea,2026-07-02T21:22:27Z,Heat Wave,,www.terra.com.br,pt,0.3,"Retatrutida: a nova ""caneta"" que promete superar o Mounjaro e virou escolha polêmica de Susana Werner","A empresária surpreendeu a web ao exibir aplicação de retatrutida, uma molécula inovadora que emagrece 32 kg mas que ainda é ilegal para a venda no mundo todo","https://www.terra.com.br/vida-e-estilo/retatrutida-a-nova-caneta-que-promete-superar-o-mounjaro-e-virou-escolha-polemica-de-susana-werner,f7523245396614124b838bec9e07c6ce00hgdutd.html",https://p2.trrsf.com/image/fget/cf/1200/630/middle/images.terra.com/2026/07/02/378586692-capa-bons-fluidos-12-1.jpg,,"A busca pelo corpo ideal ganhou um novo e polêmico capítulo no mundo das celebridades. Recentemente, a empresária Susana Werner movimentou as redes sociais ao compartilhar o início de um tratamento d… [+3949 chars]","Retrofitted: the new ""pen"" that promises to surpass Mounjaro and became a controversial choice for Susana Werner. The businesswoman surprised the web by showing off the application of retatrutida, an innovative molecule that loses 32 kg but is still illegal for sale worldwide","Nachgerüstet: der neue „Stift“, der Mounjaro zu übertreffen verspricht und für Susana Werner zu einer umstrittenen Wahl wurde. Die Geschäftsfrau überraschte das Internet, indem sie die Anwendung von Retatrutida vorführte, einem innovativen Molekül, das 32 kg abnimmt, aber weltweit immer noch illegal verkauft wird","Retrofitta est: novus ""stylus"" qui promittit Mounjaro antecedere et factus est controversiae electio in Susana Werner. Negotiatrix miratur telam applicatione retatrutidarum ostentando, moleculae novationis quae 32 kg amittit, sed adhuc per orbem terrarum pro venditione illicita est.",Luxembourg,WCE,Europe,wmo
5dde3a6a9aa6221c3f45d46361d57f91,2026-07-02T21:30:19Z,Drought,,pplware.sapo.pt,pt,0.3,Sol lançou nova ejeção de massa coronal. Há possibilidade de auroras nos próximos dias,"O Sol continua bastante ativo e voltou a lançar uma poderosa ejeção de massa coronal (CME), um fenómeno que poderá aumentar a atividade geomagnética da Terra nos próximos dias. Apesar de a ejeção não...",https://pplware.sapo.pt/ciencia/sol-lancou-nova-ejecao-de-massa-coronal-ha-possibilidade-de-auroras-nos-proximos-dias/,https://pplware.sapo.pt/wp-content/uploads/2026/07/ataque_solar00.webp,,"O Sol continua bastante ativo e voltou a lançar uma poderosa ejeção de massa coronal (CME), um fenómeno que poderá aumentar a atividade geomagnética da Terra nos próximos dias.
Apesar de a ejeção nã… [+5601 chars]","Sun launched new coronal mass ejection. There is a possibility of auroras in the coming days. The Sun remains very active and has once again launched a powerful coronal mass ejection (CME), a phenomenon that could increase Earth's geomagnetic activity in the coming days. Although the ejection did not...","Sun startete neuen koronalen Massenauswurf. In den kommenden Tagen besteht die Möglichkeit von Polarlichtern. Die Sonne bleibt sehr aktiv und hat erneut einen starken koronalen Massenauswurf (CME) ausgelöst, ein Phänomen, das die geomagnetische Aktivität der Erde in den kommenden Tagen verstärken könnte. Obwohl der Auswurf nicht...","Sol novam massam coronalem eiectionem emisit. Est auroras possibilitas in adventu dierum. Sol acerrimus manet et validam molem coronalem eiectionis (CME), phaenomenon, quod augere potuit actio geomagnetica Telluris in diebus futuris. Etiam eie neque...",Mozambique,ESAF,Africa,edo
ea8c6a5d016843f3b95163e38df6de53,2026-07-02T21:34:10Z,Earthquake,,www.elfinanciero.com.mx,es,0.7,"Lomitos de la Sedena rescatan a ‘Sarita’, perrita que sobrevivió bajo los escombros en Venezuela","La Brigada de Emergencias del Ejército Mexicano rescató a 'Sarita', una perrita sepultada tras los terremotos en Venezuela.",https://www.elfinanciero.com.mx/nacional/2026/07/02/lomitos-de-la-sedena-rescatan-a-sarita-perrita-que-sobrevivio-bajo-los-escombros-en-venezuela/,https://www.elfinanciero.com.mx/resizer/v2/WLYLHOK7HZEEFN26ZUFMRGYUME.jpg?smart=true&auth=3d7872b3e0ad87c1617011b5730a8b08833fe31231f81ee8221bc252e648850d&width=1200&height=630,http://web.archive.org/web/20260702225145/https://www.elfinanciero.com.mx/nacional/2026/07/02/lomitos-de-la-sedena-rescatan-a-sarita-perrita-que-sobrevivio-bajo-los-escombros-en-venezuela/,"Elementos de la Brigada de Emergencias del Ejército Mexicano en Venezuela localizaron a una perrita que quedó atrapada bajo los escombros tras los sismos del pasado miércoles 24 de junio.
El rescate… [+2417 chars]","Lomitos de la Sedena rescue 'Sarita', a dog that survived under the rubble in Venezuela. The Emergency Brigade of the Mexican Army rescued 'Sarita', a dog buried after the earthquakes in Venezuela.","Lomitos de la Sedena retten „Sarita“, einen Hund, der in Venezuela unter den Trümmern überlebt hat. Die Notfallbrigade der mexikanischen Armee rettete „Sarita“, einen nach den Erdbeben in Venezuela begrabenen Hund.","Lomitos de la Sedena eripe 'Sarita', canem qui superfuit sub ruderibus in Venezuela. LEGIO subitis Exercitus Mexicanus servatum 'Sarita', canem post terrae motus in Venezuela sepultum.",Venezuela,NSA,South-America,usgs
50dde9850c51420fd4a4bcc590301b0c,2026-07-02T23:00:00Z,Fog,,consent.yahoo.com,zh,0.2857142857142857,「軍傳媒」突擊兵結訓，10天9夜的山地戰考驗,清晨4點前，山區仍被雨聲與霧氣籠罩。學員整裝後展開夜間滲透，每人身上除了全副武裝之外，還加上30公斤的背包，頭盔上帶著夜視鏡，在全黑的山林中尋找路徑向目標地點前進，腳下泥土因連日降雨變得濕滑，溪谷水聲在黑暗中放大，讓方向判斷更困難。這不是一般營區訓練的場景，而是突擊兵期末測驗的一部分。當訓練進入最後一週，學員已不再只是接受單一課目測驗，而是被投入連續任務：建立隱伏區、完成偵查與警戒、通過困難地形、急迫渡河、對目標實施夜間突擊作戰、處置傷患，再回到隱伏區整補。,https://consent.yahoo.com/v2/collectConsent?sessionId=1_cc-session_630c33f1-112d-48a9-82fa-72d025a2ff14,,,"If you click 'Accept all', we and our partners, including 249 who are part of the IAB Transparency &amp; Consent Framework, will also store and/or access information on a device (in other words, use … [+1045 chars]","""Military Media"" commando training concluded, a 10-day and nine-night mountain warfare test. Before 4 o'clock in the morning, the mountainous area was still shrouded in rain and fog. After being fully equipped, the trainees began to infiltrate at night. In addition to being fully armed, each person also wore a 30-kilogram backpack and a night-vision goggle on his helmet. They searched for a path in the completely dark mountain forest and headed towards the target location. The soil under their feet became slippery due to continuous rain, and the sound of valley water amplified in the darkness, making it more difficult to judge the direction. This is not a typical camp training scene, but part of the commando's final test. When the training enters the last week, trainees no longer just accept a single subject test, but are put into continuous tasks: establishing a hidden area, completing reconnaissance and warning, passing through difficult terrain, urgently crossing a river, conducting night assault operations on targets, dealing with injuries, and then returning to the hidden area for repairs.","Die Ausbildung des Kommandos „Military Media“ ist abgeschlossen, ein 10-tägiger und neuntägiger Gebirgskriegstest. Vor 4 Uhr morgens war die Bergregion noch in Regen und Nebel gehüllt. Nachdem sie vollständig ausgerüstet waren, begannen die Auszubildenden, nachts einzudringen. Jede Person trug neben ihrer vollständigen Bewaffnung auch einen 30-Kilogramm-Rucksack und eine Nachtsichtbrille am Helm. Sie suchten im völlig dunklen Bergwald einen Weg und machten sich auf den Weg zum Zielort. Der Boden unter ihren Füßen wurde durch den anhaltenden Regen rutschig und das Rauschen des Talwassers verstärkte sich in der Dunkelheit, was es schwieriger machte, die Richtung einzuschätzen. Dies ist keine typische Camp-Trainingsszene, sondern Teil der Abschlussprüfung des Kommandos. Wenn die Ausbildung in der letzten Woche beginnt, müssen die Auszubildenden nicht mehr nur eine Einzelfachprüfung absolvieren, sondern werden mit fortlaufenden Aufgaben betraut: Ermitteln eines verborgenen Bereichs, Durchführung von Aufklärungs- und Warnarbeiten, Durchqueren von schwierigem Gelände, dringende Überquerung eines Flusses, Durchführen nächtlicher Angriffsoperationen auf Ziele, Umgang mit Verletzungen und anschließendes Zurückkehren in den verborgenen Bereich für Reparaturen.","""Media militaris"" disciplina commando conclusa est, dies X et novem-noctes bellica montana test. Ante horam quartam mane, regio montana adhuc pluvia et nebula involvebantur. Postquam instructi instructique sunt, impedimenta nocturno cedere coeperunt. Praeter armatus, quisque etiam triginta chiliogrammatis dorsuali et nocturnis visionibus in galea sua gerebat. Iter in silvis montanis omnino obscuris quaesiverunt et ad locum scopum petierunt. Solum sub pedibus eorum lubricum est propter continuam pluviam, et sonus aquae vallis in tenebris ampliatur, difficiliorem partem diiudicare facit. Haec scena typica non est disciplina castra, sed pars finalis experimenti mandati. Cum disciplina ultimam hebdomadem intrat, institutores non iam solum unam probationem accipiunt, sed in continua opera mittuntur: occultam aream constituunt, speculationem et admonitionem, per loca difficilia transeuntes, flumen instanter transeuntes, nocturnum aggressionem in scutis tractantes iniuriis agunt, ac deinde ad abscondita loca reparanda redeuntes.",China,EAS,Asia,wmo
49986da65bb21b5156425755376f9e97,2026-07-02T23:17:03Z,Storm,,observador.pt,pt,0.3,Lisboa encerra 13 espaços florestais devido ao risco de fogo,"Monsanto, Tapada da Ajuda e mais 11 áreas encerradas até segunda-feira. Metro abre três estações durante a madrugada e dois pavilhões prontos para acolher vulneráveis.",https://observador.pt/2026/07/03/incendios-lisboa-encerra-13-espacos-florestais-devido-ao-risco-de-fogo/,https://wm.observador.pt/wm/l/https%3A%2F%2Fbordalo.observador.pt%2Fv2%2Frs%3Afill%3A770%3A403%2Fc%3A2000%3A1124%3Anowe%3A0%3A104%2Fq%3A70%2Ff%3Awebp%2Fplain%2Fhttps%3A%2F%2Fs3.observador.pt%2Fwp-content%2Fuploads%2F2018%2F08%2F03202702%2F9241326.jpg?layer=obstop:T,http://web.archive.org/web/20260702235319/https://observador.pt/2026/07/03/incendios-lisboa-encerra-13-espacos-florestais-devido-ao-risco-de-fogo/,"Acompanhe o nosso artigo em direto sobre a vaga de calor
Vários espaços verdes da cidade de Lisboa, como o Parque Florestal de Monsanto, vão estar encerrados entre sexta-feira e segunda-feira, na se… [+3791 chars]","Lisbon closes 13 forest areas due to the risk of fire. Monsanto, Tapada da Ajuda and 11 other areas closed until Monday. Metro opens three stations in the early hours of the morning and two pavilions ready to welcome vulnerable people.","Wegen Brandgefahr sperrt Lissabon 13 Waldgebiete. Monsanto, Tapada da Ajuda und 11 weitere Gebiete waren bis Montag geschlossen. Metro öffnet in den frühen Morgenstunden drei Stationen und zwei Pavillons, in denen schutzbedürftige Menschen willkommen sind.","Lisbon 13 areas silvas claudit propter incendii periculum. Monsanto, Tapada da Ajuda et 11 aliae areae clausae usque ad Lunae. Metro aperit tres stationes matutinis horis matutinis et duas umbraculas paratas ad excipiendos homines vulnerabiles.",Ghana,WAF,Africa,wmo
5a4e19ccb99d0ec9aa9abb769cc3f86f,2026-07-03T00:06:38Z,Fog,,36kr.com,zh,0.3,8点1氪丨“具身智能第一股” 宇树科技上市申请通过；SK海力士单日市值蒸发10000亿元；配置失误引发0元抢购潮，霸王茶姬致歉,"今日热点导览
 苹果拟于今明两年推出至少五款新iPhone
 AI版支付宝开放公测，上线72项办事技能
 特朗普回应“利用职位牟利”：股市在涨，大家都在赚钱
 LV起诉茉莉奶白，茉莉奶白被判赔1030万元
 6月赴日航班取消1488个
 安克创新港股上市首日破发
 TOP3大新闻
 证监会同意宇树科技科创板IPO注册
 7月2日，证监会网站显示，同意宇树科技首次公开发行股票注册。这意味着，全球首家在IPO前实现人形机器人规模化盈利的企业正式拿到A股“入场券”，将成为A股“人形机器人第一股”。 
 宇树科技从今年3…",https://36kr.com/p/3879158039834629,"https://img.36krcdn.com/hsossms/20260703/v2_843457ffea014bb29881fbca0d3af900@5667365_oswg82810oswg1053oswg495_img_jpg?x-oss-process=image/resize,m_mfit,w_600,h_400,limit_0/crop,w_600,h_400,g_center",,"iPhone
AI72
LV1030
61488
TOP3
IPO
72IPOAA 
320IPO72104 
SK10000
72A2.03%3.85%5.71%507.7%2251741.812.47%68958KOSPI7.89%689%SK14%SK1600100001
0
720729.90720 0.01
AI
AI72
3672AIiOS App72 … [+1129 chars]","8:01 Krypton | ""The first stock of embodied intelligence"" Yushu Technology's application for listing was approved; SK Hynix's market value evaporated by 1 trillion yuan in a single day; configuration errors triggered a wave of zero-yuan purchases, and Bawang Chaji apologized. Today's Hot Topics Guide
 Apple plans to launch at least five new iPhones this year and next
 The AI version of Alipay is open for public testing, with 72 service skills available online
 Trump responds to ""using position to make profits"": The stock market is rising and everyone is making money
 LV sued Jasmine Milk, and Jasmine Milk was ordered to pay 10.3 million yuan in damages
 1,488 flights to Japan canceled in June
 Anke Innovation's Hong Kong stock price broke on the first day of listing
 TOP3 big news
 China Securities Regulatory Commission approves Yushu Technology’s IPO registration on Science and Technology Innovation Board
 On July 2, the China Securities Regulatory Commission website showed that it approved the registration of Yushu Technology’s initial public offering of stocks. This means that the world's first company to achieve large-scale profits from humanoid robots before its IPO has officially obtained the ""ticket"" for A-shares and will become the ""first humanoid robot stock"" in A-shares. 
 Yushu Technology started from 3 this year...","8:01 Krypton | „Der erste Bestand an verkörperter Intelligenz“ Der Antrag von Yushu Technology auf Notierung wurde genehmigt; Der Marktwert von SK Hynix schrumpfte an einem einzigen Tag um 1 Billion Yuan; Konfigurationsfehler lösten eine Welle von Null-Yuan-Käufen aus und Bawang Chaji entschuldigte sich. Der heutige Leitfaden zu aktuellen Themen
 Apple plant, in diesem und im nächsten Jahr mindestens fünf neue iPhones auf den Markt zu bringen
 Die KI-Version von Alipay steht zum öffentlichen Testen offen, wobei 72 Service-Skills online verfügbar sind
 Trump antwortet darauf, „die Position zu nutzen, um Gewinne zu machen“: Der Aktienmarkt steigt und jeder verdient Geld
 LV verklagte Jasmine Milk und Jasmine Milk wurde zur Zahlung von 10,3 Millionen Yuan Schadensersatz verurteilt
 Im Juni wurden 1.488 Flüge nach Japan gestrichen
 Der Aktienkurs von Anke Innovation in Hongkong brach am ersten Tag der Notierung ein
 TOP3 große Neuigkeiten
 Die chinesische Wertpapieraufsichtsbehörde genehmigt die IPO-Registrierung von Yushu Technology im Science and Technology Innovation Board
 Am 2. Juli zeigte die Website der China Securities Regulatory Commission, dass sie die Registrierung des Börsengangs von Aktien von Yushu Technology genehmigt habe. Dies bedeutet, dass das weltweit erste Unternehmen, das vor seinem Börsengang große Gewinne mit humanoiden Robotern erzielte, offiziell das „Ticket“ für A-Aktien erhalten hat und zum „ersten humanoiden Roboterbestand“ in A-Aktien wird. 
 Yushu Technology startete dieses Jahr bei 3...","8:01 Krypton | ""Prima intelligentia incorporatorum"" applicatio Yushu Technologiae pro enumeratione approbata est; SK Hynix forum valorem per 1 trillion Yuan in uno die evanuit; configuratione errores urit unda emptionibus nulla-Yuan, et Bawang Chaji excusatus est. Hodie's Hot Topics Guide
 Lacus consilia ad mittendos saltem quinque novos iPhones hoc anno et proximo
 AI Alipay versio publica probatio aperta est, cum 72 artes muneris in promptu online
 BUCINUM respondet ""usura loco lucri facere"": quod stirpe foro ortu et quisque facit pecuniam
 LV petivit Aeneam lac, et lac Aenean Lac 10.3 decies centena millia Yuan in damnis reddere iussus est
 1,488 volatus in Iaponia cassatur mense Iunio
 Anke Innovationis Hongcongum pretium fregit prima die enumerationem
 TOP3 magnum nuntium
 China Securities Regulatory Commissio Yushu Technologiae IPO adnotatione de Scientia et Technologia Innovation Board approbat
 Die II Iulii, Sinarum Securities Commissio Regulatoriae website ostendit eum approbasse adnotationem de Yushu Technologiae oblationem instrumentorum publicorum initialem. Hoc significat primum societatem mundi ad magnas lucra ab robots humanoideis consequendas, antequam IPO eius ""tessulam"" pro A-participat publice consecutus sit et ""prima stirpis robotae humanae"" in A-participat. 
 Yushu Technologia ab III hoc anno incepit ...",China,EAS,Asia,wmo
fb9bb26822016bf566ca84e59c03023d,2026-07-03T00:49:10Z,Storm,,touchlab.jp,ja,0.375,【新型車】米国でも「Model Y L」が発売〜日本にない限定仕様ローンチシリーズは約998万円,"テスラが7月2日(現地時間)、3列シート・6人乗りの「Model Y L」を米国とプエルトリコで発売しました。 米国での正式名称は「Model Y Long Wheelbase」。注文は公式サイトで受付が始まっています。 […]©2019 ""Touch Lab - タッチ ラボ"".",https://touchlab.jp/2026/07/model_y_l_us_launch/,https://touchlab.jp/wp-content/uploads/2026/07/teslas_modelyl_us_0b.jpg,,"テスラが7月2日(現地時間)、3列シート・6人乗りの「Model Y L」を米国とプエルトリコで発売しました。



米国での正式名称は「Model Y Long Wheelbase」。注文は公式サイトで受付が始まっています。









限定仕様「ローンチシリーズ」のみで展開



Image:Tesla




米国での販売は、装備を全部盛りにした限定仕様「ローンチシリーズ」の1グレ… [+2183 chars]","[New model] ``Model Y L'' released in the United States ~ The limited launch series, which is not available in Japan, is approximately 9.98 million yen.Tesla released the 3-row, 6-seater ``Model Y L'' in the United States and Puerto Rico on July 2nd (local time). The official name in the United States is ""Model Y Long Wheelbase."" Orders are now being accepted on the official website. […]©2019 ""Touch Lab"".","[Neues Modell] „Model Y L“ in den USA auf den Markt gebracht ~ Die limitierte Einführungsserie, die in Japan nicht erhältlich ist, kostet etwa 9,98 Millionen Yen. Tesla brachte am 2. Juli (Ortszeit) das dreireihige, sechssitzige „Model Y L“ in den USA und Puerto Rico auf den Markt. Der offizielle Name in den Vereinigten Staaten ist „Model Y Long Wheelbase“. Bestellungen werden ab sofort auf der offiziellen Website angenommen. […]©2019 „Touch Lab“.","[Novum exemplar] `Model Y L'' in Civitatibus Foederatis dimissum ~ Series launchum limitata, quae in Iaponia non praesto est, circiter 9.98 decies centena milia yen.Tesla dimisit in 3-row, 6-seater `Model Y L'' in Civitatibus Foederatis et Puerto Rico die 2 Iulii (locus temporis). Nomen officiale in Civitatibus Foederatis Americae est ""exemplum Y Long Wheelbase"". Ordines nunc recusandae in rutrum. […]©2019 ""Tange Lab"".",Ecuador,NWS,South-America,wmo
f5aa5eb3f0eba6f8fee377eff2413385,2026-07-03T02:11:16Z,Precipitation,,www.e-aidem.com,ja,0.375,暑い夏だからオススメしたい、ジャンル別ホラー映画9選,暑い夏にぴったりなホラー映画のおすすめを、映画好きライターが教えます！　定番の洋ホラーから、芯まで凍りつく和ホラー、サイコスリラーなどなど……9作品をご紹介,https://www.e-aidem.com/ch/jimocoro/entry/makino039,https://jimocoro-cdn.com/ch/jimocoro/assets/uploads/2026/07/17829871689kw48.jpg,,"ホラー映画大好き人間、と申します。
年を追うごとにどんどん暑が夏くなってきているので、身も心も涼しくなる（かもしれない）ホラー映画をいくつかご紹介したいと思います。
ひとくちにホラーといってもその形式は多種多様…。ということで、「ホラー＋サブジャンル」という感じで少し細分化してみました。これで自分に合いそうなホラーが見つかるかもしれません。
【紹介してる映〜画】・正統派なホラー「スマイル2… [+5984 chars]","9 horror movies by genre that you'll want to recommend for the hot summer. A writer who loves movies will give you recommendations on horror movies that are perfect for the hot summer! Introducing 9 works including classic Western horror, Japanese horror that will freeze you to the core, psychological thriller, etc...","9 Horrorfilme nach Genre, die Sie für den heißen Sommer empfehlen sollten. Ein Autor, der Filme liebt, wird Ihnen Empfehlungen für Horrorfilme geben, die perfekt für den heißen Sommer sind! Wir stellen 9 Werke vor, darunter klassischer Western-Horror, japanischer Horror, der Sie bis ins Mark erfrieren lässt, Psychothriller usw.","9 Horror pelliculas ex genre quod aestas calida commendare cupies. Scriptor, qui movies amat, tibi commendationes dabit in horroribus pelliculis quae perfectae sunt pro aestate calida! Introducendis 9 opera inter classica Occidentis horrorem, horror Iaponica qui te riget ad nucleum, thriller psychologicum, etc.",,,,random
312dfaa058e3ecbf02278bc449fbb49f,2026-07-03T02:27:52Z,Precipitation,,economictimes.indiatimes.com,en,0.8,"Delhi-NCR weather update: IMD issues yellow alert as monsoon arrives in Delhi; heavy rain, thunderstorms and gusty winds likely, relief from humidity expected","Rain in Delhi: Delhi is bracing for heavy rainfall and thunderstorms as the India Meteorological Department has issued a yellow alert. The monsoon has officially arrived, bringing much-needed relief from humidity. Residents can expect moderate to heavy shower…",https://economictimes.indiatimes.com/news/new-updates/delhi-ncr-weather-update-imd-issues-yellow-alert-as-monsoon-arrives-in-delhi-heavy-rain-thunderstorms-and-gusty-winds-likely-relief-from-humidity-expected/articleshow/132150866.cms,"https://img.etimg.com/thumb/msid-132150980,width-1200,height-630,imgsize-316431,overlay-economictimes/articleshow.jpg",http://web.archive.org/web/20260703065742/https://economictimes.indiatimes.com/news/new-updates/delhi-ncr-weather-update-imd-issues-yellow-alert-as-monsoon-arrives-in-delhi-heavy-rain-thunderstorms-and-gusty-winds-likely-relief-from-humidity-expected/articleshow/132150866.cms,"The India Meteorological Department (IMD) has sounded a yellow alert for Delhi and its adjoining areas for July 3, Friday, forecasting a generally cloudy sky with moderate rainfall. Rain lashed sever… [+4903 chars]","Delhi-NCR weather update: IMD issues yellow alert as monsoon arrives in Delhi; heavy rain, thunderstorms and gusty winds likely, relief from humidity expected. Rain in Delhi: Delhi is bracing for heavy rainfall and thunderstorms as the India Meteorological Department has issued a yellow alert. The monsoon has officially arrived, bringing much-needed relief from humidity. Residents can expect moderate to heavy shower…","Delhi-NCR-Wetteraktualisierung: IMD gibt Alarmstufe Gelb aus, da der Monsun in Delhi ankommt; starker Regen, Gewitter und böiger Wind wahrscheinlich, Entspannung durch Luftfeuchtigkeit erwartet. Regen in Delhi: Delhi bereitet sich auf starke Regenfälle und Gewitter vor, da das indische Wetteramt eine gelbe Warnung ausgegeben hat. Der Monsun ist offiziell da und bringt die dringend benötigte Linderung der Feuchtigkeit. Anwohner müssen mit mäßigen bis starken Regenschauern rechnen …","Tempestas renovatio Delhi-NCR: IMD exit flavum erectum sicut monsoon in Delhi venit; pluviae graves, tonitrua et ventos procellosos verisimile, humiditatem levamen expectat. Pluviae in Delhi: Delhi pluvias et tonitrua comprehendit sicut Indiae Department meteorologicum croceum erectum emisit. ETESIA officialiter advenit, multum indigentiae humiditatis levamen afferens. Residentibus potest moderari ut gravis imber ...",India,SAS,Asia,wmo
c163de02818affa550dc3208dcfe5abb,2026-07-03T04:01:00Z,Earthquake,,www.abc.net.au,en,0.3,'Deadly' Indigenous remote artists travel to Sydney,Remote Indigenous artists from around Australia are in Sydney for the annual National Indigenous Art Fair.,https://www.abc.net.au/news/2026-07-03/national-indigenous-art-fair-sydney-regional-artists/106864376,https://live-production.wcms.abc-cdn.net.au/6cc4ed909f5562833bdd6b7dbcad621e?impolicy=wcms_watermark_news&cropH=2813&cropW=5000&xPos=0&yPos=292&width=862&height=485&imformat=generic,http://web.archive.org/web/20260703190821/https://www.abc.net.au/news/2026-07-03/national-indigenous-art-fair-sydney-regional-artists/106864376,"More than 100 artists from 30 remote Indigenous art centres have travelled to Sydney for this weekend's National Indigenous Art Fair.
Award-winning artist Kieren Karritpul from the Northern Territor… [+5733 chars]",'Deadly' Indigenous remote artists travel to Sydney. Remote Indigenous artists from around Australia are in Sydney for the annual National Indigenous Art Fair.,„Tödliche“ indigene Fernkünstler reisen nach Sydney. Abgelegene indigene Künstler aus ganz Australien kommen zur jährlichen National Indigenous Art Fair nach Sydney.,Mortiferum artifices Indigenae remoti ad Sydneyum pergunt. Indigenae artifices remoti ab circa Australiam sunt in Sydney pro annuo arte nationali Indigenae Fair.,Saint Helena,EAO,Atlantic Ocean,usgs
c5a80a80ed76230b8ffc2a53e46a6264,2026-07-03T04:14:11Z,Snow Avalanche,,hindi.moneycontrol.com,hi,0.3,"भारत की बेहतरीन मॉनसून सफ़ारी, जहां बारिश में भी खत्म नहीं होता वाइल्डलाइफ़ सीज़न और भी बन जाता है रोमांचक!","भारत में मॉनसून का मौसम केवल हरियाली और ठंडी फुहारों का ही नहीं, बल्कि वन्यजीवन को उसके सबसे जीवंत और प्राकृतिक रूप में देखने का भी अवसर लेकर आता है। बारिश के साथ जंगल नई ऊर्जा से भर उठते हैं, नदियां और झरने लबालब हो जाते हैं तथा वनस्पतियां अपने पूरे सौंदर्य …",https://hindi.moneycontrol.com/travel/amazing-national-park-for-wildlife-experiences-in-india-for-a-monsoon-getaway-article-2416591.html,https://images.moneycontrol.com/static-hindinews/2026/07/wild.jpg,http://web.archive.org/web/20260703045403/https://hindi.moneycontrol.com/travel/amazing-national-park-for-wildlife-experiences-in-india-for-a-monsoon-getaway-article-2416591.html,,"India's best monsoon safari, where the wildlife season doesn't end even in rain, making it even more exciting! Monsoon season in India brings not only greenery and cool showers but also an opportunity to see wildlife in its most vibrant and natural form. With the rain, the forests are filled with new energy, rivers and waterfalls become full and the vegetation shows its full beauty.","Indiens beste Monsunsafari, bei der die Wildtiersaison auch bei Regen nicht endet, was sie noch aufregender macht! Die Monsunzeit in Indien bringt nicht nur viel Grün und kühle Regenschauer mit sich, sondern bietet auch die Möglichkeit, die Tierwelt in ihrer lebendigsten und natürlichsten Form zu beobachten. Mit dem Regen füllen sich die Wälder mit neuer Energie, Flüsse und Wasserfälle füllen sich und die Vegetation zeigt ihre volle Schönheit.","Optima Indiae monsoon safari, ubi tempus truculenter etiam in pluviis non desinit, id magis excitando facit! ETESIA tempus in India non solum virides et frigidas imbres affert, sed etiam opportunitatem videndi truculentissimam in sua forma vivissima et naturali. Imbribus, silvae novis viribus implentur, flumina et cataractae plena fiunt et vegetatio plenam suam pulchritudinem ostendit.",,,,random
89edd45e0e22f1647902f74b9ea55fe7,2026-07-03T04:38:09Z,Storm,,www.abc.net.au,en,0.8,Man rescued from flood waters as SA wild weather leaves trail of damage,Storm damage have prompted extensive clean-ups across South Australia while a man had to be rescued from his vehicle's rooftop after he tried to drive through flood waters.,https://www.abc.net.au/news/2026-07-03/man-rescued-from-car-rooftop-as-storm-clean-up-underway/106874578,https://live-production.wcms.abc-cdn.net.au/d06597c4890bf3cfb8b63443ea164c77?impolicy=wcms_watermark_news&cropH=983&cropW=1747&xPos=121&yPos=58&width=862&height=485&imformat=generic,http://web.archive.org/web/20260704010625/https://www.abc.net.au/news/2026-07-03/man-rescued-from-car-rooftop-as-storm-clean-up-underway/106874578,"Storm damage has prompted extensive clean-ups across South Australia while a man had to be rescued from his vehicle's rooftop after he tried to drive through flood waters.
Emergency services were ca… [+4069 chars]",Man rescued from flood waters as SA wild weather leaves trail of damage. Storm damage have prompted extensive clean-ups across South Australia while a man had to be rescued from his vehicle's rooftop after he tried to drive through flood waters.,"Mann wurde aus Überschwemmungen gerettet, als wildes Wetter in Südafrika Spuren von Schäden hinterließ. Sturmschäden haben zu umfangreichen Aufräumarbeiten in ganz Südaustralien geführt, während ein Mann vom Dach seines Fahrzeugs gerettet werden musste, nachdem er versucht hatte, durch Hochwasser zu fahren.","Homo a diluvio aquarum ereptus, ut sa* tempestatum ferae detrimentum relinquit. Tempestas damna amplas munditias trans Australiam Australem concitaverunt dum homo e tecto vehiculo suo liberandus erat postquam per diluvium aquas agitare conatus est.",Australia,CAU,Oceania,wmo
bb4a0ad6ae11efd7395fce2947a9a5c4,2026-07-03T04:50:00Z,Drought,,www.ledauphine.com,fr,0.3,Environnement. Incendies dans le Sud de la France : Nuñez attendu dans l'Aude ce vendredi,"Après une jeudi marquée par des évacuations massives et des dégâts matériels importants, six départements du pourtour méditerranéen restent placés en vigilance rouge ""risque très élevé"" d'incendie ce vendredi, alors que plusieurs foyers ne sont toujours pas t…",https://www.ledauphine.com/environnement/2026/07/03/incendies-dans-le-sud-de-la-france-nunez-attendu-dans-l-aude-plusieurs-feux-ne-sont-toujours-pas-maitrises,https://cdn-s-www.ledauphine.com/images/D54EA7C7-75DD-4271-BDE3-CB98FA63F46D/FB1200/photo-1783031451.jpg,,"Un jeudi noir à l’échelle nationale : Environ 7 000 départs de feu ont été recensés depuis le début de la saison, avec plus de 30 feux actifs et plus de 2 000 sapeurs-pompiers pleinement engagés ce j… [+2055 chars]","Environment. Fires in the South of France: Nuñez expected in Aude this Friday. After a Thursday marked by massive evacuations and significant material damage, six departments around the Mediterranean remain placed on red alert ""very high risk"" of fire this Friday, while several outbreaks are still not...","Umfeld. Brände in Südfrankreich: Nuñez wird diesen Freitag in Aude erwartet. Nach einem Donnerstag, der von massiven Evakuierungen und erheblichen Sachschäden geprägt war, gilt für sechs Departements rund um das Mittelmeer an diesem Freitag weiterhin die Alarmstufe „sehr hohes Brandrisiko“, während mehrere Ausbrüche immer noch nicht gemeldet wurden.","Mauris. Incendia in Gallia meridionali: Nuñez in Aude hoc Veneris exspectantur. Post diem Iovis ingentem evacuationes et damnum materiale notabile notatum, sex Dicasteria circa Mare Mediterraneum manent in rubris vigiliis ""altissimum periculum"" ignis huius Veneris, dum plures motus adhuc non sunt.",Republic of the Congo,CAF,Africa,edo
185b33f3335305c9ffbf86b7d3c1e1ed,2026-07-03T05:00:57Z,Earthquake,,www.huffingtonpost.jp,ja,0.9,ベネズエラ地震、8日ぶりに警備員を救出。倒壊した建物の下に1週間以上閉じ込められ耐え抜く,"マグニチュード7.2と7.5の地震が相次いで発生し、甚大な被害を被ったベネズエラで7月2日、倒壊したショッピングモールのがれきの下から警備員が救出された。
【画像】8日間耐え抜いた警備員エルナン・アルベルト・ヒル・フローレスさんの救助の様子
AP通信によると、救出されたのは警備員のエルナン・アルベルト・ヒル・フローレスさんだ。ヒル・フローレスさんは6月24日に地震が発生した後、北部沿岸の都市ラ・グアイラのショッピングセンターのがれきの下、約9メートルの場所に閉じ込められた。
ヒル・フローレスさんは地震発生時…",https://www.huffingtonpost.jp/entry/story_jp_6a471b1ee4b07748e75ca8eb,https://img.huffingtonpost.com/asset/6a4738a2180000067115662e.jpeg?cache=T6fLYsst4r&ops=1200_630,,"Graeme DemianykNight News Editor and US-Based Reporter, HuffPost UK","Venezuelan earthquake: Security guard rescued for the first time in 8 days. A security guard survives being trapped under a collapsed building for more than a week. On July 2nd, a security guard was rescued from under the rubble of a collapsed shopping mall in Venezuela, which suffered severe damage from successive earthquakes measuring 7.2 and 7.5 on the Richter scale.
[Image] Rescue of security guard Hernán Alberto Gil Flores, who endured for 8 days
According to the Associated Press, the person who was rescued was security guard Hernan Alberto Gil Flores. Hil Flores was trapped about 30 feet under the rubble of a shopping center in the northern coastal city of La Guaira after the June 24 earthquake.
Hill Flores was at the time of the earthquake...","Erdbeben in Venezuela: Sicherheitsbeamter zum ersten Mal seit 8 Tagen gerettet. Ein Wachmann überlebt, mehr als eine Woche lang unter einem eingestürzten Gebäude gefangen zu sein. Am 2. Juli wurde ein Sicherheitsbeamter aus den Trümmern eines eingestürzten Einkaufszentrums in Venezuela gerettet, das durch aufeinanderfolgende Erdbeben der Stärke 7,2 und 7,5 auf der Richterskala schwere Schäden erlitten hatte.
[Bild] Rettung des Wachmanns Hernán Alberto Gil Flores, der acht Tage lang ausharrte
Laut Associated Press handelte es sich bei der geretteten Person um den Sicherheitsbeamten Hernan Alberto Gil Flores. Hil Flores war nach dem Erdbeben vom 24. Juni etwa 9 Meter unter den Trümmern eines Einkaufszentrums in der nördlichen Küstenstadt La Guaira gefangen.
Hill Flores war zum Zeitpunkt des Erdbebens...","Terrae motus Venezuelan: Securitatis custodia primum in 8 diebus eripuit. Securitas custodia plus quam hebdomade sub aedificio collapsa superat. Die 2 mensis Iulii, custodia securitatis erepta est sub ruderibus viri in Venezuela mercaturae collapsae, quae grave damnum passus est ex continuis terrae motibus mensurae 7.2 et 7.5 in libra Richter.
[Imago] Hernán Alberto Gil Flores custodi securitatis eripe, qui per VIII dies pertulit
Secundum Press Associatum, homo qui liberatus est, praesidio securitatis Hernan Alberto Gil Flores erat. Hil Flores circiter 30 pedes sub ruderibus centri shoppingi comprehensi sunt in urbe maritima La Guaira post 24 Iunii terrae motus.
Hill Flores tempore terrae motus erat ...",Venezuela,NSA,South-America,usgs
315b34b3b49d2c042a2c650ae1b84077,2026-07-03T05:30:22Z,Thunderstorm,,news.mail.ru,ru,0.8,Синоптик рассказал о погоде на выходные в Москве,"Тишковец: температура до плюс 21, дождь и гроза ожидаются в Москве на выходных.",https://news.mail.ru/society/71499138/,https://resizer.mail.ru/p/d8c924e1-4ef9-5881-bf20-74428aa4a289/AAAGal4AAQuULD0eC_KQPIb-hiDg2KrzCTCqEyB41zYnCYSjeVXtis1nIfv4LS2aYBouaLIfChiYOqnOraA7gaqfQnc.jpg,,",      16 — 19 ,     — 18 — 21 ,    .","The weather forecaster spoke about the weather for the weekend in Moscow. Tishkovets: temperature up to plus 21, rain and thunderstorms are expected in Moscow over the weekend.","Der Wettervorhersager sprach über das Wetter für das Wochenende in Moskau. Tishkovets: Am Wochenende werden in Moskau Temperaturen bis plus 21 Grad, Regen und Gewitter erwartet.","Vatem tempestatis de tempestate in volutpat vestibulum Moscuae locutus est. Tishkovets: temperatura usque ad plus XXI, pluvia et tonitrua Moscuae super volutpat vestibulum expectata sunt.",Russia,ESB,Europe,wmo
ef2956cb4a2d21c7993027c516f1cdda,2026-07-03T05:50:38Z,Heat Wave,,www.lalibre.be,fr,0.3,Des experts alertent face au phénomène climatique El Niño: voici ce qui est craint ces trois prochains mois,"Le phénomène climatique El Niño en cours devrait être de ""forte"" intensité, selon l'ONU ...",https://www.lalibre.be/planete/environnement/2026/07/03/des-experts-alertent-face-au-phenomene-climatique-el-nino-voici-ce-qui-est-craint-ces-trois-prochains-mois-C2ORAXHGRFGK3FTPTJE7537VDU/,https://www.lalibre.be/resizer/v2/P7O63DIOTNDYZMYS337SHRUYMU.jpg?auth=6b357ebc448b34628ae53619dea8bd810ee42d2de75a5ecd4fcc82d92148cedb&width=1200&height=630&quality=85&focal=1999%2C1499,,"Le phénomène climatique réchauffant El Niño a commencé : ""Un épisode potentiellement sans précédent""Le bulletin saisonnier sur le climat, publié chaque mois par l'OMM, fait état d'une évolution rapid… [+3678 chars]","Experts warn of the El Niño climate phenomenon: here is what is feared over the next three months. The current El Niño climatic phenomenon should be of ""strong"" intensity, according to the UN...",Experten warnen vor dem Klimaphänomen El Niño: Das ist in den nächsten drei Monaten zu befürchten. Das aktuelle Klimaphänomen El Niño dürfte laut UN von „starker“ Intensität sein...,"Periti phaenomenon climatis El Niño monent: hic timetur per tres proximos menses. Praesens El Niño phaenomenon climaticum debet esse vehementiae ""fortis"", secundum IR...",Switzerland,WCE,Europe,wmo
616537d15ce01673550460954121ee70,2026-07-03T05:50:56Z,Earthquake,,www.yenicaggazetesi.com,tr,0.9,"Endonezya'da 6,2 büyüklüğünde deprem","Endonezya açıklarında 6,2 büyüklüğünde deprem meydana geldi.",https://www.yenicaggazetesi.com/endonezyada-62-buyuklugunde-deprem-1047234h.htm,https://img.yenicaggazetesi.com/rcman/Cw1280h720q95gc/storage/files/images/2026/07/03/endonezyada-62-buyuklugunde-deprem-vnsx.jpg,http://web.archive.org/web/20260704045137/https://www.yenicaggazetesi.com/endonezyada-62-buyuklugunde-deprem-1047234h.htm,"ABD Jeolojik Aratrma Merkezi (USGS), 6,2 büyüklüündeki depremin merkez üssünün Tobelo'nun 58 kilometre batsndaki deniz açklarnda belirlendiini açklad.
Yaplan deerlendirmeye göre sarsnt, yerin 120,9 … [+192 chars]",6.2 magnitude earthquake in Indonesia. A 6.2 magnitude earthquake occurred off the coast of Indonesia.,"Erdbeben der Stärke 6,2 in Indonesien. Vor der Küste Indonesiens ereignete sich ein Erdbeben der Stärke 6,2.",6.2 Magnitudo terrae motus in Indonesia. A 6.2 Magnitudo terrae motus factus est ad oram Indonesiae.,,,,random
7be4fe79abf184bd9e6e0ce6105a8750,2026-07-03T05:54:10Z,Earthquake,,www.yenicaggazetesi.com,tr,0.9,"Japonya'da 6,1 büyüklüğünde deprem","Japonya'nın güneyinde bulunan Miyako Adası açıklarında 6,1 büyüklüğünde bir deprem kaydedildi.",https://www.yenicaggazetesi.com/japonyada-61-buyuklugunde-deprem-1047235h.htm,https://img.yenicaggazetesi.com/rcman/Cw1280h720q95gc/storage/files/images/2026/07/03/japonyada-61-buyuklugunde-deprem-ykzm.jpg,http://web.archive.org/web/20260704021946/https://www.yenicaggazetesi.com/japonyada-61-buyuklugunde-deprem-1047235h.htm,"ABD Jeolojik Aratrma Merkezi (USGS) tarafndan paylalan bilgilere göre sarsntnn merkez üssü, Okinawa'ya bal Miyako Adas'nn kuzeydousunda, kyya 136 kilometre uzaklkta belirlendi. Depremin yerin 10 kilo… [+189 chars]",6.1 magnitude earthquake in Japan. A 6.1 magnitude earthquake was recorded off the coast of Miyako Island in southern Japan.,"Erdbeben der Stärke 6,1 in Japan. Vor der Küste der Insel Miyako im Süden Japans wurde ein Erdbeben der Stärke 6,1 registriert.",6.1 Magnitudo terrae motus in Iaponia. Magnitudo terrae motus a 6.1 a litore Miyako Islandiae in Iaponia meridionali commemoratus est.,,,,random
7bed82d3e5b56837335353c12d64ff36,2026-07-03T06:00:10Z,Earthquake,,anlatilaninotesi.com.tr,tr,0.9,Venezuela'da deprem felaketinde can kaybı 2 bin 595'e yükseldi,"Venezuela Geçici Devlet Başkanı Delcy Rodriguez, 24 Haziran'da meydana gelen 7,2 ve 7,5 büyüklüğündeki depremlerde hayatını kaybedenlerin sayısının 2 bin 595'e, yaralı sayısının ise 12 bin 400'e ulaştığını açıkladı. Arama kurtarma çalışmalarına 33 ülkeden eki…",https://anlatilaninotesi.com.tr/20260703/venezuelada-deprem-felaketinde-can-kaybi-2-bin-595e-yukseldi-1106965340.html,https://cdn.img.anlatilaninotesi.com.tr/images/sharing/article/tur/1106965340.jpg?11068443111783058411,http://web.archive.org/web/20260703083734/https://anlatilaninotesi.com.tr/20260703/venezuelada-deprem-felaketinde-can-kaybi-2-bin-595e-yukseldi-1106965340.html,"Rusya, ABD, Avrupa ve Ortadou bata olmak üzere dünyann dört bir yanndan son dakika haberleri, analizler ve özel dosyalar.
https://anlatilaninotesi.com.tr/20260703/venezuelada-deprem-felaketinde-can-… [+4462 chars]",The loss of life in the earthquake disaster in Venezuela increased to 2 thousand 595. Venezuelan Interim President Delcy Rodriguez announced that the number of deaths in the 7.2 and 7.5 magnitude earthquakes that occurred on June 24 reached 2 thousand 595 and the number of injured reached 12 thousand 400. Participation in search and rescue efforts from 33 countries…,"Die Zahl der Todesopfer bei der Erdbebenkatastrophe in Venezuela stieg auf 2.595. Der venezolanische Interimspräsident Delcy Rodriguez gab bekannt, dass die Zahl der Todesopfer bei den Erdbeben der Stärke 7,2 und 7,5 am 24. Juni 2.595 und die Zahl der Verletzten 12.400 erreicht habe. Teilnahme an Such- und Rettungsaktionen aus 33 Ländern…","Amissio vitae in Venezuela in motu terrae aucta ad 2 milia 595. Venezuelan Interim Praeses Delcy Rodriguez denuntiavit numerum mortium in 7.2 et 7.5 terrae motuum magnitudine, qui die 24 mensis Iunii pervenerunt, ad 2 milia 595 et numerus laesae pervenit ad 12 milia 400. Participatio quaerendi et liberandi conatus ex 33 regionibus…",,,,random
fba51478b1c64ee313400ce2017acbc0,2026-07-03T06:06:46Z,Snow&Ice,,www.patronlardunyasi.com,tr,0.9,İki Asya ülkesi; Endonezya ve Japonya depremlerle sarsıldı,"Japonya'nın güneyindeki Miyako Adası açıklarında 6,1 büyüklüğünde deprem meydana geldi. Endonezya'da ise 6,2 büyüklüğünde deprem meydana geldi.",https://www.patronlardunyasi.com/iki-asya-ulkesi-endonezya-ve-japonya-depremlerle-sarsildi,https://i.pdimage.com/static/content/26-07/03/depere.png,,"Asya ktasnn iki ülkesi, Japonya ve Endonezya büyük depremlerle sarsld.
JAPONYA'DA 6,1 BÜYÜKLÜÜNDE DEPREM
Japonya'nn güneyindeki Miyako Adas açklarnda 6,1 büyüklüünde deprem meydana geldi.
ABD Jeol… [+641 chars]",Two Asian countries; Indonesia and Japan were shaken by earthquakes. A 6.1 magnitude earthquake occurred off the coast of Miyako Island in southern Japan. A 6.2 magnitude earthquake occurred in Indonesia.,"Zwei asiatische Länder; Indonesien und Japan wurden von Erdbeben erschüttert. Vor der Küste der Insel Miyako im Süden Japans ereignete sich ein Erdbeben der Stärke 6,1. In Indonesien ereignete sich ein Erdbeben der Stärke 6,2.",Asiae duae nationes; Indonesia et Iaponia terrae motu concussa sunt. Magnitudo terrae motus factus est inter litus Miyako Island in Iaponia meridiana. A 6.2 Magnitudo terrae motus in Indonesia facta est.,,,,random
4a1863e4344a1f319c1c5c7b96df81fa,2026-07-03T06:41:04Z,Earthquake,,prtimes.jp,ja,0.9,2026年ベネズエラ地震の被害に対する支援について,"[三菱電機ビルソリューションズ株式会社]
　三菱電機ビルソリューションズ株式会社（取締役社長 織田 巌、本社：東京都千代田区）は、2026年6月24日にベネズエラで発生した地震により被災された方々の救済や被災地の復興に役立てていただくため、日本赤十...",https://prtimes.jp/main/html/rd/p/000000033.000143377.html,https://prtimes.jp/common/pc_v4/og.png,,"2026624300
C.A. Venezolana de Ascensores CEOMr. Jose Jacinto Faria","Regarding support for victims of the 2026 Venezuela earthquake. [Mitsubishi Electric Building Solutions Co., Ltd.]
Mitsubishi Electric Building Solutions Co., Ltd. (President: Iwao Oda, Headquarters: Chiyoda-ku, Tokyo) has donated to the Japanese Red Cross to help those affected by the earthquake that occurred in Venezuela on June 24, 2026, and to help rebuild the disaster area.","Zur Unterstützung der Opfer des Erdbebens in Venezuela im Jahr 2026. [Mitsubishi Electric Building Solutions Co., Ltd.]
Mitsubishi Electric Building Solutions Co., Ltd. (Präsident: Iwao Oda, Hauptsitz: Chiyoda-ku, Tokio) hat an das Japanische Rote Kreuz gespendet, um den Opfern des Erdbebens in Venezuela am 24. Juni 2026 zu helfen und beim Wiederaufbau des Katastrophengebiets zu helfen.","Ad subsidium victimarum terrae motus Venetiolae 2026 spectantia. [Mitsubishi Electric Building Solutions Co., Ltd.]
Mitsubishi Electric Aedificium Solutiones Co, Ltd. (Praeses: Iwao Oda, Praeses: Chiyoda-ku, Tokyo) Iaponicis Red Cross donata adiuvant motus qui in Venezuela die 24 Iunii 2026 acciderunt, et ut calamitatem reficerent.",,,,random
944291221c280cbdabf0649b5c8a6c70,2026-07-03T07:06:37Z,Heat Wave,,www.ixbt.com,ru,0.7,"Жара в Европе 40 градусов. Из чего строить дом, чтобы летом там жить в комфортной прохладе","В условиях жары
этого года в Европе, года, температура достигает 40 градусов, можно
предположить, что центр России в ближайшее времена тоже станет местом изнуряющее
жарких летних сезонов. Никто от...Читать дальше",https://www.ixbt.com/live/offtopic/zhara-v-evrope-40-gradusov-iz-chego-stroit-dom-chtoby-letom-tam-zhit-v-komfortnoy-prohlade.html,https://img.ixbt.site/live/topics/preview/00/15/84/34/7cbe662143.png,,", , 40 , 
, 
 . .
( , 
 ). , 
 , 7-10 , .
—  . 
 . 
() () (
 , , , ) 
 (), . ,
 .
, 
 , , 
 , 
 , , 
 .
, ,
 .
, 
 . , 
 . , 640
 380 .
380 ( ) 
 = 0,47
/(·°).
 — R = / ,  —… [+746 chars]","The heat in Europe is 40 degrees. What to build a house from so that you can live comfortably cool there in the summer. In hot conditions
this year in Europe, the temperature reaches 40 degrees, you can
to assume that the center of Russia in the near future will also become a debilitating place
hot summer seasons. Nobody from...Read more","Die Hitze in Europa beträgt 40 Grad. Woraus man ein Haus baut, damit man dort im Sommer angenehm kühl wohnen kann. Unter heißen Bedingungen
In diesem Jahr erreicht die Temperatur in Europa 40 Grad, das ist möglich
anzunehmen, dass auch das Zentrum Russlands in naher Zukunft zu einem schwächenden Ort werden wird
heiße Sommersaison. Niemand aus...Weiterlesen","Calor in Europa est 40 gradus. Quae domum edificant, ut ibi aestate refrigerari commode possis. In calidum conditionibus
Hoc anno in Europa temperatura 40 gradus attingere potes
assumere centrum Russiae in proximo futurum etiam locum debilitatem fieri
calidis aestatis temporibus. Nemo ex... Read more",Russia,ESB,Europe,wmo
10457dc919297fd7e34ea7280adffb27,2026-07-03T07:39:18Z,Storm,,www.ilsole24ore.com,it,0.3,"Ultimi temporali, poi nuova svolta calda dal weekend","Il fronte temporalesco, dopo aver colpito duramente il Nord con grandine e raffiche di vento fino a 100 km/h, si sposta verso le regioni del Centro-Sud. Sarà l’ultimo sussulto del...",https://www.ilsole24ore.com/art/ultimi-temporali-poi-nuova-svolta-calda-weekend-AI8HAtzD,https://i2.res.24o.it/images2010/S24/Documenti/2026/07/04/Immagini/Ritagli/LP_24562503-U78768348160AQr-1440x752@IlSole24Ore-Web.jpg?r=1170x507,,"Ascolta la versione audio dell'articolo
Il fronte temporalesco, dopo aver colpito duramente il Nord con grandine e raffiche di vento fino a 100 km/h, si sposta verso le regioni del Centro-Sud. Sarà … [+2131 chars]","Latest storms, then a new hot turn from the weekend. The storm front, after having hit the North hard with hail and gusts of wind up to 100 km/h, moves towards the Central-Southern regions. It will be the last gasp of...","Neueste Stürme, dann eine neue heiße Wendung vom Wochenende. Nachdem die Sturmfront den Norden mit Hagel und Windböen von bis zu 100 km/h hart getroffen hat, bewegt sie sich in Richtung der zentral-südlichen Regionen. Es wird der letzte Atemzug von... sein.","Tardus procellas, deinde novum calidum turn a volutpat. Tempestas anterior, postquam Septentrionalem plagam grandine et procellis ventorum usque ad 100 km/h percussa, versus Central-meridionales regiones movet. Ultimum intervallum erit...",Italy,MED,Europe,wmo
c1b681e2a110e1fdfe99eedc34960425,2026-07-03T08:25:36Z,Flood,,www.cricketnews.com,en,0.3,Melbourne Renegades vs Perth Scorchers in Chennai: Cricket Australia finalises BBL 2026 opener as Big Bash comes to India,Cricket Australia locks in a historic BBL season opener on Indian soil.,https://www.cricketnews.com/en/cricket/news/melbourne-renegades-perth-scorchers-chennai-bbl-2026-opener-big-bash/a84ce7150388d8d14268d858,https://s.yimg.com/lo/mysterio/api/099ff1232e4249ebc6be2064f7d296e4672af722b1567f402455b8ab16c55342/lightyear_networkapi/resizefill_w760_h427;quality_80;format_webp/https:%2F%2Fmedia.zenfs.com%2Fen%2Fthe_cricket_news_articles_506%2F4a4e85fe86922547f31cca36cf1ee873,http://web.archive.org/web/20260704055149/https://www.cricketnews.com/en/cricket/news/melbourne-renegades-perth-scorchers-chennai-bbl-2026-opener-big-bash/a84ce7150388d8d14268d858,Melbourne Renegades vs Perth Scorchers in Chennai: Cricket Australia finalises BBL 2026 opener as Big Bash comes to India originally appeared on Cricket News. Add Cricket News as a Preferred Source b… [+3092 chars],Melbourne Renegades vs Perth Scorchers in Chennai: Cricket Australia finalises BBL 2026 opener as Big Bash comes to India. Cricket Australia locks in a historic BBL season opener on Indian soil.,"Melbourne Renegades gegen Perth Scorchers in Chennai: Cricket Australia schließt den Auftakt der BBL 2026 ab, während Big Bash nach Indien kommt. Cricket Australia feiert einen historischen BBL-Saisonauftakt auf indischem Boden.",Melbourne Renegades Perth Scorchers in Chennai: Australia Cricket finalisat BBL 2026 aperitor ut Magnus Bash in Indiam venit. Cricket Australia crines in BBL historico tempore aperiente in solo Indico.,United States,CNA,North-America,wmo
93e00e8e296cfb84c4ec8c1a9afa9b3a,2026-07-03T08:27:53Z,Heat Wave,,www.aljazeera.net,ar,0.9,لهيب أوروبا.. 3700 وفاة إضافية في فرنسا وهولندا وبلجيكا جراء موجة الحر,سجلت فرنسا وهولندا وبلجيكا 3700 وفاة زائدة جراء موجة حر ضربت أوروبا أواخر يونيو/حزيران الماضي، وسط تحذيرات من أن الحصيلة أولية وقد ترتفع.,https://www.aljazeera.net/news/2026/7/3/3700-%d9%88%d9%81%d8%a7%d8%a9-%d8%a5%d8%b6%d8%a7%d9%81%d9%8a%d8%a9-%d9%81%d9%8a-%d9%81%d8%b1%d9%86%d8%b3%d8%a7-%d9%88%d9%87%d9%88%d9%84%d9%86%d8%af%d8%a7-%d9%88%d8%a8%d9%84%d8%ac%d9%8a%d9%83%d8%a7,https://www.aljazeera.net/wp-content/uploads/2026/07/epa_6a478f08c71c-1783074568.jpg?resize=1920%2C1440,http://web.archive.org/web/20260703131036/https://www.aljazeera.net/news/2026/7/3/3700-%D9%88%D9%81%D8%A7%D8%A9-%D8%A5%D8%B6%D8%A7%D9%81%D9%8A%D8%A9-%D9%81%D9%8A-%D9%81%D8%B1%D9%86%D8%B3%D8%A7-%D9%88%D9%87%D9%88%D9%84%D9%86%D8%AF%D8%A7-%D9%88%D8%A8%D9%84%D8%AC%D9%8A%D9%83%D8%A7,"3700 / .
 20 28 / .
 30% 22 28 / 62% .
 29.1% 2025 .
 45 .
 30% 10 3 .
 200 .
 ()
3 .
 .
 3 3 .
 .
 .
 "" 15 3 .
 7 8700 (1 = 10 ).
 "" "" .
 39% ()
480 .
 22 28 / 80 .
 .
 / 40 .
 … [+60 chars]","The flames of Europe... 3,700 additional deaths in France, the Netherlands, and Belgium as a result of the heat wave. France, the Netherlands and Belgium recorded 3,700 excess deaths as a result of a heat wave that struck Europe late last June, amid warnings that the toll is preliminary and may rise.","Die Flammen Europas... 3.700 zusätzliche Todesfälle in Frankreich, den Niederlanden und Belgien infolge der Hitzewelle. Frankreich, die Niederlande und Belgien verzeichneten 3.700 zusätzliche Todesfälle infolge einer Hitzewelle, die Ende Juni letzten Jahres Europa heimsuchte, und es wurde gewarnt, dass die Zahl vorläufig sei und steigen könnte.","Flammae Europae ... 3,700 mortes additae in Gallia, in Belgio, et in Belgio propter undam aestus. Gallia, Nederlandia et Belgium commemorantur 3,700 mortes excessus ob aestum fluctuum qui Europam exeunte Iunio proxime percussit, inter admonitiones thelonei praeliminares esse et oriri posse.",,,,random
3c8e0532123a9be7cb468e792134e0fb,2026-07-03T08:45:32Z,Drought,,www.dhnet.be,fr,0.7,"Sécheresse: la France déjà sous tension, avec une alerte rouge incendie ! Voici les températures attendues dans les destinations préférées des Belges","Pendant que la Belgique profite d’un répit, la France reste confrontée à une sécheresse marquée. On redoute une aggravation du risque d’incendies dans plusieurs régions. ...",https://www.dhnet.be/actu/belgique/2026/07/03/secheresse-la-france-deja-sous-tension-avec-une-alerte-rouge-incendie-voici-les-temperatures-attendues-dans-les-destinations-preferees-des-belges-KVNFWS4MZNE5ZCDGTVZ3CQSYJY/,https://www.dhnet.be/resizer/v2/EZNIF4U2ANH7NFQIXBYNHLLASU.jpg?auth=643fcfd5415c8b898f6fafab9b1f0e5d3f5ff0b4870533ca57172f2d099a1104&width=1200&height=630&quality=85&focal=3312%2C2208,http://web.archive.org/web/20260704010618/https://www.dhnet.be/actu/belgique/2026/07/03/secheresse-la-france-deja-sous-tension-avec-une-alerte-rouge-incendie-voici-les-temperatures-attendues-dans-les-destinations-preferees-des-belges-KVNFWS4MZNE5ZCDGTVZ3CQSYJY/,"Le météorologue se montre aussi particulièrement inquiet pour le sud de la France. ""Le moindre coup de vent déclenche déjà d'importants incendies de forêt. Et cela ne risque malheureusement pas de s'… [+2314 chars]","Drought: France already under tension, with a red fire alert! Here are the temperatures expected in Belgians' favorite destinations. While Belgium benefits from a respite, France remains faced with a marked drought. We fear a worsening risk of fires in several regions. ...","Dürre: Frankreich bereits unter Spannung, mit Feueralarm rot! Hier sind die erwarteten Temperaturen in den beliebtesten Reisezielen der Belgier. Während Belgien von einer Atempause profitiert, ist Frankreich weiterhin mit einer ausgeprägten Dürre konfrontiert. Wir befürchten, dass die Brandgefahr in mehreren Regionen zunimmt. ...","Siccitas: Gallia iam sub tensione, cum igne rubeo intentus! Hic temperaturae exspectantur in locis gratissimis Belgarum. Dum Belgium ab requie prodest, Gallia ob siccitatem notabili permanet. Pluribus regionibus incendium graviorem periculum timemus. ...",Belgium,WCE,Europe,edo
2a5cdc2d55e10ff3a082e3fee70b22ab,2026-07-03T08:48:48Z,Heat Wave,,pogoda.mail.ru,ru,0.7,35-градусная жара сегодня овладеет частью России,"Рассказываем, какая погода ожидается в регионах России 3 июля 2026. Прогноз на пятницу, куда придет 35-градусная жара, где начнут идти дожди, где возможен град.",https://pogoda.mail.ru/news/71500014/,https://resizer.mail.ru/p/51d15665-cffa-5689-af57-3fb8a5d7e4db/AAAGwky5r_oxHXlxBJW1TTELB99txrlBiwIu6HLTJGdBZybujWm05Nv7gAkXCEAQAFN-WywmwNN1E0Gy-uB0qPb35q8.jpg,,", 3 , . , ,  ,  +35 °. . 30-    .   .   , .
  .  ,   +30°.     , 4 , .   ,   .        .   — +27°,   — +30°.
  ,   .     +23°,   — +22°,   — +25°,   — +27°.
   .    +25°.   :   — +31°,   — +32°,   … [+8 chars]","35-degree heat will hit part of Russia today. We tell you what weather is expected in the regions of Russia on July 3, 2026. Forecast for Friday, where the heat will reach 35 degrees, where it will begin to rain, where hail is possible.","35 Grad Hitze werden heute einen Teil Russlands treffen. Wir sagen Ihnen, welches Wetter in den Regionen Russlands am 3. Juli 2026 erwartet wird. Vorhersage für Freitag, wo die Hitze 35 Grad erreichen wird, wo es zu regnen beginnt und wo Hagel möglich ist.","35-gradus caloris partem Russiae hodie feriet. Dicimus vobis quanta tempestas expectetur in regionibus Russiae die 3 mensis Iulii anno 2026. Praedictio Veneris, ubi calor 35 gradus pervenerit, ubi pluere incipiet, ubi grando fieri potest.",Russia,ESB,Europe,wmo
241c5e7cdc91f1fdd6a3169a1cd943ec,2026-07-03T09:02:51Z,Heat Wave,,www.patronlardunyasi.com,tr,0.8,Fransa'da sıcaklar bir haftada 2 binden fazla can aldı,"Fransız hükümeti, haziranda ülkeyi etkisi altına alan sıcak hava dalgası sırasında, bir haftada geçmiş yılların ortalamasına göre 2 bini aşkın fazla ölüm kaydedildiğini bildirdi.",https://www.patronlardunyasi.com/fransada-sicaklar-bir-haftada-2-binden-fazla-can-aldi,https://i.pdimage.com/static/content/26-07/03/fransada-sicaklar-bir-haftada-2-binden-fazla-can-aldi.jpg,,"Salk Bakan Stephanie Rist, basna yapt açklamada, 22 Haziran haftasnda kaydedilen can kayplarnda bir önceki haftaya kyasla yüzde 30 art olduunu belirtti.
Bakan Rist, ülkeyi etkisi altna alan scak hav… [+656 chars]","In France, the heat claimed more than 2 thousand lives in a week. The French government reported that during the heat wave that affected the country in June, more than 2 thousand more deaths were recorded in a week compared to the average of previous years.","In Frankreich forderte die Hitze in einer Woche mehr als 2.000 Todesopfer. Die französische Regierung berichtete, dass während der Hitzewelle, die das Land im Juni heimgesucht hatte, in einer Woche mehr als 2.000 Todesfälle mehr registriert wurden als im Durchschnitt der Vorjahre.","In Gallia aestus plus II milium vitarum in hebdomada vindicavit. Regimen Gallicum rettulit in aestu fluctuanti, qui patriam mense Iunio afficiebat, plus quam 2 milia plus mortium in septimana ad medium annorum praecedentium scripta esse.",France,WCE,Europe,wmo
1bc14959815f7d6d165959dae780ff53,2026-07-03T09:33:08Z,Heat Wave,,www.sabah.com.tr,tr,0.9,Fransa'da sıcak hava dalgası: Bir haftada 2 bini aşkın fazla ölüm kaydedildi,"Fransız hükümeti, haziranda ülkeyi etkisi altına alan sıcak hava dalgası sırasında, bir haftada geçmiş yılların ortalamasına göre 2 bini aşkın fazla ölüm kaydedildiğini bildirdi. Paris’te 26 Haziran’da yalnızca bir günde 109 kişi sıcaklar nedeniyle yaşamını y…",https://www.sabah.com.tr/dunya/fransada-sicak-hava-dalgasi-bir-haftada-2-bini-askin-fazla-olum-kaydedildi-7615458,https://iasbh.tmgrup.com.tr/8a9113/1200/675/0/0/1065/598?u=https://isbh.tmgrup.com.tr/sbh/2026/07/03/fransada-sicak-hava-dalgasi-bir-haftada-2-bini-askin-fazla-olum-kaydedildi-1783071189067.png,http://web.archive.org/web/20260704074205/https://www.sabah.com.tr/dunya/fransada-sicak-hava-dalgasi-bir-haftada-2-bini-askin-fazla-olum-kaydedildi-7615458,"Salk Bakan Stephanie Rist, basna yapt açklamada, 22 Haziran haftasnda kaydedilen can kayplarnda bir önceki haftaya kyasla yüzde 30 art olduunu belirtti.
2 BN 25 ÖLÜM KAYDEDLD
Bakan Rist, ülkeyi etk… [+674 chars]","Heat wave in France: More than 2 thousand excess deaths were recorded in a week. The French government reported that during the heat wave that affected the country in June, more than 2 thousand more deaths were recorded in a week compared to the average of previous years. In Paris, on June 26, 109 people lost their lives due to the heat in just one day.","Hitzewelle in Frankreich: In einer Woche wurden mehr als 2.000 zusätzliche Todesfälle registriert. Die französische Regierung berichtete, dass während der Hitzewelle, die das Land im Juni heimgesucht hatte, in einer Woche mehr als 2.000 Todesfälle mehr registriert wurden als im Durchschnitt der Vorjahre. In Paris verloren am 26. Juni an nur einem Tag 109 Menschen durch die Hitze ihr Leben.","Aestus agitabit in Gallia: Plus quam 2 milia excessus funerum in hebdomada scripti sunt. Regimen Gallicum rettulit in aestu fluctuanti, qui patriam mense Iunio afficiebat, plus quam 2 milia plus mortium in septimana ad medium annorum praecedentium scripta esse. Lutetiae Parisiorum, die XXVI mensis Iunii, anno 109, uno tantum die ob aestum vitam amiserunt.",,,,random
471aae0567ff83b47dc8dc5e9192971e,2026-07-03T10:20:00Z,Snow&Ice,,www.montevideo.com.uy,es,0.8,“Todavía más frío”: el anuncio de MetSul para “el día después” de la nieve y el graupel,"El observatorio brasileño anuncio “continuidad en el frío”, pero consideró que las eventuales precipitaciones sólidas no serían relevantes.",https://www.montevideo.com.uy/Noticias/-Todavia-mas-frio--el-anuncio-de-MetSul-para-el-dia-despues-de-la-nieve-y-el-graupel-uc967103,https://imagenes.montevideo.com.uy/imgnoticias/202607/_W1200/962826.jpg,http://web.archive.org/web/20260704085236/https://www.montevideo.com.uy/Noticias/-Todavia-mas-frio--el-anuncio-de-MetSul-para-el-dia-despues-de-la-nieve-y-el-graupel-uc967103,"La intensa masa de aire polar que afecta a Uruguay provocó este jueves una inusual jornada de precipitaciones invernales en distintos puntos del país. Se registraron nevadas, lluvia helada y granizo … [+3311 chars]","“Even colder”: MetSul's announcement for “the day after” the snow and graupel. The Brazilian observatory announced “continuity in the cold,” but considered that any solid precipitation would not be relevant.","„Noch kälter“: MetSuls Ankündigung für „den Tag nach“ dem Schnee und Graupel. Das brasilianische Observatorium kündigte „Kontinuität in der Kälte“ an, war jedoch der Ansicht, dass feste Niederschläge nicht relevant seien.","“Frigidius”: denuntiatio MetSul pro ""postridie"" nix et graupel. Observatorium Brasilianum ""continuitatem in frigore"" denuntiavit, sed putavit omnem praecipitationem solidam non pertinere.",Brazil,SAM,South-America,wmo
69b7977aac89baa6fe438f8619f895a6,2026-07-03T10:46:27Z,Heat Wave,,greensavers.sapo.pt,pt,0.9,Onda de calor de junho afetou 410 milhões de pessoas na Europa,"Segundo a pesquisa da Agência France Presse (AFP) Em algum momento da onda de calor do final do passado mês de junho, as temperaturas superiores a 35°C afetaram quase toda a população da França continental e mais de três quartos das populações de Espanha e It…",https://greensavers.sapo.pt/onda-de-calor-de-junho-afetou-410-milhoes-de-pessoas-na-europa/,https://greensavers.sapo.pt/wp-content/uploads/2024/08/Calor-1024x604.jpg,http://web.archive.org/web/20260703145541/https://greensavers.sapo.pt/onda-de-calor-de-junho-afetou-410-milhoes-de-pessoas-na-europa/,"Segundo a pesquisa da Agência France Presse (AFP) Em algum momento da onda de calor do final do passado mês de junho, as temperaturas superiores a 35°C afetaram quase toda a população da França conti… [+2151 chars]","June heat wave affected 410 million people in Europe. According to research by Agence France Presse (AFP) At some point during the heat wave at the end of last June, temperatures exceeding 35°C affected almost the entire population of mainland France and more than three quarters of the populations of Spain and Italy…",Von der Hitzewelle im Juni waren in Europa 410 Millionen Menschen betroffen. Laut einer Studie der Agence France Presse (AFP) waren irgendwann während der Hitzewelle Ende Juni letzten Jahres fast die gesamte Bevölkerung des französischen Festlandes und mehr als drei Viertel der Bevölkerung Spaniens und Italiens von Temperaturen über 35 °C betroffen …,"Iunius aestu fluctus 410 miliones hominum in Europa afficiebat. Secundum investigationem ab Agence Gallia Presse (AFP) In aliquo puncto in aestu aestu exeunte exeunte Iunio, temperaturas 35°C excedentes paene totam continentem Galliam et multitudinem incolarum Hispaniae et Italiae plusquam tres partes afficiebat.",,,,random
c62f787601846387fea42ee31c1f0b2e,2026-07-03T10:57:54Z,Snow&Ice,,www.bbc.com,es,0.3,"""Los terremotos marcan a los países durante décadas y las consecuencias emocionales se llevan para siempre""","La portavoz de la Cruz Roja Internacional, Susana Arroyo, habla con BBC Mundo desde La Guaira, donde los equipos de ayuda intentan atender las necesidades básicas de los damnificados.",https://www.bbc.com/mundo/articles/cvge0vnwgzno,https://ichef.bbci.co.uk/news/1200/branded_mundo/8844/live/70527a40-760a-11f1-ac6e-25f7e4f0c9b9.jpg,http://web.archive.org/web/20260704010211/https://www.bbc.com/mundo/articles/cvge0vnwgzno,"Fuente de la imagen, Reuters
Pie de foto, Equipos de rescate llegados de todo el mundo han trabajado sin descanso buscando sobrevivientes entre los escombros.
Información del artículo<ul><li></li><… [+10737 chars]","""Earthquakes mark countries for decades and the emotional consequences are carried forever."" The spokesperson for the International Red Cross, Susana Arroyo, speaks with BBC Mundo from La Guaira, where aid teams are trying to meet the basic needs of the victims.","„Erdbeben prägen Länder jahrzehntelang und die emotionalen Folgen bleiben für immer bestehen.“ Die Sprecherin des Internationalen Roten Kreuzes, Susana Arroyo, spricht mit BBC Mundo aus La Guaira, wo Hilfsteams versuchen, die Grundbedürfnisse der Opfer zu befriedigen.","""Terrae motus signant nationes per decades et motus consequentias in aeternum portantur"". Prolocutor pro International Red Cross, Susana Arroyo, cum BBC Mundo de La Guaira loquitur, ubi iugis subsidia basic necessitatibus victimarum occurrere conantur.",United States,CNA,North-America,wmo
42b964a265af0fba9f60c682a1b7e76b,2026-07-03T11:03:28Z,Heat Wave,,www.marketingfacts.nl,nl,0.9,"In gesprek op de radio: kiezen in tijden van schaarste, Cannes, hitte en de toekomst van WhatsApp","Afgelopen week schoof ik opnieuw aan als tafelgast bij New Business Radio, waar we spraken over een nogal uiteenlopende mix van onderwerpen.",https://www.marketingfacts.nl/berichten/in-gesprek-op-de-radio-kiezen-in-tijden-van-schaarste-cannes-hitte-en-de-toekomst-van-whatsapp/,https://www.marketingfacts.nl/wp-content/uploads/2026/07/NBR-LIVE_-2-7-2026-aspect-ratio-943-471.5.jpg,,Tijdens mijn eigen bijdrage blikten we eerst terug op het Cannes Lions International Festival of Creativity. Waar natuurlijk ook AI dit jaar nadrukkelijk aanwezig was. Waar sommige creatieven zich zo… [+2128 chars],"In conversation on the radio: choosing in times of scarcity, Cannes, heat and the future of WhatsApp. Last week I again joined New Business Radio as a table guest, where we talked about a rather diverse mix of topics.","Im Gespräch im Radio: Wahl in Zeiten der Knappheit, Cannes, Hitze und die Zukunft von WhatsApp. Letzte Woche war ich erneut als Tischgast bei New Business Radio, wo wir über einen recht vielfältigen Themenmix sprachen.","In colloquio de radiophonicis: eligens in tempore inopiae, Cannes, aestus et futurum whatsapp. Ultima septimana iterum coniunxi Radiophonicum Negotium Novum tamquam mensam hospitem, ubi de mixtura potius diversorum argumentorum locuti sumus.",,,,random
8e122184f3e1800b255c8399b9db9618,2026-07-03T11:07:27Z,Tropical Cyclone,,arabic.cnn.com,ar,0.9,منزل بلا عنوان ثابت.. امرأة تترك منزلها على اليابسة للاستمتاع برحلة بحرية أبدية,"قبل عام، صعدت شارون لين على متن سفينة ""فيلا في أوديسي"" السكنية، وهي في كامل استعدادها لخوض مغامرة جديدة. هل ندمت على خوض عباب البحر على متن سفينة أصبحت منزلها؟",https://arabic.cnn.com/travel/article/2026/07/03/villa-vie-odyssey-cruise-ship-sharon-lane-one-year-on,"https://cnn-arabic-images.cnn.io/cloudinary/image/upload/w_1600,h_840,c_fill,q_auto,g_center/t_cnnarabic_watermark_logo_v5/cnnarabic/2026/06/25/images/336572.jpg",,"(CNN)-- "" "" (Villa Vie Odyssey) .
 . 
 195 .
 CNN : "" . . "".
"" "" """" . 
.Credit: Sharon Lane
"""" . 
 . 15 .
 : "" . "".
.Credit: VVR
"" ""(Villa Vie Residences) """" / 2024 .
 / 2025 .
 """" .
 .… [+257 chars]","A house without a fixed address.. A woman leaves her home on land to enjoy an eternal sea voyage. A year ago, Sharon Lynn boarded the Villa in Odyssey residential ship, ready for a new adventure. Do you regret sailing through the sea on a ship that has become your home?","Ein Haus ohne feste Adresse. Eine Frau verlässt ihr Zuhause an Land, um eine ewige Seereise zu genießen. Vor einem Jahr bestieg Sharon Lynn das Wohnschiff Villa in Odyssey, bereit für ein neues Abenteuer. Bedauern Sie es, auf einem Schiff, das zu Ihrem Zuhause geworden ist, durch das Meer gesegelt zu sein?","Domus sine certa inscriptione . Anno elapso, Sharon Lynn Villam in Odyssea navem residentialem conscendit, paratus ad novum adventum. An poenitet te navigare per mare in navi facta domo tua?",,,,random
031dd48d9b5e7438a35944e95e2adaa1,2026-07-03T12:00:48Z,Thunderstorm,,www.vulture.com,en,0.2,The 10 Best Movies and TV Shows to Watch This Weekend,"This long weekend’s best new films and TV out include ‘Minions & Monsters,’ ‘Elle,’ a second season of ‘X-Men ‘97,’ and a ‘Backrooms’ extended cut. Plus screenwriter Brian Lynch tells you what to watch.",http://www.vulture.com/article/what-to-watch-this-weekend-best-new-movies-tv-shows-july-3-5.html,https://pyxis.nymag.com/v1/imgs/49a/6f6/0d4a61f05637ccee5174c5d832212b165d-streamliner-07-02-2026.1x.rsocial.w1200.jpg,,"Happy four(th)-day weekend! Nothing like extra time to yourself to figure out how to avoid the absolute heat wave incoming. While the holiday itself will present a variety of activities, there is one… [+7543 chars]","The 10 Best Movies and TV Shows to Watch This Weekend. This long weekend’s best new films and TV out include ‘Minions & Monsters,’ ‘Elle,’ a second season of ‘X-Men ‘97,’ and a ‘Backrooms’ extended cut. Plus screenwriter Brian Lynch tells you what to watch.","Die 10 besten Filme und Fernsehsendungen, die Sie dieses Wochenende sehen können. Zu den besten neuen Filmen und TV-Ausstrahlungen dieses langen Wochenendes gehören „Minions & Monsters“, „Elle“, eine zweite Staffel von „X-Men ’97“ und ein Extended Cut von „Backrooms“. Außerdem sagt Ihnen Drehbuchautor Brian Lynch, was Sie sich ansehen sollten.","10 Optima Movies et TV spectacula ad hoc volutpat vestibulum vigilandum. Hoc longum tempus optimus novus cinematographicus et TV out includit 'Minions & Monsters,' 'Elle,' alterum tempus de 'X-Men' 97,' et 'incidere' extenditur 'Backrooms'. Plus screenwriter Brian Lynch narrat tibi quid vigilare.",Canada,NEN,North-America,wmo
50ff119ba9dd72db03667ad89541b065,2026-07-03T12:00:54Z,Heat Wave,,www.elespanol.com,es,0.7,Llega la segunda ola de calor del verano a España: Aemet activa un aviso con máximas de hasta 42ºC a partir del domingo,"Esta situación afectará especialmente al cuadrante suroccidental, los valles fluviales y depresiones del interior peninsular.  Más información: Las olas de calor causan al menos 1.028 muertes en junio, según el Carlos III: un 152% más que en 2025",https://www.elespanol.com/ciencia/meteorologia/20260703/llega-segunda-ola-calor-verano-espana-aemet-activa-aviso-maximas-partir-domingo/1003744309271_0.html,https://s3.elespanol.com/k/imgp/cms/elespanol/11307861.jpg?p=f:jpeg/w:1706/h:960&h=eiiBl3Fv,,"Aemet ha activado un aviso por la llegada de una ola de calor a España desde el domingo 5 de julio hasta al menos el martes 7, con máximas de hasta 42ºC.
Las zonas más afectadas serán el cuadrante s… [+5554 chars]","The second heat wave of the summer arrives in Spain: Aemet activates a warning with maximums of up to 42ºC starting on Sunday. This situation will especially affect the southwestern quadrant, the river valleys and depressions of the peninsular interior.  More information: Heat waves cause at least 1,028 deaths in June, according to Carlos III: 152% more than in 2025","Die zweite Hitzewelle des Sommers erreicht Spanien: Aemet aktiviert ab Sonntag eine Warnung mit Höchsttemperaturen von bis zu 42 °C. Diese Situation wird sich insbesondere auf den südwestlichen Quadranten, die Flusstäler und Senken im Inneren der Halbinsel auswirken.  Weitere Informationen: Hitzewellen verursachen laut Carlos III im Juni mindestens 1.028 Todesfälle: 152 % mehr als im Jahr 2025","Secundus fluctus aestatis aestus in Hispaniam advenit: Aemet admonitionem operatur cum maximis usque ad 42ºC inceptio die Dominico. Haec condicio maxime afficiet quadrantem meridiem occidentalem, valles fluvii et depressiones interiores peninsulares.  Plura: Fluctus aestus causant mortes saltem 1,028 mense Iunio, secundum Carlos III: 152% plus quam in 2025",Spain,MED,Europe,wmo
be83034c4a10ac029afe074cfcc9eda1,2026-07-03T12:14:33Z,Heat Wave,,observador.pt,pt,0.3,As notícias das 13h,"A aldeia de Matadagas foi evacuada durante a última noite, já a operação de evacuação de Mansores está a decorrer. Ainda, no Parlamento, Luísa Neto foi eleita Provedora de Justiça.",https://observador.pt/programas/noticiario/as-noticias-das-13h-2374/,https://bordalo.observador.pt/v2/rs:fill:770:403/c:770:433:nowe:0:0/q:70/f:webp/plain/https://s3.observador.pt/wp-content/uploads/2026/06/15153459/770-podcast-noticiario.png,,"Esta transcrição foi gerada automaticamente por Inteligência Artificial e pode conter erros ou imprecisões.É uma hora. Está a começar o Jornal da Uma, com a edição do Vasco Maldonado Correia. Vasco, … [+7963 chars]","The 1pm news. The village of Matadagas was evacuated last night, while the Mansores evacuation operation is underway. Furthermore, in Parliament, Luísa Neto was elected Ombudsman.","Die 13-Uhr-Nachrichten. Das Dorf Matadagas wurde letzte Nacht evakuiert, während die Evakuierungsaktion in Mansores im Gange ist. Darüber hinaus wurde Luísa Neto im Parlament zur Ombudsfrau gewählt.","The 1pm news. Villa Matadaga heri emissus est, dum Mansores emissus operandi comparatus est. Praeterea in parlamento Luísa Neto Ombudsman electus est.",,,,random
a23941b7ac792469d4aae25846a2e4d7,2026-07-03T12:44:29Z,Heat Wave,,olhardigital.com.br,pt,0.9,Frio ganha força no Sul entre sexta e sábado; Norte mantém chuva localizada e Nordeste segue com tempo seco,"Geadas, ventos costeiros, calor intenso e chuva localizada desenham um cenário de contrastes climáticos entre as regiões do país
O post Frio ganha força no Sul entre sexta e sábado; Norte mantém chuva localizada e Nordeste segue com tempo seco apareceu primei…",https://olhardigital.com.br/2026/07/03/ciencia-e-espaco/frio-ganha-forca-no-sul-entre-sexta-e-sabado-norte-mantem-chuva-localizada-e-nordeste-segue-com-tempo-seco/,https://olhardigital.com.br/wp-content/uploads/2025/08/geada.jpg,http://web.archive.org/web/20260704090500/https://olhardigital.com.br/2026/07/03/ciencia-e-espaco/frio-ganha-forca-no-sul-entre-sexta-e-sabado-norte-mantem-chuva-localizada-e-nordeste-segue-com-tempo-seco/,"A chegada de uma frente fria altera as condições do tempo em diferentes áreas do Brasil entre sexta-feira (3) e sábado (4), com queda acentuada das temperaturas no Sul, avanço da friagem para parte d… [+5095 chars]","Cold gains strength in the South between Friday and Saturday; The North maintains localized rain and the Northeast continues with dry weather. Frosts, coastal winds, intense heat and localized rain create a scenario of climatic contrasts between the country's regions
The post Cold gains strength in the South between Friday and Saturday; North maintains localized rain and Northeast continues with dry weather appeared first…","Zwischen Freitag und Samstag nimmt die Kälte im Süden zu; Im Norden gibt es weiterhin örtliche Regenfälle und im Nordosten herrscht weiterhin trockenes Wetter. Frost, Küstenwinde, starke Hitze und örtlicher Regen schaffen ein Szenario klimatischer Kontraste zwischen den Regionen des Landes
Die Post-Cold gewinnt im Süden zwischen Freitag und Samstag an Stärke; Im Norden kommt es weiterhin zu örtlich begrenzten Niederschlägen und im Nordosten herrscht weiterhin trockenes Wetter, das zuerst auftrat …","Frigidum robur obtinet in meridie inter Veneris et Saturni ; Imbrem localem Septentrionalis obtinet et Auster cum siccitate pergit. Pruinae, venti maritimi, aestus intensi et pluviae locales effectae contrarias missiones climaticarum inter regiones patriae creant.
Frigidus post meridiem vires obtinet inter Veneris et Saturni; Septentrionalis pluviam localatam servat et Orientem brumalem continuat cum siccitate visus primus…",,,,random
9fc1f84768b1ddb771351ef28b5acf7a,2026-07-03T12:53:00Z,Snow Avalanche,,www.donanimhaber.com,tr,0.9,OpenAI'dan dikkat çeken teklif: Hisse verelim ABD bize ortak olsun,Yapay zekâ yatırımlarına karşı tepkilerin çığ gibi büyüdüğü bir dönemde OpenAI CEO'su Sam Altman'dan dikkat çeken bir teklif geldi: Hisselerimizin bir kısmını kamu yararı için devlete devredelim.,https://www.donanimhaber.com/openai-hisselerinin-bir-kismini-devlete-verebilir--207637,https://www.donanimhaber.com/images/images/haber/207637/1200x675openai-hisselerinin-bir-kismini-devlete-verebilir.jpg,,"a').click(); event.preventDefault();""&gt;Tam Boyutta GörSon dönemde özellikle ABD'nin kamu yatrmlarnn büyük bir ksmn yapay zekâ ile balantl projelere aktarmaya balamas, halkta ciddi bir rahatszlk yar… [+2662 chars]","Remarkable offer from OpenAI: Let's give shares and let the USA become our partner. At a time when reactions against artificial intelligence investments are growing like an avalanche, a remarkable proposal came from OpenAI CEO Sam Altman: Let's transfer some of our shares to the state for the public good.","Bemerkenswertes Angebot von OpenAI: Geben wir Anteile und lassen Sie die USA unser Partner werden. In einer Zeit, in der die Reaktionen gegen Investitionen in künstliche Intelligenz wie eine Lawine zunehmen, kam ein bemerkenswerter Vorschlag von OpenAI-CEO Sam Altman: Lassen Sie uns einige unserer Anteile zum Wohle der Allgemeinheit an den Staat übertragen.","Praeclara oblatio ab OpenAI: partes demus et in USA socium nostrum fiamus. In tempore, cum motus contra machinationes artificiosas intelligentiae sicut NIVIS crescunt, propositio mirabilis venit ab OpenAI CEO Sam Altman: aliquas nostras portiones ad statum rei publicae transeamus.",,,,random
a51af7b3a9d8a33b8bca6e75d38bb139,2026-07-03T12:54:31Z,Fog,,economictimes.indiatimes.com,en,0.2,Fourth of July weather forecast in US: “Potentially the hottest ever” as heat dome sends temperatures soaring above 100 degrees across multiple states,"Fourth of July weather update: Millions across the eastern United States face dangerous heat this Fourth of July weekend, with temperatures potentially reaching 115 degrees Fahrenheit due to a heat dome.  Forecasters warn of record-breaking highs and little o…",https://economictimes.indiatimes.com/news/new-updates/fourth-of-july-weather-forecast-in-us-potentially-the-hottest-ever-as-heat-dome-sends-temperatures-soaring-above-100-degrees-across-multiple-states/articleshow/132162506.cms,"https://img.etimg.com/thumb/msid-132162485,width-1200,height-630,imgsize-368102,overlay-economictimes/articleshow.jpg",,"Millions of Americans heading out for Fourth of July celebrations may have to contend with a mix of dangerous heat, severe thunderstorms and flash flood threats as weather conditions vary dramaticall… [+4658 chars]","Fourth of July weather forecast in US: “Potentially the hottest ever” as heat dome sends temperatures soaring above 100 degrees across multiple states. Fourth of July weather update: Millions across the eastern United States face dangerous heat this Fourth of July weekend, with temperatures potentially reaching 115 degrees Fahrenheit due to a heat dome.  Forecasters warn of record-breaking highs and little o…","Wettervorhersage für den 4. Juli in den USA: „Potenziell die heißeste aller Zeiten“, da die Hitzekuppel die Temperaturen in mehreren Bundesstaaten auf über 100 Grad ansteigen lässt. Wetterupdate für den 4. Juli: Millionen Menschen im Osten der USA sind an diesem Wochenende des 4. Juli mit gefährlicher Hitze konfrontiert, wobei die Temperaturen aufgrund einer Hitzekuppel möglicherweise 115 Grad Fahrenheit erreichen können.  Meteorologen warnen vor rekordverdächtigen Höchstwerten und wenig …","Quartum Idus Iulii tempestas praecognoscet in US: ""Potentia calidissima semper"" sicut firmamentum caloris emittit temperaturas supra 100 gradus per plures civitates lapsas. Iuliae tempestatis renovatio quarta: Ingentis trans Civitates Americae orientalis periculum faciei caloris huius quarti Iulii volutpat, cum temperaturis 115 gradus Fahrenheit ob firmamenti calorem potentialiter attingens.  Vates monent recordum praevaricationem grauis et parum o…",United States,CNA,North-America,wmo
0b7cb43e35cb707723bb316ffe56cae8,2026-07-03T13:02:16Z,Thunderstorm,,iz.ru,ru,0.7,Дождь с грозой и усиление ветра ожидаются в Подмосковье до утра 4 июля,"Дождь, гроза, град и ветер до 17 м/с ожидаются в Подмосковье с вечера пятницы до утра субботы, 4 июля. Об этом пресс-служба управления МЧС России по региону сообщила 3 июля.«Согласно прогнозу погоды федерального государственного бюджетного учреждения «Централ…",https://iz.ru/2126533/2026-07-03/dozhd-s-grozoi-i-usilenie-vetra-ozhidaiutsia-v-podmoskove-do-utra-4-iiulia,http://cdn.iz.ru/sites/default/files/styles/900x506/public/news-2026-07/DK108591%20copy%202.jpg?itok=ZtMAR8rb,,", , 17 / , 4 . - 3 .
« « », 18:00 3 10:00 4 , , , », «».
 .
 4 5 +18 +23 , « 24».
 , 4 , . +23 , +19 . - , 3 /.
 , 2 2026 , 360.ru.","Rain with thunderstorms and increased wind are expected in the Moscow region until the morning of July 4th. Rain, thunderstorm, hail and wind up to 17 m/s are expected in the Moscow region from Friday evening to Saturday morning, July 4. The press service of the Russian Ministry of Emergency Situations for the region reported this on July 3. “According to the weather forecast of the federal state budgetary institution “Central ...","Bis zum Morgen des 4. Juli wird in der Region Moskau mit Regen mit Gewittern und verstärktem Wind gerechnet. Von Freitagabend bis Samstagmorgen, dem 4. Juli, werden in der Region Moskau Regen, Gewitter, Hagel und Windgeschwindigkeiten von bis zu 17 m/s erwartet. Der Pressedienst des russischen Katastrophenschutzministeriums für die Region meldete dies am 3. Juli. „Laut der Wettervorhersage der föderalen Staatshaushaltsinstitution „Zentrale ...","Pluviae cum procellis et venti auctis exspectantur in regione Mosquae usque ad mane 4 mensis Iulii. Pluviis, tonitrui, grando et venti usque ad diem 17 m/s exspectantur in regione Moscuensi a vespere Veneris usque ad mane Saturni, Iulias 4. Ministerium diurnariis Russorum Ministerii Emergency Situationis regioni hoc die 3. Iulii nuntiaverunt “Secundum tempestatem praenuntiationem institutionis oeconomicae status foederati “Centralis ...",Russia,ESB,Europe,wmo
fbb006760debb31bb78f9c37c061f36e,2026-07-03T13:21:01Z,Heat Wave,,www.hwupgrade.it,it,0.3,FiberCop porterà la fibra Gigabit in 478 mila case: vinto bando da 712 milioni di euro,Il Consiglio di amministrazione di Invitalia ha approvato il finanziamento che porterà la fibra Gigabit a oltre 477mila indirizzi in tutta Italia entro il 2030,https://www.hwupgrade.it/news/web/fibercop-portera-la-fibra-gigabit-in-478-mila-case-vinto-bando-da-712-milioni-di-euro_155748.html,https://www.hwupgrade.it/i/n/FibraOttica_720_1_720.jpg,http://web.archive.org/web/20260703144557/https://www.hwupgrade.it/news/web/fibercop-portera-la-fibra-gigabit-in-478-mila-case-vinto-bando-da-712-milioni-di-euro_155748.html,"Invitalia ha assegnato a FiberCop un finanziamento fino a 712,5 milioni di euro per estendere la rete in fibra ottica a banda ultra larga su tutto il territorio nazionale. Il Consiglio di amministraz… [+3125 chars]",FiberCop will bring Gigabit fiber to 478 thousand homes: 712 million euro tender won. The Invitalia Board of Directors has approved the financing that will bring Gigabit fiber to over 477 thousand addresses throughout Italy by 2030,"FiberCop wird 478.000 Haushalte mit Gigabit-Glasfaser versorgen: 712-Millionen-Euro-Ausschreibung gewonnen. Der Vorstand von Invitalia hat die Finanzierung genehmigt, die bis 2030 Gigabit-Glasfaser an über 477.000 Adressen in ganz Italien bringen wird",FiberCop adero Gigabit fibra 478 mille domos: 712 decies curd teneros vici. Invitalia Tabula Directorum approbavit imperdiet quod Gigabit fibra afferet super 477 milia inscriptionum per totam Italiam 2030,Switzerland,WCE,Europe,wmo
f9666cf20c45a906e0886b50542c6462,2026-07-03T13:27:59Z,Flood,,www.df.cl,es,0.3,"El cambio climático es la causa del calor sofocante del Mundial, asegura un grupo de científicos","Los índices de calor alcanzaran entre 40,5 y 46 grados centígrados en algunas zonas del Medio Oeste y la Costa Este, lo que afectaría a muchas sedes del Mundial en Estados Unidos.",https://www.df.cl/mundial-de-futbol/el-cambio-climatico-es-la-causa-del-calor-sofocante-del-mundial-asegura-un,https://www.df.cl/noticias/site/artic/20260703/imag/foto_0000000420260703091959/2026-06-30T222254Z_1665143136_RC2I4MAEVT4Z_RTRMADP.jpg,http://web.archive.org/web/20260703142601/https://www.df.cl/mundial-de-futbol/el-cambio-climatico-es-la-causa-del-calor-sofocante-del-mundial-asegura-un,"El cambio climático, vinculado al uso de combustibles fósiles, ha propiciado unas condiciones de calor y humedad extraordinarias que han situado al menos un partido del Mundial en una zona de peligro… [+2683 chars]","Climate change is the cause of the stifling heat of the World Cup, says a group of scientists. Heat indices will reach between 40.5 and 46 degrees Celsius in some areas of the Midwest and East Coast, which would affect many World Cup venues in the United States.","Der Klimawandel ist die Ursache für die drückende Hitze der Fußballweltmeisterschaft, sagt eine Gruppe von Wissenschaftlern. In einigen Gebieten des Mittleren Westens und der Ostküste werden die Hitzeindikatoren zwischen 40,5 und 46 Grad Celsius erreichen, was viele WM-Austragungsorte in den Vereinigten Staaten beeinträchtigen würde.","Mutatio climatis causa est caloris mundi Calicem premens, dicit globus phisicorum. Indices caloris inter 40,5 et 46 gradus Celsius perveniet in nonnullis locis Maris Midwest et Orientalis, quae multas venues Mundi in Civitatibus Foederatis afficeret.",United States,CNA,North-America,wmo
fce90bc38461b1a4db29efdbce174a2e,2026-07-03T13:30:16Z,Heat Wave,,www.nouvelobs.com,fr,0.7,Cinq chiffres sur la mortalité qui illustrent la gravité de la canicule de juin en France,"Alors que le bilan sanitaire définitif de la canicule du mois de juin ne sera connu que dans plusieurs semaines, Santé Publique France a publié, ce vendredi 3 juillet, les premiers chiffres consolidés de la surmortalité observée pendant l’épisode de chaleur. …",https://www.nouvelobs.com/societe/20260703.OBS116364/cinq-chiffres-sur-la-mortalite-qui-illustrent-la-gravite-de-la-canicule-de-juin-en-france.html,https://focus.nouvelobs.com/2026/07/03/0/0/1023/682/1200/800/0/0/3ae6c32_upload-1-3cxo3tw3a55f-000-b82x6t3-1.jpg,,"Un soignant pousse un brancard dans un hôpital de Bordeaux, le 23 juin 2026  PHILIPPE LOPEZ / AFP
Quelques jours à peine après la fin de la canicule de juin, Santé Publique France a dévoilé ce vendr… [+3516 chars]","Five figures on mortality which illustrate the seriousness of the June heatwave in France. While the final health assessment of the June heatwave will not be known for several weeks, Santé Publique France published, this Friday, July 3, the first consolidated figures for the excess mortality observed during the heat episode. …","Fünf Zahlen zur Sterblichkeit, die die Schwere der Hitzewelle im Juni in Frankreich veranschaulichen. Während die endgültige Gesundheitsbewertung der Hitzewelle im Juni erst in einigen Wochen bekannt sein wird, veröffentlichte Santé Publique France an diesem Freitag, dem 3. Juli, die ersten konsolidierten Zahlen zur während der Hitzeepisode beobachteten Übersterblichkeit. …","Quinque figurae mortalitatis quae gravitatem mensis Iunii heatwave in Gallia illustrant. Dum ultima valetudo aestimatio aestus Iunii per aliquot septimanas notus erit, Santé Publique Gallia divulgata est, hoc Veneris die 3 mensis Iulii, prima figurarum solidata est propter excessum mortalitatis in episodio caloris observato. ...",France,WCE,Europe,wmo
8e082b4215c8a27da269f86a31c44b89,2026-07-03T14:15:43Z,Heat Wave,,www.diariobitcoin.com,es,0.7,Centros de datos tensionan redes eléctricas en EE. UU. mientras crece la demanda por IA y criptominería,"El crecimiento acelerado de los centros de datos en Estados Unidos está coincidiendo con zonas donde las redes eléctricas ya muestran señales de estrés. En plena ola de calor, operadores, reguladores y analistas siguen de cerca a regiones como PJM, Texas e Il…",https://www.diariobitcoin.com/estados-unidos/centros-de-datos-tensionan-redes-electricas-en-ee-uu-mientras-crece-la-demanda-por-ia-y-criptomineria/,https://diariobitcoin.b-cdn.net/wp-content/uploads/2026/07/canuto-imagine-1783088116.jpg,,"Por Canuto   El crecimiento acelerado de los centros de datos en Estados Unidos está coincidiendo con zonas donde las redes eléctricas ya muestran señales de estrés. En plena ola de calor, operadores… [+13651 chars]","Data centers strain US power grids as demand for AI and crypto mining grows. The accelerated growth of data centers in the United States is coinciding with areas where electrical grids are already showing signs of stress. In the midst of a heat wave, operators, regulators and analysts are closely monitoring regions such as PJM, Texas and Il...","Rechenzentren belasten die US-Stromnetze, da die Nachfrage nach KI und Krypto-Mining wächst. Das beschleunigte Wachstum von Rechenzentren in den Vereinigten Staaten fällt mit Bereichen zusammen, in denen Stromnetze bereits Anzeichen von Überlastung zeigen. Inmitten einer Hitzewelle beobachten Betreiber, Regulierungsbehörden und Analysten Regionen wie PJM, Texas und Illinois genau.","Data centra eliquationis US potentiae gridi postulantibus AI et fodienda crypto crescit. Incrementum acceleratum centri notitiarum in Civitatibus Foederatis coincidit cum locis in quibus electricae electricae signa accentus significant. In medio fluctu aestus operarii, regulatores et analystae regiones arctissime vigilantiae sunt ut PJM, Texas et Il...",United States,CNA,North-America,wmo
a8f43aa2acf5ecff4b2e76d235b87b9c,2026-07-03T14:31:52Z,Drought,,www.nrc.nl,nl,0.3,‘Dit kan zo niet langer doorgaan.’ De steeds strengere toon van Ombudsman Reinier van Zutphen,Nationale Ombudsman: Ombudsman Reinier van Zutphen kondigde vrijdag zijn vertrek aan. In zijn rapporten verwees hij vaak naar niet-opgevolgde adviezen: „De overheid luistert niet.” Dit waren de belangrijkste onderzoeken in de bijna twaalf jaar dat hij deze fu…,https://www.nrc.nl/nieuws/2026/07/03/dit-kan-zo-niet-langer-doorgaan-de-steeds-strengere-toon-van-ombudsman-reinier-van-zutphen-a4931754,https://images.nrc.nl/IwpH96g3YQvBtZ7_6VOoSrVja-I=/1200x627/smart/filters:no_upscale()/s3/static.nrc.nl/wp-content/uploads/2026/07/03103112/030726VER_2034951503_zutphen.jpg,http://web.archive.org/web/20260704030316/https://www.nrc.nl/nieuws/2026/07/03/dit-kan-zo-niet-langer-doorgaan-de-steeds-strengere-toon-van-ombudsman-reinier-van-zutphen-a4931754,"Vrijdag maakte Reinier van Zutphen (66) bekend dat hij op 1 april stopt als Nationale Ombudsman. Zijn tweede termijn loopt op die datum af, dan is hij twaalf jaar voorvechter geweest van burgers die … [+5936 chars]",'This cannot continue like this.' The increasingly strict tone of Ombudsman Reinier van Zutphen. National Ombudsman: Ombudsman Reinier van Zutphen announced his departure on Friday. In his reports he often referred to unheeded advice: “The government is not listening.” These were the most important studies in the almost twelve years that he…,"„So kann es nicht weitergehen.“ Der immer strengere Ton des Bürgerbeauftragten Reinier van Zutphen. Nationaler Ombudsmann: Ombudsmann Reinier van Zutphen gab am Freitag seinen Rücktritt bekannt. In seinen Berichten verwies er oft auf unbeachtete Ratschläge: „Die Regierung hört nicht zu.“ Dies waren die wichtigsten Studien in den fast zwölf Jahren, die er…","'Hoc non potest sic permanere.' Magis magisque severum Ombudsman Reinier van Zutphen sonum. National Ombudsman: Ombudsman Reinier van Zutphen profectionem Veneris denuntiavit. In his relationibus saepe ad consilium inauditum retulit: ""Imperium non audit"". Haec studia maximi momenti paene duodecim annis eo fuerunt.",,,,random
28032ebea021c23f607c7af45ed6eb42,2026-07-03T14:35:12Z,Precipitation,,www.vrt.be,nl,0.9,Potentiële supertyfoon nadert Amerikaanse eilanden in Stille Oceaan,"Op de Amerikaanse eilanden Guam en de Noordelijke Marianen maken inwoners zich op voor de doortocht van een weerfront dat mogelijk uitgroeit tot een supertyfoon. Daarvoor waarschuwt de Joint Typhoon Warning Center (JTWC), het gezamenlijke commando van de Amer…",https://www.vrt.be/vrtnws/nl/2026/07/03/supertyfoon-amerikaanse-eilanden/,https://images.vrt.be/vrtnws_share/2026/07/03/56f370a3-1d9c-4999-9177-0e75444f9010.jpg,http://web.archive.org/web/20260704032954/https://www.vrt.be/vrtnws/nl/2026/07/03/supertyfoon-amerikaanse-eilanden/,Op de Amerikaanse eilanden Guam en de Noordelijke Marianen maken inwoners zich op voor de doortocht van een weerfront dat mogelijk uitgroeit tot een supertyfoon. Daarvoor waarschuwt de Joint Typhoon … [+1600 chars],"Potential super typhoon approaches US islands in Pacific Ocean. On the American islands of Guam and the Northern Mariana Islands, residents are preparing for the passage of a weather front that may develop into a super typhoon. The Joint Typhoon Warning Center (JTWC), the joint command of the Americas, warns about this...","Potenzieller Supertaifun nähert sich US-Inseln im Pazifischen Ozean. Auf den amerikanischen Inseln Guam und den Nördlichen Marianen bereiten sich die Bewohner auf den Durchzug einer Wetterfront vor, die sich zu einem Supertaifun entwickeln könnte. Das Joint Typhoon Warning Center (JTWC), das gemeinsame Kommando Amerikas, warnt davor ...","Potentia super typhonium insulas US in Oceano Pacifico appropinquat. In insulis Americanis Guam et insulis Mariana septentrionalibus habitant praeparant transitum tempestatis anterius, qui in typhonium eximium potest evolvere. Articulus Typhoon Admonitio Centre (JTWC), commune mandatum Americae, de hoc monet...",,,,random
c6b5b433e210a8d00cad7d937ab8112f,2026-07-03T15:15:49Z,Precipitation,,travel.thewom.it,it,0.3,"Sembra l’Arizona ma è in Italia: tra canyon rossi, città sotterranee e borghi sopra le nuvole","Tra mare e colline: l’anima selvaggia dell’Adriatico marchigiano La Costa del Conero è il tratto di litorale marchigiano che sorprende di più chi è abituato alle classiche spiagge sabbiose dell’Adriatico. Il Monte Conero scende quasi a picco nell’acqua, crean…",https://travel.thewom.it/italia/marche/itinerario-borghi-natura-marche.html,https://travel.thewom.it/content/uploads/sites/4/2026/02/a8XwnxUu-lame-rosse.jpg,,"Preferisci ascoltare il riassunto audio?
La Costa del Conero è il tratto di litorale marchigiano che sorprende di più chi è abituato alle classiche spiagge sabbiose dell’Adriatico. 
Il Monte Conero… [+11863 chars]","It looks like Arizona but it is in Italy: among red canyons, underground cities and villages above the clouds. Between sea and hills: the wild soul of the Marche Adriatic The Conero Coast is the stretch of Marche coastline that most surprises those accustomed to the classic sandy beaches of the Adriatic. Monte Conero drops almost vertically into the water, creating…","Es sieht aus wie Arizona, liegt aber in Italien: zwischen roten Schluchten, unterirdischen Städten und Dörfern über den Wolken. Zwischen Meer und Hügeln: die wilde Seele der Marken-Adria Die Conero-Küste ist der Küstenabschnitt der Marken, der diejenigen am meisten überrascht, die an die klassischen Sandstrände der Adria gewöhnt sind. Der Monte Conero fällt fast senkrecht ins Wasser und erzeugt…","Arizona similis est, sed in Italia est: inter canyons rubras, civitates subterraneas et vicos supra nubes. Inter mare et colles: 'fera Marche Hadriae anima' The Conero Coast is the tract of Marche coastline, which most admire those to classicas harenost lits of Hadria. Monte Conero fere verticaliter in aquam defluit, creando…",Switzerland,WCE,Europe,wmo
de74fffcdd588b2df716238bcce8b064,2026-07-03T15:28:32Z,Precipitation,,www.ansa.it,it,0.3,"In Venezuela tra le macerie del terremoto, una devastazione difficile da dimenticare","""Una devastazione difficile da immaginare senza vederla con i propri occhi"": Andrea Marino, dirigente della direzione regionale dei Vigili del fuoco dell'Umbria e deputy team leader del team Ita-02 Usar Italy Light, è appena rientrato dalla missione intern...…",https://www.ansa.it/umbria/notizie/2026/07/03/in-venezuela-tra-le-macerie-del-terremoto-una-devastazione-difficile-da-dimenticare_c4592158-1af8-435f-ba9c-70208203322a.html,https://www.ansa.it/webimages/img_1280x720/2026/7/3/aea9e25cfd6c7e3862244c35b4ad86cb.jpg,http://web.archive.org/web/20260704052035/https://www.ansa.it/umbria/notizie/2026/07/03/in-venezuela-tra-le-macerie-del-terremoto-una-devastazione-difficile-da-dimenticare_c4592158-1af8-435f-ba9c-70208203322a.html,"""Una devastazione difficile da immaginare senza vederla con i propri occhi"": Andrea Marino, dirigente della direzione regionale dei Vigili del fuoco dell'Umbria e deputy team leader del team Ita-02 U… [+4172 chars]","In Venezuela among the rubble of the earthquake, a devastation difficult to forget. ""A devastation that is difficult to imagine without seeing it with your own eyes"": Andrea Marino, director of the regional directorate of the Umbria Fire Brigade and deputy team leader of the Ita-02 Usar Italy Light team, has just returned from the internal mission...…","In Venezuela inmitten der Trümmer des Erdbebens eine schwer zu vergessende Verwüstung. „Eine Verwüstung, die man sich kaum vorstellen kann, ohne sie mit eigenen Augen zu sehen“: Andrea Marino, Direktor der Regionaldirektion der Feuerwehr Umbrien und stellvertretender Teamleiter des Ita-02 Usar Italy Light-Teams, ist gerade von der internen Mission zurückgekehrt...…","In Venetiola inter rudera terrae motus, vastatio difficilis oblivio. ""Devastatio quae difficile est imaginari quin oculis tuis videris"": Andreas Marino, director regionalis directorii Umbriae, Ignis Brigade et vicarius manipulus ducis Ita-02 Usar Italia Lux turmae, modo rediit ab interna missione .......",Argentina,SES,South-America,wmo
f6799b0c928f3d269927492c23da0c66,2026-07-03T15:35:36Z,Storm,,observador.pt,pt,0.3,A partir de segunda vai arrefecer: mas só a norte,"O norte e o litoral livram-se do calor extremo, mas o sul mantém-se acima dos 40ºC. E se nós temos uma cúpula de calor, os EUA têm duas, e podem afetar o Mundial. E os mares, que culpa têm disto tudo?",https://observador.pt/programas/quente-e-frio/a-partir-de-segunda-vai-arrefecer-mas-so-a-norte/,https://bordalo.observador.pt/v2/rs:fill:770:403/c:770:433:nowe:0:0/q:70/f:webp/plain/https://s3.observador.pt/wp-content/uploads/2026/07/02151502/770-podcast.jpg,http://web.archive.org/web/20260704033436/https://observador.pt/programas/quente-e-frio/a-partir-de-segunda-vai-arrefecer-mas-so-a-norte/,"Esta transcrição foi gerada automaticamente por Inteligência Artificial e pode conter erros ou imprecisões.Seja muito bem-vindo à estreia de ""Quente e Frio"", um novo programa da Rádio Observador, ond… [+7474 chars]","From Monday it will get colder: but only in the north. The north and coast are free from extreme heat, but the south remains above 40ºC. And if we have a heat dome, the US has two, and they could affect the World Cup. And the seas, what’s to blame for all this?","Ab Montag wird es kälter: allerdings nur im Norden. Der Norden und die Küste sind frei von extremer Hitze, im Süden bleiben die Temperaturen jedoch über 40 °C. Und wenn wir eine Hitzekuppel haben, haben die USA zwei, und sie könnten Auswirkungen auf die Weltmeisterschaft haben. Und die Meere, was ist an all dem schuld?","A Lunae frigidior erit, sed in septentrione tantum. Septentrionem et oram ab aestu nimio liberat, at Meridies supra 40ºC manet. Et si testudineum calidum habemus, in US duo habet, et Mundi Calicem afficere possunt. Et maria, quid haec omnia reprehendis?",Ecuador,NWS,South-America,wmo
90ac62d28085d06fb96359d6d49fde29,2026-07-03T16:19:28Z,Heat Wave,,www.bbc.com,ar,0.9,أكثر من ألفي حالة وفاة إضافية في فرنسا خلال ذروة موجة الحر، وأوروبا تستعد لطقس قاسٍ,حذر خبراء أرصاد جوية من استمرار الموجة الحارة وارتفاع درجات الحرارة، في قارة أوروبا خلال الأيام القليلة المقبلة، بينما أعلنت بعض البلدان، حالة التأهب القصوى في ظل ارتفاع حالات الوفيات.,https://www.bbc.com/arabic/articles/cp36lv5lv3vo,https://ichef.bbci.co.uk/news/1200/branded_arabic/2813/live/698d68b0-76d6-11f1-9510-1546718f668b.jpg,http://web.archive.org/web/20260704010338/https://www.bbc.com/arabic/articles/cp36lv5lv3vo,Claudia Chieppa/Anadolu via Getty Images,"More than two thousand additional deaths in France during the peak of the heat wave, and Europe is preparing for severe weather. Meteorologists warned of the continued heat wave and high temperatures in Europe during the next few days, while some countries declared a state of maximum alert in light of the rise in deaths.","Mehr als zweitausend zusätzliche Todesfälle in Frankreich während des Höhepunkts der Hitzewelle, und Europa bereitet sich auf Unwetter vor. Meteorologen warnten vor einer anhaltenden Hitzewelle und hohen Temperaturen in Europa in den nächsten Tagen, während einige Länder angesichts der steigenden Todeszahlen höchste Alarmbereitschaft ausriefen.","Plus duo milia additae mortes in Gallia in summo aestu et Europa gravibus tempestatibus parat. Meteorologi monuerunt de continua aestu fluctuatione et caliditate in Europa proximo paucis diebus, cum nonnullis regionibus declaravit statum maximum in luce ortum in morte esse intentum.",France,WCE,Europe,wmo
7e0ff81f8a3cd7f27cece51911a32824,2026-07-03T16:36:01Z,Tropical Cyclone,,consent.yahoo.com,en,0.8,"Guam braces for Super Typhoon Bavi, which may hit at Category 5 hurricane strength",,https://consent.yahoo.com/v2/collectConsent?sessionId=1_cc-session_5169e839-3b53-4415-8787-11b1f52da001,,,"If you click 'Accept all', we and our partners, including 249 who are part of the IAB Transparency &amp; Consent Framework, will also store and / or access information on a device (in other words, us… [+1046 chars]","Guam braces for Super Typhoon Bavi, which may hit at Category 5 hurricane strength. None","Guam bereitet sich auf den Supertaifun Bavi vor, der möglicherweise Hurrikanstärke der Kategorie 5 erreicht. Keiner","Guam adstringit Super Typhonem Bavi, quod forte categoriam 5 turbinis feriet. Nullus",United States,CNA,North-America,wmo
d7ff8c7e5c9b9174b30ab62f739d498d,2026-07-03T16:37:12Z,Heat Wave,,www.tvl.be,nl,0.9,Peltse getuigt over verwoestende bosbranden in Zuid-Frankrijk,"De extreme hitte houdt aan in het zuiden van Europa. Nabij Perpignan, in Zuid-Frankrijk, zijn grote bosbranden uitgebroken. Intussen zijn daar al drie campings volledig verwoest. Het zou gaan om 256 bungalows die in de vlammen zijn opgegaan. Ongeveer 3.000 me…",https://www.tvl.be/nieuws/peltse-getuigt-over-verwoestende-bosbranden-in-zuid-frankrijk-181766,https://shared.tvl.be/ext/tvl/w1200/20260703-001-1263.jpg?t=1783100273,,"De extreme hitte houdt aan in het zuiden van Europa. Nabij Perpignan, in Zuid-Frankrijk, zijn grote bosbranden uitgebroken. Intussen zijn daar al drie campings volledig verwoest. Het zou gaan om 256 … [+786 chars]","Peltse testifies about devastating forest fires in the south of France. The extreme heat continues in the south of Europe. Major forest fires have broken out near Perpignan, in southern France. In the meantime, three campsites there have already been completely destroyed. It concerns 256 bungalows that went up in flames. About 3,000 me…","Peltse sagt über verheerende Waldbrände im Süden Frankreichs aus. Im Süden Europas hält die extreme Hitze an. In der Nähe von Perpignan in Südfrankreich sind schwere Waldbrände ausgebrochen. Mittlerweile sind dort bereits drei Campingplätze völlig zerstört. Es handelt sich um 256 Bungalows, die in Flammen aufgingen. Ungefähr 3.000 ich…",De vastatione silvarum incendia in Gallia australi Peltse testatur. Calor extremus pergit in Europa australi. Maiores silvae ignes prope Perpinianum in Gallia australi eruperunt. Interim trina ibi campsita penitus sunt deleta. Interest 256 bungalows ascendentes in flammas. Circiter 3000 me…,,,,random
0eaaa6280552ba018732528472f98e1d,2026-07-03T17:47:11Z,Drought,,www.eldiario.es,es,0.3,"El ""viaje legendario"" del globo sonda que despegó en Cuenca, llegó a 22.000 metros y grabará el eclipse solar el 12 de agosto","Este artefacto lanzado por AstroCuenca en la capital ha recogido imágenes en el interior de una tormenta y ha implicado a institutos de la ciudad. Junto al globo viajaron varios experimentos de estos centros educativos como una colección de bacterias, hongos …",https://www.eldiario.es/castilla-la-mancha/cuenca/viaje-legendario-globo-sonda-despego-cuenca-llego-22-000-metros-grabara-eclipse-solar-12-agosto_1_13347872.html,https://static.eldiario.es/clip/ddbc3eb4-13af-4ec4-b7b4-ed3e3eda3e2b_facebook-watermarked-aspect-ratio-1200-675_default_0.jpg,,"“Un viaje legendario”, así lo define Esteban Donate, divulgador astronómico que ha coordinado el proyecto de lanzamiento de un globo sonda a la estratosfera en Cuenca y que ha alcanzado los 22.000 me… [+6123 chars]","The ""legendary journey"" of the probe balloon that took off in Cuenca, reached 22,000 meters and will record the solar eclipse on August 12. This device launched by AstroCuenca in the capital has collected images inside a storm and has implicated the city's institutes. Several experiments from these educational centers traveled along with the balloon, such as a collection of bacteria, fungi...","Die „legendäre Reise“ des Sondenballons, der in Cuenca startete, erreichte eine Höhe von 22.000 Metern und wird die Sonnenfinsternis am 12. August aufzeichnen. Dieses von AstroCuenca in der Hauptstadt gestartete Gerät hat Bilder innerhalb eines Sturms gesammelt und die Institute der Stadt einbezogen. Mehrere Experimente aus diesen Bildungszentren reisten mit dem Ballon, wie zum Beispiel eine Ansammlung von Bakterien, Pilzen ...","""Iter fabulosum"" explorationis Balloon quod in Cuenca distulit, 22000 metrorum pervenit et eclipsis solis Kalendis Augustis notabit 12. Haec machina ab AstroCuenca in capitali immissa imagines intra tempestatem collegit et instituta urbis implicavit. Aliquot experimenta ex his centris educationis cum vesica percurrerunt, ut collectio bacterii, fungi...",Nicaragua,SCA,North-America,edo
390dd7201ce6e7715991c638b4b57169,2026-07-03T17:49:52Z,Heat Wave,,observador.pt,pt,0.9,Fertagus reduz composições por avaria no ar condicionado,Circulações entre Roma/Areeiro e Coina passam de duplas para simples até ao fim da tarde. Portugal tem 12 distritos sob aviso vermelho devido ao calor.,https://observador.pt/2026/07/03/fertagus-reduz-composicoes-devido-a-avaria-em-sistema-de-ar-condicionado/,https://wm.observador.pt/wm/l/https%3A%2F%2Fbordalo.observador.pt%2Fv2%2Frs%3Afill%3A770%3A403%2Fc%3A2000%3A1124%3Anowe%3A0%3A104%2Fq%3A70%2Ff%3Awebp%2Fplain%2Fhttps%3A%2F%2Fs3.observador.pt%2Fwp-content%2Fuploads%2F2026%2F01%2F06092353%2F44217686.jpg?layer=obstop:T,http://web.archive.org/web/20260703181837/https://observador.pt/2026/07/03/fertagus-reduz-composicoes-devido-a-avaria-em-sistema-de-ar-condicionado/,"Uma avaria no sistema de ar condicionado obrigou esta sexta-feira a Fertagus a reduzir a composição de alguns comboios, passando de duplos para simples, no sentido Roma/Areeiro (Lisboa) – Coina e vic… [+2751 chars]",Fertagus reduces compositions due to air conditioning failure. Circulation between Roma/Areeiro and Coina changes from doubles to singles until the end of the afternoon. Portugal has 12 districts under red warning due to heat.,Fertagus reduziert die Zusammensetzung aufgrund eines Ausfalls der Klimaanlage. Der Verkehr zwischen Roma/Areeiro und Coina wechselt bis zum Ende des Nachmittags vom Doppel- zum Einzelverkehr. In Portugal gilt aufgrund der Hitze für 12 Bezirke die rote Warnwarnung.,Fertagus compositiones ob defectum aeris condiciones minuit. Circulatio inter Roma/Areeiro et Coina mutationes ab duplis ad singulas usque ad finem pomeridianam. Portugallia habet 12 regiones sub rubore admonitionis ob calorem.,,,,random
41b25e37bcb9389a78d8e2e6296118da,2026-07-03T17:50:20Z,Heat Wave,,observador.pt,pt,0.9,Como funcionam os abrigos temporários na onda de calor,Câmaras ativaram espaços e planos de emergência para proteger os mais vulneráveis. Mas há diferenças na forma como cada município responde — e em quem toma a iniciativa.,https://observador.pt/especiais/calor-quando-se-trata-de-chegar-aos-abrigos-temporarios-das-autarquias-a-proximidade-e-o-que-mais-importa/,https://wm.observador.pt/wm/l/https%3A%2F%2Fbordalo.observador.pt%2Fv2%2Frs%3Afill%3A770%3A403%2Fc%3A2000%3A1122%3Anowe%3A0%3A203%2Fq%3A70%2Ff%3Awebp%2Fplain%2Fhttps%3A%2F%2Fs3.observador.pt%2Fwp-content%2Fuploads%2F2026%2F05%2F27143703%2F47186637.jpg?layer=obstop:T,,"Autarquias aproveitam as ZCAP. DGS recomendou abertura de abrigos em circular enviada pela ANMP aos municípios
Tanto em Mora como em Moura, as autarquias aproveitaram algo que já na pandemia tinha s… [+5134 chars]",How temporary shelters work during a heat wave. Chambers activated emergency spaces and plans to protect the most vulnerable. But there are differences in how each municipality responds — and who takes the initiative.,"Wie Notunterkünfte während einer Hitzewelle funktionieren. Chambers hat Noträume und Pläne zum Schutz der Schwächsten eingerichtet. Es gibt jedoch Unterschiede in der Art und Weise, wie die einzelnen Kommunen reagieren – und wer die Initiative ergreift.",Quam temporalia tabernacula in aestu fluctu laborant. Cubicularia spatiis repentinis reducitur et consilia vulnerabilia defendunt. Sed differentiae sunt quomodo quisque municipium respondeat - et qui praesunt.,,,,random
93c08b3971867816562078d1fa33cfdd,2026-07-03T18:30:11Z,Heat Wave,,www.nouvelobs.com,fr,0.7,Après le répit où va s’installer la nouvelle vague de canicule ce week-end en France ?,"Un épisode caniculaire, moins puissant que celui de la semaine dernière, est de nouveau à prévoir dès ce week-end. L’Hérault et les Pyrénées-Orientales sont placés en vigilance orange à partir de samedi.",https://www.nouvelobs.com/ecologie/20260703.OBS116378/apres-le-repit-ou-va-s-installer-la-nouvelle-vague-de-canicule-ce-week-end-en-france.html,https://focus.nouvelobs.com/2026/07/03/0/0/5944/3962/1200/800/0/0/9206ef2_upload-1-zv8qyybfucdw-080-hl-tdurand-3217939.jpg,,"Une femme sabritant du soleil à laide dun parapluie à Grenoble (Isère), le 2 juillet 2026. THIBAUT DURAND / HANS LUCAS VIA AFP
Les fortes chaleurs nauront laissé à la France quune maigre semaine de … [+3232 chars]","After the respite, where will the new wave of heatwave settle in this weekend in France? A heatwave, less powerful than that of last week, is expected again this weekend. Hérault and the Pyrénées-Orientales are placed on orange alert from Saturday.","Wo wird sich nach der Atempause an diesem Wochenende in Frankreich die neue Hitzewelle festsetzen? Für dieses Wochenende wird erneut mit einer Hitzewelle gerechnet, die weniger stark ausfallen wird als letzte Woche. Für das Hérault und die Pyrénées-Orientales gilt ab Samstag die Alarmstufe Orange.","Post otium, ubi novus fluctus aestuum in hac volutpat in Gallia considebit? Healwave, minus potens quam proximae hebdomadis, iterum expectatur volutpat hoc. Hérault et Pyrenaeus-Orientales in aurantiis vigiliis Saturni collocantur.",France,WCE,Europe,wmo
30753875e8d511068fa1b94aed902812,2026-07-03T19:11:27Z,Storm,,www.cbc.ca,en,0.7,Heat warning for Toronto extended through Saturday: Environment Canada,"It's staying hot out there into the first part of the weekend, with Environment Canada now forecasting maximum temperatures of 31 to 33 C continuing into Saturday. There is also a risk of severe thunderstorms, strong gusts and hail the size of ping pong balls…",https://www.cbc.ca/news/canada/toronto/heat-wave-extends-toronto-9.7257849,"https://i.cbc.ca/ais/1.7604489,1782768374439/full/max/0/default.jpg?im=Crop%2Crect%3D%280%2C247%2C4784%2C2691%29%3BResize%3D620",http://web.archive.org/web/20260703230827/https://www.cbc.ca/news/canada/toronto/heat-wave-extends-toronto-9.7257849,"The heat wave that's enveloped Toronto this week will continue into the weekend, with Environment Canada extending its orange-level warning of high temperatures into Saturday.
Maximum temperatures a… [+1440 chars]","Heat warning for Toronto extended through Saturday: Environment Canada. It's staying hot out there into the first part of the weekend, with Environment Canada now forecasting maximum temperatures of 31 to 33 C continuing into Saturday. There is also a risk of severe thunderstorms, strong gusts and hail the size of ping pong balls…","Hitzewarnung für Toronto bis Samstag verlängert: Environment Canada. Bis zum ersten Teil des Wochenendes bleibt es dort draußen heiß, und Environment Canada prognostiziert nun auch für den Samstag Höchsttemperaturen von 31 bis 33 °C. Außerdem besteht die Gefahr schwerer Gewitter, starker Böen und Hagel in der Größe von Tischtennisbällen…","Calor admonitio Toronto per Saturni: Environment Canada. Ibi calidus in prima parte volutpat vestibulum commoratur, cum Environment Canada nunc praevidens maximas temperaturas 31 ad 33 C in Saturni continuando. Est etiam periculum gravium tonitruum, procellarum et grandinum magnitudinem globi ping PUTEO.",Canada,NEN,North-America,wmo
c23a71c6a09fe57bb9c775d6af655668,2026-07-03T21:08:00Z,Storm,,spor.haber7.com,tr,0.9,Dünya Kupası'nda oynanacak tarihi maçta fırtına tehlikesi! FIFA harekete geçti,2026 Dünya Kupası son 16 turunda oynanacak Meksika-İngiltere maçının saatinin değişmesi gündeme geldi.,https://spor.haber7.com/dunya-kupasi/haber/3640603-dunya-kupasinda-oynanacak-tarihi-macta-firtina-tehlikesi-fifa-harekete-gecti,https://i12.haber7.net//haber/haber7/og_image/2026/27/dunya_kupasinda_oynanacak_tarihi_macta_firtina_tehlikesi_fifa_harekete_gecti_1783112858_596.jpg,,"2026 Dünya Kupas son 16 turunda Meksika ile ngiltere, pazartesi günü saat 03.00'da kar karya gelecek. Mücadelenin frtna tehlikesi sebebiyle erken bir saate çekilebilecei iddia edildi.
FIFA'nn karlam… [+155 chars]","Danger of storm in the historic match to be played in the World Cup! FIFA took action. Changing the time of the Mexico-England match, which will be played in the last 16 rounds of the 2026 World Cup, has been brought to the agenda.","Sturmgefahr im historischen WM-Spiel! Die FIFA hat Maßnahmen ergriffen. Die Änderung der Spielzeit des Spiels Mexiko-England, das in den letzten 16 Runden der Weltmeisterschaft 2026 ausgetragen wird, wurde auf die Tagesordnung gesetzt.","Tempestatis periculum in historicis compositus est in Trophaeo Mundi ludendi! FIFA Accepit. Mutato tempore compositus Mexici-Angliae, qui in proximis 16 mundi 2026 Trophaeis luditur, ad agendas redactus est.",,,,random
b0ba83e32baf798739bc678d4fc7a79b,2026-07-03T21:44:46Z,Cold Wave,,www.mdig.com.br,pt,0.3,A coerente razão pela qual o álcool não pode ser proibido,"Ele causa quase 3 milhões de mortes todos os anos. É responsável por 200 doenças diferentes. E, se fosse descoberto hoje, os padrões modernos de segurança quase certamente o classificariam como uma droga ilegal. No entanto, você pode comprá-lo no supermercado…",https://www.mdig.com.br/index.php?itemid=61272,https://imagens.mdig.com.br/historia/lei_seca_1920.jpg,,"<table><tr><td></td><td>Ele causa quase 3 milhões de mortes todos os anos. É responsável por 200 doenças diferentes. E, se fosse descoberto hoje, os padrões modernos de segurança quase certamente o c… [+8721 chars]","The coherent reason why alcohol cannot be banned. It causes nearly 3 million deaths every year. It is responsible for 200 different diseases. And if it were discovered today, modern safety standards would almost certainly classify it as an illegal drug. However, you can buy it in the supermarket…","Der schlüssige Grund, warum Alkohol nicht verboten werden kann. Es verursacht jedes Jahr fast 3 Millionen Todesfälle. Es ist für 200 verschiedene Krankheiten verantwortlich. Und wenn es heute entdeckt würde, würden moderne Sicherheitsstandards es mit ziemlicher Sicherheit als illegale Droge einstufen. Allerdings kann man es im Supermarkt kaufen…","Cohaerens ratio cur alcohol damnari non potest. Fere 3 decies centena milia mortum facit omni anno. CC diversis morbis est responsalis. Et si hodie deprehensa esset, signa salutis hodiernae illam quasi medicamento illicito fere certo indicarent. Tamen in macellum emere potes...",,,,random
a540b992e5770354b3d73e294285b817,2026-07-03T21:55:00Z,Precipitation,,news.livedoor.com,ja,0.8,木戸愛が地元・神奈川で果たしたい恩人2人との“約束”…初日は首位に2打差5位タイの好発進,前日は雨の影響で競技中止。54ホールに短縮された今年の「資生堂・JALレディスオープン」（神奈川・戸塚CC東C=6487ヤード・パー72）。1日遅れの初日、木戸愛（36）が7バ－ディー2ボギーの67。5アンダーで首位に2打差の5位タイと好発進を決めた。【もっと読む】菅楓華に「海外メジャー切符を捨てるな」の声…全米女子プロを蹴って国内5位のどっちらけ昨年の惜敗は悔しかった。2012年に初優勝を挙げてから勝ち運に恵まれず、2勝目のチャンスが訪れたのが1年前の今大会。最終日18番（ 全文日刊ゲンダイDIGITAL 07…,https://news.livedoor.com/article/detail/31736482/,https://image.news.livedoor.com/newsimage/stf/b/9/b9f7f_28_f63298fa_be08c6c6.jpg,,"54JALCCC=6487721367267525
5
20122118412m313
231232
6766726487724
2","Kido Ai wants to fulfill the ""promise"" she made with her two benefactors in her hometown of Kanagawa... She had a good start on the first day, tied for 5th place, 2 strokes behind the leader. The competition was canceled the day before due to rain. This year's ""Shiseido/JAL Ladies Open"" has been shortened to 54 holes (Kanagawa/Totsuka CC East C = 6487 yards, par 72). On the first day, one day late, Ai Kido (36) got off to a good start with a 67 with seven birdies and two bogeys, finishing in a tie for fifth place with a score of five under par and two strokes behind the leader. [Read more] Voices telling Fuuka Suga, ``Don't throw away your overseas major ticket''...The narrow loss last year for both of the US women's professional players who were ranked 5th in Japan was disappointing. After winning his first championship in 2012, he had not had much luck, and his second chance to win came a year ago at this tournament. Last day number 18 (Full text Nikkan Gendai DIGITAL 07…","Kido Ai möchte das „Versprechen“ einlösen, das sie ihren beiden Wohltätern in ihrer Heimatstadt Kanagawa gegeben hat... Sie hatte am ersten Tag einen guten Start und belegte punktgleich den 5. Platz, zwei Schläge hinter der Führenden. Der Wettbewerb wurde am Vortag wegen Regen abgesagt. Das diesjährige „Shiseido/JAL Ladies Open“ wurde auf 54 Löcher verkürzt (Kanagawa/Totsuka CC East C = 6487 Yards, Par 72). Am ersten Tag, einen Tag zu spät, erwischte Ai Kido (36) einen guten Start mit einer 67, sieben Birdies und zwei Bogeys und belegte unentschieden den fünften Platz mit einem Score von fünf unter Par und zwei Schlägen Rückstand auf den Führenden. [Weiterlesen] Stimmen, die Fuuka Suga sagten: „Werfen Sie Ihr Ticket für das Major-Turnier in Übersee nicht weg“ ... Die knappe Niederlage der beiden US-amerikanischen Profispielerinnen im letzten Jahr, die in Japan auf Platz 5 standen, war enttäuschend. Nachdem er 2012 seine erste Meisterschaft gewonnen hatte, hatte er nicht viel Glück und seine zweite Chance auf den Sieg hatte er vor einem Jahr bei diesem Turnier. Letzter Tag Nummer 18 (Volltext Nikkan Gendai DIGITAL 07…","Kido Ai vult ""promissionem"" implere cum duobus suis benefactoribus in patria sua Kanagawa ... Bonum initium habuit primo die, ligatum ad locum 5th, 2 ictibus post ducem. Certamen abolitum est pridie quam ob pluviam. Huius anni ""Shiseido/JAL Dominarum Open"" ad 54 foramina abbreviata est (Kanagawa/Totsuka CC East C = 6487 passibus, par 72). Primo die, quadam die sero, Ai Kido (36) fugit ad bonum initium cum 67 septem aviculis et duobus bogeys, et finiens in parla quinta cum sexaginta quinque sub par et duobus ictibus post ducem. [Lege plura] Voces narrantes Fuuka Suga, `nolite amittere tesseram maiorem transmarinam''. Post primum patrocinium in MMXII parta, non multum fortuna habuit, et secunda facultas ad lucrandum hoc anno in torneamentum venit. Novissima dies numerus XVIII (Full text Nikkan Gendai DIGITAL 07…",Thailand,SEA,Asia,wmo
98ed4b99736284c02696f93e4749875a,2026-07-03T21:59:48Z,Drought,,www.bbc.com,pt,0.3,"Viagem de Flávio aos EUA é tentativa de se livrar de responsabilidade por tarifaço, diz ministro de Lula","Ministro do Desenvolvimento, Indústria, Comércio e Serviços, Márcio Elias Rosa, diz à BBC que governo também tenta costurar acordo para adiar entrada em vigor das novas tarifas americanas",https://www.bbc.com/portuguese/articles/cvglzxjl084o,https://ichef.bbci.co.uk/news/1200/branded_portuguese/b008/live/47c76390-7729-11f1-b976-0b9c15b0ccfc.jpg,http://web.archive.org/web/20260703233101/https://www.bbc.com/portuguese/articles/cvglzxjl084o,"Crédito, EPA
Article Information<ul><li><ul><li>Author, Leandro Prazeres</li><li>Role, Da BBC News Brasil em Brasília</li></ul></li><li></li><li></li></ul>
Às vésperas do fim do prazo de consultas … [+16139 chars]","Flávio's trip to the USA is an attempt to free himself from responsibility for tariffs, says Lula's minister. Minister of Development, Industry, Commerce and Services, Márcio Elias Rosa, tells the BBC that the government is also trying to reach an agreement to postpone the entry into force of the new American tariffs","Flávios Reise in die USA sei ein Versuch, sich von der Verantwortung für Zölle zu befreien, sagt Lulas Minister. Minister of Development, Industry, Commerce and Services, Márcio Elias Rosa, tells the BBC that the government is also trying to reach an agreement to postpone the entry into force of the new American tariffs","Flavio iter in USA est conatum se ab officiis pro portoriis liberare, minister Lula dicit. Minister Progressionis, Industrie, Commercii et Services, Márcio Elias Rosa, BBC indicat regimen etiam concordiae dilatare ingressum in vim novae portoriorum Americanorum conari.",Nicaragua,SCA,North-America,edo
20a345a0970ce12b8a9d5e92c53d8263,2026-07-04T00:00:00Z,Earthquake,,prtimes.jp,ja,0.9,南海トラフ巨大地震で自家用車約204万台超が被災する可能性-東日本大震災の5倍以上の規模-,"[一般社団法人日本カーシェアリング協会]
一般社団法人日本カーシェアリング協会（宮城県石巻市、代表理事：吉澤武彦）は、南海トラフ巨大地震における自家用車被害規模と災害時の車両支援の必要量について、公開統計および自治体データをもとに独自試算...",https://prtimes.jp/main/html/rd/p/000000067.000047113.html,https://prcdn.freetls.fastly.net/release_image/47113/67/47113-67-c7c28d224a239c1c45a6be3b0a47897a-1280x720.jpg?format=jpeg&auto=webp&fit=bounds&width=2400&height=1260,,Copyright © PR TIMES Corporation All Rights Reserved.,"More than 2,040,000 private cars could be affected by a huge Nankai Trough earthquake - more than five times the scale of the Great East Japan Earthquake. [Japan Car Sharing Association]
The Japan Car Sharing Association (Ishinomaki City, Miyagi Prefecture, Representative Director: Takehiko Yoshizawa) has made an independent estimate based on public statistics and local government data regarding the scale of damage to private cars in the Nankai Trough mega-earthquake and the amount of vehicle support needed in the event of a disaster...","Mehr als 2.040.000 Privatfahrzeuge könnten von einem gewaltigen Erdbeben im Nankai-Trog betroffen sein – mehr als das Fünffache des Ausmaßes des großen Erdbebens in Ostjapan. [Japanischer Car-Sharing-Verband]
Der japanische Car-Sharing-Verband (Stadt Ishinomaki, Präfektur Miyagi, stellvertretender Direktor: Takehiko Yoshizawa) hat auf der Grundlage öffentlicher Statistiken und lokaler Regierungsdaten eine unabhängige Schätzung zum Ausmaß der Schäden an Privatfahrzeugen beim Mega-Erdbeben im Nankai-Trog und zum Umfang der im Katastrophenfall erforderlichen Fahrzeugunterstützung erstellt ...","Plus quam 2,040,000 carros privatis magno Nankai Trough terrae motu affici poterant - plus quam quinquies scala Magni terrae motus Iaponiae Orientalis. [Iaponia Car Socius Association]
Iaponia Socius Car Socius (Urbs Ishinomaki, Praefectura Miyagi, Director Repraesentativas: Takehiko Yoshizawa) aestimationem independentem fecit in statisticis publicis et localibus imperii notitia de scala damni ad carros privatis in Nankai Trough mega-terrae motus et moles vehiculi sustentationis quae in casu calamitatis necessariae sunt...",,,,random
1a12cfda81cf8b7ef3a7ceff086faf82,2026-07-04T00:56:00Z,Drought,,news.livedoor.com,ja,0.4117647058823529,アルゼンチン、延長戦の死闘制し16強入り！メッシの8試合連続ゴールで先制もカーボベルデに大苦戦【W杯北中米大会】,■FIFAワールドカップ2026決勝トーナメント1回戦アルゼンチン 3－2 カーボベルデ（日本時間4日、マイアミスタジアム）【Ｗ杯日程＆結果】波乱続出の決勝トーナメント “4年に1度の祭典” 39日間全104試合の熱戦！サッカー男子アルゼンチン代表（FIFAランク3位）は、カーボベルデ代表（同69位）を3－2で下し、決勝トーナメント（T）2回戦に進出した。アルゼンチンは前半、リオネル・メッシ（39）の今大会4試合連続となるゴールで先制するが、後半、カーボベルデに同点に追いつかれ全文TBS NEWS DIG 07月…,https://news.livedoor.com/article/detail/31737330/,https://image.news.livedoor.com/newsimage/stf/b/8/b8768_1796_8a2d79a1_f33f3e64.jpg,,"FIFA20261 32 4
 41 39104
FIFA36932T239422813628229
61517GK40
294711
9GK33142611
18GK1126GKDF
221132322632","Argentina enters the round of 16 after a desperate battle in overtime! Messi took the lead in 8 consecutive games, but struggled against Cape Verde [World Cup North and Central America]. ■FIFA World Cup 2026 Final Tournament 1st round Argentina 3-2 Cape Verde (4th Japan time, Miami Stadium) [World Cup Schedule & Results] Eventful final tournament “A once-in-four-years festival” A total of 104 games over 39 days! The Argentina men's national soccer team (ranked 3rd in FIFA) defeated the Cape Verde national team (ranked 69th) 3-2, advancing to the second round of the final tournament (T). Argentina took the lead in the first half with a goal from Lionel Messi (39), his fourth consecutive game in this tournament, but in the second half, Cape Verde tied the score, and Full text TBS NEWS DIG July...","Argentinien zieht nach einem verzweifelten Kampf in der Verlängerung ins Achtelfinale ein! Messi übernahm in acht Spielen in Folge die Führung, hatte aber gegen Kap Verde [Weltmeisterschaft Nord- und Mittelamerika] Probleme. ■Endrundenturnier der FIFA Fußball-Weltmeisterschaft 2026, 1. Runde Argentinien – Kap Verde 3:2 (4. Japan-Zeit, Miami Stadium) [Spielplan und Ergebnisse der Weltmeisterschaft] Ereignisreiches Endturnier „Ein Festival, das nur alle vier Jahre stattfindet“ Insgesamt 104 Spiele an 39 Tagen! Die argentinische Fußballnationalmannschaft der Männer (Platz 3 der FIFA) besiegte die Nationalmannschaft von Kap Verde (Platz 69) mit 3:2 und zog in die zweite Runde der Endrunde ein (T). Argentinien ging in der ersten Halbzeit durch ein Tor von Lionel Messi (39.) in Führung, sein viertes Spiel in Folge in diesem Turnier, aber in der zweiten Halbzeit glich Kap Verde aus, und Volltext TBS NEWS DIG Juli...","Argentina intrat in circuitu XVI post acerbum proelium in subsicivum! Messi plumbum in ludis continuis 8 fecerunt, sed contra Promontorium Verde [World Cup North and Central America] contenderunt. FIFA World Cup 2026 Ultima LUDUS EQUESTER 1 rotundus Argentina 3-2 Promontorium Verde (4 Iaponia tempus, Miami Stadium) [Mundus Schedule & Proventus] Eventus finalis torneamentum ""A semel in quatuor annis festivitas"" Summa 104 ludos super 39 dies! Argentina turma morbi nationalis hominum (3 in FIFA praeferebatur) turmam nationalem Promontorii Verde 3-2 auctam vicit, ad secundum gyros ultimi torneamentum progressus (T). Argentina primum dimidium cum meta a Leonello Messi (39), suum quartum consecutivum ludum in hoc torneamento suscepit, sed in secunda parte dimidia, Cape Verde sexaginta ligavit, et texta plena TBS NUNTII DIG IULII...",,,,random
3f253c64a13fedcbb3cb2bf1040a5ec8,2026-07-04T01:00:00Z,Heat Wave,,www.afpbb.com,ja,0.9,フランス、熱波で死者数が約30%増加 パリでは60%超える,【7月4日 AFP】気候変動に関連する記録的な熱波が欧州の大部分を襲う中、フランスでは6月22日からの1週間に記録された死者数が30%近く増加した。仏公衆衛生局が3日に発表した≫続きを読む,https://www.afpbb.com/articles/-/3642538,https://afpbb.ismcdn.jp/mwimgs/7/7/1000x/img_77fc88de5bce1c6c9f7fcc3b9cad415075811.jpg,,∧,France's death toll rises by almost 30% in heatwave; deaths rise by 60% in Paris The French Public Health Agency announced on the 3rd≫Read more,Die Zahl der Todesopfer in Frankreich steigt bei Hitzewelle um fast 30 %; Die Zahl der Todesfälle in Paris steigt um 60 %. Das gab das französische Gesundheitsamt am 3. bekannt≫Weiterlesen,Franciae mors vectigal per 30% fere in heatwave oritur; mortes oriuntur 60% Lutetiae Gallicum Publica Salus Publica Agency nuntiatum in 3° Read more,,,,random
4d1596c08a2558f878b97c9a38a81223,2026-07-04T01:12:02Z,Precipitation,,www.aajtak.in,hi,0.8,"अगले 4–5 दिन में उत्तर-पश्चिम भारत में तेज बारिश, जानें मॉनसून पर अपडेट","गुजरात-राजस्थान समेत कई हिस्सों में मॉनसून आगे बढ़ चुका है. उत्तर अरब सागर से लेकर मध्य भारत तक इसका प्रभाव बढ़ रहा है, जिससे अगले 4–5 दिनों में उत्तर-पश्चिम भारत में बारिश तेज होने के आसार हैं. कई राज्यों में भारी से बहुत भारी बारिश, आंधी-तूफान और तेज हवाओं …",https://www.aajtak.in/india/news/story/monsoon-advances-gujarat-rajasthan-northwest-india-heavy-rain-forecast-ahlbs-dskc-2593530-2026-07-04,https://akm-img-a-in.tosshub.com/aajtak/images/story/202607/6a484872ba5ed-monsoon-update-034029111-16x9.png,,"- - .  - . IMD , , , - . 
 45 , .  - - , .
 -, 3 9 . , , - - . (6070 / ) . .
 , .  - . , , .  4 . - .
 , , - . , - . .
 , , , . . , , - .","Heavy rain in North-West India in the next 4-5 days, know updates on monsoon. Monsoon has advanced in many parts including Gujarat and Rajasthan. Its effect is increasing from the North Arabian Sea to Central India, due to which the rains are expected to intensify in North-West India in the next 4–5 days. Heavy to very heavy rains, thunderstorms and strong winds are expected in many states.","Starker Regen im Nordwesten Indiens in den nächsten 4-5 Tagen, aktuelle Informationen zum Monsun. Der Monsun hat in vielen Teilen, darunter Gujarat und Rajasthan, Fortschritte gemacht. Seine Wirkung nimmt vom Nordarabischen Meer bis nach Zentralindien zu, weshalb in den nächsten vier bis fünf Tagen mit einer Intensivierung der Regenfälle im Nordwesten Indiens zu rechnen ist. In vielen Bundesstaaten werden starke bis sehr starke Regenfälle, Gewitter und starke Winde erwartet.","Imbribus gravis in India septentrionali-Occidentalis 4-5 diebus proximis, scitote updates in monsoon. Monsoon multis partibus in quibus Gujarat et Rajasthan processit. Effectus eius augetur ex Mare Arabico in Indiam Mediam, propter quam pluviae in India occidentali proximo 4-5 dies augendae exspectantur. Gravis imbribus, procellis et ventis validis in multis civitatibus exspectatur.",,,,random
ef713b0e393538b901edfcc75283cfef,2026-07-04T03:07:24Z,Earthquake,,www.terra.com.br,pt,0.9,Cristiano Ronaldo emociona sobrevivente de terremoto com vídeo e promessa,Pedido do garoto Andrés por figurinha de álbum da Copa vira convite especial para ver jogo do astro português,"https://www.terra.com.br/esportes/venezuela/cristiano-ronaldo-emociona-sobrevivente-de-terremoto-com-video-e-promessa,5f26a8857e4850ba8143aa02bcffd6dbng67pt7e.html",https://p2.trrsf.com/image/fget/cf/1200/630/middle/images.terra.com/2026/07/04/1535138313-captura-de-tela-2026-06-23-172221easy-resizecom-610x400.jpg,,"Nesta sexta-feira (3), um dia após Portugal garantir vaga nas oitavas de final da Copa do Mundo, Cristiano Ronaldo voltou a emocionar seus fãs ao enviar uma mensagem especial. O craque português grav… [+1874 chars]",Cristiano Ronaldo moves earthquake survivor with video and promise. Andrés' request for a World Cup album sticker turns into a special invitation to watch the Portuguese star's game,"Cristiano Ronaldo bewegt Erdbeben-Überlebenden mit Video und Versprechen. Andrés‘ Wunsch nach einem Aufkleber für das WM-Album wird zu einer besonderen Einladung, sich das Spiel des portugiesischen Stars anzusehen",Cristiano Ronaldo superstes terrae motus cum video et promissione movet. Petitio Andrés pro Calicem Mundi album obice vertit in singularem invitationem ad spectandum lusus astri Lusitani.,,,,random
1cf445b8971a901e915e448bc8f8cd11,2026-07-04T05:00:48Z,Volcano,,www.ilgiornale.it,it,0.9,"Lavi, l’eleganza vulcanica del Carricante","Dalle Cantine Iuppa, una giovane realtà dell’Etna, un Etna Bianco Superiore Doc che punta forte sul vitigno che proprio nelle pendici orientali del vulcano trova alcune delle sue migliori espressioni. Un vino dagli aromi di agrumi, erbe aromatiche, note iodat…",https://www.ilgiornale.it/news/retrogusto/lavi-l-eleganza-vulcanica-carricante-2688490.html,https://img.ilgcdn.com/sites/default/files/styles/social/public/foto/2026/07/03/1783087271-iuppa-lav.png?_=1783087271,,"Sulle pendici orientali dellEtna, dove le correnti marine incontrano i terreni di origine vulcanica, nasce Lavi, Etna Bianco Superiore Doc di Cantine Iuppa, distribuito in Italia da Ca di Rajo Group.… [+3164 chars]","Lavi, the volcanic elegance of Carricante. From Cantine Iuppa, a young company from Etna, an Etna Bianco Superiore Doc that focuses heavily on the vine that finds some of its best expressions precisely on the eastern slopes of the volcano. A wine with aromas of citrus fruits, aromatic herbs, iodine notes...","Lavi, die vulkanische Eleganz von Carricante. Von Cantine Iuppa, einem jungen Unternehmen aus dem Ätna, ein Etna Bianco Superiore Doc, der sich stark auf die Rebe konzentriert, die gerade an den Osthängen des Vulkans einige ihrer besten Ausdrucksformen findet. Ein Wein mit Aromen von Zitrusfrüchten, aromatischen Kräutern, Jodnoten...","Lavi, molaris elegantia Carricante. Ex Cantine Iuppa, iuvenum societas ab Aetna, ab Etna Bianco Superiore Doc quae graviter in vitem incidit quae nonnullas optimas eius expressiones praecise in montis orientalis clivi invenit. Vinum cum odore citri fructuum, herbarum aromaticarum, iodium notarum...",,,,random
82093b8651202a6a0a2fd21112f586d7,2026-07-04T05:28:00Z,Heat Wave,,newsmonkey.be,nl,0.9,Waterverbruik in Vlaanderen bereikt hoogste niveau in vijf jaar tijdens hittegolf,In het kort Door de recente hittegolf schoot het leidingwaterverbruik in Vlaanderen op vrijdag 26 juni omhoog naar het hoogste niveau in vijf jaar. Uit gegevens van de indicator voor de watervoorzieningssituatie bleek dat het verbruik die dag 1.351.622 m³ bed…,https://newsmonkey.be/waterverbruik-in-vlaanderen-bereikt-hoogste-niveau-in-vijf-jaar-tijdens-hittegolf/,https://media.newsmonkey.be/2026/05/anderson-rian-klwak-FdEiA-unsplash-scaled.jpg,,"In het kort
<ul><li>Vlaanderen heeft tijdens de recente hittegolf een vijfjarig record bereikt voor het gebruik van leidingwater.</li><li>De voorraad blijft stabiel, ondanks de ongekende stijging va… [+1785 chars]","Water consumption in Flanders reaches highest level in five years during heat wave. In short Due to the recent heat wave, tap water consumption in Flanders shot up to the highest level in five years on Friday 26 June. Data from the water supply situation indicator showed that consumption that day was 1,351,622 m³ bed…","Der Wasserverbrauch in Flandern erreicht während der Hitzewelle den höchsten Stand seit fünf Jahren. Kurz gesagt: Aufgrund der jüngsten Hitzewelle stieg der Leitungswasserverbrauch in Flandern am Freitag, den 26. Juni, auf den höchsten Stand seit fünf Jahren. Die Daten des Wasserversorgungslageindikators zeigten, dass der Verbrauch an diesem Tag 1.351.622 m³ Bett betrug…","Aqua consummatio in Flandria summum gradum per quinquennium in unda aestus attingit. In brevi Ob recentem aestum fluctum, aquae sonum consumptio in Flandria ad summum gradum exortum est die Veneris 26 mensis Iunii anno quinto. Data ex copia aquae situ indicato ostendit consumptionem illo die esse 1,351,622 m³ cubitum.",,,,random
477e1f5f12c36885d3cecddfe9a96d7a,2026-07-04T06:13:00Z,Flood,,www.elconfidencial.com,es,0.3,"Nueve comunidades en alerta ante las elevadas temperaturas, que superarán los 40 grados","Aemet activa avisos por la segunda ola del verano: nueve autonomías bajo riesgo, con niveles naranja en varias zonas y máximas cercanas a 40 ºC hasta, al menos, el martes",https://www.elconfidencial.com/espana/2026-07-04/ola-calor-altas-temperaturas-alerta-1hms_4383392/,"https://images.ecestaticos.com/cWy6UhLjcJgqrlO9Bg1JrmPTTbo=/0x0:2272x1515/600x315/filters:fill(white):format(jpg):quality(99):watermark(f.elconfidencial.com/file/65c/43d/0ca/65c43d0ca5dbd5ff8f19b44167343db9.png,0,275,1)/f.elconfidencial.com/original/1bf/4d8/cc5/1bf4d8cc554c55889d8f34d912f4bb0c.jpg",http://web.archive.org/web/20260704073639/https://www.elconfidencial.com/espana/2026-07-04/ola-calor-altas-temperaturas-alerta-1hms_4383392/,"Nueve comunidades autónomas van a activar hoy avisos por altas temperaturas, ante la previsión que los termómetros vuelvan a rondar y en muchos lugares a superar los 40 grados, según las predicciones… [+2289 chars]","Nine communities on alert due to high temperatures, which will exceed 40 degrees. Aemet activates warnings for the second wave of the summer: nine autonomies at risk, with orange levels in several areas and maximum temperatures close to 40 ºC until at least Tuesday","Neun Gemeinden sind wegen der hohen Temperaturen von über 40 Grad in Alarmbereitschaft. Aemet aktiviert Warnungen für die zweite Welle des Sommers: Neun Autonomien sind gefährdet, mit orangefarbenen Werten in mehreren Gebieten und Höchsttemperaturen nahe 40 ºC bis mindestens Dienstag","Novem communitates intenti ob caliditates, quae 40 gradus excedunt. Aemet monita operatur in secunda aestatis unda: novem autonomiae in periculo, cum gradibus aurantiis in pluribus locis et temperaturis maximis prope ad 40 C usque ad minimum Martis",United States,CNA,North-America,wmo
e9adfa12e3866ee49c19dcbe7b74e4be,2026-07-04T06:13:41Z,Heat Wave,,www.elespanol.com,es,0.7,"José Antonio Maldonado, meteorólogo: ""Es probable que la ola de calor dure hasta el martes o el miércoles""",El final de este episodio no traerá consigo una bajada de temperaturas; cuando concluya todavía podrían alcanzarse los 40 ºC en amplias zonas de España.  Más información: Entró en vigor: la Ley de Bienestar Animal prohíbe tener a gatos de forma permanente en …,https://www.elespanol.com/ciencia/meteorologia/20260704/jose-antonio-maldonado-meteorologo-probable-ola-calor-dure-martes-miercoles/1003744309037_0.html,https://s3.elespanol.com/k/imgp/cms/elespanol/11308213.jpg?p=f:jpeg/w:1706/h:960&h=80ZFLGoj,,"José Antonio Maldonado prevé que la ola de calor en España dure hasta el martes o miércoles.
Desde el sábado se registrarán temperaturas muy elevadas, superando los 35 ºC en gran parte de la Penínsu… [+2981 chars]","José Antonio Maldonado, meteorologist: ""The heat wave is likely to last until Tuesday or Wednesday."" The end of this episode will not bring with it a drop in temperatures; When it concludes, 40 ºC could still be reached in large areas of Spain.  More information: It came into force: the Animal Welfare Law prohibits keeping cats permanently in...","José Antonio Maldonado, Meteorologe: „Die Hitzewelle wird wahrscheinlich bis Dienstag oder Mittwoch andauern.“ Das Ende dieser Episode wird keinen Temperaturrückgang mit sich bringen; Am Ende könnten in weiten Teilen Spaniens immer noch 40 °C erreicht werden.  Weitere Informationen: Es ist in Kraft getreten: Das Tierschutzgesetz verbietet die dauerhafte Haltung von Katzen...","José Antonio Maldonado, astrologus: ""Astus fluctus usque ad diem Martis vel Mercurii futurum est"". Huius rei finis nullam secum in temperaturis guttam afferet; Cum concludit, 40 C adhuc in magnis Hispaniae regionibus attingi potuit.  Magis informationes: Res vigere: Animalis saluti lex vetat feles servare perpetuo in ...",Spain,MED,Europe,wmo
03603e5e8bb13308f8a9eb8ef2ce33c6,2026-07-04T06:30:00Z,Precipitation,,www.elpais.com.uy,es,0.3,"La ""ola de calor prolongada y peligrosa"" que amenaza los festejos por el 4 de julio y pone a EE.UU. en alerta","Filadelfia canceló su desfile del Día de la Independencia previsto para hoy ""debido al calor extremo"", mientras que en Washington se espera que las temperaturas superen los 38 grados centígrados.",https://www.elpais.com.uy/mundo/estados-unidos/la-ola-de-calor-prolongada-y-peligrosa-que-amenaza-los-festejos-por-el-4-de-julio-y-pone-a-ee-uu-en-alerta,https://imgs.elpais.com.uy/dims4/default/e87cf40/2147483647/strip/true/crop/4500x2813+0+94/resize/1200x750!/format/webp/quality/90/?url=https%3A%2F%2Fel-pais-uruguay-production-web.s3.us-east-1.amazonaws.com%2Fbrightspot%2Ff3%2F17%2Fe9f513f74b7d874179f2c11e6eae%2Fafp-b98p89w-22443531.jpg,,"La ola de calor extremo que sacude a Estados Unidos y expone al 70 % de su población a temperaturas peligrosas amenaza con deslucir los festejos por los 250 años de la Independencia del país.
El Ser… [+1659 chars]","The ""prolonged and dangerous heat wave"" that threatens the 4th of July celebrations and puts the US on alert. Philadelphia canceled its Independence Day parade scheduled for today ""due to extreme heat,"" while in Washington temperatures are expected to exceed 38 degrees Celsius.","Die „anhaltende und gefährliche Hitzewelle“, die die Feierlichkeiten zum 4. Juli gefährdet und die USA in Alarmbereitschaft versetzt. Philadelphia hat seine für heute geplante Parade zum Unabhängigkeitstag „wegen extremer Hitze“ abgesagt, während in Washington Temperaturen über 38 Grad Celsius erwartet werden.","""Aestus diuturnus et periculosus unda"" quae celebrationes die 4 mensis Iulii imminet et US intenti excitat. Philadelphia suam pompam diei independentiae resignavit pro hodierno ""ob nimiam calorem"" dum in Washington temperaturas 38 gradus Celsius excedit.",Spain,MED,Europe,wmo
0d2733d8b2b1f79af66234bb084eb40d,2026-07-04T08:00:45Z,Storm,,www.xataka.com,es,0.3,Cada verano España es más un horno. Este mapa de récords de AEMET lo demuestra estación por estación,El cambio climático está trayendo unos veranos cada vez más cálidos y un consuelo bastante desesperanzador: cada vez cuesta más recordar un verano fresco y la sensación de que este verano tórrido será el más fresco de nuestras vidas (esto aplica igual este ve…,https://www.xataka.com/ecologia-y-naturaleza/cada-verano-espana-horno-este-mapa-records-aemet-demuestra-estacion-estacion,https://i.blogs.es/06a87f/captura-de-pantalla-2026-06-28-a-las-10.52.51/840_560.jpeg,,El cambio climático está trayendo unos veranos cada vez más cálidos y un consuelo bastante desesperanzador: cada vez cuesta más recordar un verano fresco y la sensación de que este verano tórrido ser… [+3479 chars],Every summer Spain is more of an oven. This AEMET record map demonstrates it station by station. Climate change is bringing increasingly hotter summers and a rather hopeless consolation: it is increasingly difficult to remember a cool summer and the feeling that this torrid summer will be the coolest of our lives (this applies equally this time…,"Jeden Sommer ist Spanien mehr wie ein Ofen. Diese AEMET-Aufzeichnungskarte zeigt es Station für Station. Der Klimawandel bringt immer heißere Sommer und einen eher hoffnungslosen Trost: Es wird immer schwieriger, sich an einen kühlen Sommer und das Gefühl zu erinnern, dass dieser heiße Sommer der kühlste unseres Lebens sein wird (dies gilt auch dieses Mal …)",Omnis aestas Hispania magis furno est. Haec AEMET tabula geographica demonstrat stationem stationem facere. Mutatio climatis in dies magis aestates aestas et desperationem consolationem affert: magis difficilius est meminisse aestatis frigidissimae et sentientem hanc aestatem torrida frigoris esse vitae nostrae (aeque hoc tempore.,Ecuador,NWS,South-America,wmo
28ec442466bd2721768d2bfa762801aa,2026-07-04T08:02:05Z,Precipitation,,www.jornada.com.mx,es,0.7,Juan Manuel Vázquez: El último de la banca,La noche anterior al Argentina-Inglaterra de 1986 caía una lluvia de esas que parecen no terminar nunca. Jorge Valdano observaba con preocupación el cielo de la Ciudad de México. Temía que un campo mojado favoreciera a los ingleses. Mientras el diluvio golpea…,https://www.jornada.com.mx/2026/07/04/opinion/a06o1dep,https://www.jornada.com.mx/2026/07/04/fotos/a06o1dep-1.jpg,http://web.archive.org/web/20260704095111/https://www.jornada.com.mx/2026/07/04/opinion/a06o1dep,a noche anterior al Argentina-Inglaterra de 1986 caía una lluvia de esas que parecen no terminar nunca. Jorge Valdano observaba con preocupación el cielo de la Ciudad de México. Temía que un campo mo… [+4859 chars],"Juan Manuel Vázquez: The last one on the bench. The night before Argentina-England in 1986, one of those rains fell that never seems to end. Jorge Valdano observed the sky over Mexico City with concern. He feared that a wet field would favor the English. As the flood hits...","Juan Manuel Vázquez: Der Letzte auf der Bank. In der Nacht vor Argentinien-England im Jahr 1986 fiel einer dieser Regenfälle, die nie aufzuhören scheinen. Jorge Valdano beobachtete besorgt den Himmel über Mexiko-Stadt. Er befürchtete, dass ein nasses Feld den Engländern zugute kommen würde. Als die Flut zuschlägt...","Juan Manuel Vázquez: Novissima in consilio. Nocte ante Argentina-England 1986, unus ex eis pluviae cecidit qui numquam finire videtur. Georgius Valdano caelum in urbe Mexicana sollicite servavit. Verebatur ne ager humidus Anglis faveret. Ut consectetur volutpat lorem.",Argentina,SES,South-America,wmo
8b87ca58baee5a2cb5525ee67ef3bb9e,2026-07-04T08:09:30Z,Heat Wave,,dain.cocolog-nifty.com,ja,0.25,この本がスゴい！2019,"過去記事の再公開（事情は[こちら]） 初出 2019年12月1日

人生は短く、...",https://dain.cocolog-nifty.com/myblog/2026/07/post-105950.html,https://dain.cocolog-nifty.com/myblog/images/sugohon.jpg,,過去記事の再公開（事情は[こちら]） 初出 2019年12月1日人生は短く、読む本は多い。毎年この時期、自分のリストを振り返るのだが、読みたい本が尽きることはない。読むほどに、知るほどに、知識と理解と表現の不足を痛感する。それでも読むし、ここに書く。読むことで豊かになり、書くことで確かになるというのは本当で、読んでいるときに何を知りどう考えていたかは、書くことでハッキリする。つまり、自分で分かる… [+30597 chars],"This book is amazing! 2019. Re-publishing past articles (Click here for details) First published December 1, 2019

Life is short...","Dieses Buch ist erstaunlich! 2019. Wiederveröffentlichung früherer Artikel (Klicken Sie hier für Details) Erstveröffentlichung am 1. Dezember 2019

Das Leben ist kurz...","Hic liber mirabilis est! 2019. Articuli praeteritorum re- nuntiandi (Click here for details) Primum ediderunt Decembris 1, 2019

Vita brevis est...",,,,random
a86175c7fee9d4f67ff518676e28a2c9,2026-07-04T08:17:13Z,Heat Wave,,arabic.cnn.com,ar,0.9,درجات الحرارة تتجاوز مستويات خطيرة في واشنطن.. وتعطل احتفالات الاستقلال,"أعلن منظمو معرض ""Great American State Fair"" -الذي يُقام في ساحة ""ناشيونال مول""- يوم الجمعة عن إغلاق الفعالية بسبب الحرارة الشديدة، مع وجود خطط لإعادة فتحها في الساعة الخامسة مساءً.",https://arabic.cnn.com/world/video/2026/07/04/v197438-extreme-heat-shuts-down-great-american-state-fair,"https://cnn-arabic-images.cnn.io/cloudinary/image/upload/x_0,y_0,w_2423,h_1363,c_crop/w_1920,h_1008,c_fill,q_auto,g_center/t_cnnarabic_watermark_logo_v5/cnnarabic/2026/07/04/images/337526.jpg",,"""Great American State Fair"" - "" ""- .
 100 ( 38 ) 111 ( 44 ) CNN.","Temperatures exceed dangerous levels in Washington...and disrupt independence celebrations. Organizers of the Great American State Fair, held on the National Mall, announced Friday that the event would be closed due to extreme heat, with plans to reopen at 5 p.m.","Die Temperaturen in Washington überschreiten gefährliche Werte ... und stören die Unabhängigkeitsfeierlichkeiten. Die Organisatoren der Great American State Fair, die in der National Mall stattfand, gaben am Freitag bekannt, dass die Veranstaltung wegen extremer Hitze geschlossen sei und voraussichtlich um 17:00 Uhr wiedereröffnet werde.","Temperaturae periculosas gradus Washingtoniae excedunt et celebrationes independentiae perturbant. Organiatores Civitatis Magnae Americae Pulchri, in National Mall tenuerunt, Veneris nuntiaverunt eventum esse propter calorem maximum occlusum, cum consilia ad V a.m recludere.",,,,random
c2be7eb3435570465ffceffeba1f54b8,2026-07-04T09:08:34Z,Heat Wave,,www.newsit.gr,el,0.8,Καύσωνας στην Ελλάδα: Υψηλός κίνδυνος για ακραία υψηλές θερμοκρασίες – Οι 7 περιοχές που πλήττονται περισσότερο,"Για υψηλό κίνδυνο ακραία υψηλών θερμοκρασιών και στην Ελλάδα προειδοποιούν οι επιστήμονες με αφορμή το πρωτοφανές κύμα καύσωνα που σαρώνει την κεντρική Ευρώπη. Επισημαίνουν μάλιστα, ... 
To άρθρο Καύσωνας στην Ελλάδα: Υψηλός κίνδυνος για ακραία υψηλές θερμοκρ…",https://www.newsit.gr/ellada/kaysonas-stin-ellada-ypsilos-kindynos-gia-akraia-ypsiles-thermokrasies-oi-7-perioxes-pou-plittontai-perissotero/4720084/,https://www.newsit.gr/wp-content/uploads/2026/07/kafswnas-eurok-1200x630.jpg,,". ,   , , , , , , .
« , , », , , - .
 , , .
 / /EUROKINISSI
, « Copernicus ( ) WMO ( ) , 1980, ».
 « », « , , ». , , « , ».
 , :
« , . , , , “ ”.
 REUTERS / Tom Nicholson
, “” , . , , , , , … [+383 chars]","Heatwave in Greece: High risk of extreme high temperatures – The 7 regions most affected. Scientists are warning of a high risk of extremely high temperatures in Greece as well due to the unprecedented heat wave that is sweeping central Europe. They even point out, ... 
The article Heatwave in Greece: High risk for extreme high temperatures...","Hitzewelle in Griechenland: Hohes Risiko extrem hoher Temperaturen – Die 7 am stärksten betroffenen Regionen. Wissenschaftler warnen vor einem hohen Risiko extrem hoher Temperaturen auch in Griechenland aufgrund der beispiellosen Hitzewelle, die Mitteleuropa erfasst. Sie weisen sogar darauf hin, ... 
Der Artikel Hitzewelle in Griechenland: Hohes Risiko für extrem hohe Temperaturen...","Heatwave in Graecia: Maximum periculum summae temperaturae – 7 regiones maxime affectae sunt. Docti monent de magno periculo calidissimarum temperaturarum tam in Graecia quam ob singularem aestum fluctum, qui Europam centralem verrit. Etiam demonstrant,... 
Articulus Heatwave in Graecia: Maximum periculum est summae caliditatis...",Greece,MED,Europe,wmo
413c790edaf0e434a193420169129add,2026-07-04T09:32:17Z,Heat Wave,,www.vrt.be,nl,0.9,Extreme hitte doorkruist Amerikaanse nationale feestdag: parade in Washington D.C. afgelast,In de Amerikaanse hoofdstad Washington D.C. is de jaarlijkse Independence Day-parade afgelast door de extreme hitte. Er worden vandaag temperaturen boven de 40 graden verwacht. Ook andere evenementen naar aanleiding van de 4th of July en het 250-jarige bestaa…,https://www.vrt.be/vrtnws/nl/2026/07/04/verenigde-staten-hitte-dwarsboomt-vieringen-250-jaar/,https://images.vrt.be/vrtnws_share/2026/07/04/7962f217-db40-4b8d-bf73-7234123d5c6c.jpg,http://web.archive.org/web/20260704133707/https://www.vrt.be/vrtnws/nl/2026/07/04/verenigde-staten-hitte-dwarsboomt-vieringen-250-jaar/,"De grote vuurwerkshow in Washington D.C. gaat naar verluidt wel door zoals gepland. Volgens de Amerikaanse overheid zal er een recordaantal vuurwerkpijlen worden afgeschoten, die ""de monumenten van d… [+685 chars]",Extreme heat disrupts US national holiday: parade in Washington D.C. canceled. The annual Independence Day parade in the American capital Washington D.C. has been canceled due to the extreme heat. Temperatures above 40 degrees are expected today. Also other events in connection with the 4th of July and the 250th anniversary...,Extreme Hitze stört US-Nationalfeiertag: Parade in Washington D.C. abgesagt. Die jährliche Parade zum Unabhängigkeitstag in der amerikanischen Hauptstadt Washington D.C. wurde wegen der extremen Hitze abgesagt. Heute werden Temperaturen über 40 Grad erwartet. Auch weitere Veranstaltungen im Zusammenhang mit dem 4. Juli und dem 250-Jahr-Jubiläum...,Extremus calor ferias nationales US dissolvit: pompa in Washington D.C. instat. Annua pompa diei independentiae in capitali Americano Washington D.C. ob nimium calorem remissum est. Temperaturae supra 40 gradus hodie exspectantur. Alia quoque eventa in nexu cum quarto Iulij et CCL anniversario anno...,,,,random
e7f834c380ea61f0c0249b51b44da0c8,2026-07-04T09:35:00Z,Storm,,hindi.moneycontrol.com,hi,0.9,"India Heavy Rain Alert: दिल्ली से यूपी-बिहार तक इन 25+ राज्यों में हैवी बारिश का अलर्ट, आंधी-तूफान और आएगा 50-60kmph स्पीड वाला बवंडर",भारतीय मौसम विज्ञान विभाग (IMD) के ताजा बुलेटिन के मुताबिक देश भर में दक्षिण-पश्चिम मानसून का असर अब बेहद व्यापक और आक्रामक हो चुका है। उत्तर-पश्चिम बंगाल की खाड़ी के ऊपर एक वेल-मार्क लो-प्रेशर एरिया बना हुआ है। इसके अगले 3 दिनों के दौरान उत्तर ओडिशा और उत्तर…,https://hindi.moneycontrol.com/india/india-heavy-rain-alert-delhi-up-bihar-25-states-heavy-rainfall-thunderstorm-imd-weather-update-july-2026-article-2416911.html,https://images.moneycontrol.com/static-hindinews/2026/07/wethar-rain-alert.jpg,,"(IMD) - - - - 3 -- 4-5 
 , , , 25 50 60 (NLM) , , , , , 4 , , 
/ :
<ul><li> : 4 7 - </li><li> : 4 6 </li><li> : 4 5 </li><li> : 4 </li><li>- : , , </li></ul>
, , : 4 5 9-10 6 8 6-8 4 5 40-50 
 :… [+468 chars]","India Heavy Rain Alert: Alert of heavy rain, thunderstorm and tornado with speed of 50-60kmph in these 25+ states from Delhi to UP-Bihar. According to the latest bulletin of the Indian Meteorological Department (IMD), the effect of the south-west monsoon has now become very widespread and aggressive across the country. A well-marked low-pressure area is formed over northwest Bay of Bengal. During the next 3 days, North Odisha and North…","Warnung vor starkem Regen in Indien: Warnung vor starkem Regen, Gewitter und Tornado mit einer Geschwindigkeit von 50–60 km/h in diesen über 25 Bundesstaaten von Delhi bis UP-Bihar. Laut dem neuesten Bulletin des Indian Meteorological Department (IMD) sind die Auswirkungen des Südwestmonsuns mittlerweile im ganzen Land sehr weit verbreitet und aggressiv. Über dem nordwestlichen Golf von Bengalen bildet sich ein deutlich ausgeprägtes Tiefdruckgebiet. Während der nächsten 3 Tage werden Nord-Odisha und Nord…","India Gravis Pluviae erecti: erecti pluviae, tonitrui et turbinis cum velocitate 50-60kmph in his 25+ civitatibus a Delhi ad UP-Bihar. Secundum recentissimam bulletin Department of Indicum Meteorologicum (IMD), effectus monsoon-meridionalis-occidentalis nunc valde divulgatus et infestus factus est per regionem. Notatum humilem pressionem regio supra septentrionalem Bay of Bengalae formatur. Proximis diebus III, Odisha et Septentrionalis…",,,,random
55d279b8c562701e2d4bd6bd5b3dc035,2026-07-04T09:53:20Z,Heat Wave,,www.huffingtonpost.fr,fr,0.3,"Face aux feux de forêts en hausse, la prévention est au moins aussi importante que les Canadairs","Si « on parle souvent des incendies sous l’angle de la lutte », la prévention reste d’autant plus capitale que le risque de départs de feu augmente, explique au « HuffPost » un expert de l’ONF.",https://www.huffingtonpost.fr/environnement/article/face-aux-feux-de-forets-en-hausse-la-prevention-est-au-moins-aussi-importante-que-les-canadairs_282845.html,https://focus.huffingtonpost.fr/2026/07/04/102/0/1200/675/1820/1023/75/0/e34aa24_upload-1-nexz6j8by1k7-afp-20260701-b8yg2b7-v1-midres-franceenvironmentfire.jpg,,"EN BREFFace à laugmentation du risque dincendie, lONF rappelle que la prévention est indispensable, notamment dès lhiver.Les patrouilles estivales de lONF visent à sensibiliser et à intervenir rapide… [+6183 chars]","Faced with increasing forest fires, prevention is at least as important as Canadairs. If “we often talk about fires from the angle of fighting”, prevention remains all the more crucial as the risk of fires starting increases, an ONF expert explains to “HuffPost”.","Angesichts zunehmender Waldbrände ist Prävention mindestens genauso wichtig wie Canadairs. Wenn „wir häufig über Brände aus dem Blickwinkel der Bekämpfung sprechen“, bleibt die Prävention umso wichtiger, da die Gefahr der Entstehung von Bränden zunimmt, erklärt ein ONF-Experte gegenüber „HuffPost“.","Adversus incendia silvae crescentibus, praeventionis saltem tam magna quam Canadairs est. Si ""saepe loqui de ignibus ab angulo pugnae"", praeventionis eo gravior manet quanto periculo incendiorum inceptio augetur, peritus ONF ""HuffPost"" exponit.",Switzerland,WCE,Europe,wmo
ab612415722a4acc53d735d73995f987,2026-07-04T11:02:05Z,Heat Wave,,itainews.com,ja,0.9,仏　週の死者数が二千人超増加し新型コロナ第一波水準　大半が熱中症死,"1 名前：：2026/07/03(金) 22:11:20.96 ID:u0T/5eD20●.net 







欧州に熱波、フランス2千人超死亡か　エアコンなき「ヒートドーム」https://t.co/iEm26ilp96 フランス公衆衛生局は3日、猛烈な熱波のピークと重なった6月22～28日の1週間に、死者数が前週より約2千人多...",https://itainews.com/archives/2064411.html,https://livedoor.blogimg.jp/dqnplus/imgs/2/5/25d6d030-s.png,,1 2026/07/03() 22:11:20.96 ID:u0T/5eD20.net https://www.asahi.com/articles/ASV7331YGV73UHBI01LM.html,"The number of deaths in France increased by more than 2,000 people this week, at the level of the first wave of the new coronavirus, with most deaths due to heatstroke. 1 Name: 2026/07/03 (Fri) 22:11:20.96 ID:u0T/5eD20●.net







Heatwave in Europe kills more than 2,000 people in France - ``heat dome'' without air conditioning https://t.co/iEm26ilp96 On the 3rd, the French Public Health Agency announced that the number of deaths during the week from June 22 to 28, which coincided with the peak of the intense heat wave, was approximately 2,000 more than the previous week...","Die Zahl der Todesfälle in Frankreich ist diese Woche um mehr als 2.000 Menschen gestiegen und liegt damit auf dem Niveau der ersten Welle des neuen Coronavirus, wobei die meisten Todesfälle auf einen Hitzschlag zurückzuführen sind. 1 Name: 03.07.2026 (Fr) 22:11:20,96 ID:u0T/5eD20●.net







Hitzewelle in Europa tötet mehr als 2.000 Menschen in Frankreich – „Hitzekuppel“ ohne Klimaanlage https://t.co/iEm26ilp96 Am 3. gab das französische Gesundheitsamt bekannt, dass die Zahl der Todesfälle in der Woche vom 22. bis 28. Juni, die mit dem Höhepunkt der intensiven Hitzewelle zusammenfiel, etwa 2.000 mehr als in der Vorwoche betrug...","Numerus funerum in Gallia auctus est plus quam 2.000 hominum hac septimana, in plano primae undae coronavirus novi, cum maxima morte propter heatstroch. 1 Name: 2026/07/03 (Sat) 22:11:20.96 ID:u0T/5eD20●.net







Heatwave in Europa plus quam 2,000 homines in Gallia - `calor dome' sine aeris condicione https://t.co/iEm26ilp96 Die III, Gallus Publica Salus Procuratio nuntiavit numerum mortum in hebdomada a die 22 Iunii ad 28, quae cum cacumine aestus aestus incidit, circiter 2,000 plus quam hebdomade proxima.",,,,random
3fc11c2181bf73b4eb0938cd184197c8,2026-07-04T12:21:06Z,Heat Wave,,www.presse-citron.net,fr,0.7,Canicule : à partir de quelle température peut-on vraiment mourir de chaud ?,"Alors qu'une nouvelle canicule frappe le sud de la France, à partir de quelle température peut-elle devenir dangereuse pour la santé.",https://www.presse-citron.net/canicule-a-partir-de-quelle-temperature-peut-on-vraiment-mourir-de-chaud/,https://www.presse-citron.net/app/uploads/2022/11/temperature-rechauffement-climatique.jpg,,"Il faudrait habiter dans une grotte (littéralement) pour ne pas sen être rendu compte, la France est touchée depuis quelques semaines par une canicule historique avec des records de chaleur dans de t… [+3160 chars]","Heatwave: at what temperature can you really die from heat? As a new heatwave hits the south of France, at what temperature can it become dangerous for health.","Hitzewelle: Bei welcher Temperatur kann man wirklich an Hitze sterben? Wenn eine neue Hitzewelle den Süden Frankreichs heimsucht, stellt sich die Frage, ab welcher Temperatur sie gesundheitsgefährdend werden kann.","Heatwave: ad quam temperiem vere potes ex calore mori? Sicut aestus novus Franciae meridiem pervenit, in qua temperatura periculosa sanitati fieri potest.",France,WCE,Europe,wmo
84441b9a0e6247729f0408aeb6fc951f,2026-07-04T12:25:14Z,Precipitation,,www.odatv.com,tr,0.7,İstanbul'da birçok noktayı yağmur değil internet vurdu,"Sağanak yağmur, İstanbul'un bazı noktalarında interneti de olumsuz etkiledi. Pek çok Türk Telekom abonesi, sosyal medyadan duruma isyan etti.",https://www.odatv.com/guncel/istanbulda-bircok-noktayi-yagmur-degil-internet-vurdu-120153406,https://img.odatv.com/rcman/Cw1280h720q95gc/storage/files/images/2026/07/04/istanbulda-bircok-noktayi-yagmur-degil-internet-vurdu-vods.jpg,http://web.archive.org/web/20260704141326/https://www.odatv.com/guncel/istanbulda-bircok-noktayi-yagmur-degil-internet-vurdu-120153406,"Haftann ilk günlerinde scak havann hakim olduu stanbul'da cumartesi günü itibaryla saanak yamur etkili oldu. Baz ilçelerde i yerlerini su bast, yollar kapand, pek çok vatanda zor anlar yaad. Kadköy b… [+387 chars]","Many places in Istanbul were hit by the internet, not the rain. Heavy rain also negatively affected the internet in some parts of Istanbul. Many Türk Telekom subscribers rebelled against the situation on social media.","Viele Orte in Istanbul wurden vom Internet getroffen, nicht vom Regen. In einigen Teilen Istanbuls wirkte sich auch starker Regen negativ auf das Internet aus. Viele Abonnenten der Türk Telekom rebellierten in den sozialen Medien gegen die Situation.","Multa loca in Istanbul penitus percussa sunt, non pluvia. Imbribus gravis etiam negative interrete in quibusdam Istanbul partibus affectus est. Multi signatores Türk Telekom contra condicionem de instrumentis socialibus rebellarunt.",,,,random
ded6dc0ba134923a133b820486706177,2026-07-04T12:47:25Z,Heat Wave,,www.aljazeera.net,ar,0.9,أفاعي وحرارة وركام.. تحديات قاتلة تطارد الغزيين بمصلياتهم المدمرة,تحت شوادر النايلون ووسط ركام مسجد حسن البنا بالنصيرات، يخوض المصلون معركة يومية مع الحرارة والأنقاض بحثا عن سكينة مفقودة، في ظل غياب تام للكهرباء ومخاطر الأفاعي والركام التي تحاصر بيت الله المؤقت.,https://www.aljazeera.net/news/2026/7/4/%d8%a3%d9%81%d8%a7%d8%b9%d9%8a-%d9%88%d8%ad%d8%b1%d8%a7%d8%b1%d8%a9-%d9%88%d8%b1%d9%83%d8%a7%d9%85-%d8%aa%d8%ad%d8%af%d9%8a%d8%a7%d8%aa-%d9%82%d8%a7%d8%aa%d9%84%d8%a9-%d8%aa%d8%b7%d8%a7%d8%b1%d8%af,https://www.aljazeera.net/wp-content/uploads/2026/07/image-1783179648.jpg?resize=1920%2C1080&quality=80,,""" "" .
 "" "" .
 6 4 .
 250 .
 .
 .
 "" "".
 - - .
 .
 .
 "" "".
"" "".
 .","Snakes, heat, and rubble... deadly challenges haunting the Gazans with their destroyed prayer halls. Under the nylon curtains and amid the rubble of the Hassan al-Banna Mosque in Nuseirat, worshipers fight a daily battle with the heat and rubble in search of a lost knife, in light of the complete absence of electricity and the dangers of snakes and rubble surrounding the temporary House of God.","Schlangen, Hitze und Schutt ... tödliche Herausforderungen, die die Bewohner Gazas mit ihren zerstörten Gebetshallen heimsuchen. Unter den Nylonvorhängen und inmitten der Trümmer der Hassan-al-Banna-Moschee in Nuseirat kämpfen Gläubige täglich mit der Hitze und den Trümmern auf der Suche nach einem verlorenen Messer, angesichts der völligen Abwesenheit von Elektrizität und der Gefahren von Schlangen und Trümmern rund um das provisorische Haus Gottes.","Serpentes, aestus, et rudera... funestos provocat Gazanos frequentando atria sua perdita precantis. Sub aulaeis nylon et inter rudera Hassan al-Banna Mosque in Nuseirat, cultores cottidianam pugnam cum calore et caemento in quaerendo cultro amisso, attentis vacationem electricitatis et pericula serpentium et rudera circum Domum Dei temporalem.",,,,random
7b21255a9a07e504c363876fb8127609,2026-07-04T13:44:00Z,Heat Wave,,businessam.be,nl,0.9,Extreme hitte verstoort Onafhankelijkheidsdag: vieringen in VS massaal afgelast,Key takeaways Door het extreme weer zijn talrijke vieringen van Onafhankelijkheidsdag in de Verenigde Staten afgelast. Klimaatverandering zorgt ervoor dat die extreme weersomstandigheden steeds vaker voorkomen. Extreme weersomstandigheden hebben de festivitei…,https://businessam.be/extreme-hitte-verstoort-onafhankelijkheidsdag-vieringen-in-vs-massaal-afgelast/,https://media.businessam.be/h_2.604731434475780394.jpg,,"Key takeaways
<ul><li>Door het extreme weer zijn talrijke vieringen van Onafhankelijkheidsdag in de Verenigde Staten afgelast.</li><li>Klimaatverandering zorgt ervoor dat die extreme weersomstandigh… [+2458 chars]","Extreme heat disrupts Independence Day: celebrations in the US canceled en masse. Key takeaways Due to the extreme weather, numerous Independence Day celebrations in the United States have been canceled. Climate change is making these extreme weather events more common. Extreme weather conditions have disrupted the festival…","Extreme Hitze stört den Unabhängigkeitstag: Feierlichkeiten in den USA wurden massenhaft abgesagt. Wichtige Erkenntnisse Aufgrund des extremen Wetters wurden zahlreiche Feierlichkeiten zum Unabhängigkeitstag in den Vereinigten Staaten abgesagt. Der Klimawandel führt dazu, dass diese extremen Wetterereignisse häufiger auftreten. Extreme Wetterbedingungen haben das Festival gestört…",Extremus calor Dies Libertatis dissolvit: celebrationes in US ob frequentes cassantur. Claves auferunt Ob nimiam tempestatem multae Dies Libertatis celebrationes in Civitatibus Foederatis Americae remissae sunt. Mutatio climatis haec extremae tempestatis eventus magis communis est faciens. Extremae tempestatum dies festos disiecerunt…,,,,random
35f3243838a8d6dfaef70d4272546cbc,2026-07-04T13:46:26Z,Snow&Ice,,www.terra.com.br,pt,0.9,Massa de ar frio derruba temperaturas e Sul tem alerta para geadas; veja previsão,"RS e de SC têm alerta laranja para geadas; No Sudeste, mínimas previstas para segunda-feira são de 6°C a 8°C","https://www.terra.com.br/planeta/noticias/massa-de-ar-frio-derruba-temperaturas-e-sul-tem-alerta-para-geadas-veja-previsao,5ec25ad6f1f27059b121e707f305eb4504by2lbm.html",https://p2.trrsf.com/image/fget/cf/1200/630/middle/images.terra.com/2026/07/04/1790713165-mf5bnoszyzcx7c44qu46ymteom.jpeg,,"Uma massa de ar polar chegou ao País neste sábado, 4, e derrubou temperaturas, principalmente na região Sul. Ao longo do dia, ventos fortes devem atingir a costa do Rio Grande do Sul e de Santa Catar… [+2492 chars]","Mass of cold air drops temperatures and the South has a warning for frost; see forecast. RS and SC have an orange alert for frost; In the Southeast, minimum temperatures forecast for Monday are 6°C to 8°C",Kalte Luftmassen lassen die Temperaturen sinken und im Süden herrscht Frostwarnung; siehe Prognose. RS und SC haben eine orangefarbene Frostwarnung; Im Südosten werden für Montag Tiefsttemperaturen von 6°C bis 8°C vorhergesagt,"Massa frigoris aeris imbres temperaturae et Austri pruinis monitionem habet; see auguror. RS et SC aurantii habent erectum ad pruinam; In Southeast, minimum temperaturas praecognoscendum Lunae sunt 6°C ad 8°C",,,,random
09163a620c24ecba64819774c593fc7d,2026-07-04T14:06:40Z,Flood,,togetter.com,ja,0.5714285714285714,アメリカ行きの飛行機で、何度「ウォーター」と頼んでもコーラが来たので裏を突いてコーラを頼んでみたら、やっぱりコーラが来た話… その後、到着してからも驚きの連続だった,ラスベガス初日。行きの飛行機では、何度「ウォーター」と頼んでもコーラが来ました。裏を突いてコーラを頼んでみたら、やっぱりコーラが来ました。 アメリカに来てはじめに驚いたのが、物価の高さでした。レッドブルを買ったら1600円でした。翼をむしり取られたような気持ちになりました。 次に驚いたのが、室内があまりにも寒いことです。誰一人地球温暖化を信じていない室温です。 あとは、見ず知らずの人が、服装を褒めてくれることにも驚きました。全身にタトゥーの入ったお兄さんが肩をトントンとしてきた時は、最悪の事態を覚悟しましたが、「…,https://togetter.com/li/2716931,https://s.tgstc.com/ogp3/60fd2ce78b2a3db8e6370925a9697b51-1200x630.jpeg,,TogetterXEnterpriseAPIXXAPI,"On the plane to America, no matter how many times I asked for ``water'', I still got a coke, so I decided to ask for a coke and ended up getting a coke...After that, even after I arrived, I continued to be surprised.First day in Las Vegas. On the flight to the airport, no matter how many times I asked for water, I received a Coke. I sneaked around and asked for a coke, and the coke came after all. When I first came to America, I was surprised at how expensive things were. When I bought Red Bull, it cost 1,600 yen. I felt like my wings had been ripped off. The second thing that surprised me was how cold the room was. It's a room temperature where no one believes in global warming. I was also surprised that strangers would compliment my outfit. When a guy with tattoos all over his body tapped me on the shoulder, I prepared for the worst, but...","Im Flugzeug nach Amerika bekam ich, egal wie oft ich nach „Wasser“ fragte, immer noch eine Cola, also beschloss ich, nach einer Cola zu fragen, und bekam schließlich eine Cola ... Danach, selbst nach meiner Ankunft, war ich weiterhin überrascht. Erster Tag in Las Vegas. Auf dem Flug zum Flughafen bekam ich, egal wie oft ich nach Wasser fragte, eine Cola. Ich schlich herum und fragte nach einer Cola, und die Cola kam schließlich doch. Als ich zum ersten Mal nach Amerika kam, war ich überrascht, wie teuer die Dinge waren. Als ich Red Bull kaufte, kostete es 1.600 Yen. Ich hatte das Gefühl, als wären mir die Flügel abgerissen worden. Das zweite, was mich überraschte, war, wie kalt das Zimmer war. Es ist eine Raumtemperatur, bei der niemand an eine globale Erwärmung glaubt. Ich war auch überrascht, dass Fremde mein Outfit lobten. Als mir ein Mann mit Tätowierungen am ganzen Körper auf die Schulter klopfte, war ich auf das Schlimmste vorbereitet, aber ...","In plano ad Americam, quamvis saepe ""aquam"" postulavi, adhuc cokum accepi, sic petere decrevi coke ac demum coke... Post hoc, etiam postquam veni, miratus sum. Primo die in Las Vegas. In fuga ad aeriportum, quamvis multa tempora aquam quaesivi, Coke accepi. Circumstrinxi et rogabam cocum, et post omnes venit cocus. Cum primum in Americam veni, miratus sum quam pretiosae res essent. Cum rubrum bullam emi, constat 1,600 yen. Sentiebam sicut alae meae avulsae sunt. Secundum quod miratus sum quam frigidus locus esset. Est locus temperatus ubi nemo credit in calefactione globali. Miratus sum etiam quod extranei mei vestis honorent. Cum homo cum tattoos toto corpore percussus me in humero, pessimum paravi, sed...",Australia,SAU,Oceania,aidr
24195da2b1b9c3120af646fd0d9bdce0,2026-07-04T14:32:00Z,Wildfire,,businessam.be,nl,0.9,Trump waarschuwt voor communisme op Amerikaanse Onafhankelijkheidsdag,Key takeaways President Trump waarschuwt dat het communisme de Amerikaanse vrijheid bedreigt. Door extreme hitte worden grote optochten en kermissen langs de hele oostkust afgelast. Catastrofale bosbranden hebben in het westen van de Verenigde Staten duizende…,https://businessam.be/trump-waarschuwt-voor-communisme-op-amerikaanse-onafhankelijkheidsdag/,https://media.businessam.be/Donald-Trump-juni-2026-1.jpg,,"Key takeaways
<ul><li>President Trump waarschuwt dat het communisme de Amerikaanse vrijheid bedreigt.</li><li>Door extreme hitte worden grote optochten en kermissen langs de hele oostkust afgelast.<… [+1756 chars]","Trump warns against communism on American Independence Day. Key takeaways President Trump warns that communism threatens American freedom. Due to extreme heat, major parades and fairs are being canceled along the entire east coast. Catastrophic wildfires have burned thousands of…","Trump warnt am amerikanischen Unabhängigkeitstag vor dem Kommunismus. Wichtige Erkenntnisse Präsident Trump warnt davor, dass der Kommunismus die amerikanische Freiheit bedroht. Aufgrund der extremen Hitze werden entlang der gesamten Ostküste große Paraden und Jahrmärkte abgesagt. Katastrophale Waldbrände haben Tausende von Menschen verbrannt.","Trump monet contra communismum die Libertatis Americanae. Clavis takeaways Praeses Trump monet communismum periculum Americanum libertati esse. Ob nimium calorem, maiores pompae et nundinae per totam oram orientalem eliduntur. Exitiale wildfires milia ...",,,,random
d575b081fa9b018505940318afa2757e,2026-07-04T15:01:00Z,Iceberg,,nightwalker.cocolog-nifty.com,ja,0.25,個人向け国債 変動10年　発行条件の推移　2022−2026/7,今月の個人向け国債の発行時利回りのチェックです。...,http://nightwalker.cocolog-nifty.com/money/2026/07/post-036eae.html,https://nightwalker.cocolog-nifty.com/money/images/202607051.png,,"crossorigin=""anonymous"">今月の個人向け国債の発行時利回りのチェックです。最近の個人向け国債 変動10年　発行条件の推移　2022−2026/7変動10年の発行条件  変動10年　第196回債（令和8年7月）の発行条件は、1.80％(税引き前)。基準金利は2.73％。今月の個人向け国債・新窓販国債※発行条件現在募集中の個人向け国債・新窓販国債ネット銀行の定期預金金利は？金利… [+16016 chars]",Government bonds for individuals 10-year floating rate Change in issuance conditions 2022-2026/7. Check the yield at the time of issuance of this month's government bonds for individuals. ...,Staatsanleihen für Privatpersonen mit 10-jähriger variabler Verzinsung. Änderung der Emissionsbedingungen 2022-2026/7. Überprüfen Sie die Rendite der Staatsanleihen dieses Monats für Privatpersonen zum Zeitpunkt der Emission. ...,Vincula gubernationis pro personis 10-annorum fluitantis rate Mutationem in condiciones editae 2022-2026/7. Compesce cede tempore editae vincula regiminis huius mensis pro singulis. ...,Antarctica,WAN,Antarctica,eonet
d87d55a17cd6e6b0780e126c01dd1b8a,2026-07-04T15:11:50Z,Wildfire,,www.vrt.be,nl,0.9,"Spaanse brandweer strijdt tegen bosbrand aan Costa Brava, 2 zwaargewonden in Portugal",LIVE In het zuiden van Europa heerst een ongeziene hitte(golf) en woeden intussen verschillende bos- en natuurbranden. Volg alle updates over de bosbranden in deze liveblog.,https://www.vrt.be/vrtnws/nl/liveblog/spaanse-brandweer-strijdt-tegen-bosbrand-aan-costa-brava-2-zwaa~1783176592077/,https://images.vrt.be/vrtnws_share/2026/07/04/33417347-fb7e-4e50-b176-94e58765d0c9.jpg,,"Er woedt een hevige brand in La Bisbal d'Empordà, een gemeente in de provincie Girona in Spanje. Dat is te zien op beelden van de Vlaamse Charlotte, die op vakantie is in Torre Valentina in Calogne a… [+500 chars]","Spanish fire brigade battles forest fire on Costa Brava, 2 seriously injured in Portugal. LIVE There is an unprecedented heat wave in the south of Europe and several forest and nature fires are currently raging. Follow all updates about the forest fires in this live blog.","Spanische Feuerwehr bekämpft Waldbrand an der Costa Brava, 2 Schwerverletzte in Portugal. LIVE Im Süden Europas herrscht eine beispiellose Hitzewelle und derzeit wüten mehrere Wald- und Naturbrände. Verfolgen Sie alle Updates zu den Waldbränden in diesem Live-Blog.","Ignis Hispaniensis LEGIO proelia silvae in Costa Brava incenderunt, 2 graviter laesi in Portugallia. LIVE Est inauditus calor fluctus in Europa australi et plures silvae et ignes naturae nunc furentes sunt. Sequere omnes updates de incendiis silvestribus in hoc diario vivo.",,,,random
f3f2528e303a4603d103569d4f893c6b,2026-07-04T15:22:34Z,Flood,,actualidad.rt.com,es,0.3,Casi un millón de estaodunidenses sin energía por la ola de calor en pleno día de la independencia,,https://actualidad.rt.com/actualidad/614902-millon-estaodunidenses-energia-ola-calor,https://mf.b37mrtl.ru/actualidad/public_images/2026.07/original/6a49253a59bf5b7f2709660a.jpg,,"Más de 842.000 hogares se han quedado sin electricidad en Estados Unidos este sábado, en medio de una ola de calor que afecta a amplias zonas del país y con nuevos episodios de clima severo previstos… [+604 chars]",Almost a million Americans without power due to the heat wave in the middle of Independence Day.,Fast eine Million Amerikaner sind wegen der Hitzewelle mitten am Unabhängigkeitstag ohne Strom.,Fere decies centena millia Americanorum sine viribus ob aestum in medio diei independentiae fluctuantem fecerunt.,United States,CNA,North-America,wmo
45596dc36c21ffbc6683f81ff29db283,2026-07-04T15:48:12Z,Heat Wave,,www.newsit.gr,el,0.8,Κύμα καύσωνα και αισχροκέρδειας στη Γαλλία: Έπαιξαν ξύλο για να αγοράσουν κλιματιστικά 179 ευρώ και τα πουλούν έως και 700,"Το κύμα καύσωνα που πλήττει τη Γαλλία έχει δημιουργήσει τεράστια ζήτηση για κλιματιστικά, με αποτέλεσμα αρκετοί να προσπαθούν να βγάλουν γρήγορο κέρδος. Συσκευές που αγοράστηκαν ... 
To άρθρο Κύμα καύσωνα και αισχροκέρδειας στη Γαλλία: Έπαιξαν ξύλο για να αγο…",https://www.newsit.gr/kosmos/kyma-kaysona-kai-aisxrokerdeias-sti-gallia-epaiksan-ksylo-gia-na-agorasoun-klimatistika-179-eyro-kai-ta-pouloun-eos-kai-700/4720326/,https://www.newsit.gr/wp-content/uploads/2026/07/gallia-kausonas-1-1200x630.jpg,,", . Lidl 179 700 .
 . , .
2 , Lidl 200.000 . 179 , 249 , .
Bagarres, portes forcées, intervention de la police… L’annonce de la vente de 200.000 climatiseurs et ventilateurs par Lidl vire au chaos… [+1157 chars]","Heat wave and profiteering in France: They gambled to buy air conditioners for 179 euros and sell them for up to 700. The heat wave that is hitting France has created a huge demand for air conditioners, as a result of which many are trying to make a quick profit. Devices purchased ... 
The article Heat wave and profiteering in France: They played wood to get...","Hitzewelle und Profitgier in Frankreich: Sie haben darauf gesetzt, Klimaanlagen für 179 Euro zu kaufen und sie für bis zu 700 Euro zu verkaufen. Die Hitzewelle, die Frankreich heimsucht, hat zu einer enormen Nachfrage nach Klimaanlagen geführt, weshalb viele versuchen, schnell Gewinn zu machen. Gekaufte Geräte ... 
Der Artikel Hitzewelle und Profitgier in Frankreich: Sie spielten mit Holz, um...","Calor fluctus et lucrum in Gallia: lusi sunt aeris conditioners 179 numismata emere et eas vendere usque ad 700. Calor fluctus, qui Franciam ferendi sunt, magnam aeris conditionem postulant, ex quo multi quaestum celerem efficere conantur. Cogitationes acquisitae... 
Articulus Fluctus Caloris et quaestus in Gallia: Luserunt ligna ad acquirendum.",France,WCE,Europe,wmo
c1ccfedbea87fd02ab29f5f3ced07897,2026-07-04T15:54:00Z,Heat Wave,,www.protothema.gr,el,0.9,"Μεγάλη φωτιά στη βόρεια Πορτογαλία: Πάνω από χίλιοι πυροσβέστες στα μέτωπα, στάχτη 100.000 στρέμματα","Έπειτα από σφοδρό κύμα καύσωνα, η χώρα βρίσκεται αντιμέτωπη και με τις πρώτες μεγάλες δασικές πυρκαγιές του καλοκαιριού | Πορτογαλία | Φωτιά | Καύσωνας | Κόσμος",https://www.protothema.gr/world/article/1845669/megali-fotia-sti-voreia-portogalia-pano-apo-hilioi-purosvestes-sta-metopa-stahti-100000-stremmata/,https://www.protothema.gr/images/640x360share/jpg/files/2026-07-04/maketa-portogalia-fotia.jpg,,"A large wildfire near Vouzela in central Portugal spread overnight across three municipalities, burning over 2,400 hectares, injuring six people and forcing village evacuations, with nearly 1,000 fir… [+141 chars]","Big fire in northern Portugal: More than a thousand firefighters on the frontlines, ash 100,000 hectares. After a severe heat wave, the country is facing the first big forest fires of the summer | Portugal | Fire | Heat | World",Großbrand im Norden Portugals: Mehr als tausend Feuerwehrleute an vorderster Front verbrennen 100.000 Hektar. Nach einer schweren Hitzewelle stehen dem Land die ersten großen Waldbrände des Sommers bevor | Portugal | Feuer | Hitze | Welt,"Ignis magnus in Lusitania septentrionali: Plus quam mille pugnatores in frontibus, cinis 100,000 hectares. Post gravem aestum , rus primos magnos saltus aestatis ignes respicit | Portugal | ignis | Calor | Mundus",Portugal,MED,Europe,wmo
f8019c4bf6fdcf29c4f1796785d0ffc8,2026-07-04T16:05:00Z,Storm,,www.elconfidencial.com,es,0.7,El calor extremo y el riesgo de tormentas marcan los festejos del 4 de julio en Estados Unidos,"Las altas temperaturas afectan a ciudades como Nueva York, Washington DC y Filadelfia, que precisamente acogen un despliegue de eventos conmemorativos de la Independencia del país",https://www.elconfidencial.com/mundo/2026-07-04/calor-extremo-independencia-estados-unidos-1tps_4383512/,"https://images.ecestaticos.com/eaaDgdDWX24DGqxHMesEuA12cOg=/0x0:2272x1515/600x315/filters:fill(white):format(jpg):quality(99):watermark(f.elconfidencial.com/file/65c/43d/0ca/65c43d0ca5dbd5ff8f19b44167343db9.png,0,275,1)/f.elconfidencial.com/original/bf0/1f1/014/bf01f1014956d4db2d4d5a35bec9d500.jpg",http://web.archive.org/web/20260704190549/https://www.elconfidencial.com/mundo/2026-07-04/calor-extremo-independencia-estados-unidos-1tps_4383512/,"La ola de calor extremo y el riesgo de tormentas sigue azotando a Estados Unidos durante el ajetreado festivo del 4 de julio, Día de la Independencia, con pronósticos de temperaturas récord y humedad… [+3573 chars]","Extreme heat and the risk of storms mark the 4th of July celebrations in the United States. High temperatures affect cities such as New York, Washington DC and Philadelphia, which are precisely hosting a display of events commemorating the country's Independence.","Extreme Hitze und Sturmgefahr prägen die Feierlichkeiten zum 4. Juli in den Vereinigten Staaten. Hohe Temperaturen beeinträchtigen Städte wie New York, Washington DC und Philadelphia, in denen gerade Veranstaltungen zum Gedenken an die Unabhängigkeit des Landes stattfinden.","Extremum calorem et procellarum periculum die 4 mensis Iulii notant celebrationes in Civitatibus Foederatis. Temperatura altae civitates afficiunt ut New York, Washington DC et Philadelphia, quae praecise obnoxiae sunt rerum ostentationem libertatis patriae commemorantes.",United States,CNA,North-America,wmo
ac382866da75cd3d7d19340730b83119,2026-07-04T16:05:14Z,Heat Wave,,dialogos.com.cy,el,0.8,Ακραίος καύσωνας «σαρώνει» την Ευρώπη – Χιλιάδες επιπλέον θάνατοι και ανεξέλεγκτες πυρκαγιές,"Σε κατάσταση αυξημένης επιφυλακής βρίσκονται αρκετές ευρωπαϊκές χώρες, καθώς το έντονο κύμα καύσωνα που πλήττει την ήπειρο προκαλεί σοβαρές επιπτώσεις στη δημόσια υγεία, τροφοδοτεί μεγάλες δασικές πυρκαγιές και ασκεί έντονες πιέσεις στις υποδομές. Στη Γαλλία,…",https://dialogos.com.cy/akraios-kaysonas-saronei-tin-eyropi-chiliades-epipleon-thanatoi-kai-anexelegktes-pyrkagies/,https://dialogos.com.cy/wp-content/uploads/2026/07/khdskhdas1.jpg,,"© Dialogos Media Group - , , , / , , , , ( ) , , , , , .","Extreme heat “sweeps” Europe – Thousands more deaths and wildfires. Several European countries are on high alert as the intense heat wave hitting the continent is causing serious public health impacts, fueling large forest fires and putting severe pressure on infrastructure. In France,…","Extreme Hitze „fegt“ über Europa – Tausende weitere Todesfälle und Waldbrände. Mehrere europäische Länder sind in höchster Alarmbereitschaft, da die starke Hitzewelle, die den Kontinent heimsucht, schwerwiegende Auswirkungen auf die öffentliche Gesundheit hat, große Waldbrände auslöst und die Infrastruktur stark belastet. In Frankreich…","Extremus calor Europam verrit - Milia plura mortes et ignes ferum. Aliquot Europaeae nationes in altum erecti sunt sicut aestus intensus undam continentem ferendi causa gravis impulsus sanitatis publicae causat, incendia silvestria magna fovet et gravem pressionem infrastructuram immittit. In Gallia,…",France,WCE,Europe,wmo
bf62a2975760f45b6fd4925fb57f14e1,2026-07-04T16:13:37Z,Storm,,www.abc.es,es,0.3,La ola de calor mantiene en alerta roja a 120 municipios de Galicia tras rozarse los 42 grados,El calor seguirá pegando fuerte también este domingo en Galicia. Las altas temperaturas han llevado a la Xunta a mantener la alerta roja por episodios de calor en 120 de los 313 municipios de la comunidad autónoma. El respiro será mínimo respecto a este sábad…,https://www.abc.es/espana/galicia/ola-calor-mantiene-alerta-roja-120-municipios-20260704181336-nt.html,https://s1.abcstatics.com/abc/www/multimedia/espana/2026/07/04/1482888344-U85842740175bzY-1200x630@diario_abc.jpg,,El calor seguirá pegando fuerte también este domingo en Galicia. Las altas temperaturas han llevado a la Xunta a mantener la alerta roja por episodios de calor en 120 de los 313 municipios de la comu… [+2708 chars],The heat wave keeps 120 municipalities in Galicia on red alert after reaching 42 degrees. The heat will continue to hit hard also this Sunday in Galicia. The high temperatures have led the Xunta to maintain the red alert for heat episodes in 120 of the 313 municipalities of the autonomous community. The respite will be minimal compared to this Saturday…,"Die Hitzewelle versetzt 120 Gemeinden in Galizien nach Erreichen von 42 Grad in Alarmbereitschaft. Die Hitze wird auch an diesem Sonntag in Galizien weiterhin hart zuschlagen. Die hohen Temperaturen haben dazu geführt, dass Xunta in 120 der 313 Gemeinden der Autonomen Gemeinschaft die Alarmstufe Rot für Hitzeepisoden aufrechterhält. Die Ruhepause wird im Vergleich zu diesem Samstag minimal sein…",Calor fluctus custodit 120 municipia in Galicia rubris erectus post 42 gradus attingens. Calor durabit etiam hac dominica in Gallaecia. Temperaturae altae Xunta duxerunt ut episodium rubrum vigilaret ad calores in 120 communitatum autonomarum 313 municipiorum. Quies minima erit huic Saturni comparari.,Qatar,ARP,Asia,wmo
e457fb22e168d6ab4e624393f79de37c,2026-07-04T16:33:42Z,Precipitation,,hindi.moneycontrol.com,hi,0.3,"Monsoon Watch 4 July: अगले 4 दिनों में आक्रामक होकर इस ओर बढ़ेगा मानसून, IMD ने इन इलाकों में तूफानी बारिश का अलर्ट दिया","देश भर में दक्षिण-पश्चिम मानसून तेजी से आगे बढ़ रहा है। भारतीय मौसम विज्ञान विभाग (IMD) ने शनिवार को जानकारी दी है कि अगले चार दिनों के भीतर मानसून आक्रामक रूप दिखाते हुए उत्तर अरब सागर, गुजरात के कुछ और हिस्सों, पंजाब और हरियाणा के बचे हुए इलाकों और राजस्थान…",https://hindi.moneycontrol.com/india/monsoon-watch-4-july-imd-heavy-rain-alert-delhi-up-rajasthan-mp-gujarat-weather-update-article-2416977.html,https://images.moneycontrol.com/static-hindinews/2026/06/Monsoon-2026-Update.jpg,,"- (IMD) , , - 4-5 - -, 
 5 
 , -
<ul><li> : 4 7 </li><li> : 4 6 </li><li> : 4 5 </li><li> : 4 - </li><li>- : - , </li></ul>
: 4-7 4-6 7 10 8 10 9-10 8-10 4 7-8 
, , : 4-5 9-10 6 8 4-5 - 40-50 ( … [+619 chars]","Monsoon Watch 4 July: Monsoon will move aggressively in this direction in the next 4 days, IMD gave alert of stormy rain in these areas. South-west monsoon is advancing rapidly across the country. The Indian Meteorological Department (IMD) has informed on Saturday that within the next four days, the monsoon will show aggressive form in North Arabian Sea, some more parts of Gujarat, remaining areas of Punjab and Haryana and Rajasthan…","Monsunwache 4. Juli: Der Monsun wird sich in den nächsten 4 Tagen aggressiv in diese Richtung bewegen, das IMD warnt vor stürmischem Regen in diesen Gebieten. Der Südwestmonsun breitet sich im ganzen Land rasch aus. Das Indian Meteorological Department (IMD) hat am Samstag mitgeteilt, dass der Monsun innerhalb der nächsten vier Tage im Nordarabischen Meer, einigen weiteren Teilen von Gujarat und den übrigen Gebieten von Punjab, Haryana und Rajasthan aggressive Formen annehmen wird.","Monsoon Vigilo 4 Iulii: Monsoon infensi in hanc partem movebitur in proximis 4 diebus, IMD in his locis pluviae procellae erectae dedit. ETESIA Australis-occidentalis per regionem celeriter progreditur. Indicum Meteorologicum Department (IMD) die Saturni certior factus est intra quattuor dies proximum, monsoon ostendet formam pugnacem in Mare Septentrionali Arabico, alias partes Gujarat, reliquas partes Punjab et Haryana et Rajasthan...",Algeria,SAH,Africa,wmo
47a9b562cc489d4e5b34a2ffe01945ec,2026-07-04T17:00:44Z,Drought,,www.xataka.com,es,0.3,El Rin se está quedando sin agua por las olas de calor. Y eso es un desastre logístico y energético para Europa,"Una nueva ola de calor extremo está golpeando el corazón del continente europeo, y las consecuencias van mucho más allá de los récords en los termómetros o el hecho de ver vías de tranvía levantadas. El río Rin, la autopista fluvial más importante de Europa o…",https://www.xataka.com/ecologia-y-naturaleza/rin-se-esta-quedando-agua-olas-calor-eso-desastre-logistico-energetico-para-europa,https://i.blogs.es/97c0aa/rio-rin/840_560.jpeg,,"Una nueva ola de calor extremo está golpeando el corazón del continente europeo, y las consecuencias van mucho más allá de los récords en los termómetros o el hecho de ver vías de tranvía levantadas.… [+3641 chars]","The Rhine is running out of water due to heat waves. And that is a logistical and energy disaster for Europe. A new wave of extreme heat is hitting the heart of the European continent, and the consequences go far beyond records in thermometers or seeing raised tram tracks. The Rhine River, the most important river highway in Europe or…","Durch Hitzewellen geht dem Rhein das Wasser aus. Und das ist eine logistische und energietechnische Katastrophe für Europa. Eine neue Welle extremer Hitze trifft das Herz des europäischen Kontinents, und die Folgen gehen weit über die Aufzeichnungen von Thermometern oder das Erkennen erhöhter Straßenbahngleise hinaus. Der Rhein, die wichtigste Flussautobahn Europas oder…","Rhenus ex aqua currit ob undas aestus. Et id est logistical et industria cladis Europae. Nova unda caloris extremae cor continentis Europaei incutit, et consequentia longe superant monumenta in thermometris vel videntes tramitem tramitem elevatum. Rhenus flumen, potissima via in Europa vel maxime flumen…",Honduras,SCA,North-America,edo
aea660072c00ec4c90addd2b7137c1a6,2026-07-04T17:30:24Z,Earthquake,,www.enter.co,es,0.7,Microsoft revela qué zonas sufrieron más daños tras los terremotos en Venezuela,"Saber cuántos edificios quedaron afectados después de un terremoto suele tomar días, e incluso semanas, cuando las carreteras están bloqueadas o las zonas más golpeadas siguen siendo inaccesibles. Tras los sismos registrados en junio de 2026 en la costa de Ve…",https://www.enter.co/especiales/dev/inteligencia-artificial/microsoft-revela-que-zonas-sufrieron-mas-danos-tras-los-terremotos-en-venezuela/,https://www.enter.co/wp-content/uploads/2026/07/Captura-de-pantalla-2026-07-04-122759.png,,"Saber cuántos edificios quedaron afectados después de un terremoto suele tomar días, e incluso semanas, cuando las carreteras están bloqueadas o las zonas más golpeadas siguen siendo inaccesibles. Tr… [+3474 chars]","Microsoft reveals which areas suffered the most damage after the earthquakes in Venezuela. Knowing how many buildings were affected after an earthquake often takes days, or even weeks, when roads are blocked or the hardest-hit areas remain inaccessible. After the earthquakes recorded in June 2026 on the coast of Ve…","Microsoft verrät, welche Gebiete nach den Erdbeben in Venezuela die größten Schäden erlitten haben. Um zu wissen, wie viele Gebäude nach einem Erdbeben betroffen waren, dauert es oft Tage oder sogar Wochen, wenn Straßen blockiert sind oder die am stärksten betroffenen Gebiete unzugänglich bleiben. Nach den Erdbeben im Juni 2026 an der Küste von Ve…","Microsoft ostendit quibus locis maxime damnum post terrae motus in Venetiola passi sunt. Scientes quot aedificia post terrae motum saepe dies capiunt, vel etiam hebdomades, cum viae obstructae sunt vel locis gravissimis-inaccessibilis manent. Post terrae motus in mense Iunio MMXXVI in ora Ve…",Venezuela,NSA,South-America,usgs
023bae8ad01f152af23b6d90d5795ea0,2026-07-04T20:10:39Z,Earthquake,,www.eldiario.es,es,0.3,Antes y después de Magallanes: tras las huellas de un contacto que conmocionó las islas del Pacífico,"El proyecto 'PacificPeopleForest', liderado por investigadoras españolas, busca documentar cómo la llegada de los europeos causó un grave colapso demográfico y alteraciones ecológicas en las islas Marianas, antigua colonia española

Hemeroteca - Descenso al …",https://www.eldiario.es/sociedad/despues-magallanes-huellas-contacto-conmociono-islas-pacifico_1_13316894.html,https://static.eldiario.es/clip/91056d6b-15a2-4097-8b0a-b508a4c81a12_facebook-watermarked-aspect-ratio-1200-675_default_0_x1514y326.jpg,,"TARJETA CADUCADA
Por favor, actualiza tus datos de pago para que podamos renovar tu suscripción y sigas siendo socia/o de elDiario.es. Tu tarjeta caduca el . Te seguimos necesitando,
 .
Actualizar… [+13 chars]","Before and after Magellan: in the footsteps of a contact that shocked the Pacific islands. The 'PacificPeopleForest' project, led by Spanish researchers, seeks to document how the arrival of Europeans caused a serious demographic collapse and ecological alterations in the Mariana Islands, a former Spanish colony.

Newspaper Archive - Descent to the…","Vor und nach Magellan: Auf den Spuren eines Kontakts, der die pazifischen Inseln schockierte. Das von spanischen Forschern geleitete Projekt „PacificPeopleForest“ möchte dokumentieren, wie die Ankunft der Europäer auf den Marianen, einer ehemaligen spanischen Kolonie, zu einem schwerwiegenden demografischen Zusammenbruch und ökologischen Veränderungen führte.

Zeitungsarchiv - Abstieg zum…","Ante et post Magellanum: in vestigiis contactus insularum Pacificarum quae abhorrent. Consilium PacificPeopleForest, ab investigatoribus Hispanicis ductum, documentum quaerit quomodo adventus Europaeorum gravem ruinam demographicam et oecologicam mutationem in insulis Marianis, quondam Hispanica colonia, fecit.

Newspaper Archive - Descensus ad ...",Mexico,SCA,North-America,usgs
796c97165017e14e241d6e540977e5be,2026-07-04T22:00:00Z,Precipitation,,news.livedoor.com,ja,0.8,【セ・リーグ順位表】ヤクルトは7月白星なしの3連敗で3位陥落　阪神は12試合目の中止も首位タイ浮上,プロ野球セ・リーグは4日、各地で2試合が開催。阪神と広島の一戦は雨天中止となりました。首位巨人は最下位の中日に2連敗。中山礼都選手の犠牲フライで2回に先制するも、4回には先発・竹丸和幸投手が四球とヒットで無死満塁のピンチを招きました。その後1アウトまで持ち込むも、泉口友汰選手のエラーの間に失点。同点で迎えた8回には、田中瑛斗投手が2本の長打で勝ち越しを許し、敗れました。2位タイのヤクルトは5位DeNAと対戦。2回に梶原昂希選手の第1号2ランで先制を許すと、3回には全文日テレNEWS NNN 07月05日07時00分,https://news.livedoor.com/article/detail/31742689/,https://image.news.livedoor.com/newsimage/stf/6/3/63854_1110_d67d4519_7687031b.jpg,,"42
224182
25DeNA21236156
73
4
 2-1 (1)(111S)(1215S)
DeNA 12-1 DeNA(41)(52)DeNA1491","[Central League Standings] Yakult falls to 3rd place after three consecutive losses without a win in July; Hanshin remains tied for first place despite the cancellation of their 12th game. Two games in the professional baseball Central League will be held on the 4th in various locations. The match between Hanshin and Hiroshima was canceled due to rain. The top-ranked Giants have lost two consecutive games to bottom-ranked Chunichi. Reito Nakayama's sacrifice fly gave them the lead in the second inning, but in the fourth inning, starting pitcher Kazuyuki Takemaru walked and hit, leaving the bases loaded with no outs. After that, they got one out, but gave up a point due to an error by Yuta Izumiguchi. In the 8th inning, with the score tied, pitcher Eito Tanaka allowed two extra-base hits to take the lead, resulting in the loss. Yakult, tied for 2nd place, will play against 5th place DeNA. In the 2nd inning, Koki Kajiwara's first two-run shot gave them the lead, and in the 3rd inning, Nippon TV NEWS NNN July 5, 7:00","[Zentralliga-Wertung] Yakult fällt nach drei Niederlagen in Folge ohne Sieg im Juli auf den 3. Platz zurück; Hanshin bleibt trotz der Absage seines zwölften Spiels punktgleich auf dem ersten Platz. Am 4. werden an verschiedenen Orten zwei Spiele der professionellen Baseball-Central League ausgetragen. Das Spiel zwischen Hanshin und Hiroshima wurde wegen Regen abgesagt. Die bestplatzierten Giants haben zwei Spiele in Folge gegen den Tabellenletzten Chunichi verloren. Reito Nakayamas Opferflug verschaffte ihnen im zweiten Inning die Führung, aber im vierten Inning ging Startpitcher Kazuyuki Takemaru zu Fuß und schlug zu, so dass die Bases ohne Outs gefüllt waren. Danach holten sie einen Punkt heraus, gaben aber aufgrund eines Fehlers von Yuta Izumiguchi einen Punkt ab. Im 8. Inning, als es unentschieden war, erlaubte Pitcher Eito Tanaka zwei Extra-Base-Hits, um die Führung zu übernehmen, was zur Niederlage führte. Yakult, der den 2. Platz teilt, wird gegen den 5. Platz DeNA spielen. Im 2. Inning brachte ihnen Koki Kajiwaras erster Two-Run-Schuss die Führung, und im 3. Inning Nippon TV NEWS NNN 5. Juli, 7:00 Uhr","[Central League Standings] Yakult in tertium locum cadit post tria damna consecutiva sine lucri mense Iulio; Hanshin ligatus manet primo loco non obstante indultum 12 ludi eorum. Duo ludi in baseball Centrali League professionali die 4 in variis locis tenebuntur. Certamen inter Hanshin et Hiroshima remissum est ob pluviam. In summo numero Gigantum duos continuos ludos solum-praeferendos Chunichi amiserunt. Musca Reito Nakayama sacrificium eis plumbum in secundo inninge dedit, sed in quarta inninge, incipiens urceum Kazuyuki Takemaru ambulavit et percussit, bases nullis foris onustas relinquens. Deinde, unum exierunt, sed punctum errori per Yuta Izumiguchi reddidit. In 8 inning, cum score ligatum, hydriam Eito Tanaka permisit duos hit extra basin plumbum ducere, inde in damnum. Yakult, pro 2nd loco ligatus, contra 5 locum DeNA ludet. In 2 inninge, Koki Kajiwara primum duo-currunt iecit plumbum illis dedit, et in 3 inninge, Nippon TV NUN NNN July 5, 7:00",Thailand,SEA,Asia,wmo
99a0e34f7437fe0309de9f97bfa796ff,2026-07-04T23:07:36Z,Storm,,www.nbcsports.com,en,0.3,Philadelphia delivers incredible World Cup party to celebrate America's 250th Birthday,Philadelphia went all out to welcome the world as the birthplace of the USA put on a memorable show for July 4th 250 and a World Cup knockout clash.,https://www.nbcsports.com/soccer/news/philadelphia-delivers-incredible-world-cup-party-to-celebrate-americas-250th-birthday,https://s.yimg.com/lo/mysterio/api/6e61725d2a76cb43cd783b16668a9e94c49735ed98a183994974425825bea492/lightyear_networkapi/resizefill_w1200;quality_80;format_webp/https:%2F%2Fmedia.zenfs.com%2Fen%2Fnbcsports.com%2F165462dd6b63f758ac7bc8f70ff9e6c5,,"PHILADELPHIA From the moment you arrived in Philadelphia, you understood how much they've loved hosting 2026 World Cup games and how electric and emotional this double celebration on America's 250th … [+14986 chars]",Philadelphia delivers incredible World Cup party to celebrate America's 250th Birthday. Philadelphia went all out to welcome the world as the birthplace of the USA put on a memorable show for July 4th 250 and a World Cup knockout clash.,"Philadelphia veranstaltet eine unglaubliche WM-Party zur Feier des 250. Geburtstags der USA. Philadelphia tat alles, um die Welt willkommen zu heißen, denn der Geburtsort der USA lieferte am 4. Juli eine denkwürdige Show im 250-Meter-Lauf und ein WM-K.-o.-Duell.",Philadelphia incredibilem factionem Mundi Calicem tradit ad celebrandum dies CCL dies natalis Americae. Philadelphia exivit omnes ad mundum excipiendum sicut in USA natale solum memorabile spectaculum pro Iulio 4th 250 et in concursu World Cup knockout posuit.,United States,CNA,North-America,wmo
1d86b410f4235ec8dc239fb80e03ae70,2026-07-04T23:09:00Z,Precipitation,,news.livedoor.com,ja,0.5294117647058824,フランス、4大会連続の8強入り！エース・エムバぺがPK決め通算7Gで得点王争いトップタイに並ぶ【北中米W杯】,■FIFAワールドカップ2026決勝トーナメント2回戦パラグアイ 0－1 フランス（日本時間5日、フィラデルフィアスタジアム）【Ｗ杯日程＆結果】波乱続出の決勝トーナメント “4年に1度の祭典” 39日間全104試合の熱戦！サッカー男子フランス代表（FIFAランク1位）は、パラグアイ代表（同40位）を1－0で下し、4大会連続のベスト8進出を決めた。前半をスコアレスで終えたフランスは後半、キリアン・エムバぺ（27）がPKを決め先制、そのままリードを守って逃げ切った。準々決勝では、モロ全文TBS NEWS DIG 07…,https://news.livedoor.com/article/detail/31743070/,https://image.news.livedoor.com/newsimage/stf/5/0/50c0e_1796_c0a3a8ef_f1591c35.jpg,,"FIFA20262 01 5
 41 39104
FIFA140104827PK8
2225313829300
6GKGK11DF2021DFVARPKW19397
617GS142723157230627329131413GS
138123016","France reaches the top 8 for the fourth consecutive tournament! Ace Mbappe tied for top scorer with 7 penalty kicks in total [North/Central America World Cup]. ■FIFA World Cup 2026 Final Tournament 2nd round Paraguay 0-1 France (5th Japan time, Philadelphia Stadium) [World Cup Schedule & Results] Eventful final tournament “A festival that only happens once every 4 years” A total of 104 intense games over 39 days! The French men's national soccer team (ranked 1st in FIFA) defeated the Paraguay national team (ranked 40th) 1-0, advancing to the top eight for the fourth consecutive tournament. After a scoreless first half, France took the lead in the second half when Kylian Mbappé (27) converted a penalty kick, and they maintained their lead and ran away. In the quarterfinals, Moro's full text TBS NEWS DIG 07…","Frankreich erreicht zum vierten Mal in Folge die Top 8! Ace Mbappe ist mit insgesamt 7 Elfmetern der beste Torschütze [Nord-/Mittelamerika-Weltmeisterschaft]. ■Endrunde der FIFA Fußball-Weltmeisterschaft 2026, 2. Runde Paraguay – Frankreich 0:1 (5. Japan-Zeit, Philadelphia-Stadion) [Spielplan und Ergebnisse der Weltmeisterschaft] Ereignisreiches Endturnier „Ein Fest, das nur alle vier Jahre stattfindet“ Insgesamt 104 intensive Spiele über 39 Tage! Die französische Fußballnationalmannschaft der Männer (Platz 1 der FIFA) besiegte die Nationalmannschaft Paraguays (Platz 40) mit 1:0 und rückte damit zum vierten Mal in Folge unter die ersten Acht vor. Nach einer torlosen ersten Halbzeit ging Frankreich in der zweiten Halbzeit in Führung, als Kylian Mbappé (27.) einen Foulelfmeter verwandelte, sie behielten ihren Vorsprung und rannten davon. Im Viertelfinale wurde Moros Volltext TBS NEWS DIG 07…","Gallia summo 8 pro quarta consecutiva torneamento attingit! Ace Mbappe ligatum pro summa scorer cum 7 poena calcibus in summa [North/Central America World Cup]. ■FIFA World Cup 2026 Final Tournament 2nd round Paraguay 0-1 France (5th Japan time, Philadelphia Stadium) [Mundus Schedule & Proventus] Eventus finalis tournamentum ""Festum quod semel tantum fit singulis 4 annis"" Summa 104 intensa ludos super 39 dies! Galli hominum turmas nationales morbi (in FIFA 1 praeferentes) turmam nationalem Paraguay (40th) 1-0 vicerunt, ad summum octo progressi pro quarta tournamento consecutivo. Post scor- pam primam partem, Gallia in medium medium ducebat, cum Kylian Mbappé (27) poenam calcis convertit, et suum plumbum defenderunt et aufugerunt. In quarterfinals, Moro plenum textum TBS NUNTII DIG 07…",,,,random
1fb3b4618553b7ccd3a60821465e3208,2026-07-05T00:27:08Z,Heat Wave,,www.nrc.nl,nl,0.9,Strafschop van Mbappé loodst Frankrijk langs taai Paraguay naar kwartfinales,Frankrijk heeft zich in de nacht van zaterdag op zondag voor het vierde WK op rij geplaatst voor de kwartfinales. Het land won door een benutte strafschop van Kylian Mbappé met 1-0 van Paraguay. Het was een wedstrijd die werd gedomineerd door de hitte (38 gra…,https://www.nrc.nl/nieuws/2026/07/05/strafschop-van-mbappe-loodst-frankrijk-langs-paraguay-naar-kwartfinales-a4931815,https://images.nrc.nl/6ZsWut8ZfDyJc8eBBI1QFkCmcQw=/1200x627/smart/filters:no_upscale()/s3/static.nrc.nl/wp-content/uploads/2026/07/05021939/ANP-562819931.jpg,,Frankrijk heeft zich in de nacht van zaterdag op zondag voor het vierde WK op rij geplaatst voor de kwartfinales. Het land won door een benutte strafschop van Kylian Mbappé met 1-0 van Paraguay. Het … [+2856 chars],Mbappé's penalty guides France past tough Paraguay to the quarter-finals. France qualified for the quarter-finals for the fourth World Cup in a row on the night from Saturday to Sunday. The country won 1-0 against Paraguay thanks to a penalty from Kylian Mbappé. It was a match dominated by the heat (38 degrees…,"Mbappés Elfmeter führt Frankreich am starken Paraguay vorbei ins Viertelfinale. Frankreich hat sich in der Nacht von Samstag auf Sonntag zum vierten Mal in Folge für das Viertelfinale qualifiziert. Das Land gewann dank eines Elfmeters von Kylian Mbappé mit 1:0 gegen Paraguay. Es war ein Spiel, das von der Hitze dominiert wurde (38 Grad…)",Mbappé poena Franciae praeteritae lentae Paraguay ad quartas finales ducit. Gallia aptissima est quadrantis finales in ordine ad quartum Calicem Mundi in nocte a die Sabbati ad Dominicam. Patria 1-0 contra Paraguayam ad poenam egit ab Kylian Mbappé. Par erat calor dominatus (38 gradus…,,,,random
3d9fd00e3199088b2201d689e1c23341,2026-07-05T00:37:49Z,Storm,,www.protothema.gr,el,0.7,"Καταιγίδα χάλασε τα σχέδια του Τραμπ για τη μεγάλη γιορτή των 250 χρόνων ανεξαρτησίας, δείτε βίντεο",Εκκενώθηκε το National Mall στην Ουάσιγκτον πριν από την ομιλία του Αμερικανού προέδρου | Ντόναλντ Τραμπ | ΗΠΑ | Ουάσινγκτον | Καταιγίδα | Κόσμος,https://www.protothema.gr/world/article/1845726/kataigida-halase-ta-shedia-tou-trab-gia-ti-megali-giorti-ton-250-hronon-anexartisias-deite-video/,https://www.protothema.gr/images/640x360share/2/jpg/files/2026-07-05/kataigida_washington.jpg,,"""The safety of our guests, performers, and staff is our top priority. Due to approaching severe storms, Freedom 250, United States Secret Service, United States Park Police, National Park Service, th… [+148 chars]","A storm ruined Trump's plans for the big celebration of 250 years of independence, see video. The National Mall in Washington was evacuated before the speech of the American president | Donald Trump | USA | Washington | Storm | World","Ein Sturm machte Trumps Pläne für die große Feier zum 250. Jahrestag der Unabhängigkeit zunichte, siehe Video. Die National Mall in Washington wurde vor der Rede des amerikanischen Präsidenten evakuiert | Donald Trump | USA | Washington | Sturm | Welt","Tempestas Trump consilia ad magnam celebrationem 250 annorum independentiae labefactavit, vide video. National Mall in Washington ante loquelam praesidis Americani emissus est Donald BUCINUM | USA | Washington | Storm | Mundus",,,,random
f614798e6d5a6adbfe3eb3a49ed41c90,2026-07-05T00:44:56Z,Heat Wave,,economictimes.indiatimes.com,en,0.7,Trump headlines US's 250th birthday celebrations in divided America,"America's 250th birthday was marked by celebrations across the nation, though a severe heatwave and approaching thunderstorms disrupted events in Washington D.C. President Trump's planned rally and fireworks display faced evacuation orders amidst sweltering t…",https://economictimes.indiatimes.com/news/international/world-news/trump-headlines-uss-250th-birthday-celebrations-in-divided-america/articleshow/132189574.cms,"https://img.etimg.com/thumb/msid-132189585,width-1200,height-630,imgsize-276264,overlay-economictimes/articleshow.jpg",,"The United States celebrated its 250th birthday on Saturday with parades, flyovers and fireworks to come, as President Donald Trump stamped his mark on the landmark anniversary in a deeply divided na… [+4677 chars]","Trump headlines US's 250th birthday celebrations in divided America. America's 250th birthday was marked by celebrations across the nation, though a severe heatwave and approaching thunderstorms disrupted events in Washington D.C. President Trump's planned rally and fireworks display faced evacuation orders amidst sweltering t…","Trump macht Schlagzeilen bei den Feierlichkeiten zum 250. Geburtstag der USA im geteilten Amerika. Amerikas 250. Geburtstag wurde im ganzen Land gefeiert, obwohl eine schwere Hitzewelle und herannahende Gewitter die Ereignisse in Washington D.C. störten. Präsident Trumps geplante Kundgebung und sein Feuerwerk sahen sich inmitten der schwülen Hitze mit Evakuierungsbefehlen konfrontiert.","Trump lacus US 250th natalis celebrationes in divisa Americae. Dies natalis Americae CCL celebrationibus trans nationis insignitus est, quamquam aestus gravis et procellis procellis agitatus in Washington D.C. eventus Vindobonae D.C. Praeses Trump meditatus soeios ostentant et pompa facie evacuationis ordines inter aestus t…",India,SAS,Asia,wmo
407fbf0bb514ee10a6e706c4439583ac,2026-07-05T01:44:49Z,Storm,,biztoc.com,en,0.7,Trump to give July 4 speech 'no matter what',"United States President Donald Trump vowed to deliver the speech on the 250th anniversary of the founding of the country, ""no matter what,"" after a severe thunderstorm disrupted the Freedom 250 manife...",https://biztoc.com/x/51599a0766b68e1f,https://biztoc.com/cdn/51599a0766b68e1f_s.webp,,"United States President Donald Trump vowed to deliver the speech on the 250th anniversary of the founding of the country, ""no matter what,"" after a severe thunderstorm disrupted the Freedom 250 manif… [+69 chars]","Trump to give July 4 speech 'no matter what'. United States President Donald Trump vowed to deliver the speech on the 250th anniversary of the founding of the country, ""no matter what,"" after a severe thunderstorm disrupted the Freedom 250 manife...","Trump wird am 4. Juli eine Rede halten, „egal was passiert“. US-Präsident Donald Trump versprach, die Rede zum 250. Jahrestag der Gründung des Landes „egal was passiert“ zu halten, nachdem ein schweres Gewitter die Freedom 250-Manifestation unterbrochen hatte …","BUCINUM ad diem 4 Iulii orationem 'quacumque'. Praeses Americae Foederatae Rei Publicae Donald Trump vovit orationem die 250 anniversario urbis conditae ""quacumque"" post gravem tonitruum libertatem 250 manifesto disiecisse.",United States,CNA,North-America,wmo
57b707cca938776ccc365190b013a519,2026-07-05T02:04:04Z,Precipitation,,hindi.moneycontrol.com,hi,0.9,"Monsoon Watch: देशभर में मानसून का कहर! दिल्ली में गर्मी से राहत, मुंबई में 'रेड अलर्ट', इन 4 राज्यों में 9 जुलाई तक मूसलाधार बारिश की चेतावनी",India Monsoon Watch: देशभर में मानसून अब पूरी रफ्तार में है। देश की आर्थिक राजधानी मुंबई में मूसलाधार बारिश ने जनजीवन अस्त-व्यस्त कर दिया है। जबकि दिल्ली-एनसीआर में बारिश से लोगों को गर्मी से राहत मिली है। भारतीय मौसम विज्ञान विभाग (IMD) यानी IMD ने अगले कुछ …,https://hindi.moneycontrol.com/india/monsoon-havoc-across-india-relief-from-heatwave-in-delhi-imd-red-alert-in-mumbai-warnings-of-torrential-rain-in-four-states-until-july-9-article-2416988.html,https://images.moneycontrol.com/static-hindinews/2026/07/rain-in-mumbai.jpg,,"India Monsoon Watch: - - (IMD) IMD , , ' ' 
 , - IMD , 
-, ' ' IMD , 9 35.4 , 2 
 ' ' BMC , 6 , 180 
 4 5 
IMD , - 4 5 - , , , , , , , - 
 ' ' 6 7 , 11 
4 ' ' 
 , , , , , 
IMD ' , 
 , , , '… [+72 chars]","Monsoon Watch: Monsoon wreaks havoc across the country! Relief from heat in Delhi, 'Red Alert' in Mumbai, warning of torrential rains in these 4 states till July 9. India Monsoon Watch: Monsoon is now in full swing across the country. Torrential rains have disrupted life in the country's financial capital Mumbai. Whereas rain in Delhi-NCR has brought relief to the people from the heat. The Indian Meteorological Department (IMD) has announced the next few…","Monsunwache: Der Monsun verwüstet das ganze Land! Linderung der Hitze in Delhi, „Roter Alarm“ in Mumbai, Warnung vor sintflutartigen Regenfällen in diesen vier Bundesstaaten bis zum 9. Juli. Monsunwache in Indien: Der Monsun ist jetzt im ganzen Land in vollem Gange. Sintflutartige Regenfälle haben das Leben in Mumbai, der Finanzhauptstadt des Landes, lahmgelegt. Der Regen in Delhi-NCR hingegen hat den Menschen Linderung von der Hitze gebracht. Das Indian Meteorological Department (IMD) hat die nächsten… angekündigt.","Monsoon Watch: Monsoon per patriam vastat! Relevamen caloris in Delhi, 'Red erecti' in Mumbai, pluviarum torrentium monitus in his 4 civitatibus usque ad Iulium 9. India Monsoon Watch: Monsoon nunc in plena adductius trans regionem est. Imbres torrentes vitam dissipaverunt in capite nummarii patriae Mumbai. Pluviae autem in Delhi-NCR a calore subveniebant. Indicus Meteorologicus Department (IMD) annunciavit paucos proximos…",,,,random
f135d9095224074263e2f1ac99a0bd1e,2026-07-05T02:45:38Z,Storm,,biztoc.com,en,0.7,"Freedom 250 event resumes, Trump to speak at 11 pm","The Freedom 250 event to mark the anniversary of the founding of the United States, which was disrupted by a thunderstorm earlier in the evening, will resume at the order of US President Donald Trump,...",https://biztoc.com/x/3cbd9ff05de775ad,https://biztoc.com/cdn/3cbd9ff05de775ad_s.webp,,"The Freedom 250 event to mark the anniversary of the founding of the United States, which was disrupted by a thunderstorm earlier in the evening, will resume at the order of US President Donald Trump… [+69 chars]","Freedom 250 event resumes, Trump to speak at 11 pm. The Freedom 250 event to mark the anniversary of the founding of the United States, which was disrupted by a thunderstorm earlier in the evening, will resume at the order of US President Donald Trump,...","Die Freedom 250-Veranstaltung wird fortgesetzt, Trump wird um 23 Uhr sprechen. Die Freedom 250-Veranstaltung zum Jahrestag der Gründung der Vereinigten Staaten, die am frühen Abend durch ein Gewitter unterbrochen wurde, wird auf Anordnung von US-Präsident Donald Trump wieder aufgenommen.","Libertas 250 res repetit, Trump loqui ad 11 post meridiem. Libertas 250 eventus est notare anniversarium fundationis Civitatum Americae Unitarum, quae ante vesperum tonitribus turbabatur, iussu praesidis US Donald Trump resumet.",United States,CNA,North-America,wmo
d1620ea98a76bfaad093df01c41553a9,2026-07-05T04:40:49Z,Tropical Cyclone,,www.aljazeera.net,ar,0.9,مقابر قُصفت.. حين لم يسلم الموتى من الحرب في جنوب لبنان,لم تتوقف آثار الحرب الإسرائيلية على لبنان عند حدود المنازل والطرقات والحقول، بل امتدت إلى المقابر التي طالتها الغارات والانفجارات، فتصدعت شواهد، وانهارت أضرحة، واختلط الركام ببقايا الأزهار اليابسة.,https://www.aljazeera.net/politics/2026/7/5/%d9%85%d9%82%d8%a7%d8%a8%d8%b1-%d9%82%d8%b5%d9%81%d8%aa-%d8%ad%d9%8a%d9%86-%d9%84%d9%85-%d9%8a%d8%b3%d9%84%d9%85-%d8%a7%d9%84%d9%85%d9%88%d8%aa%d9%89-%d9%85%d9%86,https://www.aljazeera.net/wp-content/uploads/2026/07/image-1783195529.jpg?resize=1920%2C1080&quality=80,http://web.archive.org/web/20260705081917/https://www.aljazeera.net/politics/2026/7/5/%d9%85%d9%82%d8%a7%d8%a8%d8%b1-%d9%82%d8%b5%d9%81%d8%aa-%d8%ad%d9%8a%d9%86-%d9%84%d9%85-%d9%8a%d8%b3%d9%84%d9%85-%d8%a7%d9%84%d9%85%d9%88%d8%aa%d9%89-%d9%85%d9%86,"- . .
 . .
 ( )
. .
 .
 : ()
2 / 2026 . : .
 : "" "".
 . : . : .
 ()
. . : 
 . . . . .
 ()
.
 .
 .
 .
 ()
. : .
 ()
.
 .
 .
 : .
 .","Cemeteries were bombed... when the dead were not spared from the war in southern Lebanon. The effects of the Israeli war on Lebanon did not stop at the borders of homes, roads and fields, but rather extended to cemeteries that were affected by raids and explosions. Tombstones were cracked, shrines collapsed, and the rubble mixed with the remains of dried flowers.","Friedhöfe wurden bombardiert... obwohl die Toten vom Krieg im Südlibanon nicht verschont blieben. Die Auswirkungen des israelischen Krieges im Libanon machten nicht an den Grenzen von Häusern, Straßen und Feldern Halt, sondern erstreckten sich auch auf Friedhöfe, die von Überfällen und Explosionen betroffen waren. Grabsteine ​​waren gesprungen, Schreine stürzten ein und der Schutt vermischte sich mit den Überresten getrockneter Blumen.","Coemeteria bombed ... cum mortui non servati sunt a bello in Libano meridiano. Effectus belli Israelitici in Libano non cessaverunt in finibus domorum, viarum et agrorum, sed potius ad coemeteria excursiones et explosiones affectae sunt. Sepulchra crepuerunt, altaria conciderunt, rudera cum reliquiis florum aridae mixtae sunt.",,,,random
40b2aec2e16613328cebf2c721bf6fb0,2026-07-05T04:55:52Z,Flood,,nypost.com,en,0.3,"Trump hails US as ‘light and the glory’ of the world on 4th of July, condemns ‘cancer’ of communism","Trump spoke to a cheering crowd of more than 150,000 people on the National Mall who braved a thunderstorm-forced evacuation to hear the president speak in the 11 p.m. hour.",https://nypost.com/2026/07/05/us-news/trump-hails-us-as-light-and-the-glory-of-the-world-on-4th-of-july-condemns-cancer-of-communism/,https://nypost.com/wp-content/uploads/sites/2/2026/07/trump.jpg?quality=75&strip=all&1783213306&w=1200,,WASHINGTON – President Trump marked the 250th birthday of the United States Saturday night with a speech paying tribute to the glory of America while vowing to protect it from the cancer of communism… [+5081 chars],"Trump hails US as ‘light and the glory’ of the world on 4th of July, condemns ‘cancer’ of communism. Trump spoke to a cheering crowd of more than 150,000 people on the National Mall who braved a thunderstorm-forced evacuation to hear the president speak in the 11 p.m. hour.","Trump begrüßt die USA am 4. Juli als „Licht und Ruhm“ der Welt und verurteilt den „Krebs“ des Kommunismus. Trump sprach vor einer jubelnden Menge von mehr als 150.000 Menschen in der National Mall, die einer durch ein Gewitter erzwungenen Evakuierung trotzten, um um 23 Uhr die Rede des Präsidenten zu hören. Stunde.","BUCINUM salutat nos ut 'lucem et gloriam mundi die 4 mensis Iulii' damnat 'cancrum communismi'. Tuba locutus est ad laetissimam turbam plusquam 150.000 hominum ex National Mall, qui evacuationem tonitribus coactam ad audiendum Praesidem loqui in 11 a.m. horam.",Australia,CAU,Oceania,wmo
b24f741a847647f639e3a30d07d75459,2026-07-05T05:06:29Z,Heat Wave,,www.huffingtonpost.es,es,0.7,La nueva realidad climática: una cúpula desencadena una ola de calor con valores de temperatura extremos,"<![CDATA[<p>No había comenzado oficialmente el verano y la primera ola de calor de la temporada derritió a España, pero también a media Europa, donde los estragos en países que no están acostumbrados a temperaturas por encima de los 30º han costado demasiadas…",https://www.huffingtonpost.es/life/la-nueva-realidad-climatica-cupula-desencadena-ola-calor-valores-temperatura-extremos-f202607.html,https://img2.huffingtonpost.es/files/og_thumbnail/uploads/2026/07/04/un-hombre-semidesnudo-pasea-por-el-centro-de-oviedo-en-plena-ola-de-calor.jpeg,,"No había comenzado oficialmente el verano y la primera ola de calor de la temporada derritió a España, pero también a media Europa, donde los estragos en países que no están acostumbrados a temperatu… [+8774 chars]","The new climate reality: a dome triggers a heat wave with extreme temperature values. <![CDATA[<p>Summer had not officially begun and the first heat wave of the season melted Spain, but also half of Europe, where the havoc in countries that are not used to temperatures above 30º has cost too many...","Die neue Klimarealität: Eine Kuppel löst eine Hitzewelle mit extremen Temperaturwerten aus. <![CDATA[<p>Der Sommer hatte noch nicht offiziell begonnen und die erste Hitzewelle der Saison ließ Spanien, aber auch halb Europa schmelzen, wo die Verwüstung in Ländern, die nicht an Temperaturen über 30 °C gewöhnt sind, zu viel gekostet hat...","Nova veritas climatis: firmamentum trigger undam caloris cum valoribus extremae temperaturae. <![CDATA[<p>Aestas publice non inceperat et primus calor fluctus temporis Hispaniam liquefaciebat, sed etiam dimidium Europae, ubi strages in nationibus quae supra 30º temperaturis non sunt adhibita, nimium multa impendit...",Spain,MED,Europe,wmo
a963b235dc5e9d867871161ac0457d92,2026-07-05T05:06:46Z,Storm,,english.khabarhub.com,en,0.7,US marks 250th independence anniversary with fireworks,"WASHINGTON DC: The United States celebrated the 250th anniversary of its independence with fireworks, military flyovers and public events, despite severe weather that included thunderstorms and a prolonged heat wave affecting large parts of the country. At a …",https://english.khabarhub.com/2026/05/556983/,https://english.khabarhub.com/wp-content/uploads/2026/07/US-Independence-Reuters.webp,,"WASHINGTON DC: The United States celebrated the 250th anniversary of its independence with fireworks, military flyovers and public events, despite severe weather that included thunderstorms and a pro… [+1414 chars]","US marks 250th independence anniversary with fireworks. WASHINGTON DC: The United States celebrated the 250th anniversary of its independence with fireworks, military flyovers and public events, despite severe weather that included thunderstorms and a prolonged heat wave affecting large parts of the country. At a …","Die USA begehen den 250. Jahrestag der Unabhängigkeit mit einem Feuerwerk. WASHINGTON DC: Die Vereinigten Staaten feierten den 250. Jahrestag ihrer Unabhängigkeit mit Feuerwerk, Militärüberflügen und öffentlichen Veranstaltungen, trotz Unwettern mit Gewittern und einer anhaltenden Hitzewelle, die weite Teile des Landes heimsuchte. Bei einem …","US marcas 250th libertatem anniversariam cum pompa. WASHINGTON DC: Civitates Foederatae 250th anniversarium independentiae suae cum pompis, volatilibus militaribus et eventis publicis celebraverunt, quamquam tempestas gravissima quae tonitribus inclusa est et aestus diuturnus fluctus magnas regionis partes afficit. In a ...",United States,CNA,North-America,wmo
c8e7d848ef182734f3a4a1c2987e7679,2026-07-05T05:12:38Z,Heat Wave,,www.elpais.com.uy,es,0.7,"Donald Trump celebra la grandeza de Estados Unidos en su 250 aniversario: ""Nadie puede ser como nosotros""","En medio de una ola de calor que azota al país, el discurso el presidente de EE.UU. se vio demorado por mal tiempo. El republicano destacó el poderío del país y criticó el comunismo: ""Nunca ha funcionado"".",https://www.elpais.com.uy/mundo/estados-unidos/donald-trump-celebra-la-grandeza-de-estados-unidos-en-su-250-aniversario-nadie-puede-ser-como-nosotros,https://imgs.elpais.com.uy/dims4/default/f89d48b/2147483647/strip/true/crop/5478x3424+0+24/resize/1200x750!/format/webp/quality/90/?url=https%3A%2F%2Fel-pais-uruguay-production-web.s3.us-east-1.amazonaws.com%2Fbrightspot%2F97%2F47%2F9589f3ec479a85bdc762568b0dbe%2F776524245-22453751.jpg,,"El presidente Donald Trump ensalzó este sábado la grandeza de Estados Unidos en el discurso central de los festejos por los 250 años de la Independencia del país, en una aparición demorada por el mal… [+3687 chars]","Donald Trump celebrates the greatness of the United States on its 250th anniversary: ​​""No one can be like us."" In the midst of a heat wave hitting the country, the US president's speech was delayed due to bad weather. The Republican highlighted the power of the country and criticized communism: ""It has never worked.""","Donald Trump feiert zum 250. Jahrestag der USA die Größe: „Niemand kann so sein wie wir.“ Während das Land von einer Hitzewelle heimgesucht wurde, verzögerte sich die Rede des US-Präsidenten wegen schlechten Wetters. Der Republikaner hob die Macht des Landes hervor und kritisierte den Kommunismus: „Es hat nie funktioniert.“","Donald Trump magnitudinem Civitatum Americae Unitarum celebrat in 250th anniversario suo: ""Nemo potest esse similis nostri"". In medio fluctus aestus in regionem ferendi, oratio praesidentis US ob tempestatibus tempestatibus tardata est. Republican potentiam patriae illustravit et communismum reprehendit: ""Numquam laboravit"".",United States,CNA,North-America,wmo
04b6da2550cfa123e97922d77283c9e1,2026-07-05T06:30:55Z,Snow&Ice,,www.dailymail.com,en,0.2,England fans face nervous wait as Mexican authorities issue latest thunderstorm warning for late night World Cup last-16 clash - but half-time show to go ahead despite delay fears,"Mexican authorities have warned thunderstorms are expected during the first half of the England's World Cup last-16 tie with the co-hosts, which could lead to the tie being suspended.",https://www.dailymail.com/sport/football/article-15953939/England-fans-nervous-wait-Mexican-authorities-thunderstorm-warning-World-Cup.html,https://i.dailymail.com/1s/2026/07/05/07/109800251-0-England_fans_watching_the_clash_with_Mexico_could_be_in_for_a_lo-a-16_1783232821408.jpg,,"Mexican authorities have warned thunderstorms are expected during the first half of England's World Cup last-16 tie with the co-hosts, which could lead to the tie being suspended.
The build-up to th… [+5663 chars]","England fans face nervous wait as Mexican authorities issue latest thunderstorm warning for late night World Cup last-16 clash - but half-time show to go ahead despite delay fears. Mexican authorities have warned thunderstorms are expected during the first half of the England's World Cup last-16 tie with the co-hosts, which could lead to the tie being suspended.","England-Fans müssen nervös warten, da die mexikanischen Behörden die neueste Gewitterwarnung für das spätnächtliche WM-Achtelfinale herausgeben – aber trotz der Befürchtungen einer Verzögerung wird die Halbzeitpause fortgesetzt. Die mexikanischen Behörden haben gewarnt, dass in der ersten Halbzeit des Achtelfinal-Spiels der englischen Weltmeisterschaft gegen den Co-Gastgeber mit Gewittern zu rechnen ist, was zu einer Unterbrechung des Spiels führen könnte.","Anglia ventilat faciem nervorum exspectationem sicut Mexicani auctoritates procedunt novissimam tonitrui admonitionem ad multam noctem World Cup ultimo 16 crepitus - sed dimidium temporis spectaculum praecedere obstante mora timores. Auctoritates Mexicanae monuerunt tonitribus exspectari in prima medietate Mundi Mundi Angliae, ultimo-XVI ligamine cum exercitibus co-militibus, quae paritas intermissa ducere posset.",Australia,CAU,Oceania,wmo
f0fde0cafe5632d9ff256d0b6b1b7e2b,2026-07-05T07:19:08Z,Storm,,www.bbc.co.uk,en,0.3,Scorching heat and delays: How Washington DC marked America 250,"The United States of America marked its 250th birthday with fireworks, flyovers, some intense weather across the country.",https://www.bbc.co.uk/news/videos/cwyk2ypj014o,https://ichef.bbci.co.uk/news/1024/branded_news/f9fa/live/25cb0190-783f-11f1-9510-1546718f668b.jpg,http://web.archive.org/web/20260706115400/https://www.bbc.co.uk/news/videos/cwyk2ypj014o,"Thousands of people gathered in the US capital to celebrate the country's 250th birthday in a day that was marked by extreme weather, delays, and a huge display of fireworks.
The celebration, which … [+497 chars]","Scorching heat and delays: How Washington DC marked America 250. The United States of America marked its 250th birthday with fireworks, flyovers, some intense weather across the country.","Sengende Hitze und Verzögerungen: Wie Washington DC den 250. Geburtstag von America feierte. Die Vereinigten Staaten von Amerika feierten ihren 250. Geburtstag mit Feuerwerken, Überflügen und heftigem Wetter im ganzen Land.","Fervens et moras aestuans: Quomodo Washington DC notata America 250. Civitates Americae Septentrionalis dies natalem suum cum pompa, volatilibus, nonnullis tempestatibus per regionem intensam notaverunt.",United Kingdom,NEU,Europe,wmo
386ad600f06e46b8b3816f5e33921d6c,2026-07-05T07:43:42Z,Heat Wave,,www.aljazeera.net,ar,0.9,أين يذهب حديد الصواريخ عندما تحترق في سماء الأرض؟,دراسة تكشف أن بعض حديد الصواريخ عند عودتها إلى الأرض يتفكك ويتحول إلى غبار معدني نانوي بفعل الحرارة والضغط، ثم ينتشر في الغلاف الجوي ضمن دورة كونية لإعادة تدوير المادة المعدنية.,https://www.aljazeera.net/science/2026/7/5/%d8%a3%d9%8a%d9%86-%d9%8a%d8%b0%d9%87%d8%a8-%d8%ad%d8%af%d9%8a%d8%af-%d8%a7%d9%84%d8%b5%d9%88%d8%a7%d8%b1%d9%8a%d8%ae-%d8%b9%d9%86%d8%af%d9%85%d8%a7-%d8%aa%d8%ad%d8%aa%d8%b1%d9%82-%d9%81%d9%8a,https://www.aljazeera.net/wp-content/uploads/2026/07/alcabfwdt-walahtraq-1783010165.png?resize=1920%2C1440,,"|
.
 .
list of 2 itemsend of list
 .
 (/ )
: 
 .
 (Ablation) .
 25 1600 .
 .
 "" "" "" "" .
 WB-57 (/ )
.
 "" "" .
 .
 .
 """" (PNAS) .
 10% .
 (/ )
20 .
 50% .
 .
 () .
 (/ )
.
 . .","Where does rocket iron go when it burns up in the Earth's sky? A study reveals that some of the rocket iron upon returning to Earth disintegrates and turns into nanoscopic metal dust due to heat and pressure, and then spreads into the atmosphere as part of a cosmic cycle to recycle the metallic material.","Wohin gelangt Raketeneisen, wenn es am Erdhimmel verglüht? Eine Studie zeigt, dass ein Teil des Raketeneisens bei der Rückkehr zur Erde aufgrund von Hitze und Druck zerfällt und sich in nanoskopischen Metallstaub verwandelt, der sich dann als Teil eines kosmischen Kreislaufs in die Atmosphäre ausbreitet, um das metallische Material zu recyceln.","Quo ferrum eruca itur, cum in Caelo Telluris exuritur? Investigatio manifestat ferrum erucae nonnullae in terram rediens dissolvit et in pulverem metallicam nanoscopicum ob calorem et pressuram se convertit, et deinde in atmosphaeram diffunditur ut partem cycli cosmici ad redivivum materiae metallicae.",,,,random
b8d5acfe94328dd9dc78ab62520145cd,2026-07-05T07:52:39Z,Precipitation,,www.alphafreepress.gr,el,0.9,Η καταιγίδα δεν σταμάτησε τον Τραμπ,"Τραμπ: «Τα καλύτερα έρχονται» -Η ομιλία για την 250ή επέτειο των ΗΠΑ, τα 850.000 πυροτεχνήματα και η φωτιά στη Γέφυρα του Μπρούκλιν",https://www.alphafreepress.gr/2026/07/05/kosmos/i-kataigida-den-stamatise-ton-tramp/,https://www.alphafreepress.gr/wp-content/uploads/2026/05/usa-navy.jpg,,", , 250 , . , National Mall 4 , . , , . , Truth Social «, », . . , . , , , .
 , , . , , . Air Force One, . , . , « » , , . . 250 , . « 1776» , . « . », .
 , , , . , «, ». « » . , Gold Star Families… [+319 chars]","The storm didn't stop Trump. Trump: 'The best is yet to come' - US 250th anniversary speech, 850,000 fireworks and Brooklyn Bridge fire","Der Sturm hat Trump nicht aufgehalten. Trump: „Das Beste kommt noch“ – Rede zum 250. Jahrestag der USA, 850.000 Feuerwerkskörper und Brand auf der Brooklyn Bridge","Tempestas haud BUCINUM. BUCINUM: 'Optimum est futurum' - US 250th anniversario locutio, 850,000 pompa et Brooklyn, pontis ignis",,,,random
b47ace730427b8f54ed006143a698487,2026-07-05T08:38:10Z,Heat Wave,,observador.pt,pt,0.9,1.200 operacionais ainda combatem o incêndio em Vouzela,"Mais de 400 meios terrestres e 1.200 operacionais em Vouzela. Sete distritos do continente permanecem sob aviso vermelho de calor, com temperaturas que podem atingir os 44 graus.",https://observador.pt/liveblogs/incendio-em-vouzela-continua-ativo-com-uma-frente-dominada-1-300-bombeiros-combatem-as-chamas-em-todo-o-pais/,https://wm.observador.pt/wm/l/https%3A%2F%2Fbordalo.observador.pt%2Fv2%2Frs%3Afill%3A770%3A403%2Fc%3A2025%3A1136%3Anowe%3A0%3A105%2Fq%3A70%2Ff%3Awebp%2Fplain%2Fhttps%3A%2F%2Fs3.observador.pt%2Fwp-content%2Fuploads%2F2026%2F07%2F03205836%2Fgco-dincendio-vouzela-3-julho-2026-029.jpg?layer=obstop:T,,"O Instituto Português do Mar e da Atmosfera (IPMA) mantém hoje sete distritos de Portugal continental sob aviso vermelho devido à onda de calor, menos seis do que no sábado.
Segundo o IPMA, o aviso … [+803 chars]","1,200 operators are still fighting the fire in Vouzela. More than 400 land assets and 1,200 operational assets in Vouzela. Seven districts on the continent remain under red heat warning, with temperatures that could reach 44 degrees.",Noch immer kämpfen 1.200 Einsatzkräfte gegen den Brand in Vouzela. Mehr als 400 Grundstücke und 1.200 Betriebsvermögen in Vouzela. Sieben Bezirke des Kontinents unterliegen weiterhin der Hitzewarnung mit Temperaturen von bis zu 44 Grad.,"1, 200 operarii adhuc cum igne in Vouzela pugnant. Plus quam 400 bona terra et 1,200 bona operativa in Vouzela. Septem regiones in continenti manent monito calore rubeo, cum temperaturis quae 44 gradus attingere potuerunt.",,,,random
cba7fbb8cbc1f846a6d36a35f505fa0a,2026-07-05T08:42:37Z,Storm,,www.terra.com.br,pt,0.9,Inglaterra volta ao Azteca 40 anos após 'La Mano de Dios' tentando frear embalo do México na Copa,Preocupação com altitude da Cidade do México e possibilidade de tempestade agitam duelo que indica possível rival do Brasil nas quartas de final,"https://www.terra.com.br/esportes/futebol/inglaterra-volta-ao-azteca-40-anos-apos-la-mano-de-dios-tentando-frear-embalo-do-mexico-na-copa,d0193d7a93c9afcf707ce6a8b80423ea2iw9sh7d.html",https://s1.trrsf.com/update-1698692222/fe/zaz-mod-t360-icons/svg/logos/terra-16x9-borda.png,,"A bola mal afastada por Hodge toma efeito e sobe dentro da área para Maradona disputá-la pelo alto com Peter Shilton. Bem mais baixo (diferença de 20 centímetros), o astro desvia com a mão esquerda p… [+4635 chars]",England returns to Azteca 40 years after 'La Mano de Dios' trying to stop Mexico's momentum in the World Cup. Concern about Mexico City's altitude and the possibility of storms stir up a duel that indicates Brazil's possible rival in the quarterfinals,"England kehrt 40 Jahre nach dem Versuch von „La Mano de Dios“, Mexikos Schwung bei der Weltmeisterschaft zu bremsen, nach Azteca zurück. Besorgnis über die Höhenlage von Mexiko-Stadt und die Möglichkeit von Stürmen lösen ein Duell aus, das auf Brasiliens möglichen Rivalen im Viertelfinale schließen lässt",Anglia ad Aztecam redit post XL annos 'La Mano de Dios' momentum Mexici in Trophaeo Mundi prohibere conatur. Sollicitudo circa altitudinem urbis Mexici et tempestatum possibilitatem excitant duellum quod indicat possibilem aemulum Brasiliae in quarterfinalibus.,,,,random
bb1238ae3929c7ec584e469030278257,2026-07-05T08:47:00Z,Volcano,,www.ansa.it,it,0.7,"Ingv, emissione di cenere e nube eruttiva sulla cima dell'Etna","L'Istituto Nazionale di Geofisica e Vulcanologia, Osservatorio Etneo, ha reso noto che alle 07:45 circa sono cominciate delle emissioni di cenere dalla bocca sull'alto fianco orientale del cratere Voragine, che si sono intensificate intorno alle 08:45, gen...…",https://www.ansa.it/sito/notizie/cronaca/2026/07/05/ingv-emissione-di-cenere-e-nube-eruttiva-sulla-cima-delletna_c5dafc01-989e-487e-804d-6bf373307149.html,https://www.ansa.it/webimages/img_1280x720/2026/7/5/035b3d74b2af89efc2984493d6d65864.jpg,,"L'Istituto Nazionale di Geofisica
e Vulcanologia, Osservatorio Etneo, ha reso noto che alle 07:45
circa sono cominciate delle emissioni di cenere dalla bocca
sull'alto fianco orientale del cratere… [+1929 chars]","Ingv, ash emission and eruptive cloud on the top of Etna. The National Institute of Geophysics and Volcanology, Etna Observatory, announced that at around 07:45 ash emissions began from the vent on the high eastern flank of the Voragine crater, which intensified around 08:45, Jan...…","Ingv, Ascheemission und Eruptionswolke auf dem Gipfel des Ätna. Das Nationale Institut für Geophysik und Vulkanologie, Ätna-Observatorium, gab bekannt, dass gegen 07:45 Uhr Ascheemissionen aus dem Schlot an der hohen Ostflanke des Voragine-Kraters begannen, die sich im Januar gegen 08:45 Uhr verstärkten.","Ingv, cinis emissio et nubes eruptiva in vertice Aetnae. Institutum Nationale Geophysicae et Volcanologiae, Observatorium Aetna, nuntiaverunt circa 07:45 cineres emissiones in summo latere orientali crateris Voragine incoepisse, quod intenditur circa 08:45, Ian...",,,,random
fecb1e1f01bab6b223d96ce4e3b8ffc8,2026-07-05T08:52:26Z,Heat Wave,,www.diepresse.com,de,0.3,Keine Wollsocken in der Wüste [premium],"Marokko im Juni ist für jemanden, der die Hitze schlecht verträgt, vielleicht kein optimales Reiseziel. Wobei: So ein kleiner Regentanz wird zukünftig wohl auch in den Wiener Sommern immer öfter fällig.",https://www.diepresse.com/35128987/keine-wollsocken-in-der-wueste,https://www.diepresse.com/assets_v2/images/diepresse_nachrichten.png,http://web.archive.org/web/20260705103443/https://www.diepresse.com/35128987/keine-wollsocken-in-der-wueste,Unlängst war ich in Marokko. Das war noch bevor die Juni-Hitzewelle über Österreich hinwegfegte. Vor der Abreise behielt ich meine Wetter-App tagelang genau im Blick und sah der Temperatur im Südoste… [+2846 chars],No wool socks in the desert [premium]. Morocco in June may not be an ideal travel destination for someone who can't tolerate the heat well. Although: Such a little rain dance will probably become more and more common in the Viennese summers in the future.,"Keine Wollsocken in der Wüste [premium]. Marokko im Juni ist für jemanden, der die Hitze schlecht verträgt, vielleicht kein optimales Reiseziel. Wobei: So ein kleiner Regentanz wird zukünftig wohl auch in den Wiener Sommern immer öfter fällig.",Non tibialia lana in deserto. Mauritania Iunio mense non potest esse perfecta destinatio peregrinationis alicui qui bene calorem ferre non potest. Quanquam: Talis saltatio pluviula verisimiliter magis ac magis frequentior fiet in Viennensibus aestatibus in futurum.,Austria,WCE,Europe,wmo
ce58474221d364d5aa812194034fd0ed,2026-07-05T09:14:15Z,Earthquake,,www.protothema.gr,el,0.7,Κάρπαθος: Τρεις ασθενείς σεισμικές δονήσεις μέσα σε μία ώρα,"Oι τρεις δονήσεις εκτιμάται ότι εντάσσονται στη μετασεισμική ακολουθία του σεισμού των 5,2 Ρίχτερ της 2ας Ιουλίου | Κάρπαθος | Σεισμός | Σεισμοί | Ελλάδα",https://www.protothema.gr/greece/article/1845860/karpathos-treis-astheneis-seismikes-doniseis-mesa-se-mia-ora/,https://www.protothema.gr/images/640x360share/jpg/files/2025-09-27/seismografos-eurokinissi-mak.jpg,,"To view this video please enable JavaScript, and consider upgrading to a
 web browser that supports HTML5 video",Karpathos: Three weak earthquakes within one hour. The three tremors are estimated to be part of the post-seismic sequence of the 5.2 Richter earthquake of July 2 | Karpathos | Earthquake | Earthquakes | Greece,"Karpathos: Drei schwache Erdbeben innerhalb einer Stunde. Es wird geschätzt, dass die drei Erschütterungen Teil der postseismischen Sequenz des Erdbebens der Stärke 5,2 Richter vom 2. Juli sind Karpathos | Erdbeben | Erdbeben | Griechenland",Karpathos: Tres motus debiles intra unam horam. Tres tremores aestimantur partem sequentium post-seismicam esse 5.2 Richter terrae motus Iulii 2 | Karpathos | Terrae motus | Terrae motus | Graecia,Greece,MED,Europe,usgs
9495930cf365d7902197145e7cd39a0e,2026-07-05T10:44:02Z,Heat Wave,,www.aajtak.in,hi,0.9,"दिल्ली-NCR में झमाझम बारिश... रेड अलर्ट जारी, 15 फ्लाइट्स रूट भी डायवर्ट",दिल्ली और आसपास के इलाकों में भारी बारिश और तेज हवाओं के कारण मौसम विभाग ने रेड अलर्ट जारी किया है. बारिश से उमस भरी गर्मी से तो राहत मिली है लेकिन फ्लाइट्स पर इसका गहरा असर हुआ है. इंदिरा गांधी एयरपोर्ट पर 15 उड़ानों को डायवर्ट किया गया है.,https://www.aajtak.in/india/delhi/story/delhi-ncr-heavy-rain-red-alert-many-flights-diverted-weather-update-ntc-drmt-rpti-2594475-2026-07-05,https://akm-img-a-in.tosshub.com/aajtak/images/story/202607/6a4a34fc7b5c0-delhi-ncr-heavy-rain-red-alert-054159314-16x9.png,,". -NCR ' ' . .
 . . .
 . .
 ?
 (IMD) , 2:30 49 . 35 , 18 , 17 , 8 7 . 
 . 15 . .
. 10 5 , . 15 .
 . . , ' . . .'
 : , - - , 
 . .","Heavy rain in Delhi-NCR... Red alert issued, 15 flights route also diverted. Due to heavy rains and strong winds in Delhi and surrounding areas, the Meteorological Department has issued a red alert. The rain has brought relief from the humid heat but it has had a deep impact on flights. 15 flights have been diverted at Indira Gandhi Airport.","Starker Regen in Delhi-NCR... Alarmstufe Rot, 15 Flugrouten wurden ebenfalls umgeleitet. Aufgrund starker Regenfälle und starker Winde in Delhi und Umgebung hat die Meteorologische Abteilung Alarmstufe Rot ausgegeben. Der Regen hat die feuchte Hitze gemildert, hatte jedoch erhebliche Auswirkungen auf die Flüge. 15 Flüge wurden am Flughafen Indira Gandhi umgeleitet.","Imbribus gravis in Delhi-NCR... Rubra erecta edita, 15 volatus itineris etiam avertuntur. Ob pluvias et ventos fortes in Delhi et circumiectis regionibus, Department Meteorologicum rubrum erectum edidit. Imber auxilium humidi caloris attulit, sed altum volatus impulsum habuit. 15 volatus apud Indira Gandhi Airport sunt distentus.",,,,random
7e52687b70a2337d6480efc479d5c17e,2026-07-05T11:22:35Z,Earthquake,,www.latercera.com,es,0.7,"Temblor hoy, domingo 5 de julio en Chile: consulta epicentro y magnitud","Revisa los recientes movimientos sísmicos registrados por el Centro Sismológico Nacional de la Universidad de Chile. Además, conoce las recomendaciones de Senapred sobre qué hacer en caso de un terremoto.",https://www.latercera.com/servicios/noticia/temblor-hoy-domingo-5-de-julio-en-chile-consulta-epicentro-y-magnitud/,https://www.latercera.com/resizer/v2/WJVZ4RZ2GVAFNLSDARBLUVBWJA.png?auth=7a114d5945e0d34ed544719bc7a5c07e3e9178c8069b1a79187db905b3eeea27&height=630&width=1200&smart=true,http://web.archive.org/web/20260705121927/https://www.latercera.com/servicios/noticia/temblor-hoy-domingo-5-de-julio-en-chile-consulta-epicentro-y-magnitud/,"Durante la presente jornada, se han registrado sismos de variada intensidad en distintos lugares del país.
No obstante, la mayoría de los movimientos resultan imperceptibles, debido a que Chile se e… [+2341 chars]","Tremor today, Sunday, July 5 in Chile: query epicenter and magnitude. Review the recent seismic movements recorded by the National Seismological Center of the University of Chile. Additionally, learn about Senapred's recommendations on what to do in the event of an earthquake.","Beben heute, Sonntag, 5. Juli in Chile: Epizentrum und Stärke abfragen. Sehen Sie sich die jüngsten seismischen Bewegungen an, die vom Nationalen Seismologischen Zentrum der Universität Chile aufgezeichnet wurden. Erfahren Sie außerdem mehr über die Empfehlungen von Senapred, was im Falle eines Erdbebens zu tun ist.","Tremor hodie Solis, V Iulii in Chile: interrogatione epicenter et magnitudine. Recense motus recentes seismicos a Centro Nationali seismologico Universitatis Chile commemoratos. Praeterea cognosce de commendatione Senapredum quid in terrae motu evenerit.",Chile,SWS,South-America,usgs
6e35d47f736ceb8bfad8dbf4a94f31f7,2026-07-05T12:00:09Z,Storm,,www.courrierinternational.com,fr,0.3,"À Paris, les peintres Keith Haring et Rubens à nouveau réunis sous le même toit","Avec la restauration de la chapelle de la Sorbonne et de l’église Saint-Eustache, Paris renoue avec deux de ses joyaux, raconte “El País”. Le journal espagnol souligne l’importance de la préservation et de la rénovation du patrimoine existant, qui permettent …",https://www.courrierinternational.com/article/patrimoine-a-paris-les-peintres-keith-haring-et-rubens-a-nouveau-reunis-sous-le-meme-toit_245827,https://focus.courrierinternational.com/2026/06/30/0/0/5184/3456/1200/630/60/0/b1e33e6_upload-1-6pese40pskrk-000-par7361525.jpg,,"Peu de joyaux parisiens restent préservés du tourisme de masse, constate la journaliste Ana Marcos dans un reportage pour le quotidien espagnol El País.Mais léglise Saint-Eustache semble faire partie… [+2917 chars]","In Paris, the painters Keith Haring and Rubens once again reunited under the same roof. With the restoration of the Sorbonne chapel and the Saint-Eustache church, Paris is reconnecting with two of its jewels, says “El País”. The Spanish newspaper highlights the importance of preserving and renovating existing heritage, which allows…","In Paris kamen die Maler Keith Haring und Rubens erneut unter einem Dach zusammen. Mit der Restaurierung der Sorbonne-Kapelle und der Kirche Saint-Eustache knüpft Paris wieder an zwei seiner Juwelen an, sagt „El País“. Die spanische Zeitung betont die Bedeutung der Erhaltung und Renovierung des bestehenden Erbes, die es ermöglicht…","Lutetiae, pictores Keith Haring et Rubens sub eodem tecto iterum reunxerunt. Cum Sorbonae sacelli ac Sancti-Eustachii ecclesia restaurata, Paris cum duobus gemmis coniungitur, ait ""El País"". Diurna Hispanica momentum effert hereditatem conservandi ac renovandi exsistentes, quae sinit…",Vanuatu,SPO,Oceania,wmo
c35587d9363546fae6a1e3e4c6d984f2,2026-07-05T12:13:14Z,Drought,,dev.classmethod.jp,ja,0.9,はじめてのESP32。（Hello WorldしたりLチカしたりミラーボールチカしたり土壌の水分計測する）,初心者がESP32を触り始め、Hello WorldやLチカからミラーボールチカ、土壌水分計測まで試してみた記録をお届けします。実際のセットアップから実装まで紹介していますので、電子工作初挑戦の方の参考になれば幸いです。,https://dev.classmethod.jp/articles/esp32-first-steps-led-mirrorball-soil-sensor/,https://images.ctfassets.net/ct0aopd36mqt/1dD7b8HkT2sbiJzUIewMTD/e5cdc6f33c4fdd9d798f11a4564612ff/eyecatch_developersio_darktone_1200x630.jpg,,"Raspberry PiESP32
ESP32Hello WorldL
Amazon
<ul><li>PC
<ul><li>macOS 26.2</li><li>Arduino IDE 2.3.10</li></ul></li><li><ul><li>ESP32FNK0090B</li><li>USBESP32</li><li>ESP32</li><li>arduino28AWG</li… [+15485 chars]","My first ESP32. (Hello World, L flicker, mirror ball flicker, soil moisture measurement). Beginners started using ESP32, and we will deliver the record of trying everything from Hello World and L flicker to mirror ball flicker and soil moisture measurement. We will introduce everything from actual setup to implementation, so we hope it will be helpful for those trying out electronic work for the first time.","Mein erster ESP32. (Hallo Welt, L-Flimmern, Spiegelkugel-Flimmern, Bodenfeuchtigkeitsmessung). Anfänger haben angefangen, ESP32 zu verwenden, und wir werden die Aufzeichnung liefern, wie sie alles ausprobiert haben, von Hello World und L-Flimmern bis hin zu Spiegelkugelflimmern und Bodenfeuchtigkeitsmessung. Wir werden alles von der eigentlichen Einrichtung bis zur Implementierung vorstellen und hoffen, dass es für diejenigen hilfreich ist, die zum ersten Mal elektronische Arbeit ausprobieren.","Primus meus ESP32. (Salve, Orbis, I. vibrare, Speculum pila vibrare, soli hu- mcnsura). Incipientes uti ESP32 inceperunt, et testimonium trademus omnia temptandi ab Hello mundo et L ad speculum ut pila micant ac terrae umoris mensurae. Omnia nos ab actuali paroecia ad effectum deducemus, ideo speramus profuturum esse iis qui opus electronicum primum temptant.",,,,random
4aa3a83e02f4b21d84074d625bc1e182,2026-07-05T13:02:02Z,Wildfire,,anlatilaninotesi.com.tr,tr,0.9,İspanya kavruluyor: Sıcaklık 44 dereceye çıkacak,"İspanya'da ikinci sıcak hava dalgası etkisini göstermeye başladı. Meteoroloji Ajansı (AEMET), birçok bölgede 44 dereceye ulaşabilecek sıcaklıklar, yüksek orman yangını riski ve günler sürecek bunaltıcı hava nedeniyle turuncu alarm ilan etti.",https://anlatilaninotesi.com.tr/20260705/ispanya-kavruluyor-sicaklik-44-dereceye-cikacak-1107019285.html,https://cdn.img.anlatilaninotesi.com.tr/images/sharing/article/tur/1107019285.jpg?11066678391783256522,,"Rusya, ABD, Avrupa ve Ortadou bata olmak üzere dünyann dört bir yanndan son dakika haberleri, analizler ve özel dosyalar.
https://anlatilaninotesi.com.tr/20260705/ispanya-kavruluyor-sicaklik-44-dere… [+4246 chars]","Spain is roasting: The temperature will rise to 44 degrees. The second heat wave has begun to take effect in Spain. The Meteorological Agency (AEMET) declared an orange alert due to temperatures that can reach 44 degrees in many regions, a high risk of forest fire and sweltering weather that will last for days.","Spanien röstet: Die Temperatur steigt auf 44 Grad. Die zweite Hitzewelle hat in Spanien begonnen, ihre Wirkung zu entfalten. Die Wetterbehörde (AEMET) hat einen orangefarbenen Alarm ausgerufen, da die Temperaturen in vielen Regionen bis zu 44 Grad erreichen können, ein hohes Waldbrandrisiko besteht und das Wetter tagelang heiß ist.","Hispania torret: Temperatura ascendet ad 44 gradus. Secundus aestus in Hispania effectum habere coepit. Procuratio Meteorologica (AEMET) declaravit erectum aureum ob temperaturas quae 44 gradus in multis regionibus attingere possunt, magnum periculum ignis silvarum et tempestas aestuantium quae dies durabit.",,,,random
eacaff1557b25e3bfc1e75ff90b2f478,2026-07-05T14:19:01Z,Precipitation,,musashikosugi.blog.shinobi.jp,ja,0.4285714285714285,川崎フロンターレ2026-27必勝祈願・商店街挨拶回りで武蔵小杉は脇坂&山市無双！監督＆4選手取材コメント収録レポート【動画あり】,"2026年7月3日、川崎フロンターレの「必勝祈願」および「商店街あいさつ回り」が実施されました。
川崎大師において監督・選手らが恒例の必勝祈願を行うとともに、川崎市内のサポートショップを中心に「商店街あいさつ回り」を実施しました。

弊紙では川崎大師周辺および中原区中心にを密着取材させていただきましたので、レポート動画とあわせてお伝えいたします。

■川崎フロンターレ2026-27必勝祈願・商店街挨拶回りで武蔵小杉は脇坂&山市無双！監督＆4選手取材コメント収録レポート
 

Jリーグは、発足当初から年始に始動し、…",http://musashikosugi.blog.shinobi.jp/Entry/7284/,http://blog.cnobi.jp/v1/blog/user/0ad47e9f18d9065b97b411739eb8d18f/1677403099,,"2026732026-27&amp;4
J
2026262026820275
2026811222220275
202616
--
--
 1 2100
--
 1
--
100 100
--
--1
1
--
--
--
--
--
--
--
--J
 8 J
--
--
--1
--
--
--
--30
 3040 50 30… [+187 chars]","Kawasaki Frontale 2026-27 Wakisaka & Yamaichi are unrivaled at the prayer for victory and greetings around the shopping street! Director and 4 player interview comments recorded report [Video included]. On July 3, 2026, Kawasaki Frontale's ``Prayer for Victory'' and ``Shopping Street Greetings'' were held.
The coach and players held the customary prayer for victory at Kawasaki Daishi, and also held a ""shopping street greeting tour"" centered around support shops in Kawasaki City.

Our newspaper has closely covered the area around Kawasaki Daishi and the center of Nakahara Ward, so we will share it with you along with a video report.

■Kawasaki Frontale 2026-27 Wakisaka and Yamaichi are unrivaled at the prayer for victory and greetings at the shopping street! Director & 4 players interview comments recording report
 

Since its inception, the J League has started at the beginning of the year, and...","Kawasaki Frontale 2026-27 Wakisaka und Yamaichi sind konkurrenzlos beim Siegesgebet und den Grüßen rund um die Einkaufsstraße! Regisseur und 4 Spieler-Interviewkommentare aufgezeichneter Bericht [Video enthalten]. Am 3. Juli 2026 fanden Kawasaki Frontales „Gebet für den Sieg“ und „Shopping Street Greetings“ statt.
Der Trainer und die Spieler hielten das übliche Siegesgebet bei Kawasaki Daishi ab und veranstalteten außerdem eine „Einkaufsstraßen-Begrüßungstour“ rund um die Support-Läden in Kawasaki City.

Unsere Zeitung hat ausführlich über die Gegend um Kawasaki Daishi und das Zentrum des Bezirks Nakahara berichtet, daher werden wir sie zusammen mit einem Videobericht mit Ihnen teilen.

■Kawasaki Frontale 2026-27 Wakisaka und Yamaichi sind beim Siegesgebet und der Begrüßung auf der Einkaufsstraße konkurrenzlos! Interviewkommentare des Regisseurs und der 4 Spieler, Aufzeichnungsbericht
 

Seit ihrer Gründung hat die J League zu Beginn des Jahres begonnen, und...","Kawasaki Frontale 2026-27 Wakisaka & Yamaichi unica sunt oratione pro victoria et salutationibus circa plateam shopping! Directorium et 4 ludio ludius colloquium commentaria relationis memoriae [Video inclusa]. Die 3 Iulii 2026, Kawasaki Frontale habita est `Oratio pro Victoria' et `Salvete Shopping'.
Raeda et lusores sollemnem orationem pro victoria apud Kawasaki Daishi tenuerunt, item ""salutem vicum shopping pretium"" circa tabernas in urbe Kawasaki sitas tenuit.

Diurna nostra aream circa Kawasaki Daishi et centrum Nakahara Ward arcte operuit, ita eam tecum una cum relatione video communicabimus.

■Kawasaki Frontale 2026-27 Wakisaka et Yamaichi unica sunt oratione pro victoria et salutatione in platea shopping! Director & 4 histriones colloquium commentarias relationes
 

Ab exordio eius, J League incohata est ineunte anno, et...",Brazil,SAM,South-America,wmo
d0b054928e10342d54313686082d3359,2026-07-05T14:26:31Z,Drought,,www.huffingtonpost.fr,fr,0.7,Tour de France 2026 : ce feu dans les Pyrénées-Orientales est si intense qu’il menace la troisième étape,"L’incendie près du mont Canigou a déjà parcouru 1 500 hectares et il ne s’affaiblit pas, attisé par le vent, la sécheresse et la canicule qui frappe le département.",https://www.huffingtonpost.fr/france/article/tour-de-france-2026-ce-feu-dans-les-pyrenees-orientales-est-si-intense-qu-il-menace-la-troisieme-etape_283835.html,https://focus.huffingtonpost.fr/2026/07/05/216/0/2176/1224/1820/1023/75/0/d036ca9_upload-1-ycdgfsnd7olc-afp-20260705-b9ap8yk-v3-highres-franceenvironmentfire.jpg,,"Les flammes ont déjà parcouru 1500 hectares et ne faiblissent pas. Attisé par le vent, une sécheresse exceptionnelle et les fortes chaleurs dans ce département placé en vigilance orange canicule, ce … [+4930 chars]","Tour de France 2026: this fire in the Pyrénées-Orientales is so intense that it threatens the third stage. The fire near Mount Canigou has already covered 1,500 hectares and is not weakening, fueled by the wind, drought and the heatwave which is hitting the department.","Tour de France 2026: Dieses Feuer in den Pyrénées-Orientales ist so heftig, dass es die dritte Etappe gefährdet. Das Feuer in der Nähe des Mount Canigou hat bereits 1.500 Hektar bedeckt und lässt nicht nach, angeheizt durch den Wind, die Dürre und die Hitzewelle, die das Departement heimsucht.","Tour de France 2026: Hic ignis in Pyrenaeis-Orientalibus tam vehemens est ut tertio gradu immineat. Ignis apud Montem Canigou iam mille 500 hectares obtexit et a vento, siccitate et aestu aestus, qui hanc partem ferit, non debilitat.",France,WCE,Europe,edo
b53d9f09213bc4bdd4f6601ab9fd1e97,2026-07-05T16:13:00Z,Flood,,www.nbcnews.com,en,0.2,"25 dead in ongoing heat wave as storms bring flood, wind threats to East Coast","A weeklong heat wave that officials believe has killed at least 25 people continued Sunday, with 40 million people under heat alerts across the East Coast, Southeast and Southwest.",https://www.nbcnews.com/weather/heat/heat-wave-storms-bring-flood-wind-threats-east-coast-rcna353025,"https://media-cldnry.s-nbcnews.com/image/upload/t_nbcnews-fp-1200-630,f_auto,q_auto:best/rockcms/2026-07/260704-dc-july-4-heat-inline-2-jg-e6c007.jpg",http://web.archive.org/web/20260706012711/https://www.nbcnews.com/weather/heat/heat-wave-storms-bring-flood-wind-threats-east-coast-rcna353025,"A weeklong heat wave that officials believe has killed at least 25 people continued Sunday, with 40 million people under heat alerts across the East Coast, Southeast and Southwest.
Limited time: Sav… [+3614 chars]","25 dead in ongoing heat wave as storms bring flood, wind threats to East Coast. A weeklong heat wave that officials believe has killed at least 25 people continued Sunday, with 40 million people under heat alerts across the East Coast, Southeast and Southwest.","25 Tote bei anhaltender Hitzewelle, da Stürme Überschwemmungen und Windgefahren an die Ostküste bringen. Eine einwöchige Hitzewelle, von der Beamte glauben, dass sie mindestens 25 Menschen getötet hat, dauerte am Sonntag an, wobei 40 Millionen Menschen an der Ostküste sowie im Südosten und Südwesten unter Hitzealarm standen.","25 Fluctuat aestus exanimis fecundo, ut tempestates ferant diluvium, ventumque ad Orientem minas. Septimana aestus undam quam ministri credunt occidisse saltem XXV homines Solis continuati, cum XL miliones hominum sub summis calidis per Orientem oram, Meridiem et Africum.",United States,CNA,North-America,wmo
f47eae8c4af4704bf432ae7e4b70b811,2026-07-05T16:45:00Z,Heat Wave,,www.lesnumeriques.com,fr,0.7,"Actualité : Canicule : si vous vivez certaines régions, ce qui vous attend cette semaine est différent du reste du pays","Lundi 6 juillet 2026, seize départements basculeront en vigilance orange canicule puisque, réchauffement climatique oblige, la chaleur repart à la hausse sur toute la France. Un nouvel épisode juste après le mois record de juin qui étouffa toute l'Hexagone. M…",https://www.lesnumeriques.com/societe-numerique/canicule-si-vous-vivez-certaines-regions-ce-qui-vous-attend-cette-semaine-est-different-du-reste-du-pays-n258894.html,https://cdn.lesnumeriques.com/optim/news/25/258894/eb6237e3-canicule-si-vous-vivez-certaines-regions-ce-qui-vous-attend-cette-semaine-est-different-du-reste-du-pays__1200_678__299-426-5422-3115.jpg,,"Ce dimanche 5 juillet, sept départements du pourtour méditerranéen sont déjà en vigilance orange. On parle de l'Hérault, des Pyrénées-Orientales, de l'Aude, du Gard, de la Drôme, de l'Ardèche et du V… [+3230 chars]","News: Heatwave: if you live in certain regions, what awaits you this week is different from the rest of the country. Monday July 6, 2026, sixteen departments will switch to orange heatwave vigilance since, due to global warming, the heat is on the rise again throughout France. A new episode just after the record month of June which suffocated the whole of France. M…","News: Hitzewelle: Wenn Sie in bestimmten Regionen leben, erwartet Sie diese Woche etwas anderes als im Rest des Landes. Am Montag, den 6. Juli 2026, werden 16 Departements auf orangefarbene Hitzewellen-Wachsamkeit umstellen, da die Hitze aufgrund der globalen Erwärmung in ganz Frankreich wieder zunimmt. Eine neue Episode kurz nach dem Rekordmonat Juni, der ganz Frankreich erstickte. M…","News: Heatwave: si in aliquibus regionibus habitas, id quod te expectat hac hebdomade a reliqua regione differt. Lunae die 6 Iulii 2026 sedecim departments vigilantiam caloris aurantiorum mutabit cum, propter calefactionem globalem, calor rursus per Galliam oritur. Novus eventus mox post mensem Iunium in censu quae totam Galliam suffocavit. M…",France,WCE,Europe,wmo
9b2a55563469253c65be8ab4b4004956,2026-07-05T16:54:26Z,Tropical Cyclone,,www.aljazeera.com,en,0.8,Super Typhoon Bavi threatens Guam with catastrophic winds and flooding,The storm system is expected to reach landfall on Monday morning.,https://www.aljazeera.com/news/2026/7/5/super-typhoon-bavi-threatens-guam-with-catastrophic-winds-and-flooding,https://www.aljazeera.com/wp-content/uploads/2026/07/afp_6a4a7e60d2b0-1783266912.jpg?resize=1920%2C1440,,Residents of Guam and the Northern Mariana Islands are moving to emergency shelters and making last-minute preparations before the arrival of a super typhoon expected to batter the United States Paci… [+2903 chars],Super Typhoon Bavi threatens Guam with catastrophic winds and flooding. The storm system is expected to reach landfall on Monday morning.,Der Supertaifun Bavi bedroht Guam mit katastrophalen Winden und Überschwemmungen. Das Sturmsystem wird voraussichtlich am Montagmorgen das Festland erreichen.,Super Typhoon Bavi Guam ventis calamitosis et inundationibus minatur. Tempestas ratio expectatur ut Lunae mane ad landfall perveniret.,United States,CNA,North-America,wmo
d9aa6ff0790dc029a5ab82dda2555769,2026-07-05T23:46:00Z,Snow&Ice,,fujipon.hatenadiary.com,ja,0.375,【読書感想】安倍晋三-平成・令和の光と闇 ☆☆☆☆,安倍晋三-平成・令和の光と闇 (中公新書 2913)作者:服部 龍二中央公論新社Amazon Kindle版もあります。安倍晋三 平成・令和の光と闇 (中公新書)作者:服部龍二中央公論新社Amazon 戦後最年少の52歳で首相に就任、８年８ヵ月の史上最長政権を誇った安倍晋三。祖父に岸信介を持つ政界のエリートは、自民党最右派として憲法改正を掲げたが一次政権では挫折する。 しかし政権復帰後、「アベノミクス」など経済政策により支持を獲得、６度の国政選挙に連勝し「安倍一強」体制を築く。彼の威光はＧ７でも際立ち、トランプ米…,https://fujipon.hatenadiary.com/entry/2026/07/06/084600,https://cdn.image.st-hatena.com/image/scale/ed264df1e41d0720ec908e301cbc3f1e39c3f8ad/backend=imagemagick;version=1;width=1300/https%3A%2F%2Fm.media-amazon.com%2Fimages%2FI%2F41N-o%2B9IyEL._SL500_.jpg,,"安倍晋三-平成・令和の光と闇 (中公新書 2913)
<ul><li>作者:服部 龍二</li><li>中央公論新社</li></ul>Amazon

Kindle版もあります。安倍晋三　平成・令和の光と闇 (中公新書)
<ul><li>作者:服部龍二</li><li>中央公論新社</li></ul>Amazon


 
 　戦後最年少の52歳で首相に就任、８年８ヵ月の史上最長政権を誇っ… [+5558 chars]","[Book Impressions] Shinzo Abe - Light and Darkness of Heisei and Reiwa ☆☆☆☆. Shinzo Abe - Light and Darkness of Heisei and Reiwa (Chuoko Shinsho 2913) Author: Ryuji Hattori Chuokoron-Shinsha Amazon Kindle version is also available. Shinzo Abe The Light and Darkness of Heisei and Reiwa (Chukō Shinsho) Author: Ryuji Hattori Chuokoron Shinsha Amazon Shinzo Abe became the youngest prime minister after the war at the age of 52, and boasted the longest reign in history at 8 years and 8 months. The political elite, whose grandfather was Nobusuke Kishi, advocated constitutional revision as a member of the far right wing of the Liberal Democratic Party, but this failed during the first government. However, after returning to power, he gained support through economic policies such as Abenomics, won six consecutive national elections, and established a system of ``Abe's power''. His prestige stands out even in the G7, and Trump...","[Buchimpressionen] Shinzo Abe – Licht und Dunkelheit von Heisei und Reiwa ☆☆☆☆. Shinzo Abe – Licht und Dunkelheit von Heisei und Reiwa (Chuoko Shinsho 2913) Autor: Ryuji Hattori Chuokoron-Shinsha Amazon Kindle-Version ist ebenfalls erhältlich. Shinzo Abe Das Licht und die Dunkelheit von Heisei und Reiwa (Chukō Shinsho) Autor: Ryuji Hattori Chuokoron Shinsha Amazon Shinzo Abe wurde im Alter von 52 Jahren der jüngste Premierminister nach dem Krieg und hatte mit 8 Jahren und 8 Monaten die längste Regierungszeit in der Geschichte. Die politische Elite, deren Großvater Nobusuke Kishi war, befürwortete als Mitglied des rechtsextremen Flügels der Liberaldemokratischen Partei eine Verfassungsänderung, was jedoch während der ersten Regierung scheiterte. Nach seiner Rückkehr an die Macht gewann er jedoch Unterstützung durch Wirtschaftspolitik wie die Abenomics, gewann sechs aufeinanderfolgende nationale Wahlen und etablierte ein System der „Abe-Macht“. Sein Prestige sticht selbst in den G7 hervor, und Trump...","[Book impressions] Shinzo Abe - De luce et tenebris Heisei et Reiwa ☆☆☆☆. Shinzo Abe - Lux et Tenebrae Heisei et Reiwa (Chuoko Shinsho 2913) Author: Ryuji Hattori Chuokoron-Shinsha Amazon Kindle version is also available. Shinzo Abe The Light and Darkness of Heisei and Reiwa (Chukō Shinsho) Author: Ryuji Hattori Chuokoron Shinsha Amazon Shinzo Abe factus est minimus primus minister post bellum annos LII, et gloriavit longissimum regnum in historia annis 8 et mensibus VIII. Electus politicus, cuius avus Nobusuke Kishi erat, revisionem constitutionalem advocata tamquam membrum ala dextrae factionis democraticae Liberalis, sed hoc in primo imperio defecit. Tamen, in potestatem rediens, subsidia per rationes oeconomicas ut Abenomicas acquisivit, sex continuos electiones nationales vicit et systema ""potestatis Abe"" instituit. Praestantia eius exstat etiam in G7, et Trump.",Brazil,SAM,South-America,wmo
862487e50beda03a324f02465e59c6fa,2026-07-06T00:13:17Z,Wildfire,,news.livedoor.com,ja,0.4117647058823529,トランプ介入で「完全に敵に回したな」　米代表の退場が異例の保留…世界から批判続出「やばくないか？」,政治介入か？レッドカードが「1年間の執行猶予」にFIFA北中米ワールドカップ（W杯）での熱狂が続くなか、ピッチ外での「異例の決定」が世界的な波紋を呼んでいる。米国代表FWフォラリン・バログンの退場処分が「異例の一時保留」となり、次戦出場が可能になった問題だ。これに対するドナルド・トランプ米大統領のSNS投稿が火に油を注ぐ形となり、世界中のサッカーファンから非難の声が殺到している。事の発端は、決勝トーナメント1回戦（ラウンド32）のボスニア・ヘルツェゴビナ全文FOOTBALL ZONE 07月06日09時13分,https://news.livedoor.com/article/detail/31749566/,https://image.news.livedoor.com/newsimage/stf/3/7/37d7c_1610_4c527a92_5ba3ac66.jpg,,"FIFAW
FWSNS
132VAR
16USSFFIFAFIFA1
FIFASNSFIFA
SNSFIFAFIFAFIFAFIFAFOOTBALL ZONE","``Trump's intervention has completely turned us into enemies'' - U.S. representative's exit is unusually pending... Criticism continues from around the world: ``Isn't it dangerous?'' Is it political interference? Red card handed to ``one year suspension of sentence'' As the excitement surrounding the FIFA North and Central America World Cup continues, an ``unusual decision'' made off the pitch is causing ripples around the world. The sending off of US national team forward Folarin Balogun has been put on ``unprecedented temporary suspension'', allowing him to play in the next match. US President Donald Trump's social media posts in response to this incident have added fuel to the fire, prompting a flood of criticism from soccer fans around the world. The incident started with the full text of Bosnia and Herzegovina in the first round of the final tournament (Round 32) FOOTBALL ZONE July 6th 09:13","„Trumps Intervention hat uns völlig zu Feinden gemacht“ – Der Abgang des US-Vertreters steht ungewöhnlich lange bevor … Kritik aus aller Welt hält an: „Ist das nicht gefährlich?“ Handelt es sich um politische Einmischung? Rote Karte wegen „einjähriger Strafaussetzung“ gegeben Während die Aufregung um die FIFA Nord- und Mittelamerika-Weltmeisterschaft anhält, sorgt eine „ungewöhnliche Entscheidung“, die außerhalb des Spielfelds getroffen wurde, weltweit für Aufsehen. Nach dem Platzverweis des Stürmers der US-Nationalmannschaft, Folarin Balogun, wurde eine „beispiellose vorübergehende Sperre“ verhängt, sodass er im nächsten Spiel spielen kann. Die Social-Media-Beiträge von US-Präsident Donald Trump als Reaktion auf diesen Vorfall haben das Feuer noch weiter angeheizt und eine Flut von Kritik bei Fußballfans auf der ganzen Welt ausgelöst. Der Vorfall begann mit dem vollständigen Text von Bosnien und Herzegowina in der ersten Runde der Endrunde (Runde 32) FOOTBALL ZONE 6. Juli 09:13","`Tubula interventus nos in hostes prorsus convertit' - US exitus repraesentativus solito pendet... Censura e mundo persistit: `Nonne periculosa est?' Card rubra tradita est `unum annum sententiarum suspensio' Cum concitatio circa FIFA Septentrionalem et Mediam Americam World Cup pergit, `decretum insolitum' de pice facta circulorum circa mundum causando. Missio turmae nationalis US deinceps Folarin Balogun induta est `inusitata suspensio temporaria', eum ludere in proximo certamine permittens. Praeses US Praeses Donald Trump instrumentis socialibus huic incidenti responsioni fomitem igni addidit, inundationem criticae e morbis ventilationum circum orbem terrarum impellentibus. Res incepit cum pleno textu Bosnae et Herzegovinae in primis circum torneamentum ultimi (circa 32) PLAGA PLAGA Die 6 Iulii 09:13.",Antarctica,EAN,,cmeter
2df4710b8eb82cbf7770675a052a9de7,2026-07-06T00:35:47Z,Tropical Cyclone,,www.aljazeera.net,ar,0.9,"19 وفاة بموجة الحر في نيوجيرسي والإعصار ""بافي"" يضرب جزيرة روتا","قالت السلطات في ولاية نيوجيرسي الأمريكية إن 19 شخصا على الأقل قضوا بسبب موجة الحر الشديد، فيما ضرب الإعصار القوي ""بافي"" جزيرة روتا الأمريكية وسط تحذيرات من حدوث دمار واسع.",https://www.aljazeera.net/news/2026/7/6/19-%d9%88%d9%81%d8%a7%d8%a9-%d8%a8%d9%85%d9%88%d8%ac%d8%a9-%d8%a7%d9%84%d8%ad%d8%b1-%d9%81%d9%8a-%d9%86%d9%8a%d9%88%d8%ac%d9%8a%d8%b1%d8%b3%d9%8a-%d9%88%d8%a7%d9%84%d8%a5%d8%b9%d8%b5%d8%a7%d8%b1,https://www.aljazeera.net/wp-content/uploads/2026/07/ap_6a4b17149cf6f-1783306004.jpg?resize=1200%2C675,http://web.archive.org/web/20260706045202/https://www.aljazeera.net/news/2026/7/6/19-%D9%88%D9%81%D8%A7%D8%A9-%D8%A8%D9%85%D9%88%D8%AC%D8%A9-%D8%A7%D9%84%D8%AD%D8%B1-%D9%81%D9%8A-%D9%86%D9%8A%D9%88%D8%AC%D9%8A%D8%B1%D8%B3%D9%8A-%D9%88%D8%A7%D9%84%D8%A5%D8%B9%D8%B5%D8%A7%D8%B1,"|
19 """" .
 - - 19 .
 .
 160 .
 : "" 14 "".
 .
 "" "" .
 """" ()
"""" - -   .
 290 .
 - 1500 - .
 - - .
 290 ()
20 30 .
 .
 .
 """" 3 """" / .","19 deaths due to the heat wave in New Jersey and Hurricane Buffy hits Rota Island. Authorities in the US state of New Jersey said that at least 19 people died due to the intense heat wave, while powerful Hurricane Buffy hit the US island of Rota, amid warnings of widespread destruction.","19 Tote durch die Hitzewelle in New Jersey und Hurrikan Buffy trifft Rota Island. Nach Angaben der Behörden im US-Bundesstaat New Jersey starben mindestens 19 Menschen aufgrund der starken Hitzewelle, während der starke Hurrikan Buffy die US-Insel Rota heimsuchte und vor weitreichenden Zerstörungen warnte.","19 Mortes ob aestum fluctuum in Nova Jersey et Hurricane Buffy Rotam Islandiam percusserunt. Auctoritates in Civitate Civitatis Novae Novae Jersey dixerunt saltem XIX homines propter aestus aestus interiisse, dum potentes Procellae Buffy insulam Rotam US percusserunt, inter monita late diffusa ruinae.",,,,random
4cc60a1e2b276d4bdea5c3788445e7bd,2026-07-06T01:00:00Z,Earthquake,,prtimes.jp,ja,0.9,【コープデリ】「ベネズエラ地震緊急支援募金」を実施危機的状況に置かれた子どもたちとその家族を支援,"[コープデリ生活協同組合連合会]
　2026年6月24日にベネズエラ北西部でマグニチュード7を超える地震が相次いで発生し、甚大な被害が発生しました。お亡くなりになった方々に謹んでお悔やみを申し上げますとともに、被災された方々に心よりお見舞...",https://prtimes.jp/main/html/rd/p/000000126.000153055.html,https://prtimes.jp/common/pc_v4/og.png,http://web.archive.org/web/20260707203256/https://prtimes.jp/main/html/rd/p/000000126.000153055.html,Copyright © PR TIMES Corporation All Rights Reserved.,"[Coop Deli] Conducted “Venezuela Earthquake Emergency Relief Fund” to support children and their families in crisis. [Coop Deli Consumers Cooperative Federation]
On June 24, 2026, a series of earthquakes exceeding magnitude 7 occurred in northwestern Venezuela, causing severe damage. I would like to express my deepest condolences to those who lost their lives, and my heartfelt sympathies to those affected by the disaster...","[Coop Deli] richtete den „Venezuela Earthquake Emergency Relief Fund“ ein, um Kinder und ihre Familien in Krisen zu unterstützen. [Coop Deli Konsumgenossenschaftsverband]
Am 24. Juni 2026 kam es im Nordwesten Venezuelas zu einer Reihe von Erdbeben der Stärke 7, die schwere Schäden verursachten. Ich möchte denjenigen, die ihr Leben verloren haben, mein tief empfundenes Beileid aussprechen und allen, die von der Katastrophe betroffen sind, mein tief empfundenes Mitgefühl aussprechen ...","[Cop Deli] Deduxit ""Venezuela Terrae motus tumultuarios Subsidio Fundi"" ad filios suosque familias in discrimine alere. [Coop Deli Consumers Cooperantem Foederatio]
Die 24 Iunii 2026, series motuum magnitu- dinis valde 7 facta in Venetiola septentrionali, grave detrimentum. Intimas consolatorias exprimere vellem iis qui vitam amiserunt, et cor meum erga eos qui calamitate afficiuntur...",Venezuela,NSA,South-America,usgs
67c196ae062290b485d3cfbb3a887ad2,2026-07-06T02:03:15Z,Thunderstorm,,freerepublic.com,en,0.7,"Trump hails US as ‘light and the glory’ of the world on 4th of July, condemns ‘cancer’ of communism","WASHINGTON – President Trump marked the 250th birthday of the United States Saturday night with a speech paying tribute to the “glory” of America while vowing to protect it from the “cancer” of communism. “For 250 years, the United States of America has been …",https://freerepublic.com/focus/f-chat/4386817/posts,,http://web.archive.org/web/20260706034501/https://freerepublic.com/focus/f-chat/4386817/posts,"Skip to comments.
Trump hails US as light and the glory of the world on 4th of July, condemns cancer of communismNY Post ^
 | 7/05/26
 | Emily Goodin, Ally Goelz
Posted on 07/05/2026 7:03:15 PM P… [+3008 chars]","Trump hails US as ‘light and the glory’ of the world on 4th of July, condemns ‘cancer’ of communism. WASHINGTON – President Trump marked the 250th birthday of the United States Saturday night with a speech paying tribute to the “glory” of America while vowing to protect it from the “cancer” of communism. “For 250 years, the United States of America has been …","Trump begrüßt die USA am 4. Juli als „Licht und Ruhm“ der Welt und verurteilt den „Krebs“ des Kommunismus. WASHINGTON – Präsident Trump feierte am Samstagabend den 250. Geburtstag der Vereinigten Staaten mit einer Rede, in der er den „Ruhm“ Amerikas würdigte und gleichzeitig versprach, es vor dem „Krebs“ des Kommunismus zu schützen. „Seit 250 Jahren sind die Vereinigten Staaten von Amerika …","BUCINUM salutat nos ut 'lucem et gloriam mundi die 4 mensis Iulii' damnat 'cancrum communismi'. WASHINGTON - Praeses Trump nocte Sabbati natalem CCL Civitatum Americae Unitarum notavit cum oratione ""gloriae"" Americae solvens, dum vovet ut eam communitatis ""cancer"" defendat. ""Pro CCL annis, Civitatibus Foederatis Americae Septentrionalis fuit ...",United States,CNA,North-America,wmo
a013e780290387bd7872f7f81c02ace7,2026-07-06T03:24:00Z,Snow&Ice,,news.livedoor.com,ja,0.7058823529411765,イングランド、3大会連続の8強入り！べリンガムの2発にケインのPKで開催国メキシコを撃破【北中米W杯】,■FIFAワールドカップ2026決勝トーナメント2回戦メキシコ 2－3 イングランド（日本時間6日、メキシコシティスタジアム）【Ｗ杯日程＆結果】波乱続出の決勝トーナメント “4年に1度の祭典” 39日間全104試合の熱戦！サッカー男子イングランド代表（FIFAランク4位）は、メキシコ代表（同15位）を3－2で下し、3大会連続のベスト8進出を果たした。イングランドは前半、ジュード・べリンガム（22）の2ゴールでリードを奪うが、メキシコに1点を返されて折り返す。後半、ハリー・ケイン（全文TBS NEWS DIG 07…,https://news.livedoor.com/article/detail/31751304/,https://image.news.livedoor.com/newsimage/stf/0/1/01b15_1796_ef218d8d_de2bc9d7.jpg,,"FIFA20262 23 6
 41 39104
FIFA4153238222132PK3PK1631
12625GK
36241
2242211
9DF2313GKPK3
24PK352311","England reach the top eight for the third consecutive tournament! Bellingham's two shots and Kane's penalty defeat the hosts Mexico [North/Central America World Cup]. ■FIFA World Cup 2026 final tournament second round Mexico 2-3 England (6th Japan time, Mexico City Stadium) [World Cup schedule & results] Eventful final tournament ""A once-in-four-years festival"" 104 games in total over 39 days! The England men's soccer team (ranked 4th in FIFA) defeated Mexico (ranked 15th) 3-2, advancing to the top eight for the third consecutive tournament. England took the lead in the first half with two goals from Jude Bellingham (22), but Mexico conceded one point and took the lead. In the second half, Harry Kane (full text TBS NEWS DIG 07…","England erreicht zum dritten Mal in Folge die Top Acht! Bellinghams zwei Schüsse und Kanes Elfmeter besiegen den Gastgeber Mexiko [Nord-/Mittelamerika-Weltmeisterschaft]. ■Endrunde der FIFA Fußball-Weltmeisterschaft 2026, zweite Runde Mexiko – England 2:3 (6. Japan-Zeit, Mexiko-Stadt-Stadion) [Spielplan und Ergebnisse der Weltmeisterschaft] Ereignisreiches Endturnier „Ein Festival, das nur alle vier Jahre stattfindet“ Insgesamt 104 Spiele an 39 Tagen! Die englische Herren-Fußballmannschaft (Platz 4 der FIFA) besiegte Mexiko (Platz 15) mit 3:2 und rückte zum dritten Mal in Folge unter die besten Acht vor. England ging in der ersten Halbzeit durch zwei Tore von Jude Bellingham (22) in Führung, doch Mexiko kassierte einen Punkt und ging in Führung. In der zweiten Hälfte wird Harry Kane (Volltext TBS NEWS DIG 07…)","Angliae cacumen octo perveniunt ad tertiam continuati tournament! Duo offa et poenae Kane Bellingham superant Exercituum Mexici [America Septentrionalis/Centralis Mundi]. FIFA World Cup 2026 ultimus torneamentum secundo circum Mexico 2-3 Anglia (tempus 6 Iaponiae, Stadium Mexicum urbs) [Mundus Cup schedule & proventus] Eventum supremum torneamentum ""A semel in quatuor annis festivitas"" 104 ludos in summa super 39 dies! Societates hominum Anglicae (4th in FIFA) Mexicum 3-2 numero vicerunt, ad summum octo progressi pro tertia torneamentum consecutiva. Anglia prima medietate cum duabus metis a Jude Bellingham (22), sed Mexico concessit unum punctum et plumbum accepit. In secunda parte, Harry Kane (plenus textus TBS NUNTII DIG 07…",,,,random
29dc82d2e6810c31e885ccf5bf975f8c,2026-07-06T03:27:00Z,Precipitation,,news.livedoor.com,ja,0.8235294117647058,開催国メキシコ、40年ぶりの8強入り逃す　強豪・イングランドから2点奪うも涙の決勝トーナメント敗退【W杯北中米大会】,■FIFAワールドカップ2026決勝トーナメント2回戦メキシコ 2－3 イングランド（日本時間6日、メキシコシティスタジアム）【Ｗ杯日程＆結果】波乱続出の決勝トーナメント “4年に1度の祭典” 39日間全104試合の熱戦！サッカー男子メキシコ代表（FIFAランク15位）は、イングランド代表（同4位）に2－3で敗れ、40年ぶりとなる8強入りはならなかった。メキシコは前半、イングランドのジュード・べリンガム（22）に2ゴールを許すが、42分にフリアン・キニョネス（29）が決め、1－2と1点全文TBS NEWS DIG…,https://news.livedoor.com/article/detail/31751376/,https://image.news.livedoor.com/newsimage/stf/4/0/40133_1796_41f8a7ef_107a5179.jpg,,"FIFA20262 23 6
 41 39104
FIFA15423408222422912132PK3PK1
11535GK
36122
421121
9DF2313GK26PK13
24PK2311","Host country Mexico misses out on reaching the last eight for the first time in 40 years, loses in the final tournament despite taking two points from the mighty England [World Cup North and Central America]. ■FIFA World Cup 2026 final tournament 2nd round Mexico 2-3 England (6th Japan time, Mexico City Stadium) [World Cup schedule & results] Eventful final tournament “A once-in-four-years festival” A total of 104 intense matches over 39 days! The Mexican men's national soccer team (ranked 15th in FIFA) lost 3-2 to the England national team (ranked 4th), failing to advance to the final eight for the first time in 40 years. Mexico conceded two goals to England's Jude Bellingham (22) in the first half, but Julián Quiñones (29) scored in the 42nd minute, making the score 1-2 TBS NEWS DIG...","Gastgeber Mexiko verpasst zum ersten Mal seit 40 Jahren den Einzug in die Runde der letzten Acht und verliert in der Endrunde, obwohl es zwei Punkte vom mächtigen England [Weltmeisterschaft Nord- und Mittelamerika] holt. ■Finale der FIFA Fußball-Weltmeisterschaft 2026, 2. Runde Mexiko – England 2:3 (6. Japan-Zeit, Mexiko-Stadt-Stadion) [Spielplan und Ergebnisse der Weltmeisterschaft] Ereignisreiches Endturnier „Ein Festival, das nur alle vier Jahre stattfindet“ Insgesamt 104 intensive Spiele an 39 Tagen! Die mexikanische Männer-Fußballnationalmannschaft (Platz 15 der FIFA) verlor mit 2:3 gegen die englische Nationalmannschaft (Platz 4) und schaffte es damit zum ersten Mal seit 40 Jahren nicht unter die letzten Acht. Mexiko kassierte in der ersten Halbzeit zwei Gegentore gegen den Engländer Jude Bellingham (22), doch Julián Quiñones (29) schoss in der 42. Minute ein Tor zum 1:2. TBS NEWS DIG...","Exercitatio Mexici regione caret cum octo annos primum in 40 annos attingens, in ultimo torneamento amittit, quamvis duo puncta a potentissimo Angliae [World Cup North and Central America] amittat. FIFA World Cup 2026 finalis torneamentum 2nd circum Mexico 2-3 Anglia (tempus 6 Iaponiae, Stadium Mexicum urbs) [Mundus Cup schedule & proventus] Eventus finalis tournament ""A semel in quatuor annis festivitas"" Summa 104 intensa compositus super 39 dies! Mexicanus hominum turmas nationis morbi (15th in FIFA ponebat) 3-2 turmam nationalem Angliae amisit (4th praeferebatur), non progrediens ad octingentas primum in 40 annos finales. Mexicum duas propositas Iudae Bellingham Angliae (22) in prima medietate concessit, sed Iulián Quiñones (29) in minutas 42 notatos, octoginta 1-2 TBS NUNTII DIG...",Thailand,SEA,Asia,wmo
6de6e6cc7abeeff4a3700f252c34dc35,2026-07-06T04:05:00Z,Heat Wave,,www.afpbb.com,ja,0.9,水中で男性の遺体見つかる、熱波受け遊泳客でにぎわう仏パリの運河,【7月6日 AFP】熱波の中で涼を求める地元住民や観光客に絶大な人気を誇る、フランスの首都パリの運河で4日、男性の遺体が発見されたと警察が発表した≫続きを読む,https://www.afpbb.com/articles/-/3642713,https://afpbb.ismcdn.jp/mwimgs/7/d/1000x/img_7d730fadbf49de47ddf0fc9d782e2154261304.jpg,,∧,"A man's body was found underwater in a canal in Paris, France, crowded with swimmers amid a heat wave. [July 6, AFP] The body of a man was found on the 4th in a canal in the French capital, which is extremely popular with locals and tourists looking to cool off amid a heat wave, police announced.≫Read more","Die Leiche eines Mannes wurde unter Wasser in einem Kanal in Paris, Frankreich, gefunden, in dem sich inmitten einer Hitzewelle viele Schwimmer befanden. [6. Juli, AFP] Die Leiche eines Mannes wurde am 4. in einem Kanal in der französischen Hauptstadt gefunden, die bei Einheimischen und Touristen, die sich inmitten einer Hitzewelle abkühlen möchten, äußerst beliebt ist, teilte die Polizei mit.≫Weitere Informationen","Corpus hominis in rivo Lutetiae repertum est, in Gallia, nandi refertum inter undam aestus. [July 6, AFP] Corpus hominis repertum est die 4 in canali capitis Gallici, quod maxime populare cum incolis et peregrinatoribus inter undam aestus spectantes refrigeret, denuntiavit. ≫ Read more",,,,random
d7cc606664dae0eb2c786bacf81d252c,2026-07-06T04:10:00Z,Precipitation,,blog.livedoor.jp,ja,0.2941176470588235,【悲報】トランプ、FIFA会長に直接電話してアメリカ代表選手の出場停止取り消しに成功,"1:それでも動く名無し 2026/07/06(月) 09:52:28.67 ID:w3A4O/YP0
IFA北中米ワールドカップ（W杯）での熱狂が続くなか、ピッチ外での「異例の決定」が世界的な波紋を呼んでいる。米国代表FWフォラリン・バログンの退場処分が「異例の一時保留」となり、次戦出場が可能になっ...",http://blog.livedoor.jp/itsoku/archives/63322513.html,https://livedoor.blogimg.jp/itsoku/imgs/6/2/6261044f-s.png,,"1: 2026/07/06() 09:52:28.67 ID:w3A4O/YP0
IFAWFWSNS
132VAR
16USSFFIFAFIFA1
2: 2026/07/06() 09:52:51.07 ID:w3A4O/YP0
https://news.yahoo.co.jp/articles/64610acf618ae434b6b88e4730ea5fcab291a2e9
3: … [+1592 chars]","[Sad News] Trump succeeded in canceling the suspension of US national team players by directly calling the FIFA president. 1: Anonymous still working 2026/07/06 (Mon) 09:52:28.67 ID:w3A4O/YP0
As the excitement continues at the IFA World Cup, an ``unusual decision'' made off the pitch is causing ripples around the world. US national team forward Folarin Balogun's sending off has been put on ``unprecedented temporary suspension'' and he will be able to play in the next match...","[Traurige Nachricht] Trump gelang es, die Sperre von Spielern der US-Nationalmannschaft aufzuheben, indem er direkt den FIFA-Präsidenten anrief. 1: Anonym arbeitet immer noch am 06.07.2026 (Mo) 09:52:28,67 ID:w3A4O/YP0
Während die Aufregung bei der IFA-Weltmeisterschaft anhält, sorgt eine „ungewöhnliche Entscheidung“, die außerhalb des Spielfelds getroffen wurde, weltweit für Aufsehen. Der Platzverweis des US-Nationalspielers Folarin Balogun wurde mit einer „beispiellosen vorübergehenden Sperre“ belegt und er wird im nächsten Spiel spielen können …","[Tristia News] Trump successit in cassando suspensas lusorum nationalium US turmas directe vocantem FIFA praesidem. 1: Anonymous adhuc opus 2026/07/06 (Mon) 09:52:28.67 ID:w3A4O/YP0
Cum concitatio pergit in IFA World Cup, ""inusitata sententia"" de pice facta circulorum circa mundum causat. US nationalis turma deinceps Folarin Balogun emittentes induta est `inaudita suspensio temporalis', et in proximo certamine ludere poterit.",Canada,NEN,North-America,wmo
d131b64130c2997d6d7e258bdbf8c0a2,2026-07-06T04:11:23Z,Drought,,www.aajtak.in,hi,0.9,"अल-नीनो बढ़ाएगा अधिक गर्मी और बेतरतीब मौसम, WMO ने दी चेतावनी","WMO ने चेतावनी दी है कि इस साल जुलाई से सितंबर के बीच अल-नीनो तेजी से मजबूत होगा. इससे सूखा, भारी बारिश, लू और समुद्री हीटवेव बढ़ेंगी. भारत समेत कई देशों में कृषि, स्वास्थ्य और अर्थव्यवस्था पर असर पड़ेगा.",https://www.aajtak.in/science/story/el-nino-to-intensify-increasing-likelihood-of-extreme-weather-dskc-2594770-2026-07-06,https://akm-img-a-in.tosshub.com/aajtak/images/story/202607/6a4b279e76969-el-nio-2026-065710994-16x9.jpg,,"- . . , . 
- . 2 . WMO , 2026 . - - . 
 : ' ' , 
. , . - , . .
 : , 
- . WMO , . , , , , . . 
 : ! 5000 KM LPAR 
. - , . , , . , .
 . FAO , , , . 2015-16 - . - , . , .
 : , 
- . , , . , . ,… [+125 chars]","El Nino will increase heat and irregular weather, WMO warns. WMO has warned that El Nino will strengthen rapidly between July and September this year. This will increase drought, heavy rains, heatwaves and marine heatwaves. Agriculture, health and economy will be affected in many countries including India.","El Nino wird die Hitze und das unregelmäßige Wetter verstärken, warnt die WMO. Die WMO hat gewarnt, dass sich El Niño zwischen Juli und September dieses Jahres rasch verstärken wird. Dadurch werden Dürren, starke Regenfälle, Hitzewellen und Meereshitzewellen zunehmen. Landwirtschaft, Gesundheit und Wirtschaft werden in vielen Ländern, darunter auch Indien, betroffen sein.","EL Nino augebit calorem et inordinatam tempestatem, WMO monet. WMO monuit El Nino se hoc anno inter Iulium et Septembrem celeriter firmaturum esse. Haec siccitas, pluviae, aestus et aestus marinosi augent. Agricultura, sanitas et oeconomia in multis regionibus inclusis Indiae afficientur.",India,SAS,Asia,edo
47eb3ad939fcfd6ab777ca4e576522de,2026-07-06T04:21:46Z,Heat Wave,,www.chip.com.tr,tr,0.9,Denemesi bedava: Terlemek yetmediğinde memeli refleksi devreye giriyor,"Hayvanların yaz aylarında vücutlarındaki fazla ısıyı atmak için kullandığı doğrudan temas yöntemi, bir medya şirketi tarafından insan üzerinde denendi. Parkenin üzerine yüzüstü uzanan çalışanın vücudunda yaşanan değişim, hepimiz için yeni bir serinleme altern…",https://www.chip.com.tr/guncel/on-ve-arka-bacaklari-govdeden-disari-uzatarak-karin-ustu-yere-uzanma-eylemi-evcil-dostlarimizin-vucut-isisini-dengelemek-icin-kullandigi-iletim-mekanizmasi_180637.html,https://img.chip.com.tr/rcman/Cw1280h720q95gm/storage/files/images/2026/05/29/on-ve-arka-bacaklari-govdeden-disari-uzatarak-karin-ustu-yere-uzanma-eylemi-evcil-dostlarimizin-vucut-isisini-dengelemek-icin-kullandigi-iletim-mekanizmasi-fl6r.jpg,,"Fizik kurallarına göre termal enerji, sıcaklığı yüksek olan bir maddeden daha soğuk olana doğru kesintisiz şekilde akar. Bu temel kural, haziran ayı itibarıyla dünya nüfusunun yüzde 80'inden fazlasın… [+2850 chars]","It's free to try: When sweating isn't enough, the mammalian reflex comes into play. The direct contact method used by animals to release excess heat from their bodies during the summer months was tested on humans by a media company. The change experienced in the body of the employee lying face down on the parquet is a new cooling alternative for all of us...","Probieren Sie es kostenlos aus: Wenn Schwitzen nicht ausreicht, kommt der Säugetierreflex ins Spiel. Die direkte Kontaktmethode, mit der Tiere in den Sommermonaten überschüssige Wärme aus ihrem Körper abgeben, wurde von einem Medienunternehmen an Menschen getestet. Die Veränderung, die der Körper des mit dem Gesicht auf dem Parkett liegenden Mitarbeiters erlebt, ist für uns alle eine neue kühlende Alternative...","Liberum est experiri: cum sudor non sufficit, mammalium reflexus iungitur. Modus directus ab animalibus adhibitus ut excessum caloris a corporibus emitteret mensibus aestivis expertum est in hominibus instrumentis societatis. Mutatio quae experitur in corpore operarii super faciem iacentis in tabulato est nova refrigeratio pro omnibus nobis...",,,,random
3ee8dfb08a0669a8a5ba68e644669e1a,2026-07-06T04:38:00Z,Landslide,,consent.yahoo.com,zh,0.2,捧中好卻遭榨乾：很狠！李立群剛怨台灣看不到世界盃 揭新竹家山崩近況,73歲資深藝人李立群近日驚喜現身台北電影節，除分享定居新竹山區遇豪雨山崩的險況，更對兩岸演藝環境發表看法。李立群近期因抱怨台灣看不到世界盃引發爭議，他受訪時坦言在中國知名度極高，甚至連偏遠地區都有粉絲認出，反而在台較少被年輕人關注。此外，他回憶當年赴中國橫店拍戲的血汗往事，透露曾遭劇組無情壓榨，每日拍攝長達16小時，讓他感嘆當時環境確實相當艱苦。針對此次出演電影《我的棋王爺爺》，他則謙虛自嘲表現不,https://consent.yahoo.com/v2/collectConsent?sessionId=1_cc-session_c8dafd32-db3f-4fd7-a60e-3a36aeba5285,,,"If you click 'Accept all', we and our partners, including 249 who are part of the IAB Transparency &amp; Consent Framework, will also store and/or access information on a device (in other words, use … [+1045 chars]","He was praised for his good fortune but was squeezed out: very cruel! Li Liqun just complained about Taiwan not being able to see the World Cup and revealed the recent landslide in his home in Hsinchu. 73-year-old veteran artist Li Liqun recently made a surprise appearance at the Taipei Film Festival. In addition to sharing the danger of landslides caused by heavy rains in the mountainous area of ​​Hsinchu where he lives, he also expressed his views on the cross-strait performing arts environment. Li Liqun recently caused controversy when he complained that Taiwan could not see the World Cup. In an interview, he admitted that he is so well-known in China that he is even recognized by fans in remote areas, but he has received less attention from young people in Taiwan. In addition, he recalled the hard-earned past of filming in Hengdian, China, and revealed that he was ruthlessly squeezed by the crew. The filming lasted for 16 hours a day, which made him lament that the environment at that time was indeed quite difficult. Regarding his appearance in the movie ""My Grandpa, the Chess King"", he was modest and self-deprecating.","Er wurde für sein Glück gelobt, aber verdrängt: sehr grausam! Li Liqun beschwerte sich lediglich darüber, dass Taiwan die Weltmeisterschaft nicht sehen konnte, und enthüllte den jüngsten Erdrutsch in seinem Haus in Hsinchu. Der 73-jährige erfahrene Künstler Li Liqun hatte kürzlich einen überraschenden Auftritt beim Taipei Film Festival. Er äußerte nicht nur die Gefahr von Erdrutschen, die durch starke Regenfälle in der Bergregion von Hsinchu, wo er lebt, verursacht werden, sondern äußerte auch seine Ansichten zum Umfeld der darstellenden Künste über die Taiwanstraße. Li Liqun sorgte kürzlich für Kontroversen, als er sich darüber beschwerte, dass Taiwan die Weltmeisterschaft nicht sehen könne. In einem Interview gab er zu, dass er in China so bekannt sei, dass er sogar von Fans in abgelegenen Gebieten erkannt werde, aber in Taiwan habe er bei jungen Leuten weniger Aufmerksamkeit erhalten. Darüber hinaus erinnerte er sich an die hart erkämpfte Vergangenheit der Dreharbeiten in Hengdian, China, und enthüllte, dass er von der Crew rücksichtslos unter Druck gesetzt wurde. Die Dreharbeiten dauerten 16 Stunden am Tag, was ihn bedauern ließ, dass die Umgebung zu dieser Zeit tatsächlich recht schwierig war. Bezüglich seines Auftritts im Film „Mein Opa, der Schachkönig“ äußerte er sich bescheiden und selbstironisch.","Laudatus est bene, sed expressus: crudelissime! Li Liqun modo conquestus est de Taiwan non posse videre Mundus Calicem et recentem LAPSUS in domo sua in Hsinchu patefecit. 73 annos veteranus artifex Li Liqun nuper in Taipeium cinematographico tribuisti speciem mirabilem fecit. Praeter periculum communicans ruinarum quae imbribus sunt in montuosa regione Hsinchu ubi vivit, etiam sententiam suam de ambitu artium in crucis-angusto faciendo. Li Liqun controversiam nuper effecit cum conquestus est Taiwan Trophaeum Mundi videre non posse. In colloquio confessus est se in Sinis tam notum esse ut etiam a fanis in locis remotis agnoscatur, sed ab iuvenibus in Taiwan minorem attentionem accepisse. Praeterea duram meritam rationem membranae in Hengdiano, Sinis revocavit, eumque a turba inclementia expressum ostendit. Membrana per 16 horas diem duravit, quae eum lamentabatur ambitum tum quidem admodum difficilem fuisse. Ad aspectum in pellicula ""My Grandpa, regis Chess"", modestus erat et sui deprecandi causa.",China,EAS,Asia,wmo
833ad5e2aab348489ce1cb09d551ea42,2026-07-06T05:44:21Z,Heat Wave,,www.aa.com.tr,tr,0.9,ABD'de aşırı sıcak hava dalgası nedeniyle 25 kişi öldü,ABD'de yaklaşık bir haftadır etkili olan aşırı sıcak hava dalgası nedeniyle 25 kişinin hayatını kaybettiği bildirildi.,https://www.aa.com.tr/tr/dunya/abdde-asiri-sicak-hava-dalgasi-nedeniyle-25-kisi-oldu/3986935,https://web-cdnprod.aa.com.tr/uploads/Contents/2026/07/06/thumbs_b_c_8f4b0b2582cfdcdfbc0449b3d9630641.jpg,http://web.archive.org/web/20260707223354/https://www.aa.com.tr/tr/dunya/abdde-asiri-sicak-hava-dalgasi-nedeniyle-25-kisi-oldu/3986935,"NBC News'ün haberine göre, ülke genelinde yaklak 40 milyon kii için ""scak hava uyars"" yaplrken dou ve güney kesimlerinde 40,5 dereceyi bulan scaklklar etkili oluyor.
New York kentinde scakla bal rah… [+923 chars]",25 people died in the USA due to an extreme heat wave. It was reported that 25 people died due to the extreme heat wave that has been effective for about a week in the USA.,"In den USA starben 25 Menschen an den Folgen einer extremen Hitzewelle. Berichten zufolge starben 25 Menschen aufgrund der extremen Hitzewelle, die seit etwa einer Woche in den USA andauert.",25 homines in USA propter fluctus maximos caloris mortui sunt. Nuntiatum est XXV homines decessisse propter nimios aestus undam circiter septimanam in USA efficacem fuisse.,,,,random
845b530be2090a4431028bcd9f64b2ea,2026-07-06T05:53:15Z,Precipitation,,observador.pt,pt,0.3,Fogo em Oeiras mobiliza 43 operacionais,"Um fogo em Oeiras está a mobilizar 43 operacionais, com uma coluna de fumo a ser visível à distância. Situação de alerta termina às 23h59 desta segunda-feira.",https://observador.pt/liveblogs/fogo-em-oeiras-mobiliza-43-operacionais-situacao-de-alerta-termina-esta-segunda-feira/,https://wm.observador.pt/wm/l/https%3A%2F%2Fbordalo.observador.pt%2Fv2%2Frs%3Afill%3A770%3A403%2Fc%3A1600%3A899%3Anowe%3A0%3A150%2Fq%3A70%2Ff%3Awebp%2Fplain%2Fhttps%3A%2F%2Fs3.observador.pt%2Fwp-content%2Fuploads%2F2026%2F07%2F06064506%2Fwhatsapp-image-2026-07-06-at-064016.jpeg?layer=obstop:T,http://web.archive.org/web/20260706091427/https://observador.pt/liveblogs/fogo-em-oeiras-mobiliza-43-operacionais-situacao-de-alerta-termina-esta-segunda-feira/,"Mais de uma centena de concelhos do interior norte e centro estão hoje em perigo máximo de incêndio, bem como 10 concelhos dos distritos de Évora, Beja e Faro, segundo o Instituto Português do Mar e … [+1821 chars]","Fire in Oeiras mobilizes 43 operatives. A fire in Oeiras is mobilizing 43 operatives, with a column of smoke being visible in the distance. Alert situation ends at 11:59 pm this Monday.","Brand in Oeiras mobilisiert 43 Einsatzkräfte. Ein Brand in Oeiras mobilisiert 43 Einsatzkräfte, in der Ferne ist eine Rauchsäule sichtbar. Die Alarmlage endet diesen Montag um 23:59 Uhr.","Ignis in Oeiras convocat 43 operativos. Ignis in Oeiras est movens 43 operativa, cum fumi distantia visibilis. Res erecta terminatur ad 11:59 post meridiem haec Lunae.",Belize,SCA,North-America,wmo
c892153ca50a2468b311e20233bacfc2,2026-07-06T06:22:32Z,Heat Wave,,www.yenicaggazetesi.com,tr,0.9,ABD'de aşırı sıcaklar can aldı: 25 ölü,ABD'de yaklaşık bir haftadır etkili olan aşırı sıcak hava dalgası nedeniyle 25 kişi hayatını kaybetti.,https://www.yenicaggazetesi.com/abdde-asiri-sicaklar-can-aldi-25-olu-1048286h.htm,https://img.yenicaggazetesi.com/rcman/Cw1280h720q95gc/storage/files/images/2026/07/06/abdde-asiri-sicaklar-can-aldi-25-olu-zlmz.jpg,http://web.archive.org/web/20260706071210/https://www.yenicaggazetesi.com/abdde-asiri-sicaklar-can-aldi-25-olu-1048286h.htm,"ABD'de yaklak bir haftadr etkili olan ar scak hava dalgasnda hayatn kaybedenlerin says 25'e yükseldi. Yaklak 40 milyon kii için scak hava uyars yaplrken, dou eyaletlerinde iddetli frtna, ani sel ve e… [+1167 chars]",Extreme heat claimed lives in the USA: 25 dead. 25 people lost their lives due to the extreme heat wave that has been effective for about a week in the USA.,Extreme Hitze forderte in den USA Todesopfer: 25 Tote. 25 Menschen kamen durch die seit etwa einer Woche andauernde extreme Hitzewelle in den USA ums Leben.,Extremus calor vitam petitam in USA: 25 mortuus est. 25 homines vitam amiserunt propter aestum maximorum qui circiter septimanam in USA efficax est.,,,,random
28a31339accd0eedc4e295fcc039c605,2026-07-06T07:09:26Z,Thunderstorm,,observador.pt,pt,0.3,GNR já deteve 134 pessoas por crime de incêndio,GNR indica que a maior parte das detenções é referente a comportamentos desadequados no uso do fogo. A força policial realizou ainda 4.680 ações de sensibilização e efetuou 8.549 sinalizações.,https://observador.pt/2026/07/06/gnr-ja-deteve-mais-de-130-pessoas-por-crime-de-incendio/,https://wm.observador.pt/wm/l/https%3A%2F%2Fbordalo.observador.pt%2Fv2%2Frs%3Afill%3A770%3A403%2Fc%3A2000%3A1124%3Anowe%3A0%3A105%2Fq%3A70%2Ff%3Awebp%2Fplain%2Fhttps%3A%2F%2Fs3.observador.pt%2Fwp-content%2Fuploads%2F2025%2F08%2F03092000%2F45428203.jpg?layer=obstop:T,,"Siga aqui o nosso liveblog sobre os incêndios em Portugal
A GNR já deteve este ano 134 pessoas pelo crime de incêndio, anunciou a corporação, que reforçou o patrulhamento em todo o país face ao agra… [+2568 chars]","GNR has already detained 134 people for arson crimes. GNR indicates that the majority of arrests are related to inappropriate behavior in the use of fire. The police force also carried out 4,680 awareness campaigns and issued 8,549 signs.","GNR hat bereits 134 Personen wegen Brandstiftung festgenommen. GNR weist darauf hin, dass die meisten Festnahmen mit unangemessenem Verhalten beim Einsatz von Feuer in Zusammenhang stehen. Darüber hinaus führte die Polizei 4.680 Aufklärungskampagnen durch und verteilte 8.549 Schilder.","GNR 134 homines iam ad incendia detinentur. GNR indicat plures evincit mores inconueniens in usu ignis comparantur. Vigilum vis etiam peracta est 4,680 expeditionum conscientia et signa 8,549 edita.",India,SAS,Asia,wmo
45cbed0f9f06507403186577c1a2faab,2026-07-06T08:15:52Z,Heat Wave,,hindi.moneycontrol.com,hi,0.9,Monsoon Heat Explainer: मॉनसून आ गया फिर भी क्यों तप रहे दिल्ली NCR समेत देश के बड़े शहर?,"भीषण और झुलसाने वाली गर्मी के बीच मानसून का आना हमेशा एक बड़ी राहत लेकर आता है। लेकिन दिल्ली, मुंबई, अहमदाबाद और हैदराबाद जैसे भारत के शहरों में रहने वाले लाखों लोगों के लिए इस बार की बारिश मौसम को ठंडा महसूस नहीं करा रही है। इसके बजाय लोग बेहद चिपचिपी और असु…",https://hindi.moneycontrol.com/india/the-monsoon-has-arrived-yet-why-are-major-cities-across-the-country-including-delhi-ncr-still-sweltering-article-2417335.html,https://images.moneycontrol.com/static-hindinews/2026/07/monsoon-explainer-1.jpg,http://web.archive.org/web/20260706130724/https://hindi.moneycontrol.com/india/the-monsoon-has-arrived-yet-why-are-major-cities-across-the-country-including-delhi-ncr-still-sweltering-article-2417335.html,", , ?
 ?
46 50 , 
 , 
 1970 , , , , , , 
 , 
 , , , - 
 ?
 , 
 ?
 , 
 , , , 
 - , 
- - 
 : Mumbai-Pune traffic: - ! 16 , Mumbai-Pune expressway","Monsoon Heat Explainer: Monsoon has arrived, yet why are the big cities of the country including Delhi NCR scorching? Amidst the scorching and scorching heat, the arrival of monsoon always brings a great relief. But for millions of people living in Indian cities like Delhi, Mumbai, Ahmedabad and Hyderabad, this rain is not making the weather feel cold. Instead people are extremely clingy and unpleasant…","Monsun-Hitze-Erklärer: Der Monsun ist da, aber warum brennen die großen Städte des Landes, einschließlich Delhi NCR,? Inmitten der sengenden und sengenden Hitze bringt die Ankunft des Monsuns immer eine große Erleichterung. Aber für Millionen von Menschen, die in indischen Städten wie Delhi, Mumbai, Ahmedabad und Hyderabad leben, sorgt dieser Regen nicht dafür, dass sich das Wetter kalt anfühlt. Stattdessen sind die Menschen extrem anhänglich und unangenehm …","Monsoon Caloris Explorator: Monsoon advenit, sed cur sunt magnae civitates regionis Delhi NCR exustae? Inter ustionem et aestum adventus ETESIA magnum semper levamen affert. Sed ob decies centena milia hominum in urbibus Indicis sicut Delhi, Mumbai, Ahmedabad et Hyderabad habitant, haec pluvia tempestatem non frigidam sentiunt. Instead sunt maxime clingy et ingratae...",,,,random
04c11073dcadc15a5ecd67bad7914365,2026-07-06T09:20:00Z,Wildfire,,dialogos.com.cy,el,0.9,"Φλέγεται η νότια Ευρώπη – Συνεχίζεται η μάχη με τις φλόγες στη Γαλλία, βελτίωση σε Ισπανία και Πορτογαλία","Μεγάλη δασική πυρκαγιά εξακολουθεί να μαίνεται στη νότια Γαλλία προκαλώντας προβλήματα στον ποδηλατικό Γύρο της Γαλλίας, ενώ δύο άλλες στην Ισπανία και την Πορτογαλία βρίσκονται υπό μερικό έλεγχο. Η εποχή των πυρκαγιών έχει ξεκινήσει στη νότια Ευρώπη, ενώ ανα…",https://dialogos.com.cy/flegetai-i-notia-eyropi-synechizetai-i-machi-me-tis-floges-sti-gallia-veltiosi-se-ispania-kai-portogalia/,https://dialogos.com.cy/wp-content/uploads/2026/07/image-55.png,,"© Dialogos Media Group - , , , / , , , , ( ) , , , , , .","Southern Europe on fire – Fires continue to be fought in France, improvement in Spain and Portugal. A large forest fire is still raging in southern France causing problems for the Tour de France, while two others in Spain and Portugal are partially under control. The season of fires has begun in southern Europe, while re...","Südeuropa brennt – Brände werden weiterhin in Frankreich bekämpft, Besserung in Spanien und Portugal. In Südfrankreich wütet noch immer ein großer Waldbrand, der der Tour de France Probleme bereitet, während zwei weitere in Spanien und Portugal teilweise unter Kontrolle sind. In Südeuropa hat die Saison der Brände begonnen, während ...","In Europa australi igni – Incendia pugnanda pergunt in Gallia, emendatio in Hispania et Portugallia. Ingens ignis silvaticus adhuc in Gallia meridionali furit quaestiones causando in Tour de France, cum duo alii in Hispania et Portugallia partim in dicione sunt. Tempus ignium in Europa australi incohavit, dum re...",,,,random
7b57fd877904f10c60da2ef597a87bfe,2026-07-06T09:34:08Z,Heat Wave,,www.abc.es,es,0.7,Mario Picazo alerta de que llega una «semana tórrida» a España por la ola de calor: «Tendríamos máximas ya incluso críticas»,"El verano , que comenzó a solo un par de semanas, sigue apretando en España y vuelve a dejar un ambiente sumamente cálido en gran parte del país. Tras un inicio de estación ya marcado en junio por varios episodios de calor intenso, que dieron lugar a la prime…",https://www.abc.es/recreo/mario-picazo-alerta-llega-semana-torrida-espana-20260706113408-nt.html,https://s1.abcstatics.com/abc/www/multimedia/recreo/2026/07/06/calor-picazo-knTH--1200x630@diario_abc.jpg,,"El verano, que comenzó a solo un par de semanas, sigue apretando en España y vuelve a dejar un ambiente sumamente cálido en gran parte del país. 
Tras un inicio de estación ya marcado en junio por v… [+3617 chars]","Mario Picazo warns that a ""torrid week"" is coming to Spain due to the heat wave: ""We would have maximum and even criticism."" Summer, which began just a couple of weeks ago, continues to tighten in Spain and once again leaves an extremely warm atmosphere in much of the country. After a start to the season already marked in June by several episodes of intense heat, which gave rise to the first…","Mario Picazo warnt davor, dass Spanien aufgrund der Hitzewelle eine „heiße Woche“ bevorstehe: „Wir hätten maximale und gleichmäßige Kritik.“ Der Sommer, der erst vor wenigen Wochen begonnen hat, wird in Spanien immer enger und hinterlässt in weiten Teilen des Landes erneut eine äußerst warme Atmosphäre. Nachdem die Staffel bereits im Juni von mehreren Episoden großer Hitze geprägt war, die zu den ersten…","Mario Picazo monet ""septimanam fervidam"" in Hispaniam venire ob aestum: ""Maximam atque etiam reprehensionem habere volumus"". Aestas, quae proxime ante aliquot septimanas incepit, in Hispania obstringere pergit et iterum in magna regione aeris calidissimam relinquit. Post initium temporis iam mense Iunio notatum est aliquot episodia caloris vehementis, qui ortum est primum...",Spain,MED,Europe,wmo
01900b2d9b412811a50632a7b41d83ee,2026-07-06T10:00:00Z,Precipitation,,p-shirokuma.hatenadiary.com,ja,0.3529411764705882,私にとって読書とはゲームだった！──『本とは何か』感想文2,自由度の高いゲームのように自由度の高い本を読みたい 昨日書いた難波優輝『本とは何か』の読書感想文の続き……というより、こちらが本体にあたります。 1995年頃、ナムコのアーケードゲーム『エアーコンバット22』という大型筐体の空戦ゲームを毎日遊んでいた時期があった。のちに有名になっていく『エースコンバット』シリーズの前身にあたるゲームだが、戦闘機で火の輪くぐりや曲芸をさせられる『エースコンバット』の窮屈さとは違って、プレイヤーは自由に大空を飛び回って好きなプレイをやって構わない。 そこはそれ、アーケードゲームだから…,https://p-shirokuma.hatenadiary.com/entry/20260706/1783332000,https://cdn.image.st-hatena.com/image/scale/88bda83a82a41b4a195c0540d6be8884ef47daa6/backend=imagemagick;version=1;width=1300/https%3A%2F%2Fcdn-ak.f.st-hatena.com%2Fimages%2Ffotolife%2Fp%2Fp_shirokuma%2F20190202%2F20190202115008.jpg,http://web.archive.org/web/20260707000711/https://p-shirokuma.hatenadiary.com/entry/20260706/1783332000,"自由度の高いゲームのように自由度の高い本を読みたい

 　
　
昨日書いた難波優輝『本とは何か』の読書感想文の続き……というより、こちらが本体にあたります。
　
　
1995年頃、ナムコのアーケードゲーム『エアーコンバット22』という大型筐体の空戦ゲームを毎日遊んでいた時期があった。のちに有名になっていく『エースコンバット』シリーズの前身にあたるゲームだが、戦闘機で火の輪くぐりや曲芸をさせられ… [+7261 chars]","Reading was like a game to me! ──""What is a Book?"" Impression 2. I want to read a book with a high degree of freedom, like a game with a high degree of freedom. This is a continuation of the reading review of Yuki Namba's ""What is a Book?"" that I wrote yesterday... or rather, this is the main story. Around 1995, there was a time when I played Namco's arcade game ``Air Combat 22,'' a large-sized air combat game, every day. This game is the predecessor to the ``Ace Combat'' series that later became famous, but unlike ``Ace Combat,'' where players are forced to fly through rings of fire and perform acrobatics in a fighter jet, players are free to fly around in the sky and do whatever they want. That's because it's an arcade game...","Lesen war für mich wie ein Spiel! ──„Was ist ein Buch?“ Eindruck 2. Ich möchte ein Buch mit einem hohen Freiheitsgrad lesen, wie ein Spiel mit einem hohen Freiheitsgrad. Dies ist eine Fortsetzung der Leserezension von Yuki Nambas „What is a Book?“ dass ich gestern geschrieben habe... oder besser gesagt, das ist die Hauptgeschichte. Etwa 1995 gab es eine Zeit, in der ich jeden Tag Namcos Arcade-Spiel „Air Combat 22“, ein großformatiges Luftkampfspiel, spielte. Dieses Spiel ist der Vorgänger der später berühmt gewordenen „Ace Combat“-Reihe, aber im Gegensatz zu „Ace Combat“, bei dem die Spieler gezwungen sind, durch Feuerringe zu fliegen und in einem Kampfjet akrobatische Kunststücke vorzuführen, können die Spieler frei in der Luft herumfliegen und tun, was sie wollen. Das liegt daran, dass es ein Arcade-Spiel ist ...","Lectio mihi ludus similis erat! ""Quid est liber?"" Impressio 2. Librum cum summa libertate legere volo, sicut lusum cum magna libertate. Haec continuatio lectionis recognitionis scriptoris Yuki Namba ""Quid est liber?"" quod heri scripsi... vel potius, haec est principalis fabula. Circa 1995, tempus erat cum cryptoporticus lusi Namco ludum `air Certamen 22,' 'aer certaminis magna amplitudo venatus, cotidie. Praedecessor hic ludus est seriei ""Ae Certaminis quae postea claruit, sed dissimilis ""Ace Certamina"", ubi histriones per circulos ignis volare coguntur et posuere in pugnanti vimine, histriones libere volitare in caelo et quicquid volunt facere. Id est cryptoporticus ludus...",Brazil,SAM,South-America,wmo
7c48c83fe68fc2e18e30eba51b73c42f,2026-07-06T11:44:01Z,Storm,,arabic.cnn.com,ar,0.9,"إعصار ""بافي"" الفائق.. هكذا تبدو ""أقوى عاصفة على وجه الأرض"" من الفضاء","ضرب الإعصار الفائق ""بافي""، أحد أقوى الأعاصير الفائقة على كوكب الأرض هذا العام، جزر المحيط الهادئ الأمريكية، صباح الاثنين. وهو ثاني عاصفة هائلة تضرب هذه المناطق منذ أبريل /نيسان.",https://arabic.cnn.com/miscellaneous/video/2026/07/06/v197568-super-typhoon-bavi-smacks-into-us-pacific-islands-digvid-hnk,"https://cnn-arabic-images.cnn.io/cloudinary/image/upload/w_1920,h_1008,c_fill,q_auto,g_center/t_cnnarabic_watermark_logo_v5/cnnarabic/2026/07/06/images/337736.jpg",,,"Super Hurricane ""Buffy""... This is what the ""strongest storm on Earth"" looks like from space. Supercyclone Buffy, one of the strongest supercyclones on the planet this year, hit the US Pacific Islands on Monday morning. It is the second massive storm to hit these areas since April.","Super-Hurrikan „Buffy“... So sieht der „stärkste Sturm der Erde“ aus dem Weltraum aus. Superzyklon Buffy, einer der stärksten Superzyklone auf dem Planeten in diesem Jahr, traf am Montagmorgen die US-Pazifikinseln. Es ist der zweite massive Sturm, der diese Gebiete seit April heimgesucht hat.","Super Procellae ""Omnibus""... Hoc est quod ""procella fortissima in terra"" spectat sicut ex spatio. Supercyclone Buffy, unus ex fortissimis supercyclonibus in planeta hoc anno, US Pacific Insulas die Lunae mane percussit. Secunda tempestas ingens has areas ab Aprili ferire est.",,,,random
ff234d0c9452fea8f369076a7b50a0ac,2026-07-06T13:43:22Z,Heat Wave,,anlatilaninotesi.com.tr,tr,0.9,Sıcak hava dalgası geri geliyor: 40 dereceye dayanacak,"Geçen hafta etkili olan sıcak hava dalgası geri geliyor. Hafta sonu sıcaklıkların 5 derece artması beklenirken, İstanbul'da 36 dereceye kadar çıkması öngörülüyor.",https://anlatilaninotesi.com.tr/20260706/sicak-hava-dalgasi-geri-geliyor-40-dereceye-dayanacak-1107043576.html,https://cdn.img.anlatilaninotesi.com.tr/images/sharing/article/tur/1107043576.jpg?10742696851783345403,http://web.archive.org/web/20260707162810/https://anlatilaninotesi.com.tr/20260706/sicak-hava-dalgasi-geri-geliyor-40-dereceye-dayanacak-1107043576.html,"Türkiye ve dünyadan ilgi çekici yaam haberleri, toplumsal olaylar, güncel aratrmalar, fotoraf ve video galerileri.
https://anlatilaninotesi.com.tr/20260706/sicak-hava-dalgasi-geri-geliyor-40-derecey… [+1924 chars]","The heat wave is coming back: it will endure 40 degrees. The heat wave that was effective last week is coming back. While temperatures are expected to increase by 5 degrees over the weekend, it is predicted to rise up to 36 degrees in Istanbul.","Die Hitzewelle kommt zurück: Es wird 40 Grad aushalten. Die Hitzewelle, die letzte Woche wirksam war, kommt zurück. Während die Temperaturen am Wochenende voraussichtlich um 5 Grad steigen, werden in Istanbul voraussichtlich bis zu 36 Grad ansteigen.","Retro redit aestus unda: 40 gradus durabit. Calor fluctus qui efficax erat proxima hebdomade revertitur. Dum temperaturas per 5 gradus super weekend crescere expectat, assurgere praedicitur usque ad 36 gradus in Istanbul.",,,,random
c5f0a14b9b4be142539aea22a314b06b,2026-07-06T14:00:00Z,Flood,,journals.plos.org,en,0.3,Estimating the burden of leptospirosis in the Caribbean: Insights from environmental and sociodemographic factors,"Author summary Leptospirosis is a bacterial infection that affects both animals and humans and is common across the Caribbean. Yet, many countries and territories in the region lack reliable and up-to-date information on disease incidence and mortality. This …",https://journals.plos.org/plosntds/article?id=10.1371/journal.pntd.0013876,https://journals.plos.org/plosntds/article/figure/image?id=10.1371/journal.pntd.0013876.g003&size=inline,,"Abstract
Introduction
Previous studies up to early 2000s found that leptospirosis incidence in humans was high across the Caribbean region (CR), yet up-to-date and reliable surveillance data are sc… [+50388 chars]","Estimating the burden of leptospirosis in the Caribbean: Insights from environmental and sociodemographic factors. Author summary Leptospirosis is a bacterial infection that affects both animals and humans and is common across the Caribbean. Yet, many countries and territories in the region lack reliable and up-to-date information on disease incidence and mortality. This …","Abschätzung der Belastung durch Leptospirose in der Karibik: Erkenntnisse aus Umwelt- und soziodemografischen Faktoren. Zusammenfassung des Autors Leptospirose ist eine bakterielle Infektion, die sowohl Tiere als auch Menschen befällt und in der Karibik häufig vorkommt. Dennoch mangelt es vielen Ländern und Territorien in der Region an zuverlässigen und aktuellen Informationen über Krankheitsinzidenz und Mortalität. Das …","Onus leptospirosis in Caribbean aestimandis: Insights ab factoribus environmental et sociodemographicis. Auctor epitome Leptospirosis est contagio bacterial quae tam animalia quam homines afficit et per Caribbean communis est. Attamen, multae nationes et territoria regionis in morbis incidentiae et mortalitatis notitias certissimis et recentibus carent. Hoc ...",United States,CNA,North-America,wmo
a0b2f83724da6d554b52a9f61c88b57c,2026-07-06T14:49:32Z,Precipitation,,kaernten.orf.at,de,0.3,Warten auf Abkühlung in Schulen,"Der Countdown bis zu den Ferien läuft, nur noch bis Freitag müssen Kärntens 68.000 Schülerinnen und Schüler noch durchhalten und auch schwitzen. Denn die Hitzewelle hat die Temperaturen in den Klassen enorm ansteigen lassen.  Mittelfristig sollen bauliche Maß…",https://kaernten.orf.at/stories/3361429/,https://ibs.orf.at/ktn?image=https%3A%2F%2Foekastatic.orf.at%2Fmims%2F2026%2F28%2F34%2Fcrops%2Fw%3D1200%2Ch%3D627%2Cq%3D75%2F3103851_master_1202134_20260706_kh_hitze_in_schulen_00_00_12_05.jpg%3Fs%3D67d5df2dded5900d77199ff68858532446bc2439,http://web.archive.org/web/20260708132632/https://kaernten.orf.at/stories/3361429/,In der Klagenfurter VS 13 Am Spitalberg sind die Temperaturen in den Klassenräumen auf bis zu 35 Grad gestiegen. Das Schulgebäude wurde in den 1960er Jahren gebaut. Schuldirektorin Maria Glockner sag… [+3221 chars],"Waiting for things to cool down in schools. The countdown to the holidays has begun, Carinthia's 68,000 students only have to hold out and sweat until Friday. Because the heat wave has caused the temperatures in the classes to rise enormously.  In the medium term, structural dimensions should…","Warten auf Abkühlung in Schulen. Der Countdown bis zu den Ferien läuft, nur noch bis Freitag müssen Kärntens 68.000 Schülerinnen und Schüler noch durchhalten und auch schwitzen. Denn die Hitzewelle hat die Temperaturen in den Klassen enorm ansteigen lassen.  Mittelfristig sollen bauliche Maß…","Exspectans res in scholis refrigescunt. Comitatus ad festos dies incepit, Carinthiae 68,000 discipuli tantum usque ad Veneris diem sudorem tenere debent. Quia fluctus calor temperaturis in classibus immensum oriri fecit.  In medio termino dimensiones structurales debent…",Austria,WCE,Europe,wmo
acd89b52555f2ad4bb1f1e2236c30a93,2026-07-06T15:36:24Z,Storm,,www.nrc.nl,nl,0.3,Grote stroomstoring in Tilburg veroorzaakt door foute meetweergave,Stroomstoring: De grote stroomstoring in Tilburg en omstreken van zondagochtend werd veroorzaakt door een meetinstrument dat een verkeerde waarde doorgaf. Vanwege die hoge waarde schakelde netbeheerder Enexis onderdelen van het net tijdelijk uit.,https://www.nrc.nl/nieuws/2026/07/06/grote-stroomstoring-in-tilburg-veroorzaakt-door-foute-meetweergave-a4931878,https://images.nrc.nl/YWfs0u12bykUMg02sRJUZm0VasA=/1200x627/smart/filters:no_upscale()/s3/static.nrc.nl/wp-content/uploads/2026/07/06133425/ECO_2034995099_Stroomstoring.jpg,http://web.archive.org/web/20260707143225/https://www.nrc.nl/nieuws/2026/07/06/grote-stroomstoring-in-tilburg-veroorzaakt-door-foute-meetweergave-a4931878,"Een meetinstrument dat de verkeerde waarde doorgaf. Dat is de oorzaak van de grote stroomstoring in de omgeving van Tilburg van zondagochtend 5 juli, zegt een woordvoerder van Enexis, beheerder van h… [+3137 chars]","Major power outage in Tilburg caused by incorrect measurement display. Power outage: The major power outage in Tilburg and the surrounding area on Sunday morning was caused by a measuring instrument that transmitted an incorrect value. Because of this high value, grid operator Enexis temporarily switched off parts of the grid.","Großer Stromausfall in Tilburg aufgrund falscher Messwertanzeige. Stromausfall: Der große Stromausfall in Tilburg und Umgebung am Sonntagmorgen wurde durch ein Messgerät verursacht, das einen falschen Wert übermittelte. Aufgrund dieses hohen Wertes hat der Netzbetreiber Enexis Teile des Netzes vorübergehend abgeschaltet.","Maior potestas outage in Tilburg per falsa mensurae ostentationis causata est. Potentia outage: Maior potestas outage in Tilburg et in circuitu regio die Dominico mane causatur instrumenti mensurae quae valorem incorreptum transmisit. Propter hoc magni pretii, enixum operator Enexis ad tempus partes malesuada euismod inflexas fecit.",Chile,SWS,South-America,wmo
1982d1b11d265b7627c107e6bcaee79f,2026-07-06T16:00:00Z,Heat Wave,,www.futura-sciences.com,fr,0.3,Voici l'étonnant phénomène océanique observé par la Nasa depuis l'espace au large de la côte est américaine,"D'étranges volutes vertes et bleues tourbillonnent dans les eaux côtières du nord-est des États-Unis. Capturées par les satellites de la Nasa, ces traînées iridescentes intriguent. Leur origine n'a pourtant rien de menaçant : elles signalent l'éveil printanie…",https://www.futura-sciences.com/planete/actualites/ocean-voici-etonnant-phenomene-oceanique-observe-nasa-depuis-espace-large-cote-americaine-k2m6-135951/,https://cdn8.futura-sciences.com/a1080/images/observation-nasa-satellite-ocean.png,,"Quelque chose semble envahir les eaux de l'Atlantique au large du nord-est américain. Depuis le mois d'avril, des panaches verdâtres serpentent dans les zones peu profondes du Mid-Atlantic Bight, cet… [+4484 chars]","Here is the astonishing ocean phenomenon observed by NASA from space off the American east coast. Strange green and blue swirls swirl in the coastal waters of the northeastern United States. Captured by NASA satellites, these iridescent trails are intriguing. Their origin, however, is not threatening: they signal the awakening of spring...","Hier ist das erstaunliche Ozeanphänomen, das die NASA aus dem Weltraum vor der amerikanischen Ostküste beobachtet hat. In den Küstengewässern im Nordosten der USA wirbeln seltsame grüne und blaue Wirbel. Diese von NASA-Satelliten erfassten schillernden Spuren sind faszinierend. Ihr Ursprung ist jedoch nicht bedrohlich: Sie signalisieren das Erwachen des Frühlings ...","Hic Oceanus mirabilis phaenomenon ab NASA observatum est ex spatio inter oram orientalem Americanorum. In aquis maritimis Americae septentrionalis Americae mirae viridis et caeruleae erumpunt. NASA satellites capti, hi calles iridentes insidiantur. Origo autem eorum non est comminatio: excitationem veris significant.",Switzerland,WCE,Europe,wmo
4699cc42c6aeaf3fcb76dc4f500b1243,2026-07-06T16:00:00Z,Heat Wave,,www.frandroid.com,fr,0.7,Midea PortaSplit : l’astuce pour payer son climatiseur 250 euros de moins,"En pleine canicule, le Midea PortaSplit s'arrache et se paie une fortune en France. En passant la frontière allemande, on peut économiser jusqu'à 250 euros sur le même appareil.",https://www.frandroid.com/produits-android/3170191_midea-portasplit-lastuce-pour-payer-son-climatiseur-250-euros-de-moins,"https://c0.lestechnophiles.com/images.frandroid.com/wp-content/uploads/2026/07/midea-portasplit.jpg?resize=1600,900&key=f5b9e5db",,"En pleine canicule, le Midea PortaSplit s’arrache et se paie une fortune en France. En passant la frontière allemande, on peut économiser jusqu’à 250 euros sur le même appareil.
Le Midea PortaSplit … [+2342 chars]","Midea PortaSplit: the trick to paying 250 euros less for your air conditioner. In the middle of a heatwave, the Midea PortaSplit is being snapped up and is being sold for a fortune in France. By crossing the German border, you can save up to 250 euros on the same device.","Midea PortaSplit: Der Trick, um 250 Euro weniger für Ihre Klimaanlage zu zahlen. Mitten in einer Hitzewelle wird der Midea PortaSplit aufgekauft und in Frankreich für ein Vermögen verkauft. Durch den Grenzübertritt in Deutschland können Sie bei demselben Gerät bis zu 250 Euro sparen.","Midea PortaSplit: dolum solvendi 250 nummos minus pro aere Conditioner. In medio aestuum Midea PortaSplit diripitur et pro fortuna in Gallia venundatur. Terminum Germanum transeundo, ad 250 nummos in eadem fabrica servare potes.",France,WCE,Europe,wmo
e751512eb58c3e4a2491b91675dc2625,2026-07-06T16:28:34Z,Tropical Cyclone,,observador.pt,pt,0.9,Temperaturas vão cair até 11ºC. Mas só a partir de quinta,"Continuará calor, mas sem noites tórridas nem dias de inferno. Culpa do anticiclone dos Açores que se muda para perto das Ilhas Britânicas e deixa a janela aberta para que o ar do Atlântico entre.",https://observador.pt/programas/quente-e-frio/temperaturas-vao-cair-ate-11oc-mas-so-a-partir-de-quinta/,https://bordalo.observador.pt/v2/rs:fill:770:403/c:770:433:nowe:0:0/q:70/f:webp/plain/https://s3.observador.pt/wp-content/uploads/2026/07/02151502/770-podcast.jpg,,"Esta transcrição foi gerada automaticamente por Inteligência Artificial e pode conter erros ou imprecisões.Seja muito bem-vindo a mais uma edição de ""Quente e Frio"". Todas as tardes na Rádio Observad… [+6204 chars]","Temperatures will drop to 11ºC. But only from Thursday. It will remain hot, but without torrid nights or days of hell. Blame it on the Azores anticyclone that moves close to the British Isles and leaves the window open for Atlantic air to enter.","Die Temperaturen werden auf 11 °C sinken. Aber erst ab Donnerstag. Es wird heiß bleiben, aber ohne heiße Nächte oder Höllentage. Schuld daran ist das Hochdruckgebiet der Azoren, das sich den Britischen Inseln nähert und das Fenster für den Eintritt von Atlantikluft offen lässt.","Temperaturae ad 11ºC decident. sed solum a Iovis. Manebit aestus, sed sine fervida nocte, seu dies gehennae. Culpa in Azores anticyclo, quae proxima ad Insulas Britannicas movetur et fenestram apertam relinquit ad aerem Atlanticum intrandum.",,,,random
4434cc19dee7c5a4cbc7f1cdde7869c9,2026-07-06T16:44:08Z,Heat Wave,,www.ansa.it,it,0.3,"Rientrata la squadra dell'E-R dal Venezuela, assistite decine di persone","universitaria di Parma) e Nicole Pellegrini (Ausl Reggio Emilia), dal medico anestesista rianimatore Marco Di Lecce (Aou Parma) e dal medico dell'emergenza-urgenza Stefano Geniere Nigra (Ausl Romagna). (ANSA)",https://www.ansa.it/emiliaromagna/notizie/2026/07/06/rientrata-la-squadra-delle-r-dal-venezuela-assistite-decine-di-persone_2d670e95-3e8e-40ea-b4f6-1faba746c4af.html,https://www.ansa.it/webimages/img_1280x720/2026/7/6/d00e5faa64ad2d5e916a375b78bbc71c.jpg,,"È rientrata in Italia la squadra di medici e sanitari
dell'Emilia-Romagna impegnata dal 26 giugno nelle operazioni di
soccorso in Venezuela, nelle aree devastate dal terremoto,
all'interno della m… [+1628 chars]","The E-R team returned from Venezuela and assisted dozens of people. University of Parma) and Nicole Pellegrini (Ausl Reggio Emilia), by the anesthesiologist and resuscitator Marco Di Lecce (Aou Parma) and by the emergency doctor Stefano Geniere Nigra (Ausl Romagna). (HANDLE)","Das E-R-Team kehrte aus Venezuela zurück und half Dutzenden Menschen. Universität Parma) und Nicole Pellegrini (Ausl Reggio Emilia), vom Anästhesisten und Beatmungsgerät Marco Di Lecce (Aou Parma) und vom Notarzt Stefano Geniere Nigra (Ausl Romagna). (HANDHABEN)","Turma E-R ex Venezuela rediit et justos hominum adiuvabat. Universitatis Parmae) et Nicole Pellegrini (Ausl Reggio Emilia), per anesthesiologum et resuscitatorem Marco Di Lecce (Aou Parma) et subitis doctore Stefano Geniere Nigra (Ausl Romagna). (CONTRACTO)",Switzerland,WCE,Europe,wmo
774d8f66469d36bde52b0ed164724466,2026-07-06T17:38:00Z,Storm,,www.ledauphine.com,fr,0.3,Climat. « Une anomalie qui va devenir la norme » : pourquoi les feux de forêt sont-ils si précoces cette année ?,"À la faveur de la chaleur et de la sécheresse, la saison des incendies a démarré très tôt dans l’Hexagone. Une tendance que l’on doit au changement climatique et qui promet de mettre les services de secours à rude épreuve cet été.",https://www.ledauphine.com/environnement/2026/07/06/une-anomalie-qui-va-devenir-la-norme-pourquoi-les-feux-de-foret-sont-ils-si-precoces-cette-annee,https://cdn-s-www.ledauphine.com/images/598E76B5-EAAE-4BAE-8D1E-B88E5A90EE91/FB1200/photo-1783355571.jpg,,"Dans le Gard, la Drôme et surtout dans les Pyrénées-Orientales, les feux de forêt ont fait dimportants dégâts ces derniers jours. Un signe que la saison des incendies a commencé tôt, cette année. Tro… [+3138 chars]","Climate. “An anomaly that will become the norm”: why are wildfires coming so early this year?. Thanks to the heat and drought, the fire season started very early in France. A trend that we owe to climate change and which promises to put emergency services to the test this summer.","Klima. „Eine Anomalie, die zur Norm werden wird“: Warum kommt es dieses Jahr so ​​früh zu Waldbränden? Dank der Hitze und Dürre begann die Feuersaison in Frankreich sehr früh. Ein Trend, den wir dem Klimawandel verdanken und der die Rettungsdienste diesen Sommer auf eine harte Probe stellen wird.","Clima. ""Anomalia quae norma fiet"": cur incendia ignium tam mature hoc anno veniunt? Per aestum et siccitatem, ignis temporum valde mane in Gallia incepit. Declinatio quam debemus ad mutationem climatis et quae officia subitis experiendi aestatem imponere promittit.",France,WCE,Europe,wmo
067482e6c4dbdf5a46496cceda7f46d1,2026-07-06T17:53:32Z,Earthquake,,www.latercera.com,es,0.8,Kast encabeza ceremonia de reconocimiento a bomberos que acudieron a Venezuela a prestar ayuda humanitaria tras terremotos,"“Puedo decirles que los chilenos nos sentimos orgullosos de nuestros bomberos y de los rescatistas USAR"", destacó el Mandatario.",https://www.latercera.com/nacional/noticia/kast-encabeza-ceremonia-de-reconocimiento-a-bomberos-que-acudieron-a-venezuela-a-prestar-ayuda-humanitaria-tras-terremotos/,https://www.latercera.com/resizer/v2/RZ4ENKTRMBGZ5MZORW5I7GXAY4.jpg?auth=6d2c39dd5ae9ed19c6da4514bd38d34b3d795f29d0aa5d44b37c01fa619dcefe&height=630&width=1200&smart=true,,"Al mediodía de este lunes, el Presidente José Antonio Kast encabezó una ceremonia de reconocimiento a 45 rescatistas del Grupo Usar de Bomberos de Chile que acudieron a Venezuela a prestar asistencia… [+1440 chars]","Kast leads a ceremony to recognize firefighters who went to Venezuela to provide humanitarian aid after earthquakes. ""I can tell you that we Chileans are proud of our firefighters and USAR rescuers,"" highlighted the President.","Kast leitet eine Zeremonie zur Würdigung von Feuerwehrleuten, die nach Erdbeben nach Venezuela gereist sind, um humanitäre Hilfe zu leisten. „Ich kann Ihnen sagen, dass wir Chilenen stolz auf unsere Feuerwehrleute und USAR-Retter sind“, betonte der Präsident.","Kast ceremoniam inducit ut firepugnatores cognoscendi qui Venezuelam ierunt ad auxilium humanitarium post terrae motus praebendum. ""Discere possum quod Chileans nos de nostris propugnatoribus et liberatoribus Usar superbis"" illustravit Praesidem.",Venezuela,NSA,South-America,usgs
1d03d63058084ca959c7f818fd3c75f8,2026-07-06T19:34:12Z,Tropical Cyclone,,flatout.com.br,pt,0.3,Troll: o primeiro (e único) esportivo feito na Noruega,"A palavra troll tem alguns significados diferentes. Originalmente, trolls são criaturas da mitologia dos países nórdicos — seres feios e reclusos que raramente se dão bem com seres humanos e vivem em cavernas, florestas ou debaixo de pontes que eles mesmos co…",https://flatout.com.br/troll-o-primeiro-e-unico-esportivo-feito-na-noruega/,https://cdn.flatout.com.br/wp-content/uploads/2026/07/troll-e1783365370557.png,,a palavra troll tem alguns significados diferentes  originalmente  trolls sao criaturas da mitologia dos paises nordicos  seres feios e reclusos que raramente se dao bem com seres humanos e vivem em … [+23641 chars],"Troll: the first (and only) sports car made in Norway. The word troll has a few different meanings. Originally, trolls are creatures from the mythology of Nordic countries — ugly, reclusive beings who rarely get along with humans and live in caves, forests or under bridges that they themselves create.","Troll: der erste (und einzige) in Norwegen hergestellte Sportwagen. Das Wort Troll hat verschiedene Bedeutungen. Ursprünglich sind Trolle Wesen aus der Mythologie der nordischen Länder – hässliche, zurückgezogene Wesen, die selten mit Menschen auskommen und in Höhlen, Wäldern oder unter Brücken leben, die sie selbst geschaffen haben.","Troglodytarum: primus (et solus) currus ludis in Norvegia factis. Verbum Troglodytarum paucas significationes habet. Primitus troglodytae creaturae sunt ex mythologia nationum Nordicorum — entia deformia, reclusiva, quae raro cum hominibus coniunguntur et in speluncis, silvis vel sub pontibus vivunt, quos ipsi creant.",,,,random
d07f5b0c66218129bdc93c5c82a11f0a,2026-07-06T21:19:00Z,Flood,,catracalivre.com.br,pt,0.3,"Se você encontrar algum sinal de um louva-a-deus em sua roseira ou área verde, nós lhe diremos o que isso significa e por que é algo bom para sua roseira","A presença espontânea do louva-a-deus ajuda a proteger as roseiras contra infestações de pragas urbanas de maneira totalmente natural.
O post Se você encontrar algum sinal de um louva-a-deus em sua roseira ou área verde, nós lhe diremos o que isso significa e…",https://catracalivre.com.br/noticias/se-voce-encontrar-algum-sinal-de-um-louva-a-deus-em-sua-roseira-ou-area-verde-nos-lhe-diremos-o-que-isso-significa-e-por-que-e-algo-bom-para-sua-roseira/,https://catracalivre.com.br/i/Mne9JDTdytuLSTfRF7W4FdD7FaVyeNx8Oo5zrUVtDo4/rs:fill:1200:630:1/g:sm/q:80/bG9jYWw6Ly8vMjAyNi8wNy9ncmVlbi1wcmF5aW5nLW1hbnRpcy1vbi1yb3NlYnVzaC0yMDI2MDcwNTIyMjAtMi5qcGVn,,"A presença espontânea de seres benéficos em áreas verdes traz grandes vantagens para quem cultiva plantas ornamentais em casa. Encontrar pequenos predadores revela que o ecossistema está equilibrado,… [+3625 chars]","If you find any signs of a praying mantis in your rose bush or green space, we'll tell you what it means and why it's a good thing for your rose bush. The spontaneous presence of the praying mantis helps protect rose bushes against urban pest infestations in a completely natural way.
The post If you find any signs of a praying mantis in your rose bush or green space, we'll tell you what it means and…","Wenn Sie Anzeichen einer Gottesanbeterin in Ihrem Rosenstrauch oder Ihrer Grünfläche entdecken, sagen wir Ihnen, was das bedeutet und warum es gut für Ihren Rosenstrauch ist. Die spontane Anwesenheit der Gottesanbeterin trägt dazu bei, Rosensträucher auf völlig natürliche Weise vor städtischen Schädlingsbefall zu schützen.
Der Beitrag Wenn Sie Anzeichen einer Gottesanbeterin in Ihrem Rosenstrauch oder Ihrer Grünfläche finden, sagen wir Ihnen, was das bedeutet und…","Si aliqua signa orantis mantis in tuo rosae aut viridi spatio reperias, quid sit, dicamus, et cur id bonum sit rosae tuae. Spontanea praesentia orantis mantis adiuvat ut rosae frutices protegant contra infestationes urbanae pestis omnino naturali modo.
Stipes Si quaelibet signa orantis mantis in tuo rosaceo vel viridi spatio inveneris, narrabimus tibi quid significet et ...",Canada,NEN,North-America,wmo
ec706ebbcd209efdb250a88f8ffc978d,2026-07-06T21:23:00Z,Tropical Cyclone,,news.livedoor.com,ja,0.6470588235294118,C.ロナウド、涙でW杯に別れを告げる　決定機作るもゴール届かず後半AT失点、スペインに敗れベスト16敗退【北中米W杯】,■FIFAワールドカップ2026決勝トーナメント2回戦ポルトガル 0 － 1 スペイン（日本時間7日、ダラス・スタジアム）【Ｗ杯日程＆結果】波乱続出の決勝トーナメント “4年に1度の祭典” 39日間全104試合の熱戦！今大会無敗のスペイン代表（FIFAランク2位）が“レジェンド”クリスティアーノ・ロナウド（41）を擁するポルトガル代表（同5位）を0ー1で下し、4大会ぶりのベスト8進出を果たした。C.ロナウドは今試合決定機を作るも得点には届かず、ポルトガルは決勝トーナメント2回戦無得全文TBS NEWS DIG 0…,https://news.livedoor.com/article/detail/31757929/,https://image.news.livedoor.com/newsimage/stf/8/7/87557_1796_b717618b_07d08667.jpg,,"FIFA20262 0 1 7
 41 39104
FIFA24150148C.216
FW29DF3211C.GK2686
MF26MF30M.6101794
WC.16C.2006W21225W58A25FIFAW
C.W200661200841201431201844202251202643","C. Ronaldo bids farewell to the World Cup with tears. He created a chance but couldn't score and conceded an AT in the second half, losing to Spain and being eliminated from the last 16 [North and Central America World Cup]. ■FIFA World Cup 2026 final tournament 2nd round Portugal 0 - 1 Spain (7th Japan time, Dallas Stadium) [World Cup schedule & results] Eventful final tournament ""A once-in-four-years festival"" A total of 104 intense matches over 39 days! The undefeated Spain national team (2nd place in FIFA rankings) defeated the Portugal national team (5th place), which features the ""legend"" Cristiano Ronaldo (41), 0-1, advancing to the last eight for the first time in four tournaments. C. Ronaldo created a chance to decide the match, but could not score, and Portugal lost the second round of the final tournament Full text TBS NEWS DIG 0…","C. Ronaldo verabschiedet sich unter Tränen von der Weltmeisterschaft. Er erspielte sich eine Chance, konnte aber kein Tor erzielen und kassierte in der zweiten Halbzeit einen AT, verlor gegen Spanien und schied aus dem Achtelfinale [Nord- und Mittelamerika-Weltmeisterschaft] aus. ■Endrunde der FIFA Fußball-Weltmeisterschaft 2026, 2. Runde Portugal 0:1 Spanien (7. japanischer Zeitpunkt, Dallas Stadium) [Zeitplan und Ergebnisse der Weltmeisterschaft] Ereignisreiches Endturnier „Ein Festival, das nur alle vier Jahre stattfindet“ Insgesamt 104 intensive Spiele an 39 Tagen! Die ungeschlagene spanische Nationalmannschaft (2. Platz in der FIFA-Rangliste) besiegte die portugiesische Nationalmannschaft (5. Platz) mit der „Legende“ Cristiano Ronaldo (41) mit 0:1 und rückte damit zum ersten Mal seit vier Turnieren in die Runde der letzten Acht vor. C. Ronaldo erspielte sich die Chance, das Spiel zu entscheiden, konnte aber kein Tor erzielen und Portugal verlor die zweite Runde der Endrunde Volltext TBS NEWS DIG 0…","C. Ronaldus cum lacrimis Mundi Calicem valere iubet. Casum creavit sed non potuit score et in medium AT concessit, Hispaniam amittens et ab ultimo 16 [North and Central America World Cup] resectis. FIFA World Cup 2026 torneamentum finale 2 rotundum Portugal 0 - 1 Hispania (7th Iaponia tempus, Dallas Stadium) [Mundus Cup schedule & proventus] Eventus finalis torneamentum ""A semel in quattuor annis festivitas"" Summa 104 intensa compositus super 39 dies! Invictus Hispania turma nationalis (2nd loco in FIFA rankings) Portugallia turmam nationalem vicit (5th loco), quae lineamenta ""legenda"" Cristiano Ronaldo (41), 0-1, ad octo ultimos primum in quattuor torneamentis progrediens. C. Ronaldus casum creavit ad certamen decidi, sed score non erat, et Portugallia secundam circum torneamentum ultimi textus amisit Full text TBS NUNTII DIG 0…",,,,random
68a3da9ccf7189dcb14ad1a92104ea70,2026-07-06T22:59:00Z,Heat Wave,,news.livedoor.com,ja,0.4117647058823529,“異例措置”アメリカのバログン先発入り　決勝T1回戦でレッドカード退場も出場可能に　ベルギー、ルカクやデブルイネはベンチスタート【北中米W杯】,■FIFAワールドカップ2026決勝トーナメント2回戦アメリカ － ベルギー（日本時間7日、シアトル・スタジアム）【Ｗ杯日程＆結果】波乱続出の決勝トーナメント “4年に1度の祭典” 39日間全104試合の熱戦！開催国アメリカ（FIFAランク17位）と3大会ぶりのベスト8進出、初の優勝を狙うベルギー（同9位）が対戦。両チームの先発メンバーが発表された。決勝トーナメント（T）1回戦、ボスニア・ヘルツェゴビナ（同64位）と対戦したアメリカは後半19分、先制点を決めたFWフォラリン・バロ全文TBS NEWS DIG 07…,https://news.livedoor.com/article/detail/31758458/,https://image.news.livedoor.com/newsimage/stf/6/e/6e518_1796_737e7e0d_d498ddf1.jpg,,"FIFA20262 7
 41 39104
FIFA17389
T16419FW24102016
MF35FW33
GK24     DF23    5    1316MF4    817    FW10    20
GK1DF452125MF82324FW101417
T1","“Unprecedented Measures” Balogun enters the starting lineup for the United States. Even if he is sent off with a red card in the first round of the final T, he can still play. Belgium's Lukaku and De Bruyne start on the bench [North/Central America World Cup]. ■FIFA World Cup 2026 Final Tournament 2nd Round USA - Belgium (7th Japan time, Seattle Stadium) [World Cup Schedule & Results] Final tournament full of ups and downs “A once-in-four-years festival” A total of 104 intense games over 39 days! The host nation, the United States (17th in FIFA ranking), will face off against Belgium (9th in FIFA ranking), who are aiming to advance to the top eight for the first time in three tournaments and win their first championship. The starting lineups for both teams have been announced. In the first round of the final tournament (T), the USA faced Bosnia and Herzegovina (64th place), and FW Folarin Baro scored the first goal in the 19th minute of the second half.TBS NEWS DIG 07…","„Beispiellose Maßnahmen“ Balogun steht in der Startelf der USA. Selbst wenn er in der ersten Runde des Final-T mit einer roten Karte vom Platz gestellt wird, kann er trotzdem spielen. Die Belgier Lukaku und De Bruyne beginnen auf der Bank [Nord-/Mittelamerika-Weltmeisterschaft]. ■Finale der FIFA Fußball-Weltmeisterschaft 2026, 2. Runde USA – Belgien (7. japanische Zeit, Seattle Stadium) [Spielplan und Ergebnisse der Weltmeisterschaft] Endrunde voller Höhen und Tiefen „Ein Festival, das nur alle vier Jahre stattfindet“ Insgesamt 104 intensive Spiele an 39 Tagen! Das Gastgeberland, die USA (17. in der FIFA-Rangliste), trifft auf Belgien (9. in der FIFA-Rangliste), das zum ersten Mal seit drei Turnieren unter die ersten Acht vordringen und seine erste Meisterschaft gewinnen will. Die Startaufstellungen beider Teams wurden bekannt gegeben. In der ersten Runde der Endrunde (T) trafen die USA auf Bosnien und Herzegowina (64. Platz) und FW Folarin Baro erzielte in der 19. Minute der zweiten Halbzeit das erste Tor. TBS NEWS DIG 07…","""Mensuras inauditas"" Balogun initium versus pro Iunctus Civitas intrat. Etiamsi emissus est cum charta rubra in prima circum ultima T, adhuc ludere potest. Belgicum Lukaku et De Bruyne in scamno incipiunt [America Septentrionalis/Centralis Mundi]. FIFA World Cup 2026 Final Tournament 2nd round USA - Belgium (7th Japan time, Seattle Stadium) [World Cup Schedule & Results] Final tournament full ups and downs ""A semel-in-quattuor-annorum festivitas"" Totum 104 intensum ludos super 39 dies! Gens exercitus, Civitatum Foederatarum Americae (17th in FIFA ranking), occurret contra Belgium (9th in FIFA ranking), qui intendit ad summum octo primum in tribus torneamentis progredi et primum patrocinium vincere. Inceptio lineups utriusque iugis nuntiata est. In primo circum torneamentum ultimae (T), USA Bosnia et Herzegovina versatur (64th place), et FW Folarin Baro primam metam laceravit in 19th minuto secundae medietatis.TBS NUNTII DIG 07...",Australia,CAU,Oceania,acwe
d0fd78dcf6c94892ca4afc70ba6f3ee4,2026-07-07T00:15:11Z,Earthquake,,36kr.com,zh,0.2,8点1氪丨SK海力士本周五将登陆纳斯达克；99万机器人“伴侣”续航撑不过一晚？优必选回应；青海省博物馆回应“国家一级文物发现TCL字样”,"今日热点导览
 华为Mate90系列有望搭载基于韬定律的新麒麟芯片
 央视曝光滴眼液涉事企业被立案，对滴眼液乱象开展调查处置 
 千问大模型升级实时语音识别大模型Fun-ASR-Realtime
 WPS回应“滥收费、背刺用户”言论
 TOP3大新闻
 SK海力士10日在纳斯达克上市290亿美元规模ADR，创外资企业史上最大规模
 据报道，SK海力士将以约44万亿韩元规模的美国存托凭证（ADR）在纳斯达克上市，挑战外资企业在美国股市上市的历史最大规模。纳斯达克上市后，SK海力士可在美国正规市场进行交易，并获得纳入…",https://36kr.com/p/3884831072514309,"https://img.36krcdn.com/hsossms/20260707/v2_218918e45e1a43d3bc39fbbaebf5760b@5667365_oswg82810oswg1053oswg495_img_jpg?x-oss-process=image/resize,m_mfit,w_600,h_400,limit_0/crop,w_600,h_400,g_center",,"Mate90
Fun-ASR-Realtime
WPS
TOP3
SK10290ADR
SK44ADRSK100ETFAI
99
U1U1 Ultra9924762-4U1 LiteU1 ProU1 Ultra
TCL 
TCL202676TCL2000
202675TCL
AI
Fun-ASR-Realtime
36Fun-ASR-Realtime1630
Team… [+1252 chars]","8:01 Krypton丨SK Hynix will be listed on Nasdaq this Friday; 990,000 robot ""companions"" will not last one night? UBTECH responds; Qinghai Provincial Museum responds to ""National first-class cultural relics found with the words TCL"". Today's hot spots guide
 Huawei Mate90 series is expected to be equipped with new Kirin chips based on Tao's Law
 CCTV exposed the company involved in eye drops and was put on file, and the eye drops chaos was investigated and dealt with.
 Qianwen large model upgrades real-time speech recognition large model Fun-ASR-Realtime
 WPS responds to remarks about ""overcharging and backstabbing users""
 TOP3 big news
 SK hynix listed ADR on Nasdaq on the 10th with a scale of US$29 billion, creating the largest scale in the history of foreign-funded enterprises.
 According to reports, SK Hynix will list American Depositary Receipts (ADRs) on Nasdaq with approximately 44 trillion won, challenging the largest-ever listing of a foreign-funded company on the U.S. stock market. After being listed on NASDAQ, SK hynix can be traded in the U.S. regular market and be included...","8:01 Krypton丨SK Hynix wird diesen Freitag an der Nasdaq notiert; 990.000 Roboter-„Begleiter“ halten nicht eine Nacht durch? UBTECH antwortet; Das Qinghai Provincial Museum antwortet auf „Nationale erstklassige Kulturrelikte mit den Worten TCL gefunden“. Der heutige Hotspot-Guide
 Die Huawei Mate90-Serie wird voraussichtlich mit neuen Kirin-Chips ausgestattet, die auf dem Tao-Gesetz basieren
 CCTV enthüllte das Unternehmen, das an Augentropfen beteiligt war, und wurde zu den Akten gelegt, und das Augentropfen-Chaos wurde untersucht und behoben.
 Das große Modell von Qianwen verbessert die Spracherkennung in Echtzeit, das große Modell Fun-ASR-Realtime
 WPS antwortet auf Bemerkungen über „überhöhte Preise und hinterlistige Benutzer“
 TOP3 große Neuigkeiten
 SK Hynix notierte ADR am 10. mit einem Volumen von 29 Milliarden US-Dollar an der Nasdaq und schaffte damit das größte Volumen in der Geschichte von ausländisch finanzierten Unternehmen.
 Berichten zufolge wird SK Hynix American Depositary Receipts (ADRs) im Wert von rund 44 Billionen Won an der Nasdaq notieren und damit die größte Notierung eines ausländisch finanzierten Unternehmens an der US-Börse aller Zeiten in Frage stellen. Nach der Notierung an der NASDAQ kann SK hynix im regulären US-Markt gehandelt und einbezogen werden...","8:01 Krypton丨SK Hynix in Nasdaq hoc Veneris inscripti erunt; 990,000 robot ""comites"" non una nocte durabit? UBTECH respondet; Qinghai provincialis Museum respondet ""reliquiae culturales nationale primae classis inventae cum verbis TCL"". Hodie calidum maculis guide
 Huawei Mate90 series expectatur instructum novis Kirin chippis secundum Tao Legis
 CCTV detexit societatem guttae oculi involutam et super limam impositam, et guttae oculi indagata et tractata sunt.
 Qianwen magnum exemplar upgrades real-time sermonis recognitionem magnum exemplar Fun-ASR-realtime
 WPS respondet dictis de ""immerendo et backstabbing users""
 TOP3 magnum nuntium
 SK hynix ADR in Nasdaq in 10th inscripta est cum libra US$29 miliardis, in historia rerum exterarum fundatorum maximam scalam creans.
 Secundum relationes SK Hynix in Nasdaq receptis (ADRs) in Nasdaq cum fere 44 trillion parta numerabit, maximum semper enumerationem pecuniae peregrinae-fundatae in US mercatus est provocans. Post NASDAQ inscripti, SK hynix mercari possunt in US mercatu ordinario et includi...",China,TIB,Asia,usgs
20a75405f2b7ed543660abde48babd61,2026-07-07T02:12:36Z,Thunderstorm,,www.europapress.es,es,0.7,Bélgica se cita con España entre la 'tormenta' Balogun,"Los de Garcia, con doblete de De Ketelaere, rival de 'La Roja' en cuartos tras golear a un EEUU que alineó al ariete exonerado por FIFA",https://www.europapress.es/deportes/futbol/mundial-00639/noticia-belgica-cita-espana-tormenta-balogun-20260707041236.html,https://img.europapress.es/fotoweb/fotonoticia_20260707041236_1200.jpg,,"MADRID, 7 Jul. (EUROPA PRESS) - 
   Bélgica, con un doblete del discutido Charles de Ketelaere, se enfrentará este viernes (21:00 horas) a España en Los Ángeles en los cuartos de final del Mundial d… [+4398 chars]","Belgium meets Spain amid the Balogun 'storm'. Garcia's men, with a double from De Ketelaere, rival of 'La Roja' in the quarterfinals after beating a USA team that fielded the striker exonerated by FIFA","Belgien trifft im Balogun-„Sturm“ auf Spanien. Garcias Männer, mit einem Doppelpack von De Ketelaere, Rivalen von „La Roja“ im Viertelfinale, nachdem sie ein US-Team besiegten, das den von der FIFA entlasteten Stürmer aufstellte","Belgium Hispaniam inter Balogun 'procellam occurrit'. Viri Garsiae, cum duplici de De Ketelaere, aemulo ""La Roja"" in quarteria, postquam turmas USA verberavit, qui percussorem a FIFA purgavit.",Spain,MED,Europe,wmo
241ce0d0194cfafa979adbf36035b37d,2026-07-07T04:32:47Z,Heat Wave,,consent.yahoo.com,zh,0.3333333333333333,(影) 極端天氣肆虐中國！廣西暴雨水庫潰壩淹村鎮 湖北龍捲風釀8死1失聯,[Newtalk新聞] 中國多地近日遭遇極端天氣侵襲，廣西南寧橫州市因連日暴雨導致多座水庫發生險情，其中六藍水庫壩體嚴重受損，下游多個村鎮遭洪水淹沒；湖北東部則遭強對流天氣襲擊，部分地區更出現罕見龍捲風，截至目前已造成 8 人死亡、1 人失聯，各地正全力投入救援。 廣西南寧橫州市 6 日因持續強降雨，娘山水庫於凌晨發布洩洪通知，影響橫州鎮、蓮城鎮等地；六藍水庫也因壩體受損，大量洪水傾瀉而下，造成下游村鎮淹水。網路流傳影片顯示，洪水迅速湧入聚落，居民倉皇避難，災情引發外界高度關注。 中國央視記者 7 日凌晨實地前往…,https://consent.yahoo.com/v2/collectConsent?sessionId=1_cc-session_07e58fb3-7f8f-4d06-938d-900d81fb32a2,,,"If you click 'Accept all', we and our partners, including 249 who are part of the IAB Transparency &amp; Consent Framework, will also store and/or access information on a device (in other words, use … [+1045 chars]","(Movie) Extreme weather rages in China! Stormwater reservoirs in Guangxi collapsed and flooded villages and towns. Tornadoes in Hubei caused 8 deaths and 1 loss of contact. [Newtalk News] Many places in China have been hit by extreme weather recently. Hengzhou City, Nanning, Guangxi, has caused danger to many reservoirs due to consecutive days of heavy rains. Among them, the Liulan Reservoir dam was seriously damaged, and many villages and towns downstream were flooded. Eastern Hubei was hit by strong convective weather, and rare tornadoes occurred in some areas. So far, 8 people have died and 1 has been missing. All regions are fully committed to rescue. Due to continuous heavy rainfall in Hengzhou City, Nanning, Guangxi, the Niangshan Reservoir issued a flood release notice in the early morning on the 6th, affecting Hengzhou Town, Liancheng Town and other places; Liulan Reservoir also suffered damage to the dam body, and a large amount of floodwater poured down, causing flooding in downstream villages and towns. Videos circulating on the Internet showed that floodwaters quickly poured into the settlement and residents hurriedly took refuge. The disaster attracted great attention from the outside world. China CCTV reporters went to the field in the early morning of the 7th...","(Film) Extremes Wetter wütet in China! Regenwasserreservoirs in Guangxi stürzten ein und überschwemmten Dörfer und Städte. Tornados in Hubei verursachten 8 Todesopfer und 1 Kontaktverlust. [Newtalk News] Viele Orte in China wurden in letzter Zeit von extremen Wetterbedingungen heimgesucht. Die Stadt Hengzhou in Nanning, Guangxi, hat aufgrund aufeinanderfolgender Tage heftiger Regenfälle zu einer Gefahr für viele Stauseen geführt. Unter anderem wurde der Staudamm des Liulan-Stausees schwer beschädigt und viele Dörfer und Städte flussabwärts wurden überflutet. Ost-Hubei wurde von starkem Konvektionswetter heimgesucht und in einigen Gebieten kam es zu seltenen Tornados. Bisher sind 8 Menschen gestorben und 1 wird vermisst. Alle Regionen engagieren sich voll und ganz für die Rettung. Aufgrund anhaltender starker Regenfälle in der Stadt Hengzhou, Nanning, Guangxi, gab der Niangshan-Stausee am frühen Morgen des 6. eine Mitteilung über die Freisetzung von Überschwemmungen heraus, die die Städte Hengzhou, Liancheng und andere Orte betraf; Auch der Dammkörper des Liulan-Stausees wurde beschädigt, und eine große Menge Hochwasser ergoss sich, was zu Überschwemmungen in flussabwärts gelegenen Dörfern und Städten führte. Im Internet verbreitete Videos zeigten, dass das Hochwasser schnell in die Siedlung strömte und die Bewohner eilig Zuflucht suchten. Die Katastrophe erregte große Aufmerksamkeit von außen. Reporter von China CCTV begaben sich am frühen Morgen des 7. vor Ort ...","(Movie) Extrema tempestas in Sinis saevit! Stormwater receptacula in Guangxi collapsa et inundata villas et oppida. Tornadoes in Hubei 8 mortes causaverunt et 1 amissione contactus. [Newtalk News] Multa loca in Sinis nuper extrema tempestate percussa sunt. Hengzhou urbem, Nanning, Guangxi, multis receptaculis periculum adtulit propter dies continuos pluviae. Inter eos, Liulana Dam gravissime laesa est, multae villae et oppida amni inundata sunt. Hubei orientalis validis tempestatibus convectivae ictus est, et in nonnullis locis rarae tornationes factae sunt. Hactenus 8 homines mortui sunt et 1 has been missing. Omnes regiones plenissime liberandae sunt. Ob continuam pluviam in Hengzhou urbem, Nanning, Guangxi, in Niangshan CONCEPTUS edidit diluvium remissionis notitiam in primo mane VI, afficiens Hengzhou Oppidum, Liancheng Oppidum et alia loca; Liulan Alveus etiam corpus matri damnum intulit, et magna vis aquae diluvii inundavit, inundationem in amni vicis et oppidis causando. Videos in Interreti circumvagantes ostendit cito diluvias in compositione infundi et incolas raptim confugisse. Clades magnas attentionem ab exterioribus attraxit. Sinis CCTV notarii ad campum primo mane diei VII...",China,EAS,Asia,wmo
bb79e4cdc62bdaa701889fcff1aef3d0,2026-07-07T05:55:00Z,Snow&Ice,,www.elconfidencial.com,es,0.3,"Continuará más días la ola de calor con hasta 44 ºC, pero la Aemet avisa: llegan tormentas y rachas muy fuertes de viento a estas zonas",Hasta 16 comunidades autónomas estarán este martes bajo aviso meteorológico por temperaturas extremas o por fenómenos tormentosos,https://www.elconfidencial.com/espana/2026-07-07/1qrt-continuara-dias-ola-calor-44-grados-aemet-avisa-tormentas-viento_4384530/,"https://images.ecestaticos.com/Q8SC4rAXGt-0wbbTxoKb_xPJNLQ=/0x0:1300x682/600x315/filters:fill(white):format(jpg):quality(99):watermark(f.elconfidencial.com/file/65c/43d/0ca/65c43d0ca5dbd5ff8f19b44167343db9.png,0,275,1)/f.elconfidencial.com/original/ade/f7a/628/adef7a628537bc50dbbc3de897fe200c.jpg",http://web.archive.org/web/20260707205848/https://www.elconfidencial.com/espana/2026-07-07/1qrt-continuara-dias-ola-calor-44-grados-aemet-avisa-tormentas-viento_4384530/,La segunda ola de calor del verano sigue sin dar tregua y volverá a dejar este martes temperaturas extremas en buena parte de España. La Agencia Estatal de Meteorología (Aemet) mantiene activados avi… [+5059 chars],"The heat wave will continue for more days with up to 44 ºC, but the Aemet warns: storms and very strong gusts of wind are arriving in these areas. Up to 16 autonomous communities will be under a weather warning this Tuesday due to extreme temperatures or stormy phenomena.","Die Hitzewelle wird noch weitere Tage mit bis zu 44 °C anhalten, doch das Aemet warnt: In diesen Gebieten drohen Stürme und sehr starke Windböen. Bis zu 16 autonome Gemeinschaften unterliegen an diesem Dienstag aufgrund extremer Temperaturen oder Unwetterphänomenen einer Wetterwarnung.","Aestus unda per plures dies perseverabit usque ad 44 ºC, sed Aemet monet: tempestates et procellae fortissimae ventorum in his locis adveniunt. Usque ad 16 communitates autonomae sub tempestate hac die Martis moniti erunt propter extremas temperaturas vel phaenomena tempestiva.",Argentina,SES,South-America,wmo
a7431e19ecf04d3bd1059e5164de4397,2026-07-07T06:22:21Z,Heat Wave,,www.protothema.gr,el,0.8,"«Βράζει» η δυτική Ευρώπη, έρχονται 39άρια και στην Ελλάδα, η πρόγνωση Τσατραφύλλια στο protothema","Η δυτική Ευρώπη «ψήνεται» από νέο κύμα ακραίας ζέστης, ενώ στην Ελλάδα η θερμοκρασία θα ανέβει σταδιακά έως τους 38-39°C, χωρίς όμως συνθήκες καύσωνα λόγω των ισχυρών βοριάδων | Καιρός | Γιώργος Τσατραφύλλιας | Καύσωνας | Ελλάδα",https://www.protothema.gr/greece/article/1846673/vrazei-i-dutiki-europi-erhodai-39aria-kai-stin-ellada-i-prognosi-tsatrafullia-sto-protothema/,https://www.protothema.gr/images/640x360share/jpg/files/2026-07-07/kairos-mak.jpg,,"To view this video please enable JavaScript, and consider upgrading to a
 web browser that supports HTML5 video","Western Europe is ""boiling"", 39s are coming to Greece as well, the forecast Tsatraphyllia in the protothema. Western Europe is being ""baked"" by a new wave of extreme heat, while in Greece the temperature will gradually rise to 38-39°C, but without heat conditions due to strong north winds | Weather | Giorgos Tsatrafillias | Heat | Greece","Westeuropa „kocht“, 39er kommen auch nach Griechenland, die prognostizierte Tsatraphyllia im Protothema. Westeuropa wird von einer neuen Welle extremer Hitze „gebacken“, während in Griechenland die Temperatur allmählich auf 38-39°C ansteigen wird, allerdings ohne Hitzebedingungen aufgrund starker Nordwinde | Wetter | Giorgos Tsatrafillias | Hitze | Griechenland","Europa occidentalis ""ardor"" est, 39s etiam in Graeciam veniunt, praesagio Tsatraphyllia in protothemate. Europa occidentali ""coquitur"" nova unda caloris maximi, cum in Graecia temperatura paulatim ad 38-39°C ascendet, sed sine calore conditionibus vehementibus ventis aquilonibus | Tempestas | Giorgos Tsatrafillias | Calor | Graecia",Greece,MED,Europe,wmo
707d36a5e317c59771ed1f40ea2268b5,2026-07-07T06:35:18Z,Heat Wave,,observador.pt,pt,0.9,Cerca de cem concelhos em perigo máximo de incêndio,"Avisos de perigo de incêndio são explicados com ""a manutenção da onda de calor"", possíveis trovoadas e rajadas de vento acima dos 40 quilómetros por hora. Governo sugere medidas preventivas.",https://observador.pt/2026/07/07/cerca-de-uma-centena-de-concelhos-em-perigo-maximo-de-incendio/,https://wm.observador.pt/wm/l/https%3A%2F%2Fbordalo.observador.pt%2Fv2%2Frs%3Afill%3A770%3A403%2Fc%3A2000%3A1122%3Anowe%3A0%3A122%2Fq%3A70%2Ff%3Awebp%2Fplain%2Fhttps%3A%2F%2Fs3.observador.pt%2Fwp-content%2Fuploads%2F2025%2F09%2F19223728%2F45691987.jpg?layer=obstop:T,,"Cerca de uma centena de concelhos do interior norte e centro estão esta terça-feira em perigo máximo de incêndio, bem como 13 concelhos dos distritos de Évora, Beja e Faro, à semelhança de segunda-fe… [+3093 chars]","Around one hundred municipalities are at maximum fire danger. Fire danger warnings are explained with ""the maintenance of the heat wave"", possible thunderstorms and wind gusts above 40 kilometers per hour. Government suggests preventive measures.","Rund einhundert Gemeinden sind von maximaler Brandgefahr betroffen. Brandgefahrwarnungen werden mit „der Aufrechterhaltung der Hitzewelle“, möglichen Gewittern und Windböen über 40 Stundenkilometern erklärt. Die Regierung schlägt vorbeugende Maßnahmen vor.","Circum centum municipia sunt ad maximum incendium periculum. Monitiones periculi ignis explicantur cum ""tuendo fluctus aestus"", procellarum possibilium et procellarum venti supra 40 chiliometrorum per horae. Imperium consilium praecaventiae suggerit.",,,,random
571383a8cb8c5400c8d1944d60e87e14,2026-07-07T06:41:45Z,Tropical Cyclone,,tw.news.yahoo.com,zh,0.2,中國甘肅省山崩33人被埋 目前仍有16人受困,中國官方通報，甘肅省今天（7/7）發生山崩，目前仍有16人受困。 央視新聞、新華社報導，甘肅省隴南市宕昌縣一處林區今天發生山崩，事發之初共有33人被掩埋，已「成功救出」17人。換言之，尚有16人受困。 路透社指出，事發地點的山谷陡峭、河流交錯，向來容易發生自然災害，包括暴洪與山崩，雨季期間尤其嚴重。 地方政府網站資料顯示，近年當地已多次在強降雨後發生山崩。2020年8月，一場土石流造成至少5人罹難、逾7萬2千人失去家園，造成82億元人民幣（約387億元台幣）損失。 根據官方統計，2010年，鄰近的舟曲縣曾因強降雨…,https://tw.news.yahoo.com/%E4%B8%AD%E5%9C%8B%E7%94%98%E8%82%85%E7%9C%81%E5%B1%B1%E5%B4%A933%E4%BA%BA%E8%A2%AB%E5%9F%8B-%E7%9B%AE%E5%89%8D%E4%BB%8D%E6%9C%8916%E4%BA%BA%E5%8F%97%E5%9B%B0-064145319.html,https://s.yimg.com/os/zh-tw/taisounds_com_380/2d2de4c8387507c7e0d49d90413bf259,,[NOWNEWS]20222451914436...,"33 people were buried in a landslide in Gansu Province, China, and 16 people are still trapped. Chinese officials reported that a landslide occurred in Gansu Province today (7/7) and 16 people are still trapped. CCTV News and Xinhua News Agency reported that a landslide occurred in a forest area in Dangchang County, Longnan City, Gansu Province today. A total of 33 people were buried at the beginning of the incident, and 17 people have been ""successfully rescued."" In other words, 16 people are still trapped. Reuters pointed out that the site of the incident has steep valleys and intertwined rivers, which have always been prone to natural disasters, including flash floods and landslides, especially during the rainy season. Information on the local government website shows that landslides have occurred several times in the area after heavy rainfall in recent years. In August 2020, a landslide killed at least 5 people and caused more than 72,000 people to lose their homes, causing losses of 8.2 billion yuan (approximately NT$38.7 billion). According to official statistics, in 2010, neighboring Zhouqu County suffered heavy rainfall...","Bei einem Erdrutsch in der chinesischen Provinz Gansu wurden 33 Menschen begraben, 16 Menschen sind noch immer eingeschlossen. Chinesische Beamte berichteten, dass es heute (07.07.) in der Provinz Gansu zu einem Erdrutsch kam und immer noch 16 Menschen eingeschlossen seien. CCTV News und die Nachrichtenagentur Xinhua berichteten, dass es heute in einem Waldgebiet im Kreis Dangchang, Stadt Longnan, Provinz Gansu, zu einem Erdrutsch kam. Insgesamt wurden zu Beginn des Vorfalls 33 Menschen verschüttet, 17 Menschen konnten „erfolgreich gerettet“ werden. Mit anderen Worten, 16 Menschen sind immer noch gefangen. Reuters wies darauf hin, dass es am Ort des Vorfalls steile Täler und miteinander verflochtene Flüsse gebe, die schon immer anfällig für Naturkatastrophen wie Sturzfluten und Erdrutsche gewesen seien, insbesondere während der Regenzeit. Informationen auf der Website der örtlichen Regierung zeigen, dass es in der Gegend in den letzten Jahren nach heftigen Regenfällen mehrmals zu Erdrutschen gekommen ist. Im August 2020 kamen bei einem Erdrutsch mindestens fünf Menschen ums Leben und mehr als 72.000 Menschen verloren ihr Zuhause, was zu Schäden in Höhe von 8,2 Milliarden Yuan (ca. 38,7 Milliarden NT$) führte. Offiziellen Statistiken zufolge kam es im benachbarten Kreis Zhouqu im Jahr 2010 zu heftigen Regenfällen...","33 homines in LAPSA in Gansu Provincia, Sinis, et XVI homines capti sunt. Magistratus Sinenses nuntiaverunt labentem in Gansu Provincia hodie accidisse (7/7) et adhuc capti esse 16 homines. CCTV Nuntii et Xinhua News Agency nuntiaverunt LAPSUS in saltu regio in Comitatu Dangchang, urbe Longnan, Provincia Gansu hodie. Summa 33 hominum in principio incidentis sepulti sunt, et 17 homines ""feliciter erepti sunt."" Id est, adhuc capti sunt XVI. Reuters ostendit situm incidenti vallium praeruptas et intertextas fluvios, qui semper ad calamitates naturales proclives sunt, inclusa diluvia et prolapsa, praesertim tempore pluvioso. Informationes in loci regiminis website ostendit prolapsos aliquoties in provincia contigisse post graves pluvias in annis proximis. Mense Augusto 2020, lapsu ruinae saltem quinque hominum et plus quam 72,000 hominum domos suas amittere fecit, damna 8.2 sescenti Yuan (proxime NT$38,7 sescenti). Secundum statisticam officialem, in 2010, Zhouqu Comitatus proximos pluvias graves passus est...",China,EAS,Asia,wmo
ddca5381f3d6f6a359db65572d186a6e,2026-07-07T07:09:50Z,Storm,,www.youtube.com,ru,0.3,Ходорковский LIVE: ⚡️НОВОСТИ | УДАР ПО ГАЗОПРОВОДУ. МОЩНЫЙ ПОЖАР | У ГУБЕРНАТОРА ЗАКОНЧИЛСЯ БЕНЗИН | QR-КОДЫ НА АЗС (2026-07-07),"Главные новости к утру вторника, 7 июля. Крупный пожар в Белгороде. Три человека погибли, 28 ранены в результате российских атак по Запорожской области. Новые ограничения на бензин ввели еще в одном регионе России — это Новосибирская область. А в Нижегородско…",https://www.youtube.com/supported_browsers?next_url=https://www.youtube.com/watch%3Fv%3D5ofAGhTNqj4,,,Your browser isnt supported anymore. Update it to get the best YouTube experience and our latest features. Learn more,"Khodorkovsky LIVE: ⚡️NEWS | IMPACT ON THE GAS PIPELINE. POWERFUL FIRE | THE GOVERNOR IS OUT OF GASOLINE | QR CODES AT GAS STATIONS (2026-07-07). Breaking news for Tuesday morning, July 7th. Major fire in Belgorod. Three people were killed and 28 injured as a result of Russian attacks in the Zaporozhye region. New restrictions on gasoline were introduced in another region of Russia - the Novosibirsk region. And in Nizhny Novgorod...","Chodorkowski LIVE: ⚡️NEWS | AUSWIRKUNGEN AUF DIE GASLEITUNG. STARKES FEUER | Der Gouverneur hat kein Benzin mehr | QR-CODES AN TANKSTELLEN (07.07.2026). Aktuelle Nachrichten für Dienstagmorgen, 7. Juli. Großbrand in Belgorod. Bei russischen Angriffen in der Region Saporoschje wurden drei Menschen getötet und 28 verletzt. In einer anderen Region Russlands – der Region Nowosibirsk – wurden neue Beschränkungen für Benzin eingeführt. Und in Nischni Nowgorod...","Khodorkovsky LIVE: ⚡️NEWS | CONLISUS DE PIPELINE Gas. IGNIS | DOMINUS EX GASOLINE | QR CODES AT GAS STATIONS (2026-07-07). Nuntium praevaricationis ad Martis mane, die 7 mensis Iulii. Major ignis in Belgorod. Tres homines caesi sunt et XXVIII laesi propter impetus Russiae in regione Zaporozhye. Novae restrictiones gasolineae in alia regione Russiae - Novosibirsicae regionis introductae sunt. Et in Nizhny Novgorod...",Russia,ESB,Europe,wmo
22bac2c57cf4b2b0016e2b1ef664b448,2026-07-07T07:13:04Z,Earthquake,,pc.watch.impress.co.jp,ja,0.9,震度6強に耐える貼るだけ地震対策、サンワサプライの耐震固定ブロック/ベルト,"サンワサプライは7月7日、貼るだけで設置できる震度6強対応の地震対策アイテムとして、機器の転倒・落下を防ぐ耐震固定ブロック「QL-E104(小サイズ)」「QL-E105(大サイズ)」と、耐震固定ベルト「QL-E106」を発売した。直販価格はQL-E104が2,480円、QL-E105が2,680円、QL-E106が3,080円。",https://pc.watch.impress.co.jp/docs/news/2123099.html,https://pc.watch.impress.co.jp/img/pcw/list/2123/099/001.jpg,,"776QL-E104()QL-E105()QL-E106QL-E1042,480QL-E1052,680QL-E1063,080 
 QL-E104QL-E105QL-E106 
 36","Sanwa Supply's seismic fixing blocks/belts are earthquake countermeasures that can withstand seismic intensity 6 or higher.On July 7, Sanwa Supply released earthquake resistant fixing blocks ``QL-E104 (small size)'' and ``QL-E105 (large size)'' and earthquake resistant fixing belt ``QL-E106'' to prevent equipment from tipping over or falling, as earthquake countermeasure items that can be installed by simply pasting and can withstand seismic intensity 6 or higher. Direct sales prices are 2,480 yen for QL-E104, 2,680 yen for QL-E105, and 3,080 yen for QL-E106.","Die seismischen Befestigungsblöcke/-gurte von Sanwa Supply sind Erdbeben-Gegenmaßnahmen, die einer seismischen Intensität von 6 oder höher standhalten können. Am 7. Juli hat Sanwa Supply die erdbebensicheren Befestigungsblöcke „QL-E104 (kleine Größe)“ und „QL-E105 (große Größe)“ sowie den erdbebensicheren Befestigungsgurt „QL-E106“ auf den Markt gebracht, um zu verhindern, dass Ausrüstung umkippt oder herunterfällt einer seismischen Intensität von 6 oder höher standhalten. Direct sales prices are 2,480 yen for QL-E104, 2,680 yen for QL-E105, and 3,080 yen for QL-E106.","Sanwa Supple seismicarum fixionum caudices / cingula terrae motus countermeasures qui seismicam intensionem sustinere possunt 6 vel superiore. Die 7 Iulii Sanwa Supple dimissus terrae motus resistens caudices fixi `QL-E104', ac `QL-E105 (magnitudo magna)' et terrae motus resistens cingulum figens `QL-E106' ad praecavendam vel obsistentiam instrumentorum terrae motus resistens fixi `QL-E104' et `QL-E105 (magnae magnitudinis)' et terrae motus resistens cingulum figens `QL-E106' ad praecavendam instrumenti terrae motus resistens fixi `QL-E106' pasting et seismic intensio 6 seu superiori sustinere potest. Sales pretia directa sunt 2,480 yen pro QL-E104, 2,680 yen pro QL-E105, et 3,080 yen pro QL-E106.",,,,random
92cf010de8475eb5d5c9d16ad4e8cbe3,2026-07-07T07:21:03Z,Heat Wave,,observador.pt,pt,0.9,Sete distritos do continente sob aviso laranja por calor,"O aviso laranja estende-se a Bragança, Évora, Guarda, Faro, Beja, Castelo Branco e Portalegre devido às elevadas temperaturas, anunciou o IPMA.",https://observador.pt/2026/07/07/sete-distritos-do-continente-sob-aviso-laranja-devido-ao-tempo-quente/,https://wm.observador.pt/wm/l/https%3A%2F%2Fbordalo.observador.pt%2Fv2%2Frs%3Afill%3A770%3A403%2Fc%3A2000%3A1124%3Anowe%3A0%3A104%2Fq%3A70%2Ff%3Awebp%2Fplain%2Fhttps%3A%2F%2Fs3.observador.pt%2Fwp-content%2Fuploads%2F2026%2F07%2F01172448%2F47387035.jpg?layer=obstop:T,,"Os distritos de Bragança, Évora, Guarda, Faro, Beja, Castelo Branco e Portalegre estão esta terça-feira sob aviso laranja por causa do tempo quente, segundo o Instituto Português do Mar e da Atmosfer… [+2023 chars]","Seven mainland districts under orange heat warning. The orange warning extends to Bragança, Évora, Guarda, Faro, Beja, Castelo Branco and Portalegre due to the high temperatures, announced the IPMA.","Sieben Bezirke auf dem Festland unterliegen der orangefarbenen Hitzewarnung. Die orangefarbene Warnung erstreckt sich aufgrund der hohen Temperaturen auf Bragança, Évora, Guarda, Faro, Beja, Castelo Branco und Portalegre, teilte die IPMA mit.","Septem continentes regiones sub calore aurantiorum monentes. Monitio aurantiaca ad Bragança, Evora, Guarda, Faro, Beja, Castelo Branco et Portalegre propter aestus aestus extendit, IPMA denuntiavit.",,,,random
f632e78712cbf543c59cde6eef624461,2026-07-07T07:28:34Z,Flood,,lenouveauparadigme.fr,fr,0.3,Pesticides : Paris et Bruxelles sacrifient la santé sur l'autel des marchés,"Au Sénat et en Europe, la dérégulation des pesticides relance le spectre du chlordécone et renforce l’agrobusiness au détriment de la santé.",https://lenouveauparadigme.fr/pesticides-paris-et-bruxelles-sacrifient-la-sante-sur-lautel-des-marches/,https://lenouveauparadigme.fr/wp-content/uploads/2026/07/bananeraie.jpg,,"La dérégulation des substances chimiques s’accélère sous couvert de simplification, au mépris des alertes syndicales et des leçons tragiques de l’histoire sanitaire.
Au cur de cet été 2026, une offe… [+9540 chars]","Pesticides: Paris and Brussels sacrifice health on the altar of markets. In the Senate and in Europe, the deregulation of pesticides revives the specter of chlordecone and strengthens agribusiness to the detriment of health.",Pestizide: Paris und Brüssel opfern ihre Gesundheit auf dem Altar der Märkte. Im Senat und in Europa lässt die Deregulierung von Pestiziden das Gespenst Chlordecon wieder aufleben und stärkt die Agrarindustrie zu Lasten der Gesundheit.,Pesticides: Paris et Bruxellis salutem in ara mercatus immolant. In Senatu et in Europa largus pesticidum laruam chlordeconis recreat et agriculturam in detrimentum sanitatis confirmat.,France,WCE,Europe,wmo
50eba6d3e8dd3edaa0bdeee6a5dfb1ba,2026-07-07T07:33:50Z,Heat Wave,,www.aa.com.tr,tr,0.9,Fransa ve Belçika sıcak hava dalgasının etkisine girdi,"Yeni sıcak hava dalgasının etkisi altına giren Fransa'da 61 vilayette ""turuncu"" alarm verilirken, Belçika'da ise yılın ikinci sıcak hava dalgası nedeniyle pazar gününe kadar ""sarı"" alarm verildi.",https://www.aa.com.tr/tr/dunya/fransa-ve-belcika-sicak-hava-dalgasinin-etkisine-girdi/3988192,https://web-cdnprod.aa.com.tr/uploads/Contents/2026/07/07/thumbs_b_c_d4fc3e88ef16a42fed86c15b380b7fc5.jpg,,"Fransz meteoroloji ajans Meteo-France, yaklak bir hafta boyunca etkili olacak scaklklara kar uyarrken, termometrelerin büyük oranda 35-38 dereceyi göstereceini, ülkenin güneybatsnda ise 38-41 derece … [+2607 chars]","France and Belgium were affected by the heat wave. While an ""orange"" alert was given in 61 provinces in France, which was under the influence of the new heat wave, a ""yellow"" alert was given in Belgium until Sunday due to the second heat wave of the year.","Frankreich und Belgien waren von der Hitzewelle betroffen. Während in Frankreich, das unter dem Einfluss der neuen Hitzewelle stand, in 61 Provinzen eine „orange“ Warnung galt, galt in Belgien aufgrund der zweiten Hitzewelle des Jahres bis Sonntag eine „gelbe“ Warnung.","Gallia et Belgium aestu fluctu affecti sunt. Dum ""aurantiacus"" in 61 provinciis in Gallia intentum est, quae sub impressione novi fluctus aestus erat, ""flavus"" in Belgio vigilavit usque ad diem dominicum propter secundam aestum anni fluctum.",France,WCE,Europe,wmo
6097db889c51211cd170c57eb03ff3f8,2026-07-07T08:43:00Z,Landslide,,consent.yahoo.com,zh,0.25,強颱巴威週五撞台灣！超肥暴風圈「籠罩3地」 氣象署曝登陸機率,強颱巴威持續逼近，中央氣象署預估，將在週四（9日）發布颱風警報，並提醒週五晚間及週六白天是颱風最接近的時候，中部以北、宜蘭、花蓮都在暴風圈裡，全台將出現明顯降雨，中部以北山區可能有豪雨等級以上降雨。但以目前預估路徑來看，登陸台灣機率偏低。,https://consent.yahoo.com/v2/collectConsent?sessionId=1_cc-session_fe8a97ff-dc70-4809-b199-3f8a98a3cd46,,,"If you click 'Accept all', we and our partners, including 249 who are part of the IAB Transparency &amp; Consent Framework, will also store and/or access information on a device (in other words, use … [+1045 chars]","Strong Taiwan Bahrain hits Taiwan on Friday! A super-fat storm circle ""covers 3 places"" and the Meteorological Administration revealed the probability of landing. Strong Typhoon Bavi continues to approach. The Central Meteorological Administration predicts that it will issue a typhoon warning on Thursday (9th) and reminds that Friday night and Saturday daytime are the times when the typhoon is closest. The north of central China, Yilan, and Hualien are all in the storm circle. There will be significant rainfall across Taiwan, and the mountainous areas north of central China may have rainfall above heavy rain level. However, based on the current estimated path, the probability of landing in Taiwan is low.","Das starke Taiwan Bahrain trifft am Freitag auf Taiwan! Ein superdicker Sturmkreis „bedeckt drei Orte“ und die Wetterbehörde gab die Wahrscheinlichkeit einer Landung bekannt. Der starke Taifun Bavi nähert sich weiter. Die Central Meteorological Administration prognostiziert, dass sie am Donnerstag (9.) eine Taifunwarnung herausgeben wird und erinnert daran, dass der Taifun am Freitagabend und Samstag tagsüber am nächsten ist. Der Norden Zentralchinas, Yilan und Hualien liegen alle im Sturmkreis. In ganz Taiwan wird es erhebliche Niederschläge geben, und in den Berggebieten nördlich von Zentralchina kann es zu Niederschlägen über der Starkregengrenze kommen. Allerdings ist die Wahrscheinlichkeit einer Landung in Taiwan auf der Grundlage der derzeit geschätzten Flugbahn gering.","Fortis Taiwan Bahrain Veneris die Taiwan pervenit! Tempestas super-pinguis circulus ""opergit 3 locos"" et Meteorologicum Administrationem appulsus probabilitatem patefecit. Fortis Typhonis Bavi accedere pergit. Centralis Administrationis Meteorologicorum praedicit typhonium monitum die Iovis (9th) futurum esse et commemorat noctem Veneris et Saturni interdiu esse tempora cum typhonia proxima est. Septentrionales Sinarum centralium, Yilan et Hualien omnes in circulo tempestatis sunt. Pluviis significantes trans Taiwan erunt, et regiones montuosas Sinarum centralium septentrionem pluviam supra campum gravem pluviam habere possunt. Tamen secundum hodiernam viam aestimatur, probabilitas in Taiwan portum humilem esse.",China,EAS,Asia,wmo
cfff46dfa09a20600d29f5ed55f27b73,2026-07-07T09:18:18Z,Heat Wave,,www.ansa.it,it,0.7,In arrivo la la terza ondata di caldo africano del 2026,"E' in arrivo sull'Italia la terza ondata di caldo africano del 2026. Da mercoledì sono, infatti, attesi fino 39°C in Val Padana. E' quanto annuncia Lorenzo Tedici, meteorologo responsabile media de iLMeteo.it. (ANSA)",https://www.ansa.it/sito/notizie/cronaca/2026/07/07/in-arrivo-la-la-terza-ondata-di-caldo-africano-del-2026_55d02b41-1b7e-4f87-9e56-b150645afc70.html,https://www.ansa.it/webimages/img_1280x720/2026/7/7/e84d7bbed4ee679586d7155067936137.jpg,,"E' in arrivo sull'Italia la terza
ondata di caldo africano del 2026. Da mercoledì sono, infatti,
attesi fino 39°C in Val Padana. E' quanto annuncia Lorenzo
Tedici, meteorologo responsabile media d… [+1212 chars]","The third African heat wave of 2026 is arriving. The third African heat wave of 2026 is arriving in Italy. From Wednesday, in fact, up to 39°C is expected in the Po Valley. This is what Lorenzo Tedici, meteorologist responsible for media at iLMeteo.it, announces. (HANDLE)","Die dritte afrikanische Hitzewelle des Jahres 2026 steht vor der Tür. Die dritte afrikanische Hitzewelle des Jahres 2026 erreicht Italien. Ab Mittwoch werden in der Poebene tatsächlich bis zu 39°C erwartet. Das verkündet Lorenzo Tedici, für Medien verantwortlicher Meteorologe bei iLMeteo.it. (HANDHABEN)","Tertius Africanus aestus 2026 fluctus advenit. Tertius Africanus aestus anni 2026 in Italiam venit. A Mercurii re vera usque ad 39°C in valle Padi expectatur. Haec Laurentius Tedici, astrologus meteororum instrumentorum apud iLMeteo.it author, denuntiat. (CONTRACTO)",Italy,MED,Europe,wmo
d1927c571f0748f8cee844cf93cda834,2026-07-07T09:41:34Z,Storm,,hindi.moneycontrol.com,hi,0.3,"Commodity Roundup: तिलहन की बुआई में गिरावट, जुलाई-अगस्त में महंगा होगा खाने का तेल?",Commodity Roundup: खरीफ सीजन में तिलहन की बुआई में गिरावट आई। कमजोर और देरी से आए मानसून के कारण तिलहन का कुल रकबा पिछले साल के 109.27 लाख हेक्टेयर से तेजी से गिरकर 66.31 लाख हेक्टेयर पर आ गया है। इसमें भी सबसे ज्यादा असर सोयाबीन और मूंगफली की खेती पर पड़ा है…,https://hindi.moneycontrol.com/news/commodity/commodity-roundup-decline-in-oilseed-sowing-will-edible-oil-become-expensive-in-july-august-2417662.html,https://images.moneycontrol.com/static-hindinews/2021/12/Khaanekatel.jpg,,"Commodity Roundup: 109.27 66.31 5 17% 11 
- , 
 5 47.80 , 79.20 5 128.71 
, , 
 5 16.93 , 28.00 5 46.70 
 , 2 20 
 3-4 2 2 
 2 
(: .","Commodity Roundup: Decline in sowing of oilseeds, will edible oil become expensive in July-August? Commodity Roundup: Sowing of oilseeds declined in Kharif season. Due to weak and late monsoon, the total area under oilseeds has fallen sharply to 66.31 lakh hectares from last year's 109.27 lakh hectares. In this too, soybean and groundnut cultivation has been most affected…","Rohstoffübersicht: Rückgang bei der Aussaat von Ölsaaten. Wird Speiseöl im Juli und August teurer? Rohstoffübersicht: Die Aussaat von Ölsaaten ging in der Kharif-Saison zurück. Aufgrund des schwachen und späten Monsuns ist die Gesamtfläche für Ölsaaten stark von 109,27 Lakh Hektar im Vorjahr auf 66,31 Lakh Hektar gesunken. Auch hiervon ist der Soja- und Erdnussanbau am stärksten betroffen …","Merces Rotundus: Ne declines in satione oilseedum, edibile oleum sumptuosus fiet mense Iulio-Augusto? Merces Rotundus: Semen oilseedum declinavit in tempore Kharif. Ob infirmam et tarde ETESIA, tota area sub oleis seminibus acriter incidit ut 66,31 hectares lakh ab anno praeterito 109,27 hectares lakh. In hac quoque cultura soybeana et groundnut maxime affecta est…",,,,random
9e7fb8becb4aae4203c1d342f7a9cb44,2026-07-07T10:01:02Z,Earthquake,,consent.yahoo.com,zh,0.25,"""巴威""最快週四海陸警齊發! 氣象署:中部以北嚴防豪雨",生活中心／綜合報導強颱巴威直逼台灣而來，最快周四白天就會發海警、周四晚間發布陸警，周五到周六，距離台灣最近，氣象署預估，強颱巴威，登陸的機率偏低，但中部以北、宜蘭花蓮，都會被暴風圈籠罩，除了嚴防豪大雨，台中以北山區，降雨最劇烈，可能出現豪雨以上降雨。,https://consent.yahoo.com/v2/collectConsent?sessionId=1_cc-session_1bf0554a-23f5-4403-9651-a059500a2525,,,"If you click 'Accept all', we and our partners, including 249 who are part of the IAB Transparency &amp; Consent Framework, will also store and/or access information on a device (in other words, use … [+1045 chars]","""Bawi"" will send sea and land police as soon as Thursday! Meteorological Administration: Beware of heavy rain in the north of central China. Life Center/Comprehensive Report: Strong Typhoon Bahrain is approaching Taiwan. The Coast Guard will be issued as early as Thursday during the day and the Land Warning will be issued on Thursday night. From Friday to Saturday, it is closest to Taiwan. The Meteorological Administration predicts that the probability of strong Typhoon Bahrain making landfall is low. However, the north of central China and Hualien, Yilan will be enveloped by the storm circle. In addition to taking strict precautions against heavy rains, the mountainous areas north of Taichung will experience the most severe rainfall, and there may be heavy rains and above.","„Bawi“ schickt schon am Donnerstag See- und Landpolizei! Wetterbehörde: Vorsicht vor starkem Regen im Norden Zentralchinas. Life Center/Umfassender Bericht: Starker Taifun Bahrain nähert sich Taiwan. Die Küstenwache wird bereits am Donnerstag im Laufe des Tages eine Landwarnung herausgeben, und die Landwarnung wird in der Nacht zum Donnerstag herausgegeben. Von Freitag bis Samstag ist es Taiwan am nächsten. Die Meteorologische Behörde prognostiziert, dass die Wahrscheinlichkeit, dass der starke Taifun Bahrain auf Land trifft, gering ist. Der Norden Zentralchinas und Hualien, Yilan werden jedoch vom Sturmkreis erfasst. Zusätzlich zu den strengen Vorsichtsmaßnahmen gegen starke Regenfälle wird es in den Berggebieten nördlich von Taichung zu den heftigsten Regenfällen kommen, und es kann zu heftigen Regenfällen und mehr kommen.","""Bawi"" mittet vigiles mare et terram simul ac Iovis! Administratio meteorologica: Cave pluviam gravem in Sina centrali septentrionali. Vita Centre/comprehensiva Report: Fortis Typhoon Bahrain appropinquat Taiwan. Cohortis Coast Cohortis primo die Iovis in die edetur, et Terra Monitum in nocte Iovis edetur. A Veneris ad Sabbatum proxima est Taiwan. Administratio Meteorologica praedicat probabilitatem validam Typhoon Bahrain factam esse humilem landum. Sed septentriones Sinarum mediae et Hualien, Yilan circulo tempestatis involuta erunt. Praeter caute cautelam imbribus, locis montanis Taichung septentrionem gravissimas pluvias experietur et pluviae superne possunt esse.",China,ECA,Asia,usgs
27dcdafe982a18ebcd8d2b4339f1d6b2,2026-07-07T10:08:37Z,Storm,,www.nrc.nl,nl,0.3,Het Great Barrier Reef is formeel ‘niet bedreigd’ – maar in de praktijk wel,"Australië: Omdat het grootste koraalrif ter wereld ‘veerkrachtig’ is gebleken, is het door Unesco niet als ‘bedreigd’ beoordeeld. Maar dat is het wel, zeggen wetenschappers, die bovendien een ‘super-El Niño’ aan zien komen. „Het wordt verschrikkelijk, het Gre…",https://www.nrc.nl/nieuws/2026/07/07/het-great-barrier-reef-is-formeel-niet-bedreigd-maar-in-de-praktijk-wel-a4931978,https://images.nrc.nl/d-PP3U6f7rsIn8NHxv-L41FWok0=/1200x627/smart/filters:no_upscale()/s3/static.nrc.nl/wp-content/uploads/2026/07/06103704/060726BUI_2034994922_barrierreef.jpg,http://web.archive.org/web/20260709165302/https://www.nrc.nl/nieuws/2026/07/07/het-great-barrier-reef-is-formeel-niet-bedreigd-maar-in-de-praktijk-wel-a4931978,"Het besluit om het Great Barrier Reef niet op de Unesco-lijst voor bedreigd werelderfgoed te zetten, stuit op onbegrip bij wetenschappers. Vrijdag besloot het VN-orgaan dat het grootste koraalrif ter… [+4989 chars]","The Great Barrier Reef is formally 'not threatened' - but in practice it is. Australia: Because the world's largest coral reef has proven to be 'resilient', it has not been assessed as 'endangered' by UNESCO. But it is, say scientists, who also see a 'super El Niño' coming. “It's going to be terrible, the Gre…","Das Great Barrier Reef ist offiziell „nicht bedroht“ – in der Praxis ist es jedoch so. Australien: Da sich das größte Korallenriff der Welt als „widerstandsfähig“ erwiesen hat, wurde es von der UNESCO nicht als „gefährdet“ eingestuft. Aber es sind, sagen Wissenschaftler, die auch einen „Super-El Niño“ kommen sehen. „Es wird schrecklich sein, die Gre…“","Magnus Obex Reef formaliter 'non comminatur' - sed in usu est. Australia: Quia maximum scopulum corallium mundi esse probatum est 'molleum', non aestimatum est 'periclitari' ab UNESCO. Sed est, dicunt docti, qui etiam ""super El Niño"" vident adventum. “Terribile futurum est, Gre…",Netherlands,NEU,Europe,wmo
7d6b6c0fae6ea0169bdd98cb18149f96,2026-07-07T10:14:09Z,Heat Wave,,www.abc.es,es,0.7,"Mario Picazo, meteorólogo, alerta por las altas temperaturas en España: «El calor intenso va a continuar en buena parte de la Península»","La segunda ola de calor del verano está azotando a España con fuerza. Desde que dio comienzo el pasado domingo, según informó la Agencia Estatal de Meteorología ( Aemet ) las temperaturas han subido notablemente en muchos puntos de España. El aviso especial d…",https://www.abc.es/recreo/mario-picazo-meteorologo-alerta-altas-temperaturas-espana-20260707121409-nt.html,https://s1.abcstatics.com/abc/www/multimedia/recreo/2026/07/07/rrrrrrrrrr-kfTD--1200x630@diario_abc.jpg,,"La segunda ola de calor del verano está azotando a España con fuerza. Desde que dio comienzo el pasado domingo, según informó la Agencia Estatal de Meteorología (Aemet) las temperaturas han subido no… [+2854 chars]","Mario Picazo, meteorologist, warns about the high temperatures in Spain: ""The intense heat is going to continue in much of the Peninsula."" The second heat wave of the summer is hitting Spain hard. Since it began last Sunday, according to the State Meteorological Agency (Aemet), temperatures have risen noticeably in many parts of Spain. The special notice of…","Mario Picazo, Meteorologe, warnt vor den hohen Temperaturen in Spanien: „Die starke Hitze wird in weiten Teilen der Halbinsel anhalten.“ Die zweite Hitzewelle des Sommers trifft Spanien hart. Seit Beginn am vergangenen Sonntag sind nach Angaben der Staatlichen Meteorologischen Agentur (Aemet) die Temperaturen in vielen Teilen Spaniens spürbar angestiegen. Der besondere Hinweis von…","Mario Picazo, meteorologus, monet de calidis in Hispania temperaturis: ""Imo aestus in multo paeninsula permansurus est"". Secunda calor unda aestatis Hispaniam duram feriat. Cum incepit proxima Dominica, secundum Civitatem Meteorologicam Agency (Aemet), temperaturas conspicue in multis Hispaniae partibus coortae sunt. Praecipua noticia de…",Spain,MED,Europe,wmo
952a38b39c148cf0739fe71b979db21c,2026-07-07T10:33:00Z,Heat Wave,,www.yenicaggazetesi.com,tr,0.9,Özgür Özel'den Trump'a sert sözler: Teslimiyeti reddediyorum,"Özgür Özel, bu haftaki grup toplantısını NATO karantinasındaki Ankara2da değil, Eskişehir'de düzenledi. Trump'ın uçağının Türkiye'ye indiği sıralarda sert açıklamalarda bulunan Özel, ""Trump'a teslimiyeti reddediyorum"" dedi.",https://www.yenicaggazetesi.com/ozgur-ozelden-trumpa-sert-sozler-teslimiyeti-reddediyorum-1048764h.htm,https://img.yenicaggazetesi.com/rcman/Cw1280h720q95gc/storage/files/images/2026/07/07/ozgur-ozel-grup-toplantisini-eskisehirde-duzenliyor-sew1.jpg,,"Özgür Özel, partisinin grup toplantısını Eskişehir'de düzenledi. Özel'in açıklamalarından öne çıkanlar şöyle:
Partimizin bu günlere gelmesini sağlayan, bu kadim şehrimizi büyüten ustamız, rektörümüz… [+27218 chars]","Harsh words from Özgür Özel to Trump: I reject surrender. Özgür Özel organized this week's group meeting in Eskişehir, not in Ankara, which is under NATO quarantine. Making harsh statements when Trump's plane landed in Türkiye, Özel said, ""I refuse to surrender to Trump.""","Harte Worte von Özgür Özel an Trump: Ich lehne eine Kapitulation ab. Özgür Özel organisierte das Gruppentreffen diese Woche in Eskişehir, nicht in Ankara, das unter NATO-Quarantäne steht. Als Trumps Flugzeug in der Türkei landete, äußerte sich Özel harsch und sagte: „Ich weigere mich, mich Trump zu ergeben.“","Aspera verba ab Özgür zel ad Trump: Deditionem respuo. Özgür Özel hoc septimana coetus conventus in Eskişehir ordinavit, non in Ancyra, quae sub Nato quarentenam est. Aspera verba facere cum planum Trump in Türkiye appulit, Özel dixit ""Turnam dedere nolo"".",,,,random
cbf74108044639cd4fcb5b865eaeb29d,2026-07-07T11:27:58Z,Precipitation,,hindi.moneycontrol.com,hi,0.9,"Monsoon Update 7 July: मुंबई से दिल्ली-यूपी तक धुंआधार बारिश के बीच मानसून की रफ्तार को लेकर आया नया अपडेट, IMD ने दिया ये अलर्ट",Monsoon Watch: देश के कई हिस्सों में हो रही मूसलाधार बारिश के बीच भारतीय मौसम विज्ञान विभाग (IMD) ने मानसून की रफ्तार को लेकर एक बड़ा और नया अपडेट जारी किया है। मौसम विभाग (IMD) के मुताबिक जून के महीने में सुस्त और असमान रफ्तार से आगे बढ़ने के बाद अब दक्षिण-प…,https://hindi.moneycontrol.com/india/monsoon-update-7-july-imd-heavy-rain-alert-delhi-up-mumbai-weather-forecast-india-article-2417696.html,https://images.moneycontrol.com/static-hindinews/2026/06/Monsoon-2026.jpg,,"Monsoon Watch: (IMD) (IMD) - 7 , , 
IMD 15 1 4 23 1901 , 39.8% 
-NCR , 
 IMD -NCR - -NCR , - 32 37 
 -NCR 15 ( , , , , , , - , - , - , - , ) NCR (, , ) 
 (7 9 )
IMD 7, 8 9 7 , 30-40 ( 50 ) 8 9 … [+82 chars]","Monsoon Update 7 July: New update regarding the speed of monsoon amid heavy rain from Mumbai to Delhi-UP, IMD gave this alert. Monsoon Watch: Amidst the torrential rains in many parts of the country, the Indian Meteorological Department (IMD) has issued a big and new update regarding the speed of monsoon. According to the Meteorological Department (IMD), after moving at a slow and uneven pace in the month of June, now…","Monsun-Update vom 7. Juli: Neues Update zur Geschwindigkeit des Monsuns inmitten starker Regenfälle von Mumbai bis Delhi-UP, IMD gab diese Warnung heraus. Monsun-Überwachung: Inmitten der sintflutartigen Regenfälle in vielen Teilen des Landes hat das Indian Meteorological Department (IMD) ein großes und neues Update zur Geschwindigkeit des Monsuns herausgegeben. Nach Angaben des Meteorological Department (IMD) sind die Wetterbedingungen nach einem langsamen und ungleichmäßigen Tempo im Juni nun …","Monsoon Update 7 Iulii: Nova renovatio de velocitate ETESIAE inter pluvias graves a Mumbai ad Delhi-UP, IMD hoc intentum dedit. Monsoon Vigilia: Inter imbres torrentes in multis partibus regionis, Indicus Meteorologicus Dicasterii (IMD) magnum et novum renovationem de celeritate ETESIAE edidit. Secundum Department Meteorologicum (IMD), lento et inaequabili gradu movens mense Iunio, nunc…",,,,random
be0a2adc3be1be769e9f6b7e42aeec90,2026-07-07T11:49:54Z,Heat Wave,,www.naftemporiki.gr,el,0.8,Ο ΠΟΥ προειδοποιεί για «φονικές εβδομάδες καύσωνα» – Αναμένονται ξανά 40άρια σε Ισπανία και Πορτογαλία,"Ο Παγκόσμιος Οργανισμός Υγείας (ΠΟΥ) προειδοποίησε  ότι η Ευρώπη πιθανόν να βρεθεί αντιμέτωπη με «περισσότερες φονικές εβδομάδες» καύσωνα, με ένα ακόμη έντονο κύμα να σχηματίζεται πάνω από τον Ατλαντικό.
Μέσα…
Ο ΠΟΥ προειδοποιεί για «φονικές εβδομάδες καύσωνα…",https://www.naftemporiki.gr/green/climate/2134402/o-poy-proeidopoiei-gia-fonikes-evdomades-kaysona-anamenontai-xana-40aria-se-ispania-kai-portogalia/,https://www.naftemporiki.gr/wp-content/uploads/2026/06/spain-1.jpg,,"()   « » , .
 43 .
 , , 41 , .
 .
, .
 20 28 , .
 .
 , 3.700 .
 40 .
« : , , ’ », .","WHO warns of 'deadly weeks of heat' - 40s expected again in Spain and Portugal. The World Health Organization (WHO) has warned that Europe could face ""more killer weeks"" of heatwaves, with another intense wave forming over the Atlantic.
Inside…
WHO warns of 'deadly heat weeks...","WHO warnt vor „tödlichen Hitzewochen“ – in Spanien und Portugal werden erneut 40-Grad-Hitzetemperaturen erwartet. Die Weltgesundheitsorganisation (WHO) hat davor gewarnt, dass Europa „weitere mörderische Wochen“ mit Hitzewellen erleben könnten, wobei sich über dem Atlantik eine weitere heftige Welle bilden könnte.
Drinnen…
WHO warnt vor „tödlichen Hitzewochen“","QUI monet de 'hebdomadibus mortiferis caloris' - 40s iterum in Hispania et Portugallia expectata. Mundus Salus Organizatio (WHO) monuit Europam ""hebdomades occisorum"" plus undarum aestuum cum alia vehementi fluctu trans Atlanticum formante posse occurrere.
Intus…
QUI monet de hebdomadibus mortiferis aestus...",,,,random
aef98624e7befb3baf80eab33ce91ef7,2026-07-07T14:00:41Z,Heat Wave,,www.xataka.com,es,0.7,La solución de EEUU para que su red eléctrica aguante la ola de calor: dejar que los centros de datos contaminen sin límite,"El verano de 2026 empezó fuerte con la primera ola de calor extremo. Hemos hablado del calor en España y en toda Europa, pero en Estados Unidos tampoco se han librado de las consecuencias. Con los aires acondicionados funcionando a pleno rendimiento en los ho…",https://www.xataka.com/energia/solucion-eeuu-su-red-electrica-aguante-ola-calor-dejar-que-centros-datos-contaminen-limite,https://i.blogs.es/aed4e5/generador-diesel-centro-datos/840_560.jpeg,,"El verano de 2026 empezó fuerte con la primera ola de calor extremo. Hemos hablado del calor en España y en toda Europa, pero en Estados Unidos tampoco se han librado de las consecuencias. Con los ai… [+3228 chars]","The US solution for its electrical grid to withstand the heat wave: let data centers pollute without limit. The summer of 2026 started strong with the first wave of extreme heat. We have talked about the heat in Spain and throughout Europe, but in the United States they have not been spared from the consequences either. With the air conditioners working at full capacity in the homes…","Die US-Lösung für ihr Stromnetz, um der Hitzewelle standzuhalten: Datenzentren dürfen unbegrenzt verschmutzen. Der Sommer 2026 begann stark mit der ersten Welle extremer Hitze. Wir haben über die Hitze in Spanien und ganz Europa gesprochen, aber auch in den Vereinigten Staaten sind sie nicht von den Folgen verschont geblieben. Da die Klimaanlagen in den Häusern auf Hochtouren laufen …","US solutionis suae eget ultrices electrica ad undam aestus sustinendam: data centra sine termino polluant. Aestas MMXXVI incepit fortis cum primo fluctu nimio aestu. Calore in Hispania et per Europam locuti sumus, sed in Civitatibus Foederatis ex consequentibus vel non servati sunt. Cum aer conditioners ad plenam capacitatem in domibus…",Spain,MED,Europe,wmo
c0d4366d1f9c8b7a5c86ffcbabb22b1e,2026-07-07T14:01:40Z,Landslide,,www.protothema.gr,el,0.9,"Τουλάχιστον τρεις νεκροί και επτά αγνοούμενοι μετά από τρομακτική κατολίσθηση στην Ινδία, δείτε βίντεο",Βίντεο από κάμερα ασφαλείας καταγράφει τη στιγμή που άνθρωποι τρέχουν να σωθούν από τον τεράστιο χείμαρρο λάσπης που κατευθύνεται ορμητικά κατά πάνω τους | Ινδία | Κατολίσθηση | Νεκροί | Αγνοούμενοι | Λάσπη | Κόσμος,https://www.protothema.gr/world/article/1847017/toulahiston-treis-nekroi-kai-epta-agnooumenoi-meta-apo-tromaktiki-katolisthisi-stin-india-deite-video/,https://www.protothema.gr/images/640x360share/jpg/files/2026-07-07/landslide_maketa.jpg,,", . . .JUST IN: Terrifying CCTV footage shows a massive landslide striking a tunnel construction site near Meppady, Wayanad district, Kerala, India.
Three people are reported dead, while six have be… [+166 chars]","At least three dead and seven missing after a terrifying landslide in India, see video. Security camera video captures the moment people run to save themselves from the huge mudflow rushing towards them | India | Landslide | Dead | Missing | Mud | World","Mindestens drei Tote und sieben Vermisste nach einem schrecklichen Erdrutsch in Indien, siehe Video. Das Video einer Überwachungskamera fängt den Moment ein, in dem Menschen rennen, um sich vor der riesigen Schlammlawine zu retten, die auf sie zuströmt | Indien | Erdrutsch | Tot | Fehlt | Schlamm | Welt",Saltem tres mortuos et septem absentes postquam in India terribili lapsu videre video. Securitas camera video captat momento homines currunt ut se salvent ab ingenti mudflow ad eos irruente | India | Landslide | Mortuus | Absentis | Mud | Mundus,,,,random
8343ce2136771a070350fdfb511eefa7,2026-07-07T14:09:59Z,Storm,,arabic.cnn.com,ar,0.9,سحب رجلًا كان بداخل شقته.. إعصار مدمر يضرب مدينة إيتشو في الصين,اجتاح إعصارٌ مدمر، بلغت قوته حدًّا جعله يسحب رجلاً من شقته في الطابق الثاني عشر، مقاطعة هوبي وسط الصين، وفقًا لتقارير وسائل الإعلام الرسمية. وأسفر الإعصار عن مقتل 11 شخصًا على الأقل وإصابة أكثر من 331 آخرين، مخلفًا وراءه دمارًا واسعًا.,https://arabic.cnn.com/miscellaneous/video/2026/07/07/v197644-china-tornado-damage,"https://cnn-arabic-images.cnn.io/cloudinary/image/upload/w_1920,h_1008,c_fill,q_auto,g_center/t_cnnarabic_watermark_logo_v5/cnnarabic/2026/07/07/images/337866.jpg",,,"He pulled a man inside his apartment. A devastating tornado struck the city of Ezhou, China. A devastating tornado, so powerful that it pulled a man from his 12th-floor apartment, has swept through central China's Hubei province, according to state media reports. The hurricane killed at least 11 people and injured more than 331 others, leaving behind widespread destruction.","Er zog einen Mann in seine Wohnung. Ein verheerender Tornado hat die Stadt Ezhou in China heimgesucht. Berichten staatlicher Medien zufolge ist ein verheerender Tornado über die zentralchinesische Provinz Hubei hinweggefegt, so stark, dass er einen Mann aus seiner Wohnung im 12. Stock gerissen hat. Der Hurrikan tötete mindestens 11 Menschen und verletzte mehr als 331 weitere und hinterließ weitreichende Zerstörungen.","Hominem intra cubiculum suum extraxit. Turbo vastans urbem Ezhou, Sinas percussit. Pollucis vastatio, tam potens ut virum e tabulato suo 12th-areae traheret, per mediam provinciam Sinarum Hubei, secundum publica instrumenta, pervasit. Procellae saltem 11 hominum occidit et plus quam 331 alios vulneravit, post magnam stragem relictis.",,,,random
0d04cb41fd6a26a08c0c3444b2368d48,2026-07-07T15:31:27Z,Heat Wave,,anlatilaninotesi.com.tr,tr,0.9,DSÖ'den uyarı: Avrupa aşırı sıcaklara hazır değil,"Dünya Sağlık Örgütü (DSÖ), Avrupa'nın yeni sıcak hava dalgalarına karşı yeterince hazırlıklı olmadığını açıkladı. Kurum, birçok ülkede aşırı sıcaklara yönelik acil eylem planlarının bulunmadığını belirterek yeni 'ölümcül sıcak hava dalgası' uyarısı yaptı.",https://anlatilaninotesi.com.tr/20260707/dsoden-uyari-avrupa-asiri-sicaklara-hazir-degil-1107078781.html,https://cdn.img.anlatilaninotesi.com.tr/images/sharing/article/tur/1107078781.jpg?11067252241783438287,http://web.archive.org/web/20260708025926/https://anlatilaninotesi.com.tr/20260707/dsoden-uyari-avrupa-asiri-sicaklara-hazir-degil-1107078781.html,"Rusya, ABD, Avrupa ve Ortadou bata olmak üzere dünyann dört bir yanndan son dakika haberleri, analizler ve özel dosyalar.
https://anlatilaninotesi.com.tr/20260707/dsoden-uyari-avrupa-asiri-sicaklara… [+4128 chars]","Warning from WHO: Europe is not ready for extreme heat. The World Health Organization (WHO) announced that Europe is not sufficiently prepared for new heat waves. The institution warned of a new 'deadly heat wave', stating that there are no emergency action plans for extreme heat in many countries.","Warnung der WHO: Europa ist nicht auf extreme Hitze vorbereitet. Die Weltgesundheitsorganisation (WHO) gab bekannt, dass Europa nicht ausreichend auf neue Hitzewellen vorbereitet sei. Die Institution warnte vor einer neuen „tödlichen Hitzewelle“ und erklärte, dass es in vielen Ländern keine Notfallpläne für extreme Hitze gebe.","Monitum ab QUI: Europa ad calorem maximum paratus non est. Mundus Salus Organizatio (WHO) pronuntiavit Europam ad novos aestus undas satis paratas non esse. Institutio monuit de novo 'fluctu mortifero aestus', affirmans nulla subitis esse consilia ad calorem extremum in multis regionibus.",,,,random
9931fdf9d203d93e679d3e68fc6c850b,2026-07-07T16:42:20Z,Heat Wave,,www.ansa.it,it,0.7,">>>ANSA/In arrivo terza ondata calore, Oms 'altre settimane letali in Europa'","E' in arrivo in Italia la terza ondata di caldo africano dell'anno: da mercoledì, infatti, secondo iLMeteo.it, sono previsti fino a 39 gradi in Val Padana ed entro il weekend 40 gradi a Oristano e 39 anche in Puglia e Toscana. (ANSA)",https://www.ansa.it/sito/notizie/cronaca/2026/07/07/ansain-arrivo-terza-ondata-calore-oms-altre-settimane-letali-in-europa_0aec3744-81ec-41ec-bbff-867c1dc1d4b5.html,https://www.ansa.it,,"E' in arrivo in Italia la terza
ondata di caldo africano dell'anno: da mercoledì, infatti, 
secondo iLMeteo.it, sono previsti fino a 39 gradi in Val Padana
ed entro il weekend 40 gradi a Oristano … [+3078 chars]",">>>ANSA/Third heat wave coming, WHO 'more lethal weeks in Europe'. The third African heat wave of the year is arriving in Italy: from Wednesday, in fact, according to iLMeteo.it, up to 39 degrees are expected in the Po Valley and by the weekend 40 degrees in Oristano and 39 also in Puglia and Tuscany. (HANDLE)",">>>ANSA/Dritte Hitzewelle kommt, WHO „mehr tödliche Wochen in Europa“. Die dritte afrikanische Hitzewelle des Jahres erreicht Italien: Ab Mittwoch werden laut iLMeteo.it tatsächlich bis zu 39 Grad in der Poebene erwartet, bis zum Wochenende 40 Grad in Oristano und 39 auch in Apulien und der Toskana. (HANDHABEN)",">>>ANSA/Tertii calor undae venientis, QUI 'hebdomades letales in Europa' sunt. Tertius Africanus unda anni aestus in Italiam venit: a Mercurii vero, secundum iLMeteo.it, usque ad 39 gradus expectatur in Padi valle et a volutpat 40 graduum in Oristano et 39 etiam in Apulia et Tuscia. (CONTRACTO)",Italy,MED,Europe,wmo
f1c076f27c7c5e664b66a809fd9def37,2026-07-07T18:18:00Z,Precipitation,,news.livedoor.com,ja,0.3529411764705882,王者アルゼンチン覚醒、後半AT劇的逆転弾でベスト8進出！2失点からの3得点の猛攻、今大会8ゴール目を決めたメッシは涙【北中米W杯】,■FIFAワールドカップ2026決勝トーナメント2回戦アルゼンチン 3－2 エジプト（日本時間8日、アトランタ・スタジアム）【Ｗ杯日程＆結果】波乱続出の決勝トーナメント “4年に1度の祭典” 39日間全104試合の熱戦！3か国目のW杯連覇を狙う前回王者アルゼンチン代表（FIFAランク1位）が初のベスト16進出となったエジプト代表（同27位）と対戦。アルゼンチンが3ー2でエジプトを破りベスト8進出を果たした。前半立ち上がりアルゼンチンがボールを支配する時間が続いたが、エジプトが一全文TBS NEWS DIG 07月…,https://news.livedoor.com/article/detail/31767493/,https://image.news.livedoor.com/newsimage/stf/8/7/8705a_1796_f03eac39_81e1cea1.jpg,,"FIFA20262 32 8
 41 39104
3WFIFA11627328
15MF28DF3319PK26M.
22FW34FW24MF29234MF2813989
22MF253328W9
1219134","Champion Argentina awakens and advances to the top 8 with a dramatic AT turnaround in the second half! Messi tears up as he scores 3 goals after conceding 2 goals, scoring his 8th goal of the tournament [North and Central America World Cup]. ■FIFA World Cup 2026 Final Tournament 2nd Round Argentina 3-2 Egypt (8th Japan time, Atlanta Stadium) [World Cup Schedule & Results] Eventful Final Tournament “A once-in-four-years festival” A total of 104 intense matches over 39 days! Defending champion Argentina (ranked 1st in FIFA), aiming to become the third country to win the World Cup in a row, will play against Egypt (ranked 27th in FIFA), who have advanced to the last 16 for the first time. Argentina defeated Egypt 3-2 to advance to the last eight. At the start of the first half, Argentina continued to dominate the ball, but Egypt continued to dominate TBS NEWS DIG 07...","Champion Argentinien erwacht und rückt mit einem dramatischen AT-Turnaround in der zweiten Halbzeit in die Top 8 vor! Messi bricht in Tränen aus, als er 3 Tore schießt, nachdem er 2 Gegentore kassiert hat, und damit sein 8. Tor des Turniers [Nord- und Mittelamerika-Weltmeisterschaft] erzielt. ■Endrunde der FIFA Fußball-Weltmeisterschaft 2026, 2. Runde Argentinien – Ägypten 3:2 (8. japanische Zeit, Atlanta-Stadion) [Spielplan und Ergebnisse der Weltmeisterschaft] Ereignisreiches Endturnier „Ein Festival, das nur alle vier Jahre stattfindet“ Insgesamt 104 intensive Spiele an 39 Tagen! Der Titelverteidiger Argentinien (Rang 1 der FIFA), der als drittes Land in Folge den Weltmeistertitel erreichen will, spielt gegen Ägypten (Rang 27 der FIFA), das erstmals ins Achtelfinale eingezogen ist. Argentinien besiegte Ägypten mit 3:2 und rückte in die Runde der letzten Acht vor. Zu Beginn der ersten Halbzeit dominierte Argentinien weiterhin den Ball, aber Ägypten dominierte weiterhin TBS NEWS DIG 07...","Champion Argentina expergefacit et progreditur ad summum VIII cum scenico AT in secundo dimidium! Messi discerpit ut pereuntis 3 metas post 2 metas concessos, 8 metam tournament [North and Central America World Cup] scindit. FIFA World Cup 2026 Final Tournament 2nd Rotundus Argentina 3-2 Aegyptus (tempus 8 Iaponiae, Atlanta Stadium) [Mundus Schedule & Proventus] Eventus finalis LUDUS EQUESTER ""SEMPER IN QUATUOR-ANNIS FESTUM"" Summa 104 intensa compositus super 39 dies! Propugnator Argentinae propugnator (1 in FIFA ponendus), cupiens se tertiam regionem fieri ut in ordine Mundi Calicem vincat, contra Aegyptum (in FIFA 27 praefertur), qui ad ultimum XVI primum progressi sunt. Argentina Aegyptum 3-2 vicit ut ad octo ultimos progrediatur. In initio primae partis Argentina pila dominabatur, Aegyptus autem TBS NUNTII DIG dominabatur 07...",Australia,EAU,Oceania,acwe
eb0a6bae11c953a53dda19dfde3a93ea,2026-07-07T18:44:05Z,Drought,,www.courrierinternational.com,fr,0.3,Marine Le Pen annonce maintenir sa candidature à l’élection présidentielle 2027,"Condamnée en appel mardi 7 juillet pour détournements de fonds dans l’affaire des assistants parlementaires du FN, la cheffe de file du Rassemblement national a annoncé se pourvoir en cassation et assuré qu’elle serait candidate au scrutin présidentiel des 18…",https://www.courrierinternational.com/article/vu-de-l-etranger-marine-le-pen-annonce-maintenir-sa-candidature-a-l-election-presidentielle-2027_247371,https://focus.courrierinternational.com/2026/07/07/3/0/5152/3434/1200/630/60/0/1bfe1eb_ftp-1-gojjcajsbmvs-afp-b9jt4zl.jpg,,"Les Français auront le dernier mot, a dit Marine Le Pen mardi 7 juillet au soir, quelques heures après avoir été condamné par la cour dappel de Paris pour détournement de fonds publics et complicité … [+2336 chars]","Marine Le Pen announces that she is maintaining her candidacy for the 2027 presidential election. Convicted on appeal on Tuesday July 7 for embezzlement in the FN parliamentary assistants affair, the leader of the National Rally announced that she would appeal to the Supreme Court and assured that she would be a candidate in the 18-year presidential election...","Marine Le Pen gibt bekannt, dass sie an ihrer Kandidatur für die Präsidentschaftswahl 2027 festhält. Die Vorsitzende der National Rally wurde am Dienstag, dem 7. Juli, im Berufungsverfahren wegen Unterschlagung in der FN-Parlamentsassistenten-Affäre verurteilt. Sie kündigte an, dass sie beim Obersten Gerichtshof Berufung einlegen werde, und versicherte, dass sie bei der 18-jährigen Präsidentschaftswahl kandidieren werde ...","Marine Le Pen denuntiat se petitionem suam pro 2027 electione praesidentiali obtinere. Convictus in appellationem die Martis VII mensis Iulii ob causam avertendam in adiutoribus parlamentariis FN, princeps Congregationis Nationalis nuntiavit se ad Supremam Curiam provocaturum esse, et affirmavit se candidatum fore in electione praesidentiali XVIII annorum.",Reunion,SIO,Africa,edo
aadc4f7d71748b148bbaa4b2d46e0443,2026-07-07T20:08:19Z,Precipitation,,www.mdig.com.br,pt,0.3,Quais caminhos evolutivos levaram a dormideira a fechar as folhas quando tocada?,"Conhecida como não-me-toque, dormideira e maria-fecha-a-porta, entre outros vário nomes populares, a Mimosa pudica é uma planta peculiar, cujas folhas se fecham ao serem tocadas através de um mecanismo conhecido como tigmonastia, que é uma estratégia adaptati…",https://www.mdig.com.br/index.php?itemid=61278,https://imagens.mdig.com.br/ciencia/mimosa_pudica.jpg,,"<table><tr><td></td><td>Conhecida como não-me-toque, dormideira e maria-fecha-a-porta, entre outros vário nomes populares, a Mimosa pudica é uma planta peculiar, cujas folhas se fecham ao serem tocad… [+5159 chars]","What evolutionary paths led the nightshade to close its leaves when touched? Known as não-me-toque, dormideira and maria-fecha-a-porta, among other popular names, Mimosa pudica is a peculiar plant, whose leaves close when touched through a mechanism known as tigmonastia, which is an adaptive strategy…","Welche evolutionären Wege führten dazu, dass der Nachtschatten seine Blätter schloss, wenn er berührt wurde? Mimosa pudica, unter anderen populären Namen bekannt als não-me-toque, dormideira und maria-fecha-a-porta, ist eine besondere Pflanze, deren Blätter sich bei Berührung schließen, und zwar durch einen Mechanismus namens Tigmonastia, einer adaptiven Strategie.","Quae evolutionis semitae solani duxerunt ad tacta folia claudere? Nota ut não-me-toque, dormideira et maria-fecha-a-porta, inter alia vulgaria nomina, Mimosa pudica planta est peculiaris, cuius folia prope tacta per mechanismum tigmonastia notum est, quae est militaris adaptiva….",Australia,EAU,Oceania,acwe
78f700b45b61a6a23b800609454700d6,2026-07-07T20:55:07Z,Drought,,www.lalibre.be,fr,0.3,"Nouvelle tribune, diffusion de la coupe du monde, hymne national, agent IA… Voici les nouveautés pour le Grand Prix de Belgique de F1 2026",Mise à feu pour le GP de Belgique 2026 avec la conférence de presse reprenant toutes les infos utiles. ...,https://www.lalibre.be/sports/moteurs/2026/07/07/nouvelle-tribune-diffusion-de-la-coupe-du-monde-hymne-national-agent-ia-voici-les-nouveautes-pour-le-grand-prix-de-belgique-de-f1-2026-CF7LB2L5O5FZ3D5FZL4MGZ5YFM/,https://www.lalibre.be/resizer/v2/2QQ5MFDGIBA4LCDK5VQ5NHFLK4.jpeg?auth=96d664f4ff96fd9b85ac3b36c7b403db39860d67d89eac4491a41460850b5b56&width=1200&height=630&quality=85&focal=708%2C461,,"guillement
Une audience d'un GP de F1, c'est la même chose qu'un quart de finale de coupe du monde FIFA.
Jean-Paul Bastin
On attendra à nouveau jusqu'à 115.000 personnes par jour sur le site du ci… [+4745 chars]","New grandstand, broadcast of the World Cup, national anthem, AI agent... Here are the new features for the 2026 Belgian F1 Grand Prix. Fire up for the 2026 Belgian GP with the press conference containing all the useful information. ...","Neue Tribüne, Übertragung der Weltmeisterschaft, Nationalhymne, KI-Agent ... Hier sind die neuen Funktionen für den Großen Preis von Belgien 2026. Machen Sie sich bereit für den GP von Belgien 2026 mit der Pressekonferenz mit allen nützlichen Informationen. ...","Novo grando, evulgatio Mundi Calix, solemne nationale, AI agente... Hic sunt novae lineamenta pro 2026 Belgica F1 Praefectus Urbi. Incendium ad 2026 Belgicae GP cum colloquio diurnariis continentur omnia utilia notitia. ...",Cambodia,SEA,Asia,edo
6ec8c43ab0293e12c36febe42b58538f,2026-07-07T23:00:00Z,Cold Wave,,news.livedoor.com,ja,0.4705882352941176,猛者集結、8強出揃う！連覇か、王座奪還か、それともダークホースの躍進か　W杯残り8試合で得点王争いも激化【北中米大会】,FIFAワールドカップ2026の決勝トーナメント（T）2回戦が日本時間8日のスイス（FIFAランク19位）ーコロンビア（同13位）カードで全試合終了し、準々決勝へ進出する8チームが出そろった。W杯も決勝、3位決定戦を合わせ残り8試合。得点王争いも激化し誰の手に“ゴールデンブーツ”が渡るのか注目が集まる。【Ｗ杯日程＆結果】波乱続出の決勝トーナメント “4年に1度の祭典” 39日間全104試合の熱戦！優勝候補のフランス（同3位）は王者奪還を狙いここまで強さを誇示してきた。決勝T準々決全文TBS NEWS DIG 07…,https://news.livedoor.com/article/detail/31768821/,https://image.news.livedoor.com/newsimage/stf/6/9/69aaa_1796_e0da9963_a5b4151c.jpg,,"FIFA2026T28FIFA19138W38
 41 39104
3T727GS7W1942291
W629GS69T18T128
431825352732
391T2238W21195472819120PK
811T
710
710vs
711vs
712vs
712vs
71516
7193
720
1827374654
81","The top 8 heroes gather together! Will it be a consecutive victory, a return to the title, or a dark horse breakthrough? The battle for top scorers intensifies with 8 games remaining in the World Cup [North and Central America Tournament]. The second round of the FIFA World Cup 2026 final tournament (T) concluded on the 8th Japan time between Switzerland (19th in FIFA rankings) and Colombia (13th in FIFA rankings), with eight teams advancing to the quarterfinals. There are still 8 games remaining in the World Cup including the final and third place match. The battle for top scorer is heating up, and all eyes are on who will win the Golden Boot. [World Cup Schedule & Results] Final tournament full of ups and downs “A once-in-four-years festival” A total of 104 intense games over 39 days! France (3rd place), the favorite for the championship, has shown off its strength so far with the aim of regaining the title. Full text of the final T quarterfinals TBS NEWS DIG 07…","Die 8 besten Helden versammeln sich! Wird es ein Sieg in Folge, eine Rückkehr zum Titel oder ein Dark Horse-Durchbruch sein? Der Kampf um die besten Torschützen verschärft sich, da noch acht Spiele bei der Weltmeisterschaft [Nord- und Mittelamerika-Turnier] verbleiben. Die zweite Runde der Endrunde der FIFA Fußball-Weltmeisterschaft 2026 (T) endete zum 8. Mal in Japan zwischen der Schweiz (19. in der FIFA-Rangliste) und Kolumbien (13. in der FIFA-Rangliste), wobei acht Mannschaften das Viertelfinale erreichten. Es sind noch 8 Spiele der Weltmeisterschaft zu spielen, einschließlich des Finales und des Spiels um Platz drei. Der Kampf um den besten Torschützen wird immer hitziger und alle Augen sind darauf gerichtet, wer den Goldenen Schuh gewinnen wird. [Spielplan und Ergebnisse der Weltmeisterschaft] Endrunde voller Höhen und Tiefen „Ein Fest, das nur alle vier Jahre stattfindet“ Insgesamt 104 intensive Spiele an 39 Tagen! Frankreich (Platz 3), der Favorit auf die Meisterschaft, zeigte bisher seine Stärke mit dem Ziel, den Titel zurückzuerobern. Vollständiger Text des letzten T-Viertelfinals TBS NEWS DIG 07…","8 Vires in culmen congregentur! Num victoria consecutiva, titulo reditus, an equus tenebrosus effodiendi? Proelium pro summo rebounders auget cum 8 ludis remanentibus in World Cup [North and Central America Tournament]. Secundum circum FIFA World Cup 2026 torneamentum finale (T) tempore 8 Iaponiae inter Helvetiam (19th in FIFA rankings) et Columbiam (13th in FIFA ordinem rediens) conclusum est cum octo iugis ad quartas progredientes. Supersunt adhuc 8 ludi in Trophaeo Mundi incluso loco ultimo et tertio compositus. Proelium ad summum scorer calefacit sursum, et omnes oculi sunt in qui Booz Aurea vincet. [Mundus Cup Schedule & Proventus] Ultima torneamentum plenum discursibus et pertulerat “A semel in quattuor annis festivitas” Summa 104 intensus ludos super 39 dies! Gallia (3 place), favoris patrocinium, vires suas tantum ostendit titulo recuperandi. Plenus textus finalis T quarterfinals TBS NUNTII DIG 07…",,,,random
e9264c4ed80a6682404686ca503b7751,2026-07-07T23:38:00Z,Fog,,consent.yahoo.com,zh,0.25,巴威侵襲機率飆升！基隆達98% 全台有機會進入暴風圈,強颱巴威持續逼近台灣，週五、週六影響最大，中央氣象署今（8）晨公布暴風侵襲機率，全台10縣市都達到80%以上，基隆市更是來到98%，有氣象粉專評估暴風圈將於週五觸碰台灣，且全台都有機會進入七級暴風圈範圍。 10縣市暴風侵襲機率破80% 基隆最高98% 根據氣象署凌晨2時公布的暴風侵襲機率資料，基隆市達到98%，台北市和宜蘭縣都是97%，新北市96%，桃園市來到94%，另外，新竹縣和連江縣都是89%，新竹市88%，花蓮縣87%，苗栗縣82%，共有10縣市暴風侵襲機率達80%以上。 台中以北山區小心強降雨 氣象署指出…,https://consent.yahoo.com/v2/collectConsent?sessionId=1_cc-session_4d6daa6c-697c-49d4-8024-0b780a5e8671,,,"If you click 'Accept all', we and our partners, including 249 who are part of the IAB Transparency &amp; Consent Framework, will also store and/or access information on a device (in other words, use … [+1045 chars]","The probability of Bawei invasion has soared! Keelung has a 98% chance that the whole of Taiwan will enter the storm circle. Strong Typhoon Bawai continues to approach Taiwan, with the biggest impact on Friday and Saturday. The Central Meteorological Administration announced this morning (8) that the probability of storm attack has reached more than 80% in all 10 counties and cities in Taiwan, and Keelung City has reached 98%. Some meteorological experts estimate that the storm circle will touch Taiwan on Friday, and that all Taiwan has a chance to enter the level 7 storm circle. The probability of storm damage in 10 counties and cities exceeds 80%, and Keelung has a highest probability of 98% According to the storm probability data released by the Meteorological Administration at 2 a.m., Keelung City has a probability of 98%, Taipei City and Yilan County are both 97%, New Taipei City is 96%, and Taoyuan City is 94%. In addition, Hsinchu County and Lianjiang County are both 89%, Hsinchu City is 88%, Hualien County is 87%, and Miaoli County is 82%. A total of 10 counties and cities have a storm probability of more than 80%. Beware of heavy rainfall in the mountainous areas north of Taichung. The Meteorological Administration pointed out...","Die Wahrscheinlichkeit einer Bawei-Invasion ist gestiegen! Keelung hat eine 98-prozentige Chance, dass ganz Taiwan in den Sturmkreis gerät. Der starke Taifun Bawai nähert sich weiterhin Taiwan, mit den größten Auswirkungen am Freitag und Samstag. Die Central Meteorological Administration gab heute Morgen (8) bekannt, dass die Wahrscheinlichkeit eines Sturmangriffs in allen 10 Landkreisen und Städten Taiwans mehr als 80 % und in der Stadt Keelung 98 % erreicht hat. Einige Meteorologen schätzen, dass der Sturmkreis am Freitag Taiwan erreichen wird und dass ganz Taiwan eine Chance hat, in den Sturmkreis der Stufe 7 einzutreten. Die Wahrscheinlichkeit von Sturmschäden in 10 Kreisen und Städten übersteigt 80 %, und Keelung hat die höchste Wahrscheinlichkeit von 98 %. Laut den von der Wetterbehörde um 2 Uhr morgens veröffentlichten Sturmwahrscheinlichkeitsdaten liegt die Wahrscheinlichkeit für Keelung City bei 98 %, Taipei City und Yilan County jeweils bei 97 %, New Taipei City bei 96 % und Taoyuan City bei 94 %. Darüber hinaus liegen die Kreise Hsinchu und Lianjiang jeweils bei 89 %, die Stadt Hsinchu bei 88 %, der Kreis Hualien bei 87 % und der Kreis Miaoli bei 82 %. Insgesamt 10 Kreise und Städte haben eine Sturmwahrscheinlichkeit von über 80 %. Hüten Sie sich vor starken Regenfällen in den Berggebieten nördlich von Taichung. Die Meteorologische Behörde wies darauf hin...","Probabilitas Bawei invasio volavit! Keelung habet 98% casum quod totum Taiwan tempestatem ingredietur. Fortis Typhon Bawai pergit accedere Taiwan, cum maxima die Veneris et Saturni impulsum. Centralis administrationis Meteorologicae hoc mane denuntiavit (8) probabilitatem oppugnationis tempestatis plus quam 80% in omnibus X comitatibus et urbibus in Taiwan pervenisse, et in urbe Keelung 98% pervenisse. Nonnulli periti meteorologici aestimant tempestatem circulum Taiwan Veneris die tactum esse, et omnes Taiwan casum 7 circulo tempestatis ingredi. Probabilitas tempestatis damnum in 10 comitatibus et urbibus 80% excedit, et Keelung summam probabilitatem habet 98% Secundum tempestas probabilis notitia a Meteorologico Administratione dimissa ad 2 a.m., urbs Keelung probabilitatem habet 98%, urbs Taipei et Comitatus Yilan utrumque 97%, Nova Taipei urbs 96% est, et urbs Taoyuan 94% est. Praeterea comitatus Hsinchu et Lianjiang comitatus ambo sunt 89%, Hsinchu urbs 88%, Comitatus Hualien 87% est, et comitatus Miaoli 82% sunt. A summa decem comitatuum et urbium tempestate probabilitas plus quam 80% habent. Cave pluvias graves in locis montanis Taichung septentrionem versus. Administrationis Meteorologicae monstratur...",China,EAS,Asia,wmo
f4ae271a325659c0cd2a53f68f3e4455,2026-07-08T00:00:32Z,Snow&Ice,,web-price.info,ja,0.4285714285714285,"【Summer Sale Offer】Saturn 4 Ultra 16K － 16KモノクロLCD採用3Dプリンタが66,800円 - 安値世界一への挑戦",ELEGOOが展開する中型光造形（MSLA）3Dプリンター「Saturn...,https://web-price.info/blog/summer-sale-offersaturn-4-ultra-16k-16klcd3d66800.php,https://jp.elegoo.com/cdn/shop/files/S4U16K-_01.jpg,,"ELEGOOが展開する中型光造形（MSLA）3Dプリンター「Saturn」シリーズのフラッグシップモデル Saturn 4 Ultra 16K が elegoo.com にてサマーセールで66,800円とお買い得。

送料は3,000円なので、合計69,800円送料込みというところ。

10インチの16KモノクロLCDを搭載し、15,120×6,230ドットという超高解像度により、XY解像度14… [+555 chars]","[Summer Sale Offer] Saturn 4 Ultra 16K - 3D printer with 16K monochrome LCD for 66,800 yen - Challenge to become the lowest price in the world. ELEGOO's medium-sized stereolithography (MSLA) 3D printer ""Saturn...","[Sommerangebot] Saturn 4 Ultra 16K – 3D-Drucker mit 16K-Monochrom-LCD für 66.800 Yen – Herausforderung, der niedrigste Preis der Welt zu werden. ELEGOOs mittelgroßer Stereolithographie (MSLA) 3D-Drucker „Saturn...“","[Aestas Sale Offer] Saturn 4 Ultra 16K - 3D typographus cum 16K monochrome LCD pro 66,800 nummis Iaponensibus - provocare, ut minimus pretium fiat in mundo. ELEGOO's medium amplitudo stereolithographiae (MSLA) 3D typographi ""Saturni...",,,,random
81419b36751a3618a9d9be015e38024a,2026-07-08T04:01:00Z,Wildfire,,science.nasa.gov,en,0.2,Cottonwood Fire Chars Utah,The blaze burned more than 150 square miles and swept through parts of a ski resort.,https://science.nasa.gov/earth/earth-observatory/cottonwood-fire-chars-utah/,https://assets.science.nasa.gov/content/dam/science/esd/eo/images/iotd/2026/cottonwood-fire-chars-utah/utcottonwoodfire_oli_20260629_th.jpg/jcr:content/renditions/cq5dam.web.1280.1280.jpeg,http://web.archive.org/web/20260708173513/https://science.nasa.gov/earth/earth-observatory/cottonwood-fire-chars-utah/,"After a winter of below-average snowpack and an unusually warm and dry start to summer, the National Interagency Fire Center warned that the Great Basin and parts of the Rockies faced an elevated ris… [+5580 chars]",Cottonwood Fire Chars Utah. The blaze burned more than 150 square miles and swept through parts of a ski resort.,Cottonwood Fire Chars Utah. Das Feuer brannte mehr als 150 Quadratmeilen nieder und erfasste Teile eines Skigebiets.,Cottonwood Fire Chars Utah. Ex incendio plusquam 150 milia passuum quadratorum per partes ski exarsere et rapitur.,United States,CNA,North-America,wmo
fcbb607bb3900c47055d841a613b993d,2026-07-08T04:08:21Z,Thunderstorm,,dialogos.com.cy,el,0.9,Ακόμη μία κίτρινη προειδοποίηση για ισχυρές καταιγίδες και χαλάζι -Αναλυτικά η πρόγνωση,Κίτρινη προειδοποίηση εξέδωσε η Μετεωρολογική υπηρεσία από τις 11 μέχρι τις 1800. Μεμονωμένες ισχυρές καταιγίδες αναμένεται να επηρεάσουν περιοχές στα ορεινά και το εσωτερικό. Σε καταιγίδα είναι πιθανό να πέσει χαλάζι. Η ένταση της βροχής αναμένεται τοπικά να…,https://dialogos.com.cy/akomi-mia-kitrini-proeidopoiisi-gia-ischyres-kataigides-kai-chalazi-analytika-i-prognosi/,https://dialogos.com.cy/wp-content/uploads/2026/02/b_kairos-vroxes21.jpg,,"11 1800. 
 . . 35 .
 36 , 32 26 .
 : 
 .
, , , , .
 . , , 3 4 , 4 5 . . 36 , 30 , 32 24 .
 , , . , , . , 3 . , . 23 17 .
 , , , , , .
 .
 , . .",Another yellow warning for severe storms and hail - Detailed forecast. A yellow warning has been issued by the Met Office from 11am until 1800. Isolated strong thunderstorms are expected to affect mountainous and inland areas. Hail is likely to fall in a storm. The intensity of the rain is locally expected to…,"Eine weitere gelbe Warnung vor schweren Stürmen und Hagel – Detaillierte Vorhersage. Das Met Office hat von 11:00 Uhr bis 18:00 Uhr eine gelbe Warnung herausgegeben. Es wird erwartet, dass vereinzelte starke Gewitter Gebirgs- und Binnengebiete beeinträchtigen. Bei einem Sturm kann es zu Hagel kommen. Es wird erwartet, dass die Intensität des Regens örtlich …",Aliud flavum monitum propter graves procellas et grandinem - Detailed forecast. Monitum flavum a Met Office ab 11am usque ad 1800 edita est. Tonitruum validorum separatim expectatur ut areas montuosas et mediterraneas afficiat. Grando in tempestate casura verisimile est. Intensio pluviae localiter expectatur ut…,,,,random
130cf327f53b435f9390727c8c509a95,2026-07-08T04:29:00Z,Heat Wave,,businessam.be,nl,0.9,Europa onderzoekt welke financiële risico’s de hittegolven met zich meebrengen voor de banken,Key takeaways De Europese Bankautoriteit (EBA) ontwikkelt kaders om door hitte veroorzaakte financiële risico’s te kwantificeren. Nieuwe stresstests zullen de stabiliteit van banken toetsen aan zowel fysieke klimaatschokken als de overgang naar een koolstofar…,https://businessam.be/europa-onderzoekt-welke-financiele-risicos-de-hittegolven-met-zich-meebrengen-voor-de-banken/,https://media.businessam.be/h_5.100912487.jpg,,"Key takeaways
<ul><li>De Europese Bankautoriteit (EBA) ontwikkelt kaders om door hitte veroorzaakte financiële risicos te kwantificeren.</li><li>Nieuwe stresstests zullen de stabiliteit van banken t… [+4438 chars]",Europe is investigating what financial risks the heat waves pose to banks. Key takeaways The European Banking Authority (EBA) is developing frameworks to quantify financial risks caused by heat. New stress tests will assess banks' stability against both physical climate shocks and the low-carbon transition...,"Europa untersucht, welche finanziellen Risiken die Hitzewellen für Banken bedeuten. Wichtige Erkenntnisse: Die Europäische Bankenaufsichtsbehörde (EBA) entwickelt Rahmenwerke zur Quantifizierung finanzieller Risiken, die durch Hitze verursacht werden. Neue Stresstests werden die Stabilität der Banken sowohl gegenüber physischen Klimaschocks als auch gegenüber dem Übergang zu einer kohlenstoffarmen Wirtschaft bewerten ...",Europa quaerit quid pericula oeconomicae aestus ad ripas ponunt. Clavis aufert Auctoritas Europaeae Banking (EBA) compages enucleat ad quantitare pericula oeconomica quae ab aestu causantur. Novae accentus probationes perpendent stabilitatem riparum contra tam corporis impulsus climatis et transitum ignobilem.,,,,random
9198c0795d7f1b1c97df8ccda30bd6fc,2026-07-08T06:30:00Z,Heat Wave,,news.livedoor.com,ja,0.9,記録的熱波にも“涼し気”「暑い方が好き」 西村優菜が2年ぶりエビアンで後半への弾みを,"＜アムンディ・エビアン選手権事前情報◇7日◇エビアン・リゾートGC（フランス）◇6479ヤード・パー71＞現在ツアーのポイントランキングは103位。132人のエントリーのうち、出場順位124番目で西村優菜は2年ぶりのエビアンに滑り込んだ。「好きな大会。景色もすごくキレイだし雰囲気もいい大会に戻ってくることができたのは、すごくうれしいです」。調整を進める表情からも充実感がうかがえる。【写真】デ、デカすぎる…西村優菜と身長""40センチ差""の衝撃2ショット2週前全文ゴルフ情報ALBA.Net 07月08日15時30分",https://news.livedoor.com/article/detail/31773617/,https://image.news.livedoor.com/newsimage/stf/7/4/74c0b_579_WEwUFYlUyo5uxQBTXLnP.jpg,,"7GC6479711031321242""40""22KPMG14681167606479199720091124320221540.6332ISPS HANDA 71130AIG
&amp;39","Despite the record-breaking heatwave, Yuna Nishimura feels cool and ""I like hot weather"" as she gains momentum into the second half at Evian for the first time in two years. Yuna Nishimura was ranked 124th out of 132 entries and entered Evian for the first time in two years. ""It's my favorite tournament. I'm really happy to be able to come back to a tournament with such beautiful scenery and a great atmosphere."" The expression on his face as he continues to make adjustments shows his sense of fulfillment. [Photo] Too big... Shocking 2 shots of Yuna Nishimura and ""40cm difference in height"" 2 weeks ago Full text golf information ALBA.Net July 8th 15:30","Trotz der rekordverdächtigen Hitzewelle fühlt sich Yuna Nishimura cool und „ich mag heißes Wetter“, als sie in Evian zum ersten Mal seit zwei Jahren wieder in Schwung kommt. Yuna Nishimura belegte den 124. Platz von 132 Einsendungen und trat zum ersten Mal seit zwei Jahren wieder in Evian an. „Es ist mein Lieblingsturnier. Ich freue mich wirklich, wieder zu einem Turnier mit so schöner Landschaft und toller Atmosphäre kommen zu können.“ Der Ausdruck auf seinem Gesicht, während er weiterhin Anpassungen vornimmt, zeigt sein Gefühl der Erfüllung. [Foto] Zu groß... Schockierende 2 Schläge von Yuna Nishimura und „40 cm Höhenunterschied“ vor 2 Wochen Volltext-Golfinformationen ALBA.Net 8. Juli 15:30","Quamvis record-fractionis heatwave, Yuna Nishimura frigus sentit et ""aestus amo"" cum momentum in medium ad Evian primum duobus annis acquirit. Yuna Nishimura CXXIV ingressus est CXXII et ingressus primum Evian duobus annis. ""Est meus ventus tournamentum. Sum vere felix ut ad hastiludio tam pulchro scaenarum ac magno atmosphaera reverti possim."" Locutio pronus in eo quod pergit adaptationes ad suum impletionis sensum ostendit. [Photo] Nimis magnus... Improbus 2 ictus Yuna Nishimura et ""40cm differentia altitudinis"" 2 weeks ago Full text golf information ALBA.Net July 8th 15:30",,,,random
e5b3d92093575ee5035c400919b17af3,2026-07-08T07:13:14Z,Precipitation,,observador.pt,pt,0.3,Mais de 80 concelhos em perigo máximo; 7 distritos a laranja,O aviso de perigo máximo de incêndio rural foi aplicado a cerca de uma centena de concelhos. A persistência das temperaturas elevadas colocou ainda sete distritos sob aviso laranja.,https://observador.pt/2026/07/08/mais-de-80-concelhos-em-perigo-maximo-sete-distritos-sob-aviso-laranja/,https://wm.observador.pt/wm/l/https%3A%2F%2Fbordalo.observador.pt%2Fv2%2Frs%3Afill%3A770%3A403%2Fc%3A2025%3A1138%3Anowe%3A0%3A106%2Fq%3A70%2Ff%3Awebp%2Fplain%2Fhttps%3A%2F%2Fs3.observador.pt%2Fwp-content%2Fuploads%2F2026%2F07%2F03205834%2Fgco-dincendio-vouzela-3-julho-2026-028.jpg?layer=obstop:T,,"Mais de 80 concelhos de 14 distritos de Portugal continental estão esta quarta-feira em perigo máximo de incêndio rural, segundo o Instituto Português do Mar e da Atmosfera (IPMA). De entre estes 14 … [+2328 chars]",More than 80 municipalities in maximum danger; 7 districts in orange. The maximum rural fire danger warning was applied to around a hundred municipalities. The persistence of high temperatures also placed seven districts under orange warning.,Mehr als 80 Gemeinden in höchster Gefahr; 7 Bezirke in Orange. Die Warnung vor maximaler ländlicher Brandgefahr galt für rund hundert Gemeinden. Aufgrund der anhaltend hohen Temperaturen gilt für sieben Bezirke außerdem die Warnstufe Orange.,Plusquam 80 municipia in maximo periculo sunt; 7 districtus aurei. Maximum periculum rusticum incendium ad centum municipia monendum applicatum est. Pervicacia temperaturae altae septem regiones sub monitione aurantiaca collocavit.,Costa Rica,SCA,North-America,wmo
5277f094fadf222909e3e1086435bb2e,2026-07-08T08:41:46Z,Precipitation,,pogoda.mail.ru,ru,0.7,Синоптики пообещали россиянам в среду дожди и грозы,"Грозовые дожди не обойдут стороной Дальний Восток и Сибирь. В Европейской России продолжится борьба тепла и холода, а на юге осадки усилятся в Крыму",https://pogoda.mail.ru/news/71555959/,https://resizer.mail.ru/p/0155a024-78df-58ac-9ce1-bfa0a70acd3d/AAAGI9fDObes2xihy2wwQjdS19dzwBXdx3iHcgO6Gg9syl2i4mUIpaG7fvzLVdAmNYFbLLuWZNle5dAx7YTfyF4Ck7k.jpg,,", 8 ,   ,   .    :    +28 °. ,  +21 °.
      .   .   — +25 °,   — +19 °,   — +24 °.
 -  +20 °,   — +21 °.   .  ,   ,    .","Forecasters promised Russians rain and thunderstorms on Wednesday. Thunderstorms will not bypass the Far East and Siberia. In European Russia the struggle between heat and cold will continue, and in the south precipitation will increase in Crimea","Meteorologen sagten den Russen für Mittwoch Regen und Gewitter voraus. Gewitter werden den Fernen Osten und Sibirien nicht umgehen. Im europäischen Russland wird der Kampf zwischen Hitze und Kälte weitergehen, und im Süden werden die Niederschläge auf der Krim zunehmen","Vates Russi pluviam et tonitrua die Mercurii promiserunt. Tonitruum extremam Orientem et Sibiriam non praetereo. In Russia Europaea certamen permanebit inter calorem et frigus, et praecipitatio meridiana in Crimea crescet",Russia,ESB,Europe,wmo
a93c286a9ef48b380ce209677564fd39,2026-07-08T09:03:12Z,Drought,,www.journaldugeek.com,fr,0.3,Sony est de retour sur les réseaux sociaux et les joueurs pètent un câble,"Six jours de silence radio et voilà comment PlayStation choisit de rompre le blackout post annonce de la fin des CD. Etonnnemement, les joueurs ne sont pas prêts de lâcher l’affaire.",https://www.journaldugeek.com/2026/07/08/sony-est-de-retour-sur-les-reseaux-sociaux-et-les-joueurs-petent-un-cable/,https://www.journaldugeek.com/app/uploads/2025/10/DSC06317-1600x900.jpg,,"Petit rappel pour ceux qui reviennent de vacances sans wifi, le 1er juillet 2026, Sony annonce larrêt de la production de jeux physiques pour les nouvelles sorties PlayStation à partir de janvier 202… [+3852 chars]","Sony is back on social networks and gamers are freaking out. Six days of radio silence and this is how PlayStation chooses to break the post-announcement blackout of the end of CDs. Surprisingly, the players are not ready to give up.","Sony ist zurück in den sozialen Netzwerken und Gamer geraten in Panik. Sechs Tage Funkstille und so beschließt PlayStation, die Sperrung des Endes der CDs nach der Ankündigung zu durchbrechen. Überraschenderweise sind die Spieler nicht bereit aufzugeben.",Nulla est in retiaculis socialibus et ludi freaking sunt. Sex dies silentii radiophonici et hoc modo PlayStation eligit rumpere post nuntium nigrum de fine CDs. Mirum nisl non renuntiat.,Chad,SAH,Africa,edo
afbe4599c0379f703a95c7fe4c58b2e3,2026-07-08T10:00:00Z,Earthquake,,www.latercera.com,es,0.7,La noche en que el mar arrasó Chile: la historia del devastador terremoto y maremoto de 1730,"Tres grandes sismos, un tsunami que destruyó buena parte de Valparaíso y Concepción y una reconstrucción marcada por la fe y las disputas políticas. Así fue una de las mayores catástrofes naturales de la época colonial, ocurrida un 8 de julio. Esta es la hist…",https://www.latercera.com/culto/noticia/la-noche-en-que-el-mar-arraso-chile-la-historia-del-devastador-terremoto-y-maremoto-de-1730/,https://www.latercera.com/resizer/v2/U5LYN7HPTFFUDPRIEDQZ5EWABI.jpg?auth=cdb2bb335ec00d6ec4581494daeaea8dbd98765a00e0aad3fe38fb7ee2502a14&height=630&width=1200&smart=true,,"La fría noche ya se había cerrado sobre Santiago, cuando un fuerte remezón sacudió la tierra. La ciudad principal del reino se vio de súbito sacudida y algunos no pudieron evitar el susto. En Santiag… [+6184 chars]","The night the sea devastated Chile: the story of the devastating earthquake and tsunami of 1730. Three large earthquakes, a tsunami that destroyed much of Valparaíso and Concepción and a reconstruction marked by faith and political disputes. This was one of the biggest natural disasters of the colonial era, which occurred on July 8. This is the story…","Die Nacht, in der das Meer Chile verwüstete: Die Geschichte des verheerenden Erdbebens und Tsunamis von 1730. Drei große Erdbeben, ein Tsunami, der große Teile von Valparaíso und Concepción zerstörte, und ein Wiederaufbau, der von Glaubens- und politischen Streitigkeiten geprägt war. Dies war eine der größten Naturkatastrophen der Kolonialzeit, die sich am 8. Juli ereignete. Das ist die Geschichte…","Nox mare vastavit Chile: narratio terrae motus vastationis et tsunami 1730. Tres terrae motus magnae, tsunami qui multum destruxit Valparaíso et Concepción et reconstructione notata fide et controversiis politicis. Hoc erat unum ex maximis calamitatibus naturalibus aetatis colonialis, quae die VIII mensis Iulii facta est.",Chile,SWS,South-America,usgs
df8301f242ab54cc5ba96c0b05c8acd8,2026-07-08T10:00:22Z,Earthquake,,www.latercera.com,es,0.7,"Temblor hoy, miércoles 8 de julio en Chile: consulta epicentro y magnitud","Revisa los recientes movimientos sísmicos registrados por el Centro Sismológico Nacional de la Universidad de Chile. Además, conoce las recomendaciones de Senapred sobre qué hacer en caso de un terremoto.",https://www.latercera.com/servicios/noticia/temblor-hoy-miercoles-8-de-julio-en-chile-consulta-epicentro-y-magnitud/,https://www.latercera.com/resizer/v2/WJVZ4RZ2GVAFNLSDARBLUVBWJA.png?auth=7a114d5945e0d34ed544719bc7a5c07e3e9178c8069b1a79187db905b3eeea27&height=630&width=1200&smart=true,,"Durante la presente jornada, se han registrado sismos de variada intensidad en distintos lugares del país.
No obstante, la mayoría de los movimientos resultan imperceptibles, debido a que Chile se e… [+1960 chars]","Tremor today, Wednesday, July 8 in Chile: query epicenter and magnitude. Review the recent seismic movements recorded by the National Seismological Center of the University of Chile. Additionally, learn about Senapred's recommendations on what to do in the event of an earthquake.","Beben heute, Mittwoch, 8. Juli in Chile: Epizentrum und Stärke abfragen. Sehen Sie sich die jüngsten seismischen Bewegungen an, die vom Nationalen Seismologischen Zentrum der Universität Chile aufgezeichnet wurden. Erfahren Sie außerdem mehr über die Empfehlungen von Senapred, was im Falle eines Erdbebens zu tun ist.","Tremor hodie Mercurii, VIII Iulii in Chile: interrogatione epicenter et magnitudine. Recense motus recentes seismicos a Centro Nationali seismologico Universitatis Chile commemoratos. Praeterea cognosce de commendatione Senapredum quid in terrae motu evenerit.",Chile,SWS,South-America,usgs
e0a202d2ba6751a9a88082aaf1500974,2026-07-08T10:00:24Z,Flood,,www.barchart.com,en,0.2,What to Expect From PG&E’s Next Quarterly Earnings Report,"PG&E is set to report Q2 results soon, and analysts are expecting strong double-digit EPS growth.",https://www.barchart.com/story/news/3179662/what-to-expect-from-pg-es-next-quarterly-earnings-report,https://s.yimg.com/lo/mysterio/api/0E53A1EBC645A0F01DB7A04253A6A14E4F6C036546DC4F0BD05DA9062AE45C45/subgraphmysterio/resizefill_w1200_h800;quality_80;format_webp/https:%2F%2Fmedia.zenfs.com%2Fen%2Fbarchart_com_477%2F60d11e834b639dc78243686f9f284259,,"PG&amp;E Corp_ money transfer truck-by travelview via iStock
Valued at a market cap of $45 billion, PG&amp;E Corporation (PCG) is one of the largest regulated electric and natural gas utility holdin… [+2131 chars]","What to Expect From PG&E’s Next Quarterly Earnings Report. PG&E is set to report Q2 results soon, and analysts are expecting strong double-digit EPS growth.",Was Sie vom nächsten vierteljährlichen Ergebnisbericht von PG&E erwarten können. PG&E wird in Kürze die Ergebnisse für das zweite Quartal veröffentlichen und Analysten erwarten ein starkes zweistelliges EPS-Wachstum.,"Quid expectes Ex PG&E's Next Quarterly CAPTURA Report. PG&E ponitur mox proventus Q2 nuntiare, et analystae firmum duplicem digitum EPS incrementum exspectant.",United States,CNA,North-America,wmo
e482708ba1a5ccf68d9cc6488832d305,2026-07-08T10:10:58Z,Storm,,www.roomie.jp,ja,0.2857142857142857,「BAKUNEの夏用毛布」で「エアコンなしだと暑いけどつけると寒い問題」が解決！温度調整綿が快適すぎた,※本記事は2024年7月28日に公開された記事を再編集し掲載しています。 Text and Photographed by シラクマ 商品提供：TENTIAL いよいよ寝苦しい夏が到来。 エアコンをつけないと暑いのに、エアコンを付けたままにすると、今度は寒さで夜中に起きてしまうという問題も……。 何か良い対策はないかと探していたときに見つけたのが、「夏用の肌掛け布団」でした。 「睡眠にとって最適な,https://www.roomie.jp/2026/07/1819936/,https://media.loom-app.com/roomie/dist/images/2024/07/20240727_shrkm_tential7.jpg?w=1200,,"2024728Text and Photographed by 
TENTIAL
TENTIAL BAKUNE Comforter Cool2024 19,500
1TENTIALBAKUNE Comforter Cool2026
THERMO FLEX
BAKUNE Comforter Cool
OK
10","BAKUNE's Summer Blanket solves the problem of being hot without an air conditioner but cold with it on! The temperature-adjusting cotton was too comfortable. *This article has been re-edited from an article published on July 28, 2024. Text and Photographed by Shirakuma Product provided by: TENTIAL Summer is finally here and it's hard to sleep. It's hot if you don't turn on the air conditioner, but if you leave the air conditioner on, you'll wake up in the middle of the night because it's cold... When I was looking for a good solution, I found a summer skin comforter. ""Perfect for sleep""","Die Sommerdecke von BAKUNE löst das Problem, dass es ohne Klimaanlage heiß, aber mit eingeschalteter Klimaanlage kalt ist! Die temperaturausgleichende Baumwolle war zu bequem. *Dieser Artikel wurde gegenüber einem am 28. Juli 2024 veröffentlichten Artikel überarbeitet. Text und Foto: Shirakuma Produkt bereitgestellt von: TENTIAL Der Sommer ist endlich da und es ist schwer zu schlafen. Es ist heiß, wenn man die Klimaanlage nicht einschaltet, aber wenn man sie eingeschaltet lässt, wacht man mitten in der Nacht auf, weil es kalt ist ... Als ich nach einer guten Lösung suchte, fand ich eine Sommer-Hautdecke. „Perfekt zum Schlafen“","Aestiva Stragulum BAKUNE quaestionem solvit calere sine conditione aeris sed cum ea frigida! Etiam commodo tortor ac nibh dictum risus. *Hic articulus re-editus est ab articulo edito die 28 mensis Iulii anno 2024. Textus et impressus per Shirakuma Product providit: TENTIAL Aestas hic tandem est et durum est dormire. Calidum est si non converteris in aerem Conditioner, sed si in aere conditioner relinquas, eris in media nocte, quia frigus est ... Cum quaerebam solutionem bonam, inveni consolatorem aestivum cutis. ""Perfice somnum""",Ecuador,NWS,South-America,wmo
7d03d8e6d351f05d9e9f267cef9b5af8,2026-07-08T10:16:22Z,Precipitation,,www.aajtak.in,hi,0.9,"दिल्ली से लेकर मुंबई तक मूसलाधार बारिश, तस्वीरों में देखें तबाही",दिल्ली से लेकर मुंबई तक बारिश और आंधी-तूफान का सिलसिला जारी है. इस बीच मौसम विभाग ने अगले 10 घंटे में 15 राज्यों में भारी बारिश के साथ आंधी-तूफान को लेकर अलर्ट जारी किया है. इस दौरान 70 किलोमीटर प्रति घंटे की रफ्तार से हवाएं चल सकती हैं. बारिश के दौरान आकाशीय…,https://www.aajtak.in/india/news/video/torrential-rain-from-delhi-to-mumbai-watch-devastation-pictures-vdop-2596953-2026-07-08,https://akm-img-a-in.tosshub.com/aajtak/images/video/202607/6a4e234f26336-torrential-rain-from-delhi-to-mumbai-081537643-16x9.png,,"- . 10 15 - . 70 . , . ...","Torrential rain from Delhi to Mumbai, see the devastation in pictures. The process of rain and storm continues from Delhi to Mumbai. Meanwhile, the Meteorological Department has issued an alert regarding heavy rain and storm in 15 states in the next 10 hours. During this period, winds can blow at a speed of 70 kilometers per hour. During the rain the celestial…","Sintflutartiger Regen von Delhi bis Mumbai, sehen Sie die Verwüstung in Bildern. Der Regen- und Sturmprozess geht von Delhi bis Mumbai weiter. Unterdessen hat das Wetteramt eine Warnung herausgegeben, dass es in den nächsten 10 Stunden zu starkem Regen und Sturm in 15 Bundesstaaten kommen wird. In dieser Zeit können Winde mit einer Geschwindigkeit von bis zu 70 Kilometern pro Stunde wehen. Während des Regens der himmlische…","Imbres torrentes a Delhi usque ad Mumbai, vide vastitatem in picturis. Processus pluviae et tempestatis a Delhi usque ad Mumbai pergit. Interea Department Meteorologicum in 15 civitatibus proximis 10 horis in pluvia et tempestate intenti excitavit. Hoc tempore, venti celeritatem 70 chiliometrorum per horae flare possunt. Imber caelestis...",,,,random
6bb5f59900c401a75bdcf906afc41643,2026-07-08T11:30:04Z,Heat Wave,,www.inside-games.jp,ja,0.9,世界最大級のゲーム大会「EWC2026」のために渡仏したプロゲーマー、熱中症を発症―現地フランスは記録的な熱波が続く,DFM所属のGO1選手がフランスで熱中症を発症。「EWC2026」参加は回復具合を見ながら改めて報告。,https://www.inside-games.jp/article/2026/07/08/184239.html,https://www.gamespark.jp/imgs/ogp_f/1156537.jpg,http://web.archive.org/web/20260708214706/https://www.inside-games.jp/article/2026/07/08/184239.html,"DetonatioN FocusMeGO178
GO176823eEsports World Cup 2026EWC2026
39
EWCEWC
Ryan HartNYChrisG","A professional gamer who traveled to France for the world's largest gaming tournament ""EWC 2026"" develops heatstroke - France continues to experience record heat waves. A GO1 player from DFM develops heatstroke in France. I will report again on my participation in ""EWC2026"" while monitoring the progress of my recovery.","Ein Profispieler, der zum weltgrößten Gaming-Turnier „EWC 2026“ nach Frankreich gereist ist, erkrankt an einem Hitzschlag – Frankreich erlebt weiterhin Rekordhitzewellen. Ein GO1-Spieler von DFM erkrankt in Frankreich an einem Hitzschlag. Ich werde noch einmal über meine Teilnahme am „EWC2026“ berichten und gleichzeitig den Fortschritt meiner Genesung verfolgen.","Ludus professionalis qui iter in Franciam propter maximae mundi torneamentum ludum ""EWC 2026"" incidit heatstroke - Gallia aestum fluctuum recordari pergit. GO1 ludio ludius ex DFM heatstrok in Gallia oritur. Iterum nuntiabo meam participationem ""EWC2026"" cum vigilantia profectum salutis meae.",,,,random
bd6b0d2c871ba6831354232ccca055bf,2026-07-08T12:00:00Z,Fog,,entabe.jp,ja,0.2352941176470588,【2026年7月】おすすめ手土産 新商品まとめ！ねんりん家「ピスタチオ香るマウントバーム〈夏の輪〉」・カタヌキヤ「ちいかわ かたぬきバウム リボン」など,2026年7月に各社から登場する、おすすめ手土産新商品をまとめてご紹介します。ねんりん家「ピスタチオ香るマウントバーム〈夏の輪〉」、カタヌキヤ「ちいかわ かたぬきバウム リボン」など。,https://entabe.jp/60832/summary-2026-july-souvenir-sweets,https://image.entabe.jp/upload/20260706/images/004_2.jpg,,"2026年7月に各社から登場する、手土産にぴったりの新商品をまとめてご紹介します。ねんりん家「ピスタチオ香るマウントバーム〈夏の輪〉」、カタヌキヤ「ちいかわ かたぬきバウム リボン」など。
ねんりん家「ピスタチオ香るマウントバーム〈夏の輪〉」
夏に人気の「ピスタチオ香るマウントバーム」が“輪”の形になって新登場。ナッツの女王ピスタチオをじっくりと焙煎し、旨味たっぷりのペースト状に。濃厚なバタ… [+1075 chars]","[July 2026] Recommended souvenirs New product summary! Nenrinya's ``Pistachio Scented Mount Balm (Summer Ring)'', Katanukiya's ``Chiikawa Katanuki Baum Ribbon'', etc. We will introduce recommended new souvenir products that will be released from each company in July 2026. Nenrinya's ``Pistachio Scented Mount Balm <Summer Circle'', Katanukiya's ``Chiikawa Katanuki Baum Ribbon'', etc.","[Juli 2026] Empfohlene Souvenirs Neue Produktübersicht! Nenrinyas „Bergbalsam mit Pistazienduft (Sommerring)“, Katanukiyas „Chiikawa Katanuki Baum-Band“ usw. Wir werden empfohlene neue Souvenirprodukte vorstellen, die von jedem Unternehmen im Juli 2026 herausgebracht werden. Nenrinyas „Bergbalsam mit Pistazienduft <Sommerkreis“, Katanukiyas „Chiikawa Katanuki Baum-Band“ usw.","Commendatur eget nova producti summarium! Nenrinya `Pistachio Odoratus Monte Balm (Ring aestatis)', Katanukiya `Chiikawa Katanuki Baum Ribbon', etc. Nos inducemus commendatos novos fructus eget, qui ex unaquaque societate emissi erunt mense Iulio 2026. Nenrinya's `Kistachio Scented Mount Balm, <Summer Circle's Katanukiwa' Ribbon'', etc.",Canada,NEN,North-America,wmo
4d636e605ac333f53bcc473d98c2e1a7,2026-07-08T12:37:00Z,Drought,,www.montevideo.com.uy,es,0.8,"Campo uruguayo ajusta sus estrategias ante un posible El Niño: más agua, nuevos desafíos","Productores preparan drenajes, reservas, sanidad y manejo de cultivos para enfrentar un escenario de lluvias abundantes tras años de sequía.",https://www.montevideo.com.uy/Noticias/Campo-uruguayo-ajusta-sus-estrategias-ante-un-posible-El-Nino-mas-agua-nuevos-desafios-uc967584,https://imagenes.montevideo.com.uy/imgnoticias/202407/_W1200/889736.jpg,,"Durante casi tres años, el productor agropecuario uruguayo miró al cielo esperando que lloviera. La sequía que sufrió el país entre 2022 y 2023 dejó campos con poca disponibilidad de pasto, aguadas a… [+5625 chars]","Uruguayan countryside adjusts its strategies in the face of a possible El Niño: more water, new challenges. Producers are preparing drainage, reserves, health and crop management to face a scenario of abundant rains after years of drought.","Uruguays Land passt seine Strategien angesichts eines möglichen El Niño an: mehr Wasser, neue Herausforderungen. Die Erzeuger bereiten Entwässerung, Reserven, Gesundheit und Pflanzenmanagement vor, um nach Jahren der Dürre mit reichlich Regen zu rechnen.","Villa Uruguayan suas rationes accommodat in facie El Niño possibili: plures aquae, novae provocationes. Procuratores adficio, subsidia, sanitates et administrationes segetum praeparant ad missionem multarum imbrium post annos siccitatis.",Uruguay,SES,South-America,edo
08cf363e96d7e6321bffee38c46d989d,2026-07-08T13:27:27Z,Earthquake,,www.nacion.com,es,0.7,"‘Lo más difícil fue salir’: el relato de Hernán Gil, rescatado por la Cruz Roja Costarricense tras pasar ocho días bajo los escombros","Hernán Gil sobrevivió ocho días atrapado bajo un edificio derrumbado por los terremotos en Venezuela. El vigilante de 43 años relató cómo enfrentó la oscuridad, el miedo y la incertidumbre hasta ser rescatado con vida.",https://www.nacion.com/el-mundo/lo-mas-dificil-fue-salir-el-relato-de-hernan-gil/ZGDJG4E7PZE53HGS2GA4JQR5HM/story/,https://www.nacion.com/resizer/v2/Z64KG65Q5FEC7FNQACFDEHMHWQ.jpeg?smart=true&auth=6ec42c69b1a46adcdcd59ade9bd92b3e2ac7e01a63e287fd875281b134d906f7&width=1440,,"Caracas, Venezuela. Hernán Gil trabajaba en su turno como vigilante en el subsuelo de un edificio en Venezuela la tarde del 24 de junio cuando sintió el sacudón de la tierra.
El primer temblor fue c… [+4043 chars]","'The most difficult thing was getting out': the story of Hernán Gil, rescued by the Costa Rican Red Cross after spending eight days under the rubble. Hernán Gil survived eight days trapped under a building collapsed by earthquakes in Venezuela. The 43-year-old security guard recounted how he faced darkness, fear and uncertainty until he was rescued alive.","„Das Schwierigste war, rauszukommen“: die Geschichte von Hernán Gil, der vom Costa Ricanischen Roten Kreuz gerettet wurde, nachdem er acht Tage unter den Trümmern verbracht hatte. Hernán Gil überlebte acht Tage, gefangen unter einem durch Erdbeben eingestürzten Gebäude in Venezuela. Der 43-jährige Wachmann erzählte, wie er mit Dunkelheit, Angst und Unsicherheit konfrontiert war, bis er lebend gerettet wurde.","""Difficillima res est exire"": narratio Hernán Gil, servati a Costa Rican Red Crucis, post octo dies sub ruderibus consumptis. Hernán Gil supervixit octo diebus sub aedificio quod in Venetiola terrae motu corruit. XLIII annorum custodiae securitatis narravit quomodo tenebrae, metus et incertae essent, donec viveret ereptus est.",Venezuela,NSA,South-America,usgs
6677c9a958589fbbf33873f6d5561593,2026-07-08T14:03:00Z,Precipitation,,www.prnewswire.com,en,0.3,"Veterans United Foundation Awards $200,000 in Scholarships to 25 Veterans and Military Families","Annual scholarship program reaches historic milestone, honoring the sacrifice of Veterans, surviving spouses and children of the fallen with the largest award class in the program's 14-year history. COLUMBIA, Mo., July 8, 2026 /PRNewswire/ -- Veterans United …",https://www.prnewswire.com/news-releases/veterans-united-foundation-awards-200-000-in-scholarships-to-25-veterans-and-military-families-302820278.html,https://mmx.prnewswire.com/media/MS1828056/Veterans-United-Foundation-Logo.jpg?id=OA2754230&p=facebook,,"Annual scholarship program reaches historic milestone, honoring the sacrifice of Veterans, surviving spouses and children of the fallen with the largest award class in the program's 14-year history.… [+7459 chars]","Veterans United Foundation Awards $200,000 in Scholarships to 25 Veterans and Military Families. Annual scholarship program reaches historic milestone, honoring the sacrifice of Veterans, surviving spouses and children of the fallen with the largest award class in the program's 14-year history. COLUMBIA, Mo., July 8, 2026 /PRNewswire/ -- Veterans United …","Die Veterans United Foundation vergibt Stipendien in Höhe von 200.000 US-Dollar an 25 Veteranen und Militärfamilien. Das jährliche Stipendienprogramm erreicht einen historischen Meilenstein und würdigt die Opfer von Veteranen, überlebenden Ehepartnern und Kindern der Gefallenen mit der höchsten Auszeichnungsklasse in der 14-jährigen Geschichte des Programms. COLUMBIA, Missouri, 8. Juli 2026 /PRNewswire/ -- Veterans United …","Veterani Fundationis Awards United $200,000 in Scholarships ad XXV Veterani et Familiae Militiae. Progressio annua doctrina miliarium historicum attingit, sacrificium venerans Veteranorum, coniuges et filii lapsorum superstites cum maximo laudum genere in progressionis historia 14 annorum. COLUMBIA, Mo, die 8 iulii 2026 / PRNewswire/",New Zealand,NZ,Oceania,wmo
a50f13e209e402999efe7a1a6d4b9921,2026-07-08T15:19:25Z,Heat Wave,,www.aa.com.tr,tr,0.9,"Avrupa, aşırı sıcaklar ve orman yangınlarıyla mücadele ediyor","İspanya, yaz döneminin ikinci aşırı sıcak hava dalgası ve orman yangınlarıyla mücadele etmeye devam ederken, İtalya'nın Piyemonte bölgesi ile batısındaki Sardinya Adası'ndaki orman yangınlarını söndürme çalışmalarının devam ettiği bildirildi.",https://www.aa.com.tr/tr/dunya/avrupa-asiri-sicaklar-ve-orman-yanginlariyla-mucadele-ediyor/3991540,https://web-cdnprod.aa.com.tr/uploads/Contents/2026/07/08/thumbs_b_c_46da608f2bcd4d7dbd6bcdeb7bb61331.jpg,http://web.archive.org/web/20260710115115/https://www.aa.com.tr/tr/dunya/avrupa-asiri-sicaklar-ve-orman-yanginlariyla-mucadele-ediyor/3991540,"MADRD (AA) - spanya, yaz döneminin termometrelerin 43 dereceye kadar ulat ikinci ar scak hava dalgas ve binlerce hektarlk alann kül olmasna neden olan orman yangnlaryla mücadele etmeye devam ediyor.… [+2485 chars]","Europe is struggling with extreme heat and forest fires. While Spain continues to struggle with the second extreme heat wave of the summer and forest fires, it has been reported that efforts to extinguish forest fires in Italy's Piedmont region and the Sardinia Island in the west continue.","Europa kämpft mit extremer Hitze und Waldbränden. Während Spanien weiterhin mit der zweiten extremen Hitzewelle des Sommers und Waldbränden zu kämpfen hat, wird berichtet, dass die Bemühungen zur Löschung von Waldbränden in der italienischen Region Piemont und auf der Insel Sardinien im Westen fortgesetzt werden.","Europa ingenti calore luctatur cum silvis et ignibus. Dum Hispania pergit pugnare cum secundo aestu maximo aestus et incendia aestatis et silvarum, relatum est conatus silvas in regione Pedemontanae Italiae et in insula Sardiniae in occidente permanere.",,,,random
e8470bb691d230e3d098e5cc81ba6bfc,2026-07-08T16:00:00Z,Heat Wave,,www.fool.com.au,en,0.2,Betashares Nasdaq 100 ETF: What stocks are actually in NDQ?,"This ETF is packed with tech stars. 
The post Betashares Nasdaq 100 ETF: What stocks are actually in NDQ? appeared first on The Motley Fool Australia.",https://www.fool.com.au/2026/07/09/betashares-nasdaq-100-etf-what-stocks-are-actually-in-ndq/,https://www.fool.com.au/wp-content/uploads/2022/05/techo-1200x675.jpg,,"The BetaShares Nasdaq 100 ETF (ASX: NDQ) is one of the most popular exchange-traded funds (ETFs) on the ASX. In fact, it is currently the third-largest ETF covering international shares on our market… [+4372 chars]","Betashares Nasdaq 100 ETF: What stocks are actually in NDQ?. This ETF is packed with tech stars. 
The post Betashares Nasdaq 100 ETF: What stocks are actually in NDQ? appeared first on The Motley Fool Australia.","Betashares Nasdaq 100 ETF: Welche Aktien befinden sich tatsächlich im NDQ? Dieser ETF ist voller Tech-Stars. 
Der Beitrag Betashares Nasdaq 100 ETF: Welche Aktien befinden sich tatsächlich im NDQ? erschien zuerst auf The Motley Fool Australia.","Betashares Nasdaq 100 ETF: Quae nervo actu in NDQ?. Hoc ETF tech sidera referta est. 
Post Betashares Nasdaq 100 ETF: Quae nervo actu in NDQ? apparuit primum in Australia The Motley Fool.",Australia,NAU,Oceania,acwe
a0d9d4fb05f738fb3f263e8f37a48459,2026-07-08T16:31:19Z,Flood,,www.xataka.com,es,0.3,"AEMET lo dice sin rodeos: en el Mediterráneo ya no tiene sentido hablar de ""noche tropical"" porque casi todas lo son","El 21 de junio, el termómetro del aeropuerto de Almería no bajó de 30,8 ºC en toda la noche. De hecho, a las siete de la mañana la temperatura era exactamente la mismo a la que hace veinte años hubiera sido una tarde de agosto. Parece un hecho aislado (al fin…",https://www.xataka.com/ecologia-y-naturaleza/aemet-dice-rodeos-mediterraneo-no-tiene-sentido-hablar-noche-tropical-porque-casi-todas,https://i.blogs.es/358da1/1270294515_0ad6954f2f_c-1-/840_560.jpeg,,"El 21 de junio, el termómetro del aeropuerto de Almería no bajó de 30,8 ºC en toda la noche. De hecho, a las siete de la mañana la temperatura era exactamente la mismo a la que hace veinte años hubie… [+2615 chars]","AEMET says it bluntly: in the Mediterranean it no longer makes sense to talk about a ""tropical night"" because almost all of them are. On June 21, the thermometer at Almería airport did not drop below 30.8 ºC all night. In fact, at seven in the morning the temperature was exactly the same as it would have been on an August afternoon twenty years ago. It seems like an isolated event (finally…","AEMET sagt es unverblümt: Im Mittelmeerraum macht es keinen Sinn mehr, von einer „tropischen Nacht“ zu sprechen, denn fast alle sind es. Am 21. Juni fiel das Thermometer am Flughafen Almería die ganze Nacht über nicht unter 30,8 °C. Tatsächlich war die Temperatur um sieben Uhr morgens genau so hoch wie an einem Augustnachmittag vor zwanzig Jahren. Es scheint ein isoliertes Ereignis zu sein (endlich ...","AEMET obtuse hoc dicit: in Mediterraneo iam non sensum loqui ""noctem tropicam"" facit quia fere omnes sunt. Die 21 Iunii, thermometrum in Almería aeriportum infra 30.8 ºC tota nocte non stillavit. Revera temperatura ante septem mane eadem prorsus fuit ac ante meridiem viginti annos Augusto fuisse. Res solitaria videtur (tandem…",United States,CNA,North-America,wmo
95a24a4111201b9a9dc07900178b40ff,2026-07-08T17:34:01Z,Heat Wave,,www.newsit.gr,el,0.9,"Καύσωνας στη Γαλλία: Νέα ρεκόρ υψηλών θερμοκρασιών, 78.000 στρέμματα γης έχουν γίνει στάχτη και","Ένα τρίτο κύμα καύσωνα χτυπά της Γαλλία, κατά σειρά σε λιγότερο από δύο μήνες έπειτα από εκείνο, εξαιρετικά πρώιμο, στα τέλη Μαΐου, το οποίο ακολούθησε ... 
To άρθρο Καύσωνας στη Γαλλία: Νέα ρεκόρ υψηλών θερμοκρασιών, 78.000 στρέμματα γης έχουν γίνει στάχτη κ…",https://www.newsit.gr/kosmos/kaysonas-sti-gallia-nea-rekor-ypsilon-thermokrasion-78-000-stremmata-gis-exoun-ginei-staxti/4723711/,https://www.newsit.gr/wp-content/uploads/2026/07/paris-reuters-1200x630.jpg,,", , , , . , 53 1947 2010.
 (08.07.2026) , , , .
 -- / REUTERS
. 78.000 , 44.000 2025, (Effis), (AFP).
 . , 22 , , .
 , 67 , , Météo-France, « » « ».
 , 38 41 , . (40,7 ) (40,7 ).
 / REUTERS
,… [+43 chars]","Heatwave in France: New record high temperatures, 78,000 hectares of land have turned to ash and. A third heat wave is hitting France, less than two months after the extremely early one at the end of May, which followed... 
The article Heat in France: New records of high temperatures, 78,000 hectares of land have turned to ash and...","Hitzewelle in Frankreich: Neue Rekordtemperaturen, 78.000 Hektar Land sind zu Asche geworden und. Eine dritte Hitzewelle trifft Frankreich, weniger als zwei Monate nach der extrem frühen Hitzewelle Ende Mai, die darauf folgte... 
Der Artikel Hitze in Frankreich: Neue Rekorde bei hohen Temperaturen, 78.000 Hektar Land sind zu Asche geworden und...","Heatwave in Gallia: Novae tabulae altae temperaturae, 78,000 hectares terrae in cinerem versae sunt. Tertius aestus undam Franciam ferit, minus duobus mensibus post unum primis primis in fine mensis Maii, qui sequebatur... 
Articulus Caloris in Gallia: Novae tabulae caliditatum, 78,000 hectares terrae in cinerem versae sunt et...",,,,random
6efe8e09bf4bdc4033a0abbc5e7c59f5,2026-07-08T22:33:58Z,Thunderstorm,,mobilelaby.com,ja,0.6,"プライムデーでイヤホンを買うならどれ？4,490円から選べる高評価モデルまとめ","Amazonプライムデーにて、ワイヤレスイヤホンや骨伝導イヤホンがセール価格で販売されています。

物価高や部品価格の上昇もあり、普段は手を出しにくい上位モデルも、プライムデー期間中は過去最安値で買いやすくなっています。

今回のセールでは、5,000円以下で購入できるAnker Soundcore P31iから、ノイズキャンセリング性能に定評のあるSony WF-1000XM5、Apple製品との相性が良いAirPods Pro 3、ランニングや自転車移動でも使いやすいShokzの骨伝導イヤホンまで幅広く対象に…",https://mobilelaby.com/blog-entry-prime-day-2026-earbuds-recommend.html,https://i0.wp.com/mobilelaby.com/wp/wp-content/uploads/prime-day-2026-earbuds-recommend.webp?fit=1280%2C853&ssl=1,,"5,000Soundcore P31i
5,000AnkerSoundcore P31i
4,49025%5,000Soundcore
5,0001
Soundcore Liberty 5
AnkerSoundcore Liberty 5
11,29025%
Liberty 4 NC
Dolby Audio
11
Shokz OpenRun
ShokzOpenRun
12… [+591 chars]","Which earphones should you buy on Prime Day? Summary of highly rated models available from 4,490 yen. On Amazon Prime Day, wireless earphones and bone conduction earphones are on sale at sale prices.

Due to rising prices of goods and parts, even high-end models that are usually hard to get your hands on are now available at record low prices during Prime Day.

This sale includes a wide range of items, from the Anker Soundcore P31i, which can be purchased for less than 5,000 yen, to the Sony WF-1000XM5, which has a reputation for its noise canceling performance, to the AirPods Pro 3, which is compatible with Apple products, to the Shokz bone conduction earphones, which are easy to use while running or cycling...","Welche Kopfhörer sollte man am Prime Day kaufen? Zusammenfassung hoch bewerteter Modelle, die ab 4.490 Yen erhältlich sind. Am Amazon Prime Day sind kabellose Ohrhörer und Knochenleitungs-Ohrhörer zu Sonderpreisen im Angebot.

Aufgrund der steigenden Waren- und Teilepreise sind jetzt am Prime Day auch High-End-Modelle, die normalerweise schwer zu bekommen sind, zu Rekordtiefpreisen erhältlich.

Dieser Verkauf umfasst eine breite Palette von Artikeln, vom Anker Soundcore P31i, der für weniger als 5.000 Yen erhältlich ist, über den Sony WF-1000XM5, der für seine Geräuschunterdrückungsleistung bekannt ist, über die AirPods Pro 3, die mit Apple-Produkten kompatibel sind, bis hin zu den Shokz-Kopfhörern mit Knochenleitung, die beim Laufen oder Radfahren einfach zu verwenden sind ...","Quod nec nonummy interdum in prima die emisti? Libri probantur exemplarium ex 4,490 yen. Kalendis Amazonibus, nectaria nec nonummy ossea conductionis nectaria pretiis venditionis sunt.

Ob pretia rerum et partium surgentium, exempla etiam summus finis, quae difficiles manus tuas acquirere solent, nunc in primis diebus in pretia minora praesto sunt.

Haec venditio amplis rerum includit, ab Anker Soundcore P31i, quae mercari potest minus quam 5,000 nummorum, ad Sony WF-1000XM5, quae famam habet ob sonum peremptionis faciendi, ad AirPods Pro 3, quod compatitur cum pomis fructibus, ad earphones conductionem Shokz, quae facile utetur dum currendo vel currendo...",,,,random
4e8a9d92575e4f214b77e6148570dadd,2026-07-09T04:13:00Z,Earthquake,,www.hola.com,es,0.3,La ola de calor tiene los días contados y ya hay fecha para el cambio de tiempo,"La segunda ola de calor terminará este viernes gracias a un cambio de masa de aire, aunque las altas temperaturas persistirán en muchas zonas y las tormentas volverán a ganar protagonismo",https://www.hola.com/actualidad/20260709911658/fin-ola-calor-aemet-tiempo-viernes-fin-semana/,https://www.hola.com/horizon/landscape/5a38c92e61f8-gettyimages-2282258508.jpg?im=Resize=(1200),http://web.archive.org/web/20260710110706/https://www.hola.com/actualidad/20260709911658/fin-ola-calor-aemet-tiempo-viernes-fin-semana/,"La segunda ola de calor del verano tiene las horas contadas, pero eso no significa que España vaya a despedirse del calor. Según la Agencia Estatal de Meteorología, el episodio extremo que comenzó el… [+2783 chars]","The days of the heat wave are numbered and there is already a date for the change of weather. The second heat wave will end this Friday thanks to a change in air mass, although high temperatures will persist in many areas and storms will once again gain prominence","Die Tage der Hitzewelle sind gezählt und es gibt bereits einen Termin für den Wetterumschwung. Die zweite Hitzewelle wird an diesem Freitag dank einer Veränderung der Luftmasse enden, obwohl die Temperaturen in vielen Gebieten weiterhin hoch bleiben und Stürme erneut an Bedeutung gewinnen werden","Dies aestus numerantur, et iam dies est ad mutationem tempestatum. Secunda unda caloris hanc Veneris ob mutationem aeris molem finiet, quamvis altae temperaturae in multis locis et procellis perseverent iterum eminentiam consequentur.",Peru,NWS,South-America,usgs
ce2de8d505242ed5a2b3d0c4561b0ab4,2026-07-09T04:18:48Z,Thunderstorm,,dialogos.com.cy,el,0.9,"Καιρός: Καταιγίδες, βροχές και χαλάζι σήμερα","Εποχική χαμηλή πίεση επικρατεί στην περιοχή, ενώ ασταθείς καιρικές συνθήκες συνεχίζουν να επηρεάζουν το νησί μέχρι και αύριο. Σήμερα, μετά τη διάλυση της τοπικής χαμηλής νέφωσης και της αραιής ομίχλης, ο καιρός στις πλείστες περιοχές του νησιού θα καταστεί κυ…",https://dialogos.com.cy/kairos-kataigides-vroches-kai-chalazi-simera/,https://dialogos.com.cy/wp-content/uploads/2025/12/kairos-vroxi-vroxes-1.webp,,", .
, , . , , . . , , 3 4 , 4 5 . . 36 , 30 , 33 24 .
 , , . , , . , 3 . , . 22 , 23 17 .
 , , , , , .
 .
 , . .","Weather: Thunderstorms, rain and hail today. Seasonal low pressure prevails in the area, while unstable weather conditions continue to affect the island until tomorrow. Today, after the dissolution of the local low clouds and thin fog, the weather in most areas of the island will become...","Wetter: Heute Gewitter, Regen und Hagel. In der Region herrscht saisonaler Tiefdruck, während die Insel bis morgen weiterhin von instabilen Wetterbedingungen betroffen ist. Heute, nach der Auflösung der lokalen niedrigen Wolken und des dünnen Nebels, wird das Wetter in den meisten Gebieten der Insel ...","Tempestas: Procellae, pluviae et grando hodie. Pressio temporis humilis in area praevalet, dum condiciones tempestatum instabiles usque ad crastinum insulam afficere pergunt. Hodie, dissolutione locorum obscurorum ac nebularum tenuium, tempestas in pluribus locis insulae fiet...",,,,random
016ce65a8648a8990dc28423e9058bed,2026-07-09T07:25:20Z,Heat Wave,,agriculture.gouv.fr,fr,0.3,le gouvernement annonce un plan d’urgence engrais pour les agriculteurs et une stratégie durable pour notre souveraineté en engrais,"Face au renchérissement exceptionnel des prix des engrais azotés observé depuis le début de la crise au Moyen-Orient, Annie Genevard, ministre de l’agriculture, de l’agro-alimentaire et de la souveraineté alimentaire, et Sébastien Martin, ministre délégué cha…",https://agriculture.gouv.fr/le-gouvernement-annonce-un-plan-durgence-engrais-pour-les-agriculteurs-et-une-strategie-durable,https://agriculture.gouv.fr/sites/default/files/styles/ds_vignette/public/26153_042_RZ.jpg?itok=VVUdy445,,"Les engrais sont agronomiquement indispensables à la production agricole et à notre souveraineté alimentaire. La flambée de leurs prix, provoquée par les tensions géopolitiques au Moyen-Orient, fragi… [+6702 chars]","the government announces a fertilizer emergency plan for farmers and a sustainable strategy for our fertilizer sovereignty. Faced with the exceptional increase in the prices of nitrogen fertilizers observed since the start of the crisis in the Middle East, Annie Genevard, Minister of Agriculture, Agri-Food and Food Sovereignty, and Sébastien Martin, Minister Delegate for…","Die Regierung kündigt einen Düngenotfallplan für Landwirte und eine nachhaltige Strategie für unsere Düngemittelsouveränität an. Angesichts des seit Beginn der Krise im Nahen Osten beobachteten außergewöhnlichen Preisanstiegs für Stickstoffdünger haben Annie Genevard, Ministerin für Landwirtschaft, Ernährung und Ernährungssouveränität, und Sébastien Martin, delegierter Minister für…","imperium denuntiat stercoribus subitis consilium agricolis ac sustineri consilium pro imperio nostro stercorat. Respectus cum incrementis eximiae fecunditatis NITROGENII pretia observata ab initio discriminis in Medio Oriente, Annie Genevard, Ministerii Agriculture, Agri-Cibi et Cibus imperii, et Sébastien Martin, Minister Delegatus pro…",Switzerland,WCE,Europe,wmo
712729d8306ef4697a8d733f16f92857,2026-07-09T07:52:07Z,Storm,,moeyo.com,ja,0.75,09.07.2026 Moeyo.com News,■ 杖を掲げて魔法を放つ躍動感あふれるポーズに注目！『葬送のフリーレン』より、フリーレンがプライズフィギュアに登場！ ■ もこもこダウンジャケットで防寒バッチリ！『ゆるキャン△』志摩リンがフリューからプライズフィギュアとなって登場！ ■ 金色の髪をなびかせた凛々しいポーズ！『To LOVEる-とらぶる-ダークネス』金色の闇をビキニ姿でプライズフィギュア化！ ■ 『姉なるもの』千夜の1/6スケールフィギュア彩色見本が初公開！あみあみ限定で近日予約開始予定！ ■「セントルイス　レースクイーンVer.」デコマスご紹介（…,https://moeyo.com/article/163813,,,"HOME
 &gt;
&gt;
09.07.2026 Moeyo.com News","09.07.2026 Moeyo.com News. ■ Pay attention to the dynamic pose where he raises his cane and releases magic! From “Funeral Freelen”, Freelen appears as a prize figure! ■ Perfect protection against the cold with this fluffy down jacket! “Yuru Camp△” Rin Shima is now available as a prize figure from Furyu! ■ A dignified pose with flowing golden hair! ""To LOVE-Ru Darkness"" Golden darkness is made into a prize figure in a bikini! ■ ""Ane Naru Mono"" Chiya's 1/6 scale figure coloring sample is released for the first time! Pre-orders will start soon, exclusive to AmiAmi! ■Introducing “St. Louis Race Queen Ver.” Decomas (…","09.07.2026 Moeyo.com-Neuigkeiten. ■ Achten Sie auf die dynamische Pose, in der er seinen Stock hebt und Magie freisetzt! In „Funeral Freelen“ erscheint Freelen als Preisfigur! ■ Perfekter Kälteschutz mit dieser flauschigen Daunenjacke! „Yuru Camp△“ Rin Shima ist jetzt als Preisfigur von Furyu erhältlich! ■ Eine würdevolle Pose mit wallendem goldenem Haar! „To LOVE-Ru Darkness“ Die goldene Dunkelheit wird zu einer tollen Figur im Bikini! ■ „Ane Naru Mono“ Chiyas Figuren-Farbmuster im Maßstab 1:6 wird zum ersten Mal veröffentlicht! Die Vorbestellungen beginnen bald, exklusiv bei AmiAmi! ■Wir stellen vor: „St. Louis Race Queen Ver.“ Decomas (…","09.07.2026 Moeyo.com News. ■ Attende ad positionem dynamicam, ubi ferulam levat et magicam dimittit! Ex ""funebris Freelen"", Freelen ut praemium figurae apparet! ■ Perfecta munimenta contra frigus cum hoc crinitum iaccam! ""Yuru Camp△"" Rin Shima nunc praesto est ut praemium figurae ab Furyu! ■ Digna poseit aurato crine fluenti! ""Amor-Ru Tenebrae"" Aureae tenebrae fiunt in praemium figurae in bikini! ■ ""Ane Naru Mono"" Chiya 1/6 scala figurae colorandi specimen primum dimissum est! Pre-ordines mox incipiet, AmiAmi exclusive! ■ Introducendis ""St. Ludovicum Race Reginam Ver."" Decomas (…",Vanuatu,SPO,Oceania,wmo
d7f8a06bfc91a104bb6e0233e2b0045f,2026-07-09T08:00:00Z,Heat Wave,,www.asahi.com,ja,0.9,熱波到来の2027春夏パリメンズ 「トレンド」よりも世界観を重視,6月下旬に開催された2027年春夏のパリ・メンズファッションウィークは、各ブランドがトレンドから距離を置き、長く着られること、ブランドごとの哲学や世界観を重視することに軸足を移したシーズンだった。　…,https://www.asahi.com/articles/ASV7722NXV77UCVL00LM.html,https://imgopt.asahi.com/ogp/AS20260707003060_comm.jpg,http://web.archive.org/web/20260709113657/https://www.asahi.com/articles/ASV7722NXV77UCVL00LM.html,Copyright © The Asahi Shimbun Company. All rights reserved. No reproduction or republication without written permission.,"The 2027 Spring/Summer Paris Men's Fashion Week, which was held in late June, was a season in which each brand distanced itself from trends and focused on products that could be worn for a long time, and on each brand's philosophy and worldview. ...","Die Pariser Herrenmodewoche Frühjahr/Sommer 2027, die Ende Juni stattfand, war eine Saison, in der sich jede Marke von Trends distanzierte und sich auf Produkte konzentrierte, die lange getragen werden konnten, sowie auf die Philosophie und Weltanschauung jeder Marke. ...","2027 Ver/aestivum Paris Fashion Men's Fashion, quod in mense Iunio habebat, tempus erat quo singulae notae se elongabant a trendibus et feruntur productis quae diu deferri poterant, et in singulis philosophiae notae et in mundo. ...",,,,random
103c91014036dc620eed919958dc42c7,2026-07-09T08:45:42Z,Thunderstorm,,www.naftemporiki.gr,el,0.9,Νότια Κίνα: 39 νεκροί μετά από την τροπική καταιγίδα Maysa,"Οι πλημμύρες που προκλήθηκαν από την τροπική καταιγίδα Maysak κόστισαν τη ζωή σε 39 ανθρώπους στη νότια Κίνα.
26 από αυτούς έχασαν τη ζωή τους μετά από ρήξη φράγματος που…
Νότια Κίνα: 39 νεκροί μετά από την τροπική καταιγίδα Maysa - Η ΝΑΥΤΕΜΠΟΡΙΚΗ",https://www.naftemporiki.gr/kosmos/2135312/notia-kina-39-nekroi-meta-apo-tin-tropiki-kataigida-maysa/,https://www.naftemporiki.gr/wp-content/uploads/2026/07/kina-plimmyres.jpg,http://web.archive.org/web/20260709181737/https://www.naftemporiki.gr/kosmos/2135312/notia-kina-39-nekroi-meta-apo-tin-tropiki-kataigida-maysa/,"Maysak 39 .
26 .
 , , .
 , ,   .
 130.000 , drones .
 8.000 5.700 .
, 10-40 90 , .
 , 100 , , , , .
: Al Jazeera","South China: 39 dead after tropical storm Maysa. Flooding caused by Tropical Storm Maysak has killed 39 people in southern China.
26 of them died after a dam burst which…
South China: 39 dead after tropical storm Maysa - THE SEAFOOD","Südchina: 39 Tote nach Tropensturm Maysa. Bei Überschwemmungen durch den Tropensturm Maysak sind im Süden Chinas 39 Menschen ums Leben gekommen.
26 von ihnen starben nach einem Dammbruch, der…
Südchina: 39 Tote nach Tropensturm Maysa – THE SEAFOOD","Sinae Australes: 39 post tempestatem tropicam Maysa mortui. Inundatio a Tropical Maysak 39 homines in Sinis meridianis necavit.
26 Eorum postquam a matre crepuerunt, mortuus est.
Sinae Australes: 39 post tempestatem tropicam Maysa mortui - THE SEAFOOD",,,,random
1311e629c88e2e8aa4e3d5cfeaf8fd43,2026-07-09T10:35:37Z,Heat Wave,,workingnews117.com,ja,0.9,【絶望】ドイツ人さん、熱波で5000人以上が死亡　なお、熱波はこれからも強化されて行く見込み,引用元：https:///livegalileo/1783512190/ 1 ：それでも動く名無し：2026/07/08(水) 21:03:10.20 ID:0vwM+Bvq0 &nbsp; ドイツ、6月の熱波で5000人以上死亡か　新築でも冷房ありは4% https://www.nikkei.com/article/DGXZQOGR07BOB0X00C26A7000000/ エルニーニョ現象７～９月にさらに発達見通し…ＷＭＯ「熱波・豪雨など異常気象の恐れ」 https://news.yahoo.co.jp/ar…,http://workingnews117.com/blog-entry-22093.html,https://blog-imgs-182.fc2.com/w/o/r/workingnews/entry_img_22093.jpg,,"3 2026/07/08() 21:04:54.34 ID:RklKYDd40 
  
4 2026/07/08() 21:05:09.36 ID:m07R6PSc0 
7 2026/07/08() 21:06:08.94 ID:9zU4AtYQ0 
14 2026/07/08() 21:08:58.93 ID:bk/mpr1/0 
w  
  
9 2026/07/08() 21… [+1032 chars]","[Despair] More than 5,000 Germans have died due to the heat wave, and the heat wave is expected to continue to intensify. Source: https:///livegalileo/1783512190/ 1: Still moving Anonymous: 2026/07/08 (Wed) 21:03:10.20 ID:0vwM+Bvq0 &nbsp; More than 5,000 people died in June's heat wave in Germany; 4% of newly built buildings had air conditioning https://www.nikkei.com/article/DGXZQOGR07BOB0X00C26A7000000/ El Niño phenomenon expected to further develop from July to September...WMO ``Fear of abnormal weather such as heat wave and heavy rain'' https://news.yahoo.co.jp/ar…","[Verzweiflung] Mehr als 5.000 Deutsche sind durch die Hitzewelle gestorben, und es wird erwartet, dass sich die Hitzewelle weiter verschlimmert. Quelle: https:///livegalileo/1783512190/ 1: Immer noch in Bewegung Anonym: 08.07.2026 (Mi) 21:03:10.20 ID:0vwM+Bvq0 &nbsp; Mehr als 5.000 Menschen starben bei der Hitzewelle im Juni in Deutschland; 4 % der neu gebauten Gebäude verfügten über eine Klimaanlage https://www.nikkei.com/article/DGXZQOGR07BOB0X00C26A7000000/ Es wird erwartet, dass sich das El-Niño-Phänomen von Juli bis September weiter entwickeln wird...WMO „Angst vor ungewöhnlichem Wetter wie Hitzewelle und starkem Regen“ https://news.yahoo.co.jp/ar…","Plus quam 5,000 Germanorum ob aestum fluctuum mortui sunt, et aestus fluctuum augere perseverare expectat. Source: https:///livegalileo/1783512190/ 1: Adhuc movens Anonymous: 2026/07/08 (Sat) 21:03:10.20 ID:0vwM+Bvq0&nbsp; Plus quam 5,000 homines mense Iunio fluctuanti in Germania mortui sunt; 4% aedificia nuper aedificata habuerunt condiciones aeris https://www.nikkei.com/article/DGXZQOGR07BOB0X00C26A7000000/ El Niño phaenomenon ab Iulio ad Septembrem longius expectatur... WMO `Timor tempestatum abnormis ut calor fluctus et pluviae gravis'' https://news.yahoo.co.jp/ar...",,,,random
d267839478af955e82fc1908e47b798d,2026-07-09T11:55:30Z,Precipitation,,hindi.moneycontrol.com,hi,0.3,"एक दिन देर से ही सही पूरे देश में छा तो गया मानसून पर बारिश के ये 3 आंकड़े चिंता बढ़ाने वाले, IMD का बिग अपडेट","Monsoon Rain Update: भारतीय मौसम विज्ञान विभाग (IMD) ने गुरुवार को एक बड़ा अपडेट शेयर किया है। इसके मुताबिक दक्षिण-पश्चिम मानसून ने राजस्थान, हरियाणा और पंजाब के बचे हुए हिस्सों में आगे बढ़ते हुए पूरे देश को कवर कर लिया है। पूरे देश में मानसून के छाने में साम…",https://hindi.moneycontrol.com/india/monsoon-rain-update-imd-rainfall-deficit-july-weather-forecast-india-monsoon-2026-article-2418360.html,https://images.moneycontrol.com/static-hindinews/2026/07/wethar-rain-alert.jpg,http://web.archive.org/web/20260709122559/https://hindi.moneycontrol.com/india/monsoon-rain-update-imd-rainfall-deficit-july-weather-forecast-india-monsoon-2026-article-2418360.html,"Monsoon Rain Update: (IMD) - , (8 ) 3 :
 3 
IMD -
1- 40% 
 40 50.4 1901 (99.5 ) 
2- 14% 
 IMD 1 9 14 
3- (94% LPA)
 30 7 10 ( ) (LPA) 94 
 LPA?
 (Long-Period Average) ( ) 30 50 1971 2020 (L… [+55 chars]","Even though it was a day late, the monsoon spread across the country, these 3 figures of rain are worrying, big update from IMD. Monsoon Rain Update: The Indian Meteorological Department (IMD) shared a big update on Thursday. According to this, the South-West Monsoon has advanced into the remaining parts of Rajasthan, Haryana and Punjab and covered the entire country. The entire country is under the influence of monsoon…","Obwohl es einen Tag zu spät war, breitete sich der Monsun über das ganze Land aus, diese drei Regenmengen sind besorgniserregend, großes Update von IMD. Monsunregen-Update: Das Indian Meteorological Department (IMD) hat am Donnerstag ein großes Update veröffentlicht. Demnach ist der Südwestmonsun bis in die restlichen Teile Rajasthans, Haryanas und Punjabs vorgedrungen und hat das gesamte Land erfasst. Das ganze Land steht unter dem Einfluss des Monsuns…","Cum dies sero esset, monsmon per regionem divulgatus est, hae 3 imbres molesti sunt, magna renovatio ab IMD. Monsoon Renovatio Pluviae: Indicum Meteorologicum Department (IMD) magnum renovatio die Iovis communicavit. Secundum hoc, Meridionalis-Occidens Monsoon in reliquas partes Rajasthan, Haryana et Punjab profectus est et totam regionem operuit. Tota regio impulsu ETESIA...",Thailand,SEA,Asia,wmo
d61592a50ae03d2942b490b1129bdba1,2026-07-09T13:03:56Z,Thunderstorm,,www.alphafreepress.gr,el,0.9,Πέθανε η Μπόνι Τάιλερ: Η γυναίκα που τραγούδησε τον έρωτα σαν καταιγίδα,"Η τραγουδίστρια που έγινε πασίγνωστη από το «Total Eclipse of the Heart», άφησε την τελευταία της πνοή σε νοσοκομείο της Πορτογαλίας - «Απροσδόκητο» χαρακτηρίζει τον θάνατό της η οικογένεια της Βρετανίδας μέσω ανακοίνωσης που εξέδωσαν",https://www.alphafreepress.gr/2026/07/09/psixagogia/politismos/pethane-i-mponi-tailer-i-gynaika-pou-tragoudise-ton-erota-san-kataigida/,https://www.alphafreepress.gr/wp-content/uploads/2026/07/Bonnie-Tyler2.jpg,,", , , 75 , , . , «Total Eclipse of the Heart», , .
 , , . , .
 , . , . , . , , .
 . . . , , .
 8 1951 , , . , , . , : , , Beatles. , , «All Things Bright and Beautiful».
 , , . 16 . 1969 , , . .… [+1140 chars]","Bonnie Tyler has died: The woman who sang love like a storm. The singer who became famous from ""Total Eclipse of the Heart"", breathed her last in a hospital in Portugal - ""Unexpected"" the British family describes her death through a statement issued","Bonnie Tyler ist gestorben: Die Frau, die die Liebe wie ein Sturm sang. Die durch „Total Eclipse of the Heart“ berühmt gewordene Sängerin hat in einem Krankenhaus in Portugal ihren letzten Atemzug getan – „Unerwartet“ beschreibt die britische Familie ihren Tod in einer Stellungnahme","Bonnie Tyler obiit: Mulier quae amorem quasi tempestas cecinit. Cantor, qui clarus factus est ex ""Eclipse Cordis"", exspiravit in valetudinarium Portugalliae - ""Inopinatus"" Britanniae familia mortem suam describit per denuntiationem editam.",,,,random
6baa950b3c6364e0b86eae4cbb61ac95,2026-07-09T13:46:19Z,Heat Wave,,www.patronlardunyasi.com,tr,0.9,Sıcak hava dalgası Louvre'u da vurdu; dünyaca ünlü müze erken kapanacak,"Fransa'yı etkisi altına alan aşırı sıcak hava dalgası, dünyanın en çok ziyaret edilen müzelerinden Louvre'un çalışma düzenini değiştirdi.",https://www.patronlardunyasi.com/sicak-hava-dalgasi-louvreu-da-vurdu-dunyaca-unlu-muze-erken-kapanacak,https://i.pdimage.com/static/content/26-07/09/louvre.png,,"Louvre Müzesi, resmi sosyal medya hesabndan yapt açklamada, yüksek scaklklar nedeniyle ziyaretçilerin ve çalanlarn güvenlii için çalma saatlerinin geçici olarak yeniden düzenlendiini duyurdu.
Buna g… [+668 chars]","The heat wave also hit the Louvre; The world famous museum will close early. The extreme heat wave that affected France changed the working order of the Louvre, one of the most visited museums in the world.","Die Hitzewelle traf auch den Louvre; Das weltberühmte Museum wird vorzeitig schließen. Die extreme Hitzewelle, die Frankreich heimsuchte, veränderte die Funktionsweise des Louvre, eines der meistbesuchten Museen der Welt.","Calor etiam Louvre undam percussit; Celeberrimum museum claudet mane. Ex aestu nimio, qui Franciam affectavit, ordinem laborantem Louvre mutavit, unus e maxime musea in mundo visitavit.",,,,random
71be8b1b3c4548d19ab8fb717784e369,2026-07-09T15:01:00Z,Snow&Ice,,nightwalker.cocolog-nifty.com,ja,0.25,eMAXIS Slim 全世界株式（オール・カントリー）　2026.6月次報告　いつの間にか台湾の組み入れ比率が3位に！,eMAXIS Slim 全世界株式（オール・カントリー）。今月の月次報告で...,http://nightwalker.cocolog-nifty.com/money/2026/07/post-59f71f.html,https://nightwalker.cocolog-nifty.com/money/images/202607101.png,,"crossorigin=""anonymous"">eMAXIS Slim 全世界株式（オール・カントリー）。今月の月次報告です。ｅＭＡＸＩＳ Ｓｌｉｍ 全世界株式（オール・カントリー）2026.6月次報告書2026/6 ベンチマークとの乖離2026/06ファンドベンチマーク1ヵ月5.1%4.9%3ヵ月9.2%9.2%6ヵ月15.4%15.2%1年43.7%43.4%3年106.4%105.6%設定… [+16672 chars]","eMAXIS Slim Worldwide Stocks (All Country) 2026.6 Monthly Report Before you know it, Taiwan's inclusion ratio has reached 3rd place! eMAXIS Slim All World Stocks (All Country). In this month's monthly report...","eMAXIS Slim Worldwide Stocks (All Country) 2026.6 Monatsbericht Bevor Sie es merken, hat Taiwans Inklusionsquote den 3. Platz erreicht! eMAXIS Slim Alle Weltaktien (Alle Länder). Im Monatsbericht dieses Monats...","eMAXIS Gracilis (Omnis Country) 2026.6 Monthly Report Priusquam id scis, ratio inclusionis Taiwan locum 3 pervenit! eMAXIS Slim All World Stocks (All Country). In hoc mense menstrua fama...",Argentina,SES,South-America,wmo
dec02db115756d00257c3d7e7d0700b4,2026-07-09T15:17:25Z,Heat Wave,,www.journaldugeek.com,fr,0.7,"La date de fin de la canicule que tout le monde cherche n’existe pas encore, et voici pourquoi personne ne peut vous la donner avec certitude","La France traverse sa troisième canicule de l'année 2026, après les épisodes de fin mai et de juin. Le pic est attendu ce vendredi 10 juillet, avec des pointes à 38-40°C sur la moitié sud du pays.",https://www.journaldugeek.com/2026/07/09/la-date-de-fin-de-la-canicule-que-tout-le-monde-cherche-nexiste-pas-encore-et-voici-pourquoi-personne-ne-peut-vous-la-donner-avec-certitude/,https://www.journaldugeek.com/app/uploads/2026/07/thermometre-chaleur-ville-canicule-france-1600x900.jpeg,,"Mais avant de chercher une date précise de fin, une précision s’impose, contrairement à ce que suggèrent certains, aucune date unique et certaine n’existe à ce stade. Voici ce que disent vraiment les… [+4342 chars]","The end date for the heatwave that everyone is looking for doesn't exist yet, and here's why no one can give it to you with certainty. France is going through its third heatwave of the year 2026, after the episodes at the end of May and June. The peak is expected this Friday July 10, with peaks of 38-40°C in the southern half of the country.","Das Enddatum der Hitzewelle, nach dem alle suchen, gibt es noch nicht, und deshalb kann es Ihnen niemand mit Sicherheit nennen. Nach den Episoden Ende Mai und Juni erlebt Frankreich seine dritte Hitzewelle im Jahr 2026. Der Höhepunkt wird für diesen Freitag, den 10. Juli, erwartet, mit Höchsttemperaturen von 38–40 °C in der südlichen Hälfte des Landes.","Finis date pro heatwave quem quisque quaerit nondum exsistit, et hic est cur nemo eam tibi certo dare potest. Gallia per tertiam ardorem anni 2026 perambulat, post narrationes in fine mensis Maii et Iunii. Vertex exspectatur hoc Veneris die 10 Iulii, cum 38-40°C cacumina in media regione meridionali.",France,WCE,Europe,wmo
816ab56e076ad3e437b93fab9363b97c,2026-07-09T20:46:07Z,Thunderstorm,,life.ru,ru,0.8,Минтранс: Гроза и ливень в Москве могут повлиять на расписание рейсов,"По информации Минтранса РФ, в связи с прогнозируемыми неблагоприятными погодными условиями (ливень, гроза) в Московском регионе с ночи пятницы до конца выходных возможны корректировки в расписании авиарейсов и их отмены.",https://life.ru/p/1897921,https://static.life.ru/ip/unsafe/rs:fit:1200:/q:98/sh:0.5/czM6Ly9saWZlLXN0YXRpYy9wdWJsaWNhdGlvbnMvMjAyNS8xMS8xNS82NjUzOTUyNzYxNjMuNjIzMi5qcGVn.webp,http://web.archive.org/web/20260710142107/https://life.ru/p/1897921,", (, ) .
« : , . , », .
 : . - - , .
, : , 10 , . 03:00 21:00 . 12:00 21:00 : , , 1520 /.
 « » Life.ru.","Ministry of Transport: Thunderstorms and rain in Moscow may affect flight schedules. According to the Ministry of Transport of the Russian Federation, due to predicted unfavorable weather conditions (rain, thunderstorms) in the Moscow region from Friday night until the end of the weekend, adjustments to the flight schedule and their cancellations are possible.","Verkehrsministerium: Gewitter und Regen in Moskau können Flugpläne beeinträchtigen. Nach Angaben des Verkehrsministeriums der Russischen Föderation sind aufgrund der vorhergesagten ungünstigen Wetterbedingungen (Regen, Gewitter) in der Region Moskau von Freitagnacht bis zum Ende des Wochenendes Anpassungen des Flugplans und deren Annullierungen möglich.","Ministerium Transport: Tonitruum et pluviae Moscuae cedulas fugae afficere possunt. Secundum Ministerium Transportus Foederationis Russicae, propter condiciones tempestatum praedixit adversas (pluvia, tonitrua) in regione Moscuensi a nocte Veneris usque ad finem volutpat vestibulum, adaptationes ad cedulam fugae et earum cancellationes fieri possunt.",Russia,ESB,Europe,wmo
4a7bc68a947d758048b841eac3c475c4,2026-07-09T21:06:53Z,Tropical Cyclone,,tw.news.yahoo.com,zh,0.25,萬里溪堰塞湖達紅色警戒　預估「這段時間」恐發生溢流,地方中心／趙永博、馬聖傑、黃彥誠 花蓮報導巴威颱風來勢洶洶，位在花蓮的萬里溪堰塞湖，今天一早，已經提升為紅色警戒！萬榮鄉萬榮村以及鳳林鎮的五個里，都被納入警戒範圍！目前萬里溪堰塞湖水位，距離壩頂只差9公尺，蓄水量已達到370萬立方公尺，若降下豪雨，恐怕發生溢流！預估溢流一個半小時後，就會抵達下游區域。,https://tw.news.yahoo.com/%E8%90%AC%E9%87%8C%E6%BA%AA%E5%A0%B0%E5%A1%9E%E6%B9%96%E9%81%94%E7%B4%85%E8%89%B2%E8%AD%A6%E6%88%92-%E9%A0%90%E4%BC%B0-%E9%80%99%E6%AE%B5%E6%99%82%E9%96%93-%E6%81%90%E7%99%BC%E7%94%9F%E6%BA%A2%E6%B5%81-050653319.html,https://s.yimg.com/lo/mysterio/api/d75426c4ba03ace01930314ea498201ad1a6a396410d6940dec15cf93f41339b/lightyear_networkapi/resizefill_w1200;quality_80;format_webp/https:%2F%2Fmedia.zenfs.com%2Fko%2Fftvn.com.tw%2F162e7e05d19a0158b9a5aa5ec3a02639,,"945,805.6246,064.0645,352.41379.8045,354.6145,80046,49545,70163346,281...","Wanlixi Barrier Lake is on red alert. It is expected that overflow may occur ""during this period"". Local Center/Zhao Yongbo, Ma Shengjie, Huang Yancheng Hualien reported that Typhoon Bawei is approaching fiercely. The Wanlixi Barrier Lake in Hualien has been raised to red alert early this morning! Wanrong Village in Wanrong Township and five li in Fenglin Town have been included in the warning range! The current water level of Wanli Creek Barrier Lake is only 9 meters away from the top of the dam, and the water storage capacity has reached 3.7 million cubic meters. If there is heavy rain, there may be an overflow! It is estimated that the overflow will reach the downstream area in one and a half hours.","Am Wanlixi Barrier Lake herrscht Alarmstufe Rot. Es wird erwartet, dass es „in diesem Zeitraum“ zu einem Überlauf kommen kann. Lokales Zentrum/Zhao Yongbo, Ma Shengjie, Huang Yancheng Hualien berichteten, dass sich der Taifun Bawei mit großer Geschwindigkeit nähert. Der Wanlixi-Sperrsee in Hualien wurde heute früh in Alarmbereitschaft versetzt! Das Dorf Wanrong in der Gemeinde Wanrong und fünf Li in der Stadt Fenglin wurden in den Warnbereich aufgenommen! Der aktuelle Wasserstand des Wanli Creek Barrier Lake liegt nur 9 Meter von der Spitze des Staudamms entfernt und die Wasserspeicherkapazität hat 3,7 Millionen Kubikmeter erreicht. Bei starkem Regen kann es zu Überlauf kommen! Es wird geschätzt, dass der Überlauf in eineinhalb Stunden das flussabwärts gelegene Gebiet erreichen wird.","Wanlixi Obex Lacus in rubrum erectus est. Exspectatur ut redundantia ""per hoc tempus"" contingat. Locus Centre/Zhao Yongbo, Ma Shengjie, Huang Yancheng Hualien rettulerunt Typhoon Bawei acriter appropinquare. Wanlixi Obex Lacus in Hualien mane hoc mane vigilans evectus est! Wanrong Villa in Wanrong Villata et quinque li in Fenglin Oppido in range monitione comprehensa sunt! Hodierna aqua planities Wanli Creek Obex Lacus tantum 9 metra a summo matris aberat, et aqua repono capacitatis 3.7 decies metrorum cubicorum pervenit. Si gravis pluvia, sit redundantia! Aestimatur redundantiam aream amni in una et media hora perventuram.",China,EAS,Asia,wmo
a9b15c60ea886c4361676bea2a8acdcf,2026-07-10T00:56:00Z,Fog,,tw.news.yahoo.com,zh,0.4,天氣超好為何放颱風假？氣象署揭真相：真正的考驗還沒到,中度颱風「巴威」持續逼近台灣，不少民眾今（10）日上午發現各地仍陽光露臉、甚至高溫炎熱，忍不住質疑「天氣這麼好，為什麼要放颱風假？」對此，中央氣象署解釋，目前只是颱風影響前的短暫平靜，真正的風雨將從今晚起快速增強，10日晚間至11日白天將是巴威最接近台灣、影響最劇烈的時段，北部山區累積雨量甚至上看900毫米，提醒民眾切勿因一時晴朗而掉以輕心。 天氣超好為何放颱風假？ 今（10）日台北市、新北市、基隆市、桃園市、新竹縣、新竹市、苗栗縣、宜蘭縣、花蓮縣、連江縣皆停班停課。 中央氣象署預報中心技正謝佩芸表示，巴威環流相…,https://tw.news.yahoo.com/%E5%A4%A9%E6%B0%A3%E8%B6%85%E5%A5%BD%E7%82%BA%E4%BD%95%E6%94%BE%E9%A2%B1%E9%A2%A8%E5%81%87-%E6%B0%A3%E8%B1%A1%E7%BD%B2%E6%8F%AD%E7%9C%9F%E7%9B%B8-%E7%9C%9F%E6%AD%A3%E7%9A%84%E8%80%83%E9%A9%97%E9%82%84%E6%B2%92%E5%88%B0-005600606.html,https://s.yimg.com/lo/mysterio/api/13dd4ecebdabdfbd531d710a32254f666af7ca4db8adac1c5740e8876edd9f5f/lightyear_networkapi/resizefill_w1200;quality_80;format_webp/https:%2F%2Fmedia.zenfs.com%2Fko%2Febc.net.tw%2F675fdd8bc523328e4e3c4a0ea8f6d79f,,2026711 03:00590Luis de la FuenteAymeric LaportePau Cubarsí60%Rudi GarciaCharles De KetelaereRomelu LukakuLeandro Trossard-0.750.752.51.8011,"Why take a typhoon holiday when the weather is so nice? The Meteorological Administration reveals the truth: The real test has not yet come. Moderate typhoon ""Bavi"" continues to approach Taiwan. Many people found that this morning (10th) there was still sunshine and even high temperatures in various places. They couldn't help but question, ""Why is there a typhoon holiday when the weather is so good?"" In this regard, the Central Meteorological Administration explained that it is only before the impact of the typhoon. After a short period of calm, the real wind and rain will rapidly intensify from tonight. The evening of the 10th and the day of the 11th will be the period when Bawei is closest to Taiwan and has the most severe impact. The accumulated rainfall in the northern mountainous areas may even reach 900 millimeters. The public is reminded not to take it lightly because of the temporary clear weather. Why take a typhoon holiday when the weather is so nice? Today (10th) Taipei City, New Taipei City, Keelung City, Taoyuan City, Hsinchu County, Hsinchu City, Miaoli County, Yilan County, Hualien County, and Lianjiang County will suspend classes and classes. Xie Peiyun, a technician at the Forecast Center of the Central Meteorological Administration, said that the Bahrain circulation phase...","Warum einen Taifun-Urlaub machen, wenn das Wetter so schön ist? Die Meteorologische Behörde enthüllt die Wahrheit: Der eigentliche Test ist noch nicht gekommen. Der mittelschwere Taifun „Bavi“ nähert sich weiterhin Taiwan. Viele Menschen stellten fest, dass es heute Morgen (10.) noch Sonnenschein und an verschiedenen Orten sogar hohe Temperaturen gab. Sie kamen nicht umhin zu fragen: „Warum gibt es einen Taifun-Feiertag, wenn das Wetter so gut ist?“ Diesbezüglich erklärte die Zentrale Meteorologische Verwaltung, dass es erst vor dem Aufprall des Taifuns sei. Nach einer kurzen Ruhephase werden der echte Wind und der Regen ab heute Nacht rasch stärker. Der Abend des 10. und der Tag des 11. werden die Zeit sein, in der Bawei Taiwan am nächsten ist und die stärksten Auswirkungen hat. Die Niederschlagsmenge in den nördlichen Bergregionen kann sogar 900 Millimeter erreichen. Die Öffentlichkeit wird daran erinnert, es aufgrund des vorübergehend klaren Wetters nicht auf die leichte Schulter zu nehmen. Warum einen Taifun-Urlaub machen, wenn das Wetter so schön ist? Heute (10.) werden die Stadt Taipei, die Stadt New Taipei, die Stadt Keelung, die Stadt Taoyuan, der Kreis Hsinchu, die Stadt Hsinchu, der Kreis Miaoli, der Kreis Yilan, der Kreis Hualien und der Kreis Lianjiang den Unterricht und die Kurse aussetzen. Xie Peiyun, ein Techniker im Prognosezentrum der Central Meteorological Administration, sagte, dass die Zirkulationsphase in Bahrain ...","Cur ferias typhonas accipies, cum tempestas tam grata est? Administratio Meteorologica veritatem manifestat: Vera probatio nondum venit. Moderatus typhon ""Bavi"" accedere pergit Taiwan. Multi homines invenerunt hanc mane (10th) adhuc soles esse et etiam temperaturas altas in variis locis. Non poterant quin interrogarent, ""Cur typhon feriae est cum tempestas tam bona?"" Hac de re, Administrationem Meteorologicae Centralis explicavit solum ante ictum typhonis. Post breve tempus tranquillitas, ventus et pluvia celerius hac nocte augebuntur. Vespera diei 10 et dies 11 erit tempus quo Bawei proxima est Taiwan et ictum gravissimum habet. Imbres congestae in locis montuosis septentrionalibus etiam ad 900 millimetre possunt pervenire. Publicum admonetur ne leviter accipias propter serenitatem temporalem. Cur ferias typhonas accipies, cum tempestas tam grata est? Hodie (10th) urbs Taipei, urbs Nova Taipei, urbs Keelung, urbs Taoyuan, Comitatus Hsinchu, urbs Hsinchu, Comitatus Miaoli, Comitatus Yilan, Comitatus Hualien, et Comitatus Lianjiang classes et classes suspendet. Xie Peiyun, technicus ad Praedictio Centri Administrationis Meteorologicae Centralis, dixit phase circulationis Bahrain ...",China,EAS,Asia,wmo
df1c13555787c7abb190a748ca13bdd7,2026-07-10T02:42:11Z,Heat Wave,,hindi.moneycontrol.com,hi,0.3,"IMD Heavy Rain Alert: पूरे भारत में पहुंचा मानसून! दिल्ली में आज होगी भारी बारिश, UP-उत्तराखंड में 'रेड अलर्ट', मुंबई में भी बरसेंगे बादल","Heavy Rain Alert: भारत मौसम विज्ञान विभाग (IMD) ने शुक्रवार (10 जुलाई) के लिए दिल्ली, उत्तर प्रदेश और उत्तराखंड के कई हिस्सों में भारी से अत्यधिक भारी बारिश का अलर्ट जारी किया है। वहीं, मुंबई समेत महाराष्ट्र के अधिकांश इलाकों में बारिश की तीव्रता कम रहने और ह…",https://hindi.moneycontrol.com/india/heavy-rain-alert-monsoon-rain-reaches-across-india-heavy-rains-alert-for-states-including-delhi-up-and-uttarakhand-by-imd-article-2418447.html,https://images.moneycontrol.com/static-hindinews/2026/07/RAIN_10.jpg,http://web.archive.org/web/20260710223405/https://hindi.moneycontrol.com/india/heavy-rain-alert-monsoon-rain-reaches-across-india-heavy-rains-alert-for-states-including-delhi-up-and-uttarakhand-by-imd-article-2418447.html,"Heavy Rain Alert: (IMD) (10 ) , , IMD , - , , , , - 
IMD , 9 - , ,   8 , , , - , , 
' ' 
IMD  ' ' , 10 - IMD , , , 
 , , , , , , , 
 ' '
 , , , , , , , , , , , , 
 ' '
 , , , , , , , (Low Pre… [+122 chars]","IMD Heavy Rain Alert: Monsoon reaches entire India! There will be heavy rain in Delhi today, 'Red Alert' in UP-Uttarakhand, clouds will rain in Mumbai also. Heavy Rain Alert: India Meteorological Department (IMD) has issued an alert of heavy to extremely heavy rain in many parts of Delhi, Uttar Pradesh and Uttarakhand for Friday (July 10). At the same time, in most areas of Maharashtra including Mumbai, the intensity of rain is less and…","IMD-Starkregenwarnung: Monsun erreicht ganz Indien! Heute wird es in Delhi heftigen Regen geben, in UP-Uttarakhand herrscht Alarmstufe Rot, auch in Mumbai wird es Wolken regnen. Warnung vor starkem Regen: Das India Meteorological Department (IMD) hat für Freitag (10. Juli) eine Warnung vor starkem bis extrem starkem Regen in vielen Teilen von Delhi, Uttar Pradesh und Uttarakhand herausgegeben. Gleichzeitig ist die Niederschlagsintensität in den meisten Gebieten von Maharashtra, einschließlich Mumbai, geringer und…","IMD Gravis Pluviae erecti: Monsoon totam Indiam attingit! Pluviae graves in Delhi hodie erunt, 'Rubra erecti' in UP-Uttarakhand, nubes etiam in Mumbai pluent. Gravis Pluviae erecti: Indiae Department Meteorologicum (IMD) in pluribus partibus Delhi, Uttar Pradesh et Uttarakhand vehementiae pluviae emisit diem Veneris (Iuli. 10). Eodem tempore, in plerisque regionibus Mumbai Maharashtra possidet, intensio pluviae minor est et…",Canada,NEN,North-America,wmo
8796324fc0bc88c48b09fd1171c16066,2026-07-10T04:00:54Z,Wildfire,,anlatilaninotesi.com.tr,tr,0.9,İspanya'da orman yangını faciası: Sıcak hava dalgası ortasında 12 kişi hayatını kaybetti,"İspanya'nın Almeria kentinde etkili olan orman yangınında en az 12 kişi yaşamını yitirdi, 6 kişi yaralandı. Yaklaşık bin kişinin tahliye edildiği bölgede alevlerle mücadele sürüyor.",https://anlatilaninotesi.com.tr/20260710/ispanyada-orman-yangini-faciasi-sicak-hava-dalgasi-ortasinda-12-kisi-hayatini-kaybetti-1107156675.html,https://cdn.img.anlatilaninotesi.com.tr/images/sharing/article/tur/1107156675.jpg?11071560981783656054,http://web.archive.org/web/20260711032104/https://anlatilaninotesi.com.tr/20260710/ispanyada-orman-yangini-faciasi-sicak-hava-dalgasi-ortasinda-12-kisi-hayatini-kaybetti-1107156675.html,"Rusya, ABD, Avrupa ve Ortadou bata olmak üzere dünyann dört bir yanndan son dakika haberleri, analizler ve özel dosyalar.
https://anlatilaninotesi.com.tr/20260710/ispanyada-orman-yangini-faciasi-sic… [+4899 chars]","Forest fire disaster in Spain: 12 people died amid a heat wave. At least 12 people died and 6 people were injured in the forest fire in Almeria, Spain. The fight against the flames continues in the region where approximately a thousand people have been evacuated.","Waldbrandkatastrophe in Spanien: 12 Menschen starben bei einer Hitzewelle. Bei dem Waldbrand in Almeria, Spanien, kamen mindestens 12 Menschen ums Leben und 6 Menschen wurden verletzt. Der Kampf gegen die Flammen geht in der Region weiter, in der etwa tausend Menschen evakuiert wurden.","Silvarum incendium in Hispania clades: 12 homines in aestu aestu mortui sunt. Saltem XII homines mortui sunt et VI homines in silva in Almeria, Hispania, igne vulnerati sunt. Pugna contra flammas pergit in regione ubi circiter mille homines excesserunt.",,,,random
0dd0b9d9c3b3c5e962849f6f1b9359cf,2026-07-10T05:34:00Z,Precipitation,,news.livedoor.com,ja,0.3333333333333333,JA香川県がオリジナルアイスクリームを期間限定販売　高松オルネ,高松オルネ高松市浜ノ町 JA香川県は、JR高松駅直結の商業施設「高松オルネ」1階の「shikoku meguru チャレンジキッチン」で、オリジナル冷凍フルーツブランド「SANUKI FROZEN(さぬきフローズン)」を使ったアイスクリームを7月15日、19日、20日に販売します。正午～午後6時、1個500円。 香川県産果物の認知度の向上が目的で、さぬきひめ味とレモン味の2種類を販売します。 「SANUKI FROZEN(さぬきフローズン)」は、香川県産の新鮮な果物を冷全文KSB瀬戸内海放送 07月10日14時3…,https://news.livedoor.com/article/detail/31792193/,https://image.news.livedoor.com/newsimage/stf/0/b/0b4a9_1837_c9b04c1c2b3c2b1aa90c7a7ab637f69c.jpg,,"ー(:JRー) 
JAJR1shikoku meguru ーSANUKI FROZEN(ー)ー7151920～61500
2
SANUKI FROZEN(ー)","JA Kagawa Prefecture will be selling original ice cream for a limited time at Takamatsu Orne. Takamatsu Orne Hamanocho, Takamatsu City JA Kagawa Prefecture will be selling ice cream using the original frozen fruit brand ``SANUKI FROZEN'' on July 15th, 19th, and 20th at the ``shikoku meguru challenge kitchen'' on the 1st floor of the commercial facility ``Takamatsu Orne'', which is directly connected to JR Takamatsu Station. Noon to 6pm, 500 yen each. With the aim of increasing awareness of fruits produced in Kagawa Prefecture, we will be selling two types of fruit: Sanukihime flavor and lemon flavor. ""SANUKI FROZEN"" is a cold version of fresh fruits from Kagawa prefecture KSB Seto Inland Sea Broadcasting July 10th 2:03 p.m.","JA Präfektur Kagawa wird für begrenzte Zeit Original-Eis im Takamatsu Orne verkaufen. Takamatsu Orne Hamanocho, Takamatsu City JA Präfektur Kagawa wird am 15., 19. und 20. Juli in der „shikoku meguru Challenge Kitchen“ im 1. Stock der Gewerbeanlage „Takamatsu Orne“, die direkt mit dem JR-Bahnhof Takamatsu verbunden ist, Eis der Original-Tiefkühlobstmarke „SANUKI FROZEN“ verkaufen. Mittags bis 18 Uhr, jeweils 500 Yen. Mit dem Ziel, den Bekanntheitsgrad der in der Präfektur Kagawa produzierten Früchte zu steigern, werden wir zwei Obstsorten verkaufen: Sanukihime-Geschmack und Zitronengeschmack. „SANUKI FROZEN“ ist eine kalte Version von frischen Früchten aus der Präfektur Kagawa KSB Seto Inland Sea Broadcasting 10. Juli 14:03 Uhr","JA Kagawa Praefectura originale glaciem cremor vendet ad tempus determinatum Takamatsu Orne. Takamatsu Orne Hamanocho, Takamatsu Urbs JA Kagawa Praefectura vendet glacies cremor utens primitias congelatas fructus notam ` `SANUKI FROZEN' die 15 iulii, 19th, et 20 ad `shikoku meguru provocatio coquinae' in 1 area facilitas commercialis `Takamatsu Orne', quae directe cohaeret cum JR Takamatsu. Meridiem ad 6pm, singulae D Yen. Intentio augendae conscientiae fructuum in Kagawa Praefecturae productorum, duo genera fructuum vendemus: Sanukihime saporem et saporem citrinum. ""SANUKI FROZEN"" est versio frigida fructuum recentium e Kagawa praefectura apostolica KSB Seto Maris mediterranei radiophonicis die 10 Iulii 2:03 a.m.",Argentina,SES,South-America,wmo
4bebc3ab8ccedc7f96f6b881657bc54a,2026-07-10T06:08:54Z,Landslide,,consent.yahoo.com,zh,0.25,巴威強颱步步進逼！全台13縣市拉緊報 淹水熱區一次看,[Newtalk新聞] 巴威颱風來勢洶洶，全台各地都嚴正以待。國家災害防救科技中心(NCDR)今(10)日發布最新「坡地易致災地區」，點名全國13個縣市山區及25條重點道路，可能會出現坍方落石；淹水警戒地區共有5個縣市9行政區，全台都需嚴加戒備。 國家災害防救科技中心今日發布此坡地易致災地區，評估坡地易致災地區涵蓋基隆市、新北市、台北市、桃園市、新竹縣、苗栗縣、台中市、南投縣、雲林縣、嘉義縣、高雄市、宜蘭縣及花蓮縣等13個縣市，總計有57個鄉鎮市區被列入警戒範圍。 至於淹水警戒地區共有5個縣市9行政區，分別為宜蘭…,https://consent.yahoo.com/v2/collectConsent?sessionId=1_cc-session_5f6707b7-fb59-44f9-82f6-4a39e95012d5,,,"If you click 'Accept all', we and our partners, including 249 who are part of the IAB Transparency &amp; Consent Framework, will also store and/or access information on a device (in other words, use … [+1045 chars]","Bawei strong platform is advancing step by step! All 13 counties and cities in Taiwan have tightened their reporting and read the flooded hot areas at once. [Newtalk News] Typhoon Bawei is approaching with great force, and all parts of Taiwan are preparing for it seriously. The National Center for Disaster Prevention and Rescue (NCDR) released the latest ""Slope Disaster-Prone Areas"" today (10th), naming mountainous areas in 13 counties and cities across the country and 25 key roads where landslides and rockfalls may occur; there are 5 counties, cities and 9 administrative districts in the flood warning areas, and all Taiwan needs to be on strict alert. The National Disaster Prevention and Protection Science and Technology Center today released the list of areas prone to disasters on slopes. The areas assessed to be prone to disasters include Keelung City, New Taipei City, Taipei City, Taoyuan City, Hsinchu County, Miaoli County, Taichung City, Nantou County, Yunlin County, Chiayi County, Kaohsiung City, Yilan County and Hualien County. A total of 57 towns and cities have been included in the warning range. As for the flood warning area, there are 5 counties, cities and 9 administrative districts, including Yilan...","Die starke Bawei-Plattform schreitet Schritt für Schritt voran! Alle 13 Landkreise und Städte in Taiwan haben ihre Berichterstattung verschärft und die überschwemmten heißen Gebiete gleichzeitig gemeldet. [Newtalk News] Der Taifun Bawei rückt mit großer Wucht näher und alle Teile Taiwans bereiten sich ernsthaft darauf vor. Das National Center for Disaster Prevention and Rescue (NCDR) hat heute (10.) die neuesten „Slope Disaster-Prone Areas“ veröffentlicht und dabei Berggebiete in 13 Landkreisen und Städten im ganzen Land sowie 25 wichtige Straßen benannt, auf denen es zu Erdrutschen und Steinschlägen kommen kann; Es gibt fünf Landkreise, Städte und neun Verwaltungsbezirke in den Hochwasserwarngebieten, und ganz Taiwan muss in strenger Alarmbereitschaft sein. Das National Disaster Prevention and Protection Science and Technology Center hat heute die Liste der katastrophengefährdeten Gebiete an Hängen veröffentlicht. Zu den Gebieten, die als anfällig für Katastrophen eingestuft wurden, gehören die Stadt Keelung, die Stadt New Taipei, die Stadt Taipeh, die Stadt Taoyuan, der Kreis Hsinchu, der Kreis Miaoli, die Stadt Taichung, der Kreis Nantou, der Kreis Yunlin, der Kreis Chiayi, die Stadt Kaohsiung, der Kreis Yilan und der Kreis Hualien. Insgesamt wurden 57 Städte in den Warnbereich aufgenommen. Was das Hochwasserwarngebiet betrifft, gibt es 5 Kreise, Städte und 9 Verwaltungsbezirke, darunter Yilan...","Bawei suggestum validum gradatim progreditur! Omnes 13 comitatus et civitates in Taiwan relationem suam presserunt et in locis calidis inundatis statim legunt. [Newtalk News] Typhoon Bawei magna vi appropinquat, omnesque partes Taiwan ad eam serio praeparantur. National Centrum pro Disaster Praeventionis et Liberationis (NCDR) ultimam ""Slope Disaster-Prone Areas"" hodie (10th) dimisit, nominans areas montuosas in 13 comitatibus et urbibus per regionem et 25 viae cardinis ubi ruinae et saxa occurrunt; Sunt 5 comitatus, civitates et 9 regiones administrativas in diluvio locis monentibus, et omnes Taiwan necessarios esse diligenter intenti. Nationalis Calamitas Praeventionis et Praesidium Scientiae et Technologiae Centrum hodie album arearum proclivis ad clades in clivis dimiserunt. Regiones ad calamitates prona aestimatae sunt: ​​Keelung urbs, urbs Nova Taipei, urbs Taipei, urbs Taoyuan, Comitatus Hsinchu, Comitatus Miaoli, Urbs Taichung, Comitatus Nantou, Comitatus Yunlin, Comitatus Chiayi, urbs Kaohsiung, Comitatus Yilan et Comitatus Hualien. Summa LVII oppidorum et civitatum monitione complecti. In diluvio Monitorio, sunt 5 comitatus, urbes et 9 districtus administrativi, inter Yilan...",China,EAS,Asia,wmo
76588a4294b52b2d61a559d85bb98b1f,2026-07-10T09:32:14Z,Tropical Cyclone,,www.skai.gr,el,0.7,"Τυφώνας Μπάβι: 15 νεκροί στις Φιλιππίνες, εκκενώσεις περιοχών και κλειστά σχολεία στην Ταϊβάν","«Λένε ότι θα είναι σφοδρός, φυσικά είναι τρομακτικό, δεν είναι;» δήλωσε στο Γαλλικό Πρακτορείο η Τσάνγκ Σιχ-χούο, ιδιοκτήτρια μπακάλικου στο Κεελούνγκ",https://www.skai.gr/news/world/filippines-tyfonas-mpavi-15-nekroi-ekkenoseis-perioxon-kleista-sxoleia-stin-taivan,https://cdn.skai.gr/sites/default/files/styles/article_16_9/public/2026-07/ap20239073946530.jpg?itok=GGR2lNd7,,"1.000 , .
, , , , .
 , , , , 15 . , , . , .
 , , , .
« , , ;» -, 76 , .
« , . , ».
 , . 198 /, (CWA).
 380 , 1995, , CWA.
 1.000 , , 29.000 .
« , », - Facebook.
 , , . , , .
 , , , . 162 /… [+90 chars]","Typhoon Bavi: 15 dead in the Philippines, evacuations and closed schools in Taiwan. ""They say he'll be fierce, of course it's scary, isn't it?"" Chang Shih-huo, a grocery store owner in Keelung, told AFP","Taifun Bavi: 15 Tote auf den Philippinen, Evakuierungen und geschlossene Schulen in Taiwan. „Sie sagen, er wird wild sein, das ist natürlich beängstigend, nicht wahr?“ Chang Shih-huo, ein Lebensmittelladenbesitzer in Keelung, sagte gegenüber AFP","Typhoon Bavi: 15 mortuus in Philippinis, evacuationes et scholas clausas in Taiwan. ""Ajunt eum acerbum esse, sane est FORMIDULOSUS, annon?"" Chang Shih-huo, macelli possessoris in Keelung, dixit AFP",Philippines,SEA,Asia,wmo
bcab9458ec5738035a0cd70b35f51e6e,2026-07-10T09:46:02Z,Fog,,consent.yahoo.com,zh,0.25,萬里溪堰塞湖達紅色警戒 預估「這段時間」恐發生溢流,社會中心／趙永博、馬聖傑、黃彥誠 花蓮報導巴威颱風來勢洶洶，花蓮的萬里溪堰塞湖，提升為紅色警戒！包括萬榮鄉萬榮村以及鳳林鎮的五個里，都納入警戒範圍，也有三座橋預警性封閉。風雨來臨之前，萬里溪堰塞湖水位，離壩頂只差9公尺，蓄水量達到370萬立方公尺，如果降下豪雨，恐怕溢流，而預估溢流一個半小時後，就會抵達下游區域。,https://consent.yahoo.com/v2/collectConsent?sessionId=1_cc-session_9bd2aaba-b866-415e-924a-29a40f03f8e0,,,"If you click 'Accept all', we and our partners, including 249 who are part of the IAB Transparency &amp; Consent Framework, will also store and/or access information on a device (in other words, use … [+1045 chars]","The Wanli Creek Barrier Lake is on red alert and overflow is expected to occur ""during this period"". Social Center/Zhao Yongbo, Ma Shengjie, Huang Yancheng Hualien reported that Typhoon Bawei is approaching fiercely, and Hualien's Wanli Creek Barrier Lake has been raised to red alert! Five areas, including Wanrong Village in Wanrong Township and Fenglin Town, have been included in the warning range, and three bridges have been closed for warning. Before the storm, the water level of the Wanli River barrier lake was only 9 meters away from the top of the dam, with a water storage capacity of 3.7 million cubic meters. If there is heavy rain, it may overflow, and it is estimated that the overflow will reach the downstream area in one and a half hours.","Der Wanli Creek Barrier Lake ist in Alarmbereitschaft und es wird erwartet, dass es „in diesem Zeitraum“ zu Überschwemmungen kommt. Sozialzentrum/Zhao Yongbo, Ma Shengjie, Huang Yancheng Hualien berichtete, dass der Taifun Bawei sich heftig nähert und der Wanli Creek Barrier Lake in Hualien in Alarmbereitschaft versetzt wurde! Fünf Gebiete, darunter das Dorf Wanrong in der Gemeinde Wanrong und die Stadt Fenglin, wurden in den Warnbereich aufgenommen und drei Brücken wurden wegen Warnung gesperrt. Vor dem Sturm lag der Wasserspiegel des Stausees am Wanli-Fluss nur 9 Meter von der Spitze des Staudamms entfernt und hatte eine Wasserspeicherkapazität von 3,7 Millionen Kubikmetern. Bei starkem Regen kann es zu einem Überlauf kommen, und es wird geschätzt, dass der Überlauf in eineinhalb Stunden das flussabwärts gelegene Gebiet erreichen wird.","Wanli Creek Obex Lacus in rubris vigilans et redundantia expectatur ""in hoc tempore"" evenire. Social Centrum/Zhao Yongbo, Ma Shengjie, Huang Yancheng Hualien rettulerunt Typhoon Bawei acriter appropinquare, et Hualien Wanli Creek Obex lacum ad rubrum vigilare evecti sunt! Quinque areae, in quibus Wanrong Village in Wanrong Village et Fenglin Oppidum monitum sunt, tres pontes ad monitionem clausi sunt. Ante tempestatem aqua planities lacus fluminis Wanli obice erat tantum 9 metra a summo matre, cum capacitate aquae repono 3.7 decies metrorum cubicorum. Si pluvia gravis est, inundare potest, et aestimatur redundantiam aream amni per unam et dimidiam horam perventurum esse.",China,EAS,Asia,wmo
f8f855e74feb863c26f4a225e08cba6d,2026-07-10T11:05:42Z,Heat Wave,,www.chip.com.tr,tr,0.9,Avrupa'daki sıcak hava dalgası Türkiye'de satışları artırdı,"Avrupa ve Türkiye'de etkisini artıran sıcak hava dalgası, e-ticarette serinletici ürünlere talebi yükseltti. Haziran ayında soğutucu ürün kategorisinde ciro yüzde 55, sipariş adedi ise yüzde 40 arttı.",https://www.chip.com.tr/guncel/avrupadaki-sicak-hava-dalgasi-turkiyede-satislari-artirdi_181763.html,https://img.chip.com.tr/rcman/Cw1280h720q95gm/storage/files/images/2026/07/10/avrupadaki-sicak-hava-dalgasi-turkiyede-satislari-artirdi-wo3g.jpg,http://web.archive.org/web/20260711034851/https://www.chip.com.tr/guncel/avrupadaki-sicak-hava-dalgasi-turkiyede-satislari-artirdi_181763.html,"Avrupa'da etkisini artıran sıcak hava dalgası ve birçok ülkede klima kullanımının yaygın olmaması, serinletici ürünlere olan talebi yükseltti. Türkiye'de de hava sıcaklıklarının artmasıyla birlikte t… [+2101 chars]","The heat wave in Europe increased sales in Türkiye. The heat wave, which has increased its impact in Europe and Türkiye, has increased the demand for cooling products in e-commerce. In June, turnover in the cooler product category increased by 55 percent and the number of orders increased by 40 percent.","Die Hitzewelle in Europa steigerte den Umsatz in der Türkei. Die Hitzewelle, die ihre Auswirkungen in Europa und der Türkei verstärkt hat, hat die Nachfrage nach Kühlprodukten im E-Commerce erhöht. Im Juni stieg der Umsatz in der Produktkategorie Kühler um 55 Prozent und die Zahl der Bestellungen stieg um 40 Prozent.","Unda aestus in Europa auctus venditio in Türkiye. Fluctus aestus, qui in Europa et Türkiye suam ictum auxit, postulationem refrigerandi fructus in mercatura e-commercia auxit. Mense Iunio, turnover in categoria frigidiore producti aucta 55 centesimis et numerus ordinum quadraginta centesimis auctus est.",,,,random
fb3312c2201c2d71cee6b5e3dc34cdb8,2026-07-10T11:08:44Z,Heat Wave,,www.lavenir.net,fr,0.7,Canicule : le Grand-Duché de Luxembourg passe en phase de vigilance nationale pour l’eau potable,"Face à la poursuite de la sécheresse et à une consommation d’eau en hausse, l’administration de la Gestion de l’eau au Grand-Duché de Luxembourg appelle à réduire dès maintenant les usages non essentiels afin d’éviter des restrictions plus sévères. ...",https://www.lavenir.net/regions/luxembourg/2026/07/10/canicule-le-grand-duche-de-luxembourg-passe-en-phase-de-vigilance-nationale-pour-leau-potable-M4XD374E2JGKPDG56UUNRX626Q/,https://www.lavenir.net/resizer/v2/QKZJWAQDBVAUZB5EKMXC73PLOI.jpg?auth=fe727ad1c5a3f271e572bf5376edfe74b0e0d242ae515a2252e50b3c5893c126&width=1200&height=630&quality=85&focal=2657%2C1771,http://web.archive.org/web/20260711144458/https://www.lavenir.net/regions/luxembourg/2026/07/10/canicule-le-grand-duche-de-luxembourg-passe-en-phase-de-vigilance-nationale-pour-leau-potable-M4XD374E2JGKPDG56UUNRX626Q/,"Selon l'AGE, plusieurs fournisseurs sont désormais confrontés à ""une pression accrue sur les infrastructures d'approvisionnement en eau potable"".
Le passage en phase de vigilance constitue donc ""une… [+1813 chars]","Heatwave: the Grand Duchy of Luxembourg enters a phase of national vigilance for drinking water. Faced with the continuation of the drought and increasing water consumption, the water management administration in the Grand Duchy of Luxembourg is calling for non-essential uses to be reduced immediately in order to avoid more severe restrictions. ...","Hitzewelle: Das Großherzogtum Luxemburg tritt in eine Phase nationaler Wachsamkeit in Bezug auf Trinkwasser ein. Angesichts der anhaltenden Dürre und des steigenden Wasserverbrauchs fordert die Wasserverwaltung des Großherzogtums Luxemburg eine sofortige Reduzierung nicht notwendiger Nutzungen, um gravierendere Einschränkungen zu vermeiden. ...","Heatwave: Maximus Ducatus Lucemburgenses intrat periodum vigilantiae nationalis ad aquam bibendam. Adversus continuationem siccitatis et aquae consummationis augendam, administrationem administrationis aquarum in Magni Ducatu Lucemburgensi vocat usus non essentiales statim minui ut graviores restrictiones vitentur. ...",Luxembourg,WCE,Europe,wmo
856abed1e2a7b8f377eb0b451e4be7c2,2026-07-10T11:31:57Z,Storm,,www.espinof.com,es,0.3,"Los Sanfermines de Pamplona ya tienen su propia montaña rusa, y ha batido 6 récords del mundo","Hay pocas fiestas españolas más conocidas a nivel mundial que los San Fermines. Los populares encierros celebrados en Pamplona llevan décadas siendo un imán turístico que atrae a visitantes de todos los rincones, convertidos ya en un símbolo de adrenalina, tr…",https://www.espinof.com/entretenimiento/sanfermines-pamplona-tienen-su-propia-montana-rusa-ha-batido-6-records-mundo,https://i.blogs.es/5bb349/los-sanfermines-de-pamplona-ya-tienen-su-propia-montana-rusa-y-ha-batido-6-records-del-mundo/840_560.jpeg,,Hay pocas fiestas españolas más conocidas a nivel mundial que los San Fermines. Los populares encierros celebrados en Pamplona llevan décadas siendo un imán turístico que atrae a visitantes de todos … [+2636 chars],"The Sanfermines in Pamplona already have their own roller coaster, and it has broken 6 world records. There are few Spanish festivals better known worldwide than San Fermines. The popular running of the bulls held in Pamplona have been a tourist magnet for decades, attracting visitors from all corners, now becoming a symbol of adrenaline, tra…","Die Sanfermines in Pamplona verfügen bereits über eine eigene Achterbahn, die sechs Weltrekorde gebrochen hat. Es gibt nur wenige spanische Festivals, die weltweit bekannter sind als San Fermines. Der beliebte Stierlauf in Pamplona ist seit Jahrzehnten ein Touristenmagnet, der Besucher aus aller Welt anzieht und mittlerweile zu einem Symbol für Adrenalin, Tra…","Sanfermines in Pamplona iam suum cylindrum coagulatum habent, et VI terrarum monumenta confregit. Paucae martyrologii Hispanici notiores sunt in toto orbe quam San Fermines. Popularis cursus taurorum in Pamplona habiti magnetis VIATOR ad decades fuerunt, visitatores ab omnibus angulis trahentes, nunc symbolum adrenaline fientes, tra…",Ecuador,NWS,South-America,wmo
7f46ba8ae782e7cff1815b48c54c215e,2026-07-10T13:26:32Z,Storm,,tw.news.yahoo.com,zh,0.5,巴威進逼 賴視導中央災害應變中心,記者黃翠娟、王誌成∕台北報導 颱風巴威襲台，總統賴清德十日表示，北部山區應特別注意雨量，花蓮堰塞湖，如須撤離，盼中央及各縣市能確實執行，總統已指示國軍兵力預置二萬八千多人，新北烏來及台北和花蓮縣都有提出人力需求，希望各縣市政府有需要國軍人力時，提早跟中央災害應變中心溝通聯繫，中央會全力配合協助。 根據中央災害應變中心統計資料，至下午二時三十分，颱風巴威造成五傷，包含騎車路滑自摔、被車棚壓傷、骨折等，傷者就醫後已陸續出院。 賴總統上午與行政院長卓榮泰等人視導颱風巴威中央災害應變中心，總統並與新北市、桃園市、新竹縣、…,https://tw.news.yahoo.com/%E5%B7%B4%E5%A8%81%E9%80%B2%E9%80%BC-%E8%B3%B4%E8%A6%96%E5%B0%8E%E4%B8%AD%E5%A4%AE%E7%81%BD%E5%AE%B3%E6%87%89%E8%AE%8A%E4%B8%AD%E5%BF%83-132632241.html,https://s.yimg.com/lo/mysterio/api/566e7ab22f3b3c1168af5d521f86976b816528033888a4ca6a3db32a52d1d8a9/lightyear_networkapi/resizefill_w1200;quality_80;format_webp/https:%2F%2Fmedia.zenfs.com%2Fko%2Fcdns.com.tw%2Ffa0de9deb4572fe4d8257a0e94fa5112,http://web.archive.org/web/20260711153820/https://tw.news.yahoo.com/%E5%B7%B4%E5%A8%81%E9%80%B2%E9%80%BC-%E8%B3%B4%E8%A6%96%E5%B0%8E%E4%B8%AD%E5%A4%AE%E7%81%BD%E5%AE%B3%E6%87%89%E8%AE%8A%E4%B8%AD%E5%BF%83-132632241.html,(10)6029135025626254200ROTAI,"As Bawei approaches, Lai Shi directs the Central Disaster Response Center. Reporters Huang Cuijuan and Wang Zhicheng/Reported from Taipei As Typhoon Bavi hit Taiwan, President Lai Ching-te said on the 10th that special attention should be paid to rainfall in the northern mountainous areas and the Hualien Barrier Lake. If evacuation is necessary, he hopes that the central government and counties and cities will implement it. The president has instructed the National Army to prepare more than 28,000 troops. Wulai, Taipei and Hualien County in New Taipei have put forward manpower requirements. He hopes that when counties and municipal governments need National Military Manpower, they will communicate with the Central Disaster Response Center in advance, and the Central Government will fully cooperate and assist. According to statistics from the Central Disaster Response Center, as of 2:30 p.m., Typhoon Bavi caused five injuries, including falling while riding a bicycle, being crushed by a carport, and suffering fractures. The injured have been discharged one after another after seeking medical treatment. In the morning, President Lai and Chief Executive Officer Zhuo Rongtai and others visited the Typhoon Prawit Central Disaster Response Center. The President also visited New Taipei City, Taoyuan City, Hsinchu County,...","Während Bawei voranschreitet, leitet Lai Shi das zentrale Katastrophenschutzzentrum. Reporter Huang Cuijuan und Wang Zhicheng/Berichtet aus Taipeh Als der Taifun Bavi Taiwan traf, sagte Präsident Lai Ching-te am 10., dass den Niederschlägen in den nördlichen Berggebieten und im Hualien-Stausee besondere Aufmerksamkeit geschenkt werden sollte. Sollte eine Evakuierung notwendig sein, hofft er, dass die Zentralregierung sowie die Kreise und Städte diese umsetzen werden. Der Präsident hat die nationale Armee angewiesen, mehr als 28.000 Soldaten vorzubereiten. Wulai, Taipeh und der Landkreis Hualien in Neu-Taipeh haben einen Bedarf an Arbeitskräften gemeldet. Er hofft, dass Landkreise und Kommunalverwaltungen, wenn sie nationale militärische Arbeitskräfte benötigen, im Voraus mit dem Zentralen Katastrophenschutzzentrum kommunizieren und die Zentralregierung uneingeschränkt kooperieren und unterstützen wird. Laut Statistiken des Central Disaster Response Center verursachte der Taifun Bavi um 14:30 Uhr fünf Verletzte, darunter Stürze beim Fahrradfahren, Quetschungen durch einen Carport und Brüche. Die Verletzten wurden nacheinander entlassen, nachdem sie sich ärztlich behandelt hatten. Am Morgen besuchten Präsident Lai und Chief Executive Officer Zhuo Rongtai sowie andere das zentrale Katastrophenreaktionszentrum für den Taifun Prawit. Der Präsident besuchte auch New Taipei City, Taoyuan City, Hsinchu County, ...","Cum Bawei appropinquat, Lai Shi Centralis Cladis Responsionis Centrum dirigit. Notarii Huang Cuijuan et Wang Zhicheng/Nuntiati ex Taiwan As Typhoon Bavi Taiwan percusserunt, Praeses Lai Ching-te die X dixit specialem curam habendam esse pluviae in locis montanis septentrionalibus et Obex Hualien lacum. Si evacuatio necessaria est, sperat regimen centrale ac comitatus ac civitates illud efficiendum. Praeses Exercitum nationalem instruxit ut plus quam 28.000 armatorum pararet. Wulai, Taipei et Hualien comitatus in Nova Taipeia requisita pubis praemiserunt. Sperat se, cum comitatus et imperia municipalia Manipotentia Nationali egent, praevia Communicent cum Centre Disastate Responsionis, et Gubernatio Centralis plene cooperabitur et adiuvabit. Secundum statistica e Centralis Disaster Responsionis Centre, ut of 2:30 a.m., Typhoon Bavi quinque iniurias fecit, inter quas in birota vectus incidebat, obtritus carport et fracturas patiens. Laesi inter se post curationem medicinalem quaerentes dimissi sunt. Mane, Praeses Lai et Praeses EXSECUTOR Zhuo Rongtai et alii Typhoon Prawit Centralis Responsionis Centrum malum visitaverunt. Praeses etiam urbem Novam Taipei, urbem Taoyuan, Comitatus Hsinchu visitavit...",Macao,EAS,Asia,wmo
33136b882ff8ebb0cc6f88c79e81890c,2026-07-10T13:38:06Z,Wildfire,,www.yenicaggazetesi.com,tr,0.9,"Yunanistan alevlere teslim: Serez'de evler boşaltılıyor, Midilli'de zeytinlikler yanıyor","Yunanistan'ın kuzeyindeki Serez ili yakınlarında çıkan şiddetli orman yangını yerleşim yerlerini tehdit edince İnusa bölgesi acil kodla tahliye edildi. Ülkenin bir diğer ucunda, Midilli Adası'nda da alevler zeytinlik ve ormanlık alanlara hızla yayılıyor.",https://www.yenicaggazetesi.com/yunanistan-alevlere-teslim-serezde-evler-bosaltiliyor-midillide-zeytinlikler-yaniyor-1049956h.htm,https://img.yenicaggazetesi.com/rcman/Cw1280h720q95gc/storage/files/images/2026/07/10/yunanistan-alevlere-teslim-serezde-evler-bosaltiliyor-midillide-zeytinlikler-yaniyor-znem.jpg,,"Yunanistan, yaz aylarının gelişiyle birlikte yeniden başlayan orman yangınlarıyla kabusu yaşıyor. Ülkenin hem kuzeyinde hem de adalar bölgesinde eş zamanlı olarak patlak veren yangınlar, rüzgarın da … [+1993 chars]","Greece surrenders to flames: Houses are being evacuated in Serres, olive groves are burning in Lesbos. When a severe forest fire broke out near Serres province in northern Greece, threatening settlements, the Inusa region was evacuated with an emergency code. At the other end of the country, on the island of Lesbos, flames are rapidly spreading to olive groves and forest areas.","Griechenland ergibt sich den Flammen: In Serres werden Häuser evakuiert, auf Lesbos brennen Olivenhaine. Als in der Nähe der Provinz Serres in Nordgriechenland ein schwerer Waldbrand ausbrach, der Siedlungen bedrohte, wurde die Region Inusa mit einem Notfallcode evakuiert. Am anderen Ende des Landes, auf der Insel Lesbos, breiten sich die Flammen rasch auf Olivenhaine und Waldgebiete aus.","Cedit Graecia flammis : emittuntur Serres, oleae ardent Lesbo. Cum gravis silvae incendium apud Serres provinciam in septentrionalem Graeciam exarsit, sedes minabatur, regio Inusa cum tumultuario codice excessa est. In altera regione, in Lesbo insula, flammae lucos et silvas rapide spargunt.",,,,random
ae59604fa66a82dafa799e7973bc5bb6,2026-07-11T04:30:21Z,Snow&Ice,,www.ilfattoquotidiano.it,it,0.9,“Dopo ‘Andiamo a comandare’ ero spaventato per la popolarità piovuta addosso. Fedez e J-Ax mi hanno aiutato e dato anche qualche coppino” : così Fabio Rovazzi che torna con Arisa e Nino D’Angelo,"“Vengo da tre settimane abbastanza impegnative. È un periodo stupendo, ci mancherebbe. Ma mi sto finalmente godendo un attimo di relax”. Queste le prime parole di Fabio Rovazzi quando lo contattiamo, dopo il suo impegno televisivo con “Battiti Live”, co- cond…",https://www.ilfattoquotidiano.it/2026/07/11/dopo-andiamo-a-comandare-ero-spaventato-per-la-popolarita-piovuta-addosso-fedez-e-j-ax-mi-hanno-aiutato-e-dato-anche-qualche-coppino-cosi-fabio-rovazzi/8445252/,https://st.ilfattoquotidiano.it/wp-content/uploads/2026/07/10/COSTIERA_AMALFITANA_WY5A9817ⒸMartinaVentrone-1200x675.jpg,http://web.archive.org/web/20260711071353/https://www.ilfattoquotidiano.it/2026/07/11/dopo-andiamo-a-comandare-ero-spaventato-per-la-popolarita-piovuta-addosso-fedez-e-j-ax-mi-hanno-aiutato-e-dato-anche-qualche-coppino-cosi-fabio-rovazzi/8445252/,"Vengo da tre settimane abbastanza impegnative. È un periodo stupendo, ci mancherebbe. Ma mi sto finalmente godendo un attimo di relax. Queste le prime parole di Fabio Rovazzi quando lo contattiamo, d… [+8289 chars]","""After 'Let's go to command' I was scared of the popularity that rained down on me. Fedez and J-Ax helped me and also gave me some coppers"": so Fabio Rovazzi who returns with Arisa and Nino D'Angelo. ""I've had a fairly busy three weeks. It's a wonderful time, God forbid. But I'm finally enjoying a moment of relaxation."" These are the first words of Fabio Rovazzi when we contact him, after his television commitment with “Battiti Live”, co-con…","„Nach ‚Lass uns das Kommando übernehmen‘ hatte ich Angst vor der Popularität, die auf mich niederprasselte. Fedez und J-Ax haben mir geholfen und mir auch ein paar Münzen gegeben“, so Fabio Rovazzi, der mit Arisa und Nino D'Angelo zurückkehrt. „Ich hatte drei ziemlich arbeitsreiche Wochen. Es ist eine wunderbare Zeit, Gott bewahre es. Aber endlich genieße ich einen Moment der Entspannung.“ Dies sind die ersten Worte von Fabio Rovazzi, als wir ihn nach seinem Fernsehengagement bei „Battiti Live“, Co-Moderator, kontaktieren.","""Postquam eamus ad imperium"" vix sum favore pluit in me. Fedez et J-ax adiuverunt me et etiam nonnullas aereas mihi dederunt"": sic Fabio Rovazzi, qui cum Arisa et Nino D'Angelo redit. ""Tres hebdomades satis occupatus sum. Mirum est tempus, quod absit. Sed tandem momento relaxationis fruor."" Haec sunt prima verba Fabii Rovazzi cum eum attingimus, post televisificam eius obligationem cum ""Battiti Live"", co-con...",,,,random
2ba7439ef55c5139ee09346c4351ca30,2026-07-11T06:15:12Z,Storm,,eiji.txt-nifty.com,ja,0.4444444444444444,Ｔ４墜落事故、新展開,"明日日曜は、仕事のため、ブログ＆メルマガはお休みです。
※　航空自衛隊T4練習機の墜落、持ち込んだ救命キットが操縦を妨げたかhttps:/...",https://eiji.txt-nifty.com/diary/2026/07/post-2ab7a6.html,https://eiji.txt-nifty.com/.shared-cocolog/nifty_managed/images/web/ogp/default.png,,明日日曜は、仕事のため、ブログ＆メルマガはお休みです。※　航空自衛隊T4練習機の墜落、持ち込んだ救命キットが操縦を妨げたかhttps://digital.asahi.com/articles/ASV7B3CT1V7BUTIL00ZM.html?ptoken=01KX7JEP4G8QEDX8M795AYM3H0＊元ブルーインパルスパイロットが語るT-4の「コックピット」https://www.yo… [+5825 chars],"New developments in the T4 crash. Tomorrow, Sunday, I will be taking a break from blogging and e-mail newsletters due to work.
*Crash of Japan Air Self-Defense Force T4 training plane, whether the life-saving kit brought in interfered with the operation https:/...","Neue Entwicklungen beim T4-Crash. Morgen, Sonntag, werde ich arbeitsbedingt eine Pause vom Bloggen und Versenden von Newslettern einlegen.
*Absturz des T4-Trainingsflugzeugs der Japan Air Self-Defense Force, ob die mitgebrachte Rettungsausrüstung den Einsatz beeinträchtigte https:/...","Novae explicationes in T4 ruina. Cras, die Dominico, intermissum a blogging ero et tabellariorum electronicarum ob laborem.
*Classura Iaponiae Air-Vis defensionis sui T4 plani disciplina, sive ornamentum vitae salutaris in impedimento operationis https:/... introduxit.",,,,random
7b1dd1c16fef816142ffee893b4522fe,2026-07-11T09:16:01Z,Thunderstorm,,dain.cocolog-nifty.com,ja,0.75,ノンフィクション100,"過去記事の再公開（事情は[こちら]） 初出 2019年10月30日


すごいノ...",https://dain.cocolog-nifty.com/myblog/2026/07/post-b18398.html,https://dain.cocolog-nifty.com/myblog/images/sugohon.jpg,,過去記事の再公開（事情は[こちら]） 初出 2019年10月30日すごいノンフィクションは、一冊で常識を一変させる。目から鱗を叩き落とし、世界の解像度を上げる。積み重ねた事実の上に立たせ、偏見という壁の向こうを見せてくれる―――ノンフィクションには、そんな力がある。ここでは、常識をアップデートし、偏見をとっぱらい、世界をクッキリと見せてくれる、「これはスゴい！」というノンフィクションを100選ん… [+9744 chars],"Nonfiction 100. Republishing past articles (Click here for details) First published October 30, 2019


Amazing...","Sachbücher 100. Neuveröffentlichung früherer Artikel (Klicken Sie hier für Details) Erstveröffentlichung am 30. Oktober 2019


Erstaunlich...","De nonfictione 100. Articuli praeteriti reclamantes (Click hic ad singula) Primum evulgatum die 30 Octobris 2019


Prodigiosus...",Canada,NEN,North-America,wmo
00bdea773c2716ce637baea001ceb17d,2026-07-11T11:33:23Z,Precipitation,,hindi.moneycontrol.com,hi,0.9,"कल का मौसम 12 जुलाई: दिल्ली से यूपी-बिहार तक भारी बारिश का तांडव, IMD ने आंधी तूफान का ये अलर्ट दिया","Weather Forecast for July 12: देश के अधिकांश हिस्सों में मानसून सक्रिय बना हुआ है। भारतीय मौसम विभाग (IMD) के अनुसार 12 जुलाई को मध्य भारत, पूर्वी भारत, पूर्वोत्तर राज्यों और पश्चिमी तटीय इलाकों में अच्छी बारिश होने की संभावना है। कई राज्यों में भारी से बहुत …",https://hindi.moneycontrol.com/india/weather-forecast-for-july-12-heavy-rain-wreaks-havoc-from-delhi-to-up-and-bihar-imd-issues-alert-for-thunderstorms-article-2418863.html,https://images.moneycontrol.com/static-hindinews/2026/07/Weather-Forecast-for-July-12.jpg,http://web.archive.org/web/20260711165140/https://hindi.moneycontrol.com/india/weather-forecast-for-july-12-heavy-rain-wreaks-havoc-from-delhi-to-up-and-bihar-imd-issues-alert-for-thunderstorms-article-2418863.html,"Weather Forecast for July 12: (IMD) 12 , , -, 40 60 
 , 12 , , , , , 
, - 40 50 , 60 30 50 
 - , 
, , , :-
 , , , , , 
, , , -, 
, , , , , -, 40 60 . ( ) 
 24 
 24 , , , , , , , , 
 19 16 ,… [+296 chars]","Tomorrow's weather, July 12: Heavy rain from Delhi to UP-Bihar, IMD gave this alert of storm. Weather Forecast for July 12: Monsoon remains active in most parts of the country. According to the Indian Meteorological Department (IMD), there is a possibility of good rain in Central India, Eastern India, North-Eastern states and western coastal areas on July 12. Heavy to very heavy in many states…","Das Wetter von morgen, 12. Juli: Starker Regen von Delhi bis UP-Bihar, IMD gab diese Sturmwarnung aus. Wettervorhersage für den 12. Juli: Der Monsun bleibt in den meisten Teilen des Landes aktiv. Nach Angaben des Indian Meteorological Department (IMD) besteht am 12. Juli in Zentralindien, Ostindien, den nordöstlichen Bundesstaaten und den westlichen Küstengebieten die Möglichkeit für kräftigen Regen. In vielen Bundesstaaten stark bis sehr stark …","Cras tempestas, mensis Iulii: Imber gravis e Delhi ad UP-Bihar, IMD hanc procellam intentus dedit. Tempestas Weather for July 12: Monsoon activa in plerisque regionis partibus manet. Secundum Indicum Meteorologicum Department (IMD), possibilitas pluviae bonae in India centrali, India orientali, civitatibus septentrionalibus orientalibus et in locis maritimis occidentis die 12 mensis Iulii. Gravis est gravissimis in multis civitatibus…",,,,random
7162069778f42155f33e0893e25d3016,2026-07-12T10:39:30Z,Storm,,www.youtube.com,ru,0.3,Ходорковский LIVE: ⚡️НОВОСТИ | ШТОРМ И ПОТОП В МОСКВЕ | УМЕР ВРАГ ПУТИНА | АТАКА НА КОРАБЛИ РФ | НПЗ В ОГНЕ. ВИДЕО (2026-12-07),"Главные новости воскресенья, 12 июля. Около 400 беспилотников ВСУ атаковали Россию и оккупированные регионы Украины этой ночью. На НПЗ в Сызрани начался мощный пожар. Погодный апокалипсис в Москве. Столицу накануне вечером накрыл ливень с градом и шквалистым …",https://www.youtube.com/supported_browsers?next_url=https://www.youtube.com/watch%3Fv%3Djas84qSd-jE,,,"Your browser isnt supported anymore. Update it to get the best YouTube experience and our latest features. Learn more
Remind me later","Khodorkovsky LIVE: ⚡️NEWS | STORM AND FLOOD IN MOSCOW | PUTIN'S ENEMY DIED | ATTACK ON RF SHIPS | REFINERY IS ON FIRE. VIDEO (2026-12-07). Breaking news for Sunday, July 12. About 400 Ukrainian Armed Forces drones attacked Russia and the occupied regions of Ukraine this night. A powerful fire started at the oil refinery in Syzran. Weather apocalypse in Moscow. The capital was covered in rain, hail and squalls the night before...","Chodorkowski LIVE: ⚡️NEWS | STURM UND ÜBERschwemmung IN MOSKAU | PUTINS FEIND STARB | ANGRIFF AUF RF-SCHIFFE | Raffinerie steht in Flammen. VIDEO (07.12.2026). Eilmeldung vom Sonntag, 12. Juli. Ungefähr 400 Drohnen der ukrainischen Streitkräfte haben heute Nacht Russland und die besetzten Gebiete der Ukraine angegriffen. In der Ölraffinerie in Syzran brach ein gewaltiger Brand aus. Wetterapokalypse in Moskau. Die Hauptstadt war in der Nacht zuvor von Regen, Hagel und Sturmböen bedeckt ...","Khodorkovsky LIVE: ⚡️NEWS | TEMPESTAS ET DILUVIES IN MOSCOW | PUTIN'S INIMICUS MORTUUS EST | EXCURSUS ON RF CLASSIS | ACUMEN ARDET. VIDEO (2026-12-07). Nuntium ruptum pro Dominica XII. Iulii circiter 400 copiae armatae Ucrainae fuci Russiam oppugnaverunt et regiones Ucrainae hac nocte occupaverunt. Ignis potens in conflatorio olei in Syzran incepit. Tempestas Apocalypsis Moscuae. Caput erat pluviis, grando et nocte ante ...",Russia,ESB,Europe,wmo
