topic,sentiment_mean,sentiment_std,subjectivity_mean,subjectivity_std,counting
Adaptation,-0.01458333333333333,0.16754974385735913,0.0625,0.125,4.0
Causes,-0.11918918918918919,0.3178690215461304,0.10251501501501502,0.21674576519279937,74.0
Hazard,-0.053201191140889635,0.3355735791939168,0.05681183696259073,0.15455276479941985,597.0
Impacts,-0.05489232209737828,0.31045478271838445,0.07256554307116105,0.1657256970581118,178.0
Mitigation,-0.06569444444444444,0.38309120989459255,0.06944444444444445,0.17046499239662588,48.0
