topic,sentiment_mean,sentiment_std,subjectivity_mean,subjectivity_std,counting
Adaptation,0.0875,0.12374368670764581,0.125,0.1767766952966369,2.0
Causes,-0.15505555555555556,0.29244558826302763,0.13287037037037036,0.2381080566548767,30.0
Hazard,-0.12432692307692308,0.3957998690382413,0.07339743589743589,0.18478235047427027,182.0
Impacts,-0.09281914893617021,0.3191794546785141,0.05895390070921985,0.1560710832831936,94.0
Mitigation,0.16666666666666666,0.3333333333333333,0.0,0.0,4.0
