,Unnamed: 0,phrase,label,sentiment,subjectivity,language,count,gnd,geonames,geotype,latitude,longitude,continent,country,ipcc
0,Japan,Japan,GPE,0.08417217,0.72410439,ja,353.90796214,4028495-5,1861060,A,35.68536,139.75309,ASIA,Japan,EAS
0,Germany,Germany,GPE,0.01712829,0.42766785,de,178.0,4011882-4,2921044,A,51.5,10.5,EUROPE,Germany,WCE
0,Attica,Attica,GPE,-0.24100349,0.59586805,el,161.5,,6692632,A,37.92037,23.9035,EUROPE-AFRICA,Greece,MED
0,Istanbul,Istanbul,GPE,-0.00369715,0.36680561,tr,145.5,4088772-8,745044,P,41.01384,28.94966,EUROPE-AFRICA,Turkey,MED
0,France,France,GPE,0.09885211,0.56005486,fr,139.7,4018145-5,3017382,A,46.0,2.0,EUROPE,France,WCE
1,Greece,Greece,GPE,-0.17936247,0.53715736,el,138.2,4022047-3,390903,A,39.0,22.0,EUROPE-AFRICA,Greece,MED
1,Hokkaido,Hokkaido,GPE,0.0370426,0.61867766,ja,137.09362304,4095546-1,11257417,L,43.51669,142.44873,ASIA,Japan,EAS
0,Spain,Spain,GPE,0.11316383,0.63267901,es,127.8,4055964-6,2510769,A,40.0,-4.0,EUROPE-AFRICA,Spain,MED
2,Tokyo,Tokyo,GPE,0.16765636,0.79532903,ja,117.73672855,4078337-6,1850147,P,35.6895,139.69171,ASIA,Japan,EAS
0,Russia,Russia,GPE,0.01462755,0.37981956,ru,117.3,4076899-5,2017370,A,60.0,100.0,ASIA,Russia,ESB
3,Tohoku,Tohoku,GPE,0.03670332,0.73560977,ja,109.53746392,4552767-2,2110769,L,39.0,141.0,ASIA,Japan,EAS
1,Moscow,Moscow,GPE,-0.05278446,0.37278173,ru,105.8,4074987-3,524901,P,55.75222,37.61556,EUROPE,Russia,WCE
0,Delhi,Delhi,GPE,-0.07514148,0.52790358,hi,97.8,4011371-1,1273294,P,28.65195,77.23149,ASIA,India,SAS
4,Pacific,Pacific,LOC,0.05788812,0.95226453,ja,93.13188478,,0,,,,,,
5,Hokuriku,Hokuriku,GPE,-0.04464989,0.81848944,ja,74.07884199,1335107711,1862262,L,37.0,137.5,ASIA,Japan,EAS
0,Italy,Italy,GPE,-0.02237911,0.69254108,it,72.5,4027833-5,3175395,A,42.83333,12.83333,EUROPE-AFRICA,Italy,MED
1,Türkiye,Türkiye,GPE,0.04833823,0.53131267,tr,66.8,4061163-2,298795,A,39.0,35.0,EUROPE-AFRICA,Turkey,MED
6,Aomori,Aomori,GPE,0.05562635,0.58972014,ja,66.51378483,4309664-5,2130658,P,40.81667,140.73333,ASIA,Japan,EAS
2,USA,USA,GPE,0.04631245,0.34876469,tr,66.5,4078704-7,6252001,X,39.759999,-98.5,NORTH-AMERICA,United States,CNA
3,Antalya,Antalya,GPE,-0.01888613,0.32615163,tr,61.8,4079795-8,323777,P,36.90812,30.69556,EUROPE-AFRICA,Turkey,MED
1,India,India,GPE,0.12987761,0.59479962,hi,61.5,4026722-2,1269750,A,22.0,79.0,ASIA,India,SAS
1,Calabria,Calabria,GPE,-0.36768537,0.66807984,it,59.8,4103588-4,2523630,P,38.11047,15.66129,EUROPE-AFRICA,Italy,MED
7,Kanto,Kanto,GPE,0.06127423,0.90904681,ja,56.87211122,,1860102,L,36.25,139.5,ASIA,Japan,EAS
0,China,China,GPE,0.27690612,1.67759025,zh,55.12669553,4009937-4,1814991,A,35.0,105.0,ASIA,China,EAS
0,Australia,Australia,GPE,0.01694812,0.52286049,en,52.4,4003900-6,2077456,A,-25.0,135.0,OCEANIA,Australia,CAU
8,Aomori Prefecture,Aomori Prefecture,GPE,-0.021523,0.5360989,ja,51.14957265,4309664-5,2130658,P,40.81667,140.73333,ASIA,Japan,EAS
9,the Great East Japan Earthquake,the Great East Japan Earthquake,LOC,0.93806895,1.07315065,ja,46.16536797,,0,,,,,,
0,Brazil,Brazil,GPE,0.11221025,0.62587872,pt,45.7,4008003-1,3469034,A,-10.0,-55.0,SOUTH-AMERICA,Brazil,SAM
1,Portugal,Portugal,GPE,0.04153934,0.48419655,pt,43.9,4046843-4,2264397,A,39.6945,-8.13057,EUROPE-AFRICA,Portugal,MED
10,Kumamoto,Kumamoto,GPE,0.07543605,0.35698727,ja,43.2702381,4382233-2,1857892,T,32.42944,130.99099,ASIA,Japan,EAS
2,Sicily,Sicily,GPE,-0.30046074,0.61237145,it,42.5,4055193-3,2523118,T,37.62304,13.93457,EUROPE-AFRICA,Italy,MED
3,Sardinia,Sardinia,GPE,-0.29955424,0.5158134,it,41.7,1246547562,2523227,T,40.0,9.0,EUROPE-AFRICA,Italy,MED
11,Kyushu,Kyushu,GPE,0.13542352,0.90692682,ja,37.85590659,,1857891,L,32.33546,130.85082,ASIA,Japan,EAS
4,Marmara,Marmara,GPE,0.07932183,0.4494172,tr,36.7,4229347-9,10922497,L,40.62794,27.68408,EUROPE-AFRICA,Turkey,MED
2,US,US,GPE,0.01609246,0.34855022,el,36.7,,0,,,,,,
5,Aegean,Aegean,GPE,0.08184524,0.51554487,tr,36.4,,10922486,L,38.96622,28.72059,EUROPE-AFRICA,Turkey,MED
2,North India,North India,GPE,-0.19768883,0.71855743,hi,35.8,,3580678,P,19.3,-81.11667,CENTRAL-AMERICA,Cayman Islands,CAR
1,the United States,the United States,GPE,0.16705958,1.78568081,zh,35.31457431,,0,,,,,,
12,Fukushima Prefecture,Fukushima Prefecture,LOC,0.03989419,0.28012306,ja,35.27207792,,2112923,P,37.75,140.46667,ASIA,Japan,EAS
2,São Paulo,São Paulo,GPE,-0.02548927,0.48287196,pt,34.4,4051667-2,3448439,P,-23.5475,-46.63611,SOUTH-AMERICA,Brazil,SES
1,Belgium,Belgium,GPE,0.00932685,0.51983791,fr,32.2,4005406-8,2802361,A,50.75,4.5,EUROPE,Belgium,WCE
2,Savoie,Savoie,GPE,-0.03848363,0.39964676,fr,32.2,117150-1,2975517,A,45.46805,6.48547,EUROPE,France,WCE
1,US,US,GPE,0.11551527,0.73548741,es,31.5,,0,,,,,,
13,Ibaraki Prefecture,Ibaraki Prefecture,LOC,0.01099994,0.29374041,ja,30.48571429,,2111901,P,36.35,140.45,ASIA,Japan,EAS
6,Mediterranean,Mediterranean,LOC,0.01790175,0.40313665,tr,29.8,,0,,,,,,
2,Taiwan,Taiwan,GPE,0.27469058,1.78599251,zh,29.69935065,4017875-4,1668284,A,24.0,121.0,ASIA,Taiwan,EAS
1,Italy,Italy,GPE,0.02568515,0.49925713,de,29.2,4027833-5,3175395,A,42.83333,12.83333,EUROPE-AFRICA,Italy,MED
3,Delhi-NCR,Delhi-NCR,GPE,-0.11473952,0.55747789,hi,28.9,,9972750,L,28.66047,77.07733,ASIA,India,SAS
14,Iwate Prefecture,Iwate Prefecture,GPE,-0.05817835,0.30628665,ja,28.0521645,4323908-0,2111834,P,39.7,141.15,ASIA,Japan,EAS
15,Fukushima,Fukushima,GPE,0.36846834,0.77822874,ja,27.83300866,4332074-0,2112923,P,37.75,140.46667,ASIA,Japan,EAS
7,Iran,Iran,GPE,0.10590742,0.4025039,tr,27.2,4027653-3,130758,A,32.0,53.0,ASIA,Iran,WCA
2,Brazil,Brazil,GPE,-0.06824753,0.50270925,es,26.9,4008003-1,3469034,A,-10.0,-55.0,SOUTH-AMERICA,Brazil,SAM
8,Turkey,Turkey,GPE,0.03087375,0.47638909,tr,26.7,4061163-2,298795,A,39.0,35.0,EUROPE-AFRICA,Turkey,MED
3,Beaufort,Beaufort,GPE,0.08755695,0.40567999,el,26.7,4381459-1,2960809,P,49.83583,6.29167,EUROPE,Luxembourg,WCE
4,New York,New York,GPE,0.08175385,0.57465338,el,26.3,4042011-5,5128581,P,40.71427,-74.00597,NORTH-AMERICA,United States,ENA
5,Crete,Crete,GPE,-0.10037842,0.31440646,el,24.5,4073791-3,6697802,A,35.15585,24.89502,EUROPE-AFRICA,Greece,MED
3,Alps,Alps,GPE,0.10729004,0.69525867,fr,24.4,,0,,,,,,
3,the United States,the United States,GPE,0.08866484,0.60700729,es,23.8,,0,,,,,,
9,Ankara,Ankara,GPE,0.044421,0.31569386,tr,23.7,4002075-7,323786,P,39.91987,32.85427,EUROPE-AFRICA,Turkey,MED
16,China,China,GPE,0.11017429,0.7488956,ja,23.06136364,4009937-4,1814991,A,35.0,105.0,ASIA,China,EAS
2,Austria,Austria,GPE,0.00323093,0.44596656,de,22.8,4043271-3,2782113,A,47.33333,13.33333,EUROPE,Austria,WCE
10,Eastern Anatolia,Eastern Anatolia,LOC,0.01422222,0.45746914,tr,22.5,,10922505,L,39.42657,41.23464,ASIA,Turkey,WCA
4,Canada,Canada,GPE,0.14424684,0.51993647,fr,22.3,4029456-0,6251999,A,60.10867,-113.64258,NORTH-AMERICA,Canada,NWN
17,the Kanto region,the Kanto region,LOC,-0.0440509,1.16733738,ja,21.81053946,,1860102,L,36.25,139.5,ASIA,Japan,EAS
11,US,US,GPE,0.09904136,0.51181244,tr,21.1,,0,,,,,,
6,Aegean,Aegean,GPE,-0.00836838,0.3602501,el,21.1,,10922486,L,38.96622,28.72059,EUROPE-AFRICA,Turkey,MED
7,Iran,Iran,GPE,0.06171086,0.2896149,el,20.8,4027653-3,130758,A,32.0,53.0,ASIA,Iran,WCA
0,Netherlands,Netherlands,GPE,0.05046698,0.462007,nl,19.9,4042203-3,2750405,A,52.25,5.75,EUROPE,The Netherlands,NEU
1,Canada,Canada,GPE,0.14089156,0.6847003,en,19.5,4029456-0,6251999,A,60.10867,-113.64258,NORTH-AMERICA,Canada,NWN
18,Hachinohe City,Hachinohe City,GPE,0.03314869,0.65456419,ja,19.38571429,,10339757,S,40.50727,141.4879,ASIA,Japan,EAS
4,Rajasthan,Rajasthan,GPE,-0.027516,0.50239238,hi,19.1,4076502-7,1258899,A,26.58333,73.83333,ASIA,India,SAS
12,the Black Sea,the Black Sea,LOC,-0.03661352,0.55134063,tr,19.1,,5762871,S,44.47971,-103.78076,NORTH-AMERICA,United States,CNA
3,Japan,Japan,GPE,0.34092888,1.64867716,zh,19.08055556,4028495-5,1861060,A,35.68536,139.75309,ASIA,Japan,EAS
13,Balıkesir,Balıkesir,GPE,-0.00657895,0.04605263,tr,19.0,4299314-3,322165,P,39.64917,27.88611,EUROPE-AFRICA,Turkey,MED
5,the United States,the United States,GPE,0.00199797,0.97142638,fr,18.9,,0,,,,,,
8,Athens,Athens,GPE,-0.15501154,0.59572675,el,18.7,4003366-1,264371,P,37.98376,23.72784,EUROPE-AFRICA,Greece,MED
3,South,South,LOC,0.00671965,0.36479018,pt,18.6,,11887752,L,33.45876,-90.15081,NORTH-AMERICA,United States,CNA
19,the Sea of ​​Japan side,the Sea of ​​Japan side,LOC,-0.01102131,0.50023532,ja,18.32121212,,0,,,,,,
4,South,South,LOC,-0.18442183,0.69138847,it,18.2,,11887752,L,33.45876,-90.15081,NORTH-AMERICA,United States,CNA
9,Ioannina,Ioannina,GPE,-0.00253223,0.28061694,el,18.1,4197925-4,261779,P,39.66341,20.85187,EUROPE-AFRICA,Greece,MED
20,US,US,GPE,0.06355326,0.59004504,ja,17.934503,,0,,,,,,
21,Shimane Prefecture,Shimane Prefecture,LOC,0.03224513,0.246192,ja,17.56666667,4389008-8,1857550,P,35.48333,133.05,ASIA,Japan,EAS
10,Indonesia,Indonesia,GPE,0.07621769,0.48667347,el,17.5,4026761-1,1643084,A,-5.0,120.0,ASIA,Indonesia,SEA
11,France,France,GPE,-0.15384127,0.45730159,el,17.5,4018145-5,3017382,A,46.0,2.0,EUROPE,France,WCE
22,the United States,the United States,GPE,0.21123753,0.83393692,ja,17.22481013,,0,,,,,,
23,Yamagata,Yamagata,GPE,-0.08251596,0.70519068,ja,17.14935897,4234361-6,2110556,P,38.23333,140.36667,ASIA,Japan,EAS
2,Ireland,Ireland,GPE,-0.00305578,0.37708666,en,17.1,4027667-3,2963597,A,53.0,-8.0,EUROPE,Ireland,NEU
3,US,US,GPE,-0.03278538,0.72642187,en,16.9,,0,,,,,,
4,Madrid,Madrid,GPE,0.19556427,0.7379314,es,16.8,4036862-2,3117735,P,40.4165,-3.70256,EUROPE-AFRICA,Spain,MED
4,Hong Kong,Hong Kong,GPE,0.79172048,2.2391551,zh,16.06666667,1318138531,1819729,P,22.27832,114.17469,ASIA,Hong Kong,EAS
5,Punjab,Punjab,GPE,-0.0545736,0.45456476,hi,15.7,4047850-6,1167710,A,30.85,72.31667,ASIA,Pakistan,WCA
5,Piedmont,Piedmont,GPE,0.0015433,0.40723798,it,15.7,,5382514,P,37.82437,-122.23163,NORTH-AMERICA,United States,WNA
1,US,US,GPE,0.11632673,0.48544917,nl,15.6,,0,,,,,,
6,Pakistan,Pakistan,GPE,0.00141185,0.58154762,hi,15.4,4075812-6,1168579,A,30.0,70.0,ASIA,Pakistan,WCA
5,Uruguay,Uruguay,GPE,-0.02506957,0.77955318,es,15.4,4062186-8,3439705,A,-33.0,-56.0,SOUTH-AMERICA,Uruguay,SES
12,Chios,Chios,GPE,-0.02540107,0.39390638,el,15.3,4009976-3,259972,T,38.41102,26.06161,EUROPE-AFRICA,Greece,MED
13,Ionia,Ionia,GPE,-0.05208416,0.28001977,el,15.2,,6697805,A,37.79299,20.78305,EUROPE-AFRICA,Greece,MED
4,Southeast,Southeast,LOC,-0.0175937,0.54040404,pt,15.2,,11497301,L,10.75053,106.7505,ASIA,Vietnam,SEA
0,Iran,Iran,GPE,-0.07934161,0.25095402,ar,15.1,4027653-3,130758,A,32.0,53.0,ASIA,Iran,WCA
2,Alps,Alps,GPE,0.05277778,0.2452963,nl,15.0,,0,,,,,,
4,India,India,GPE,0.05851637,0.46705308,en,14.9,4026722-2,1269750,A,22.0,79.0,ASIA,India,SAS
5,SP,SP,GPE,0.07729306,0.24802386,pt,14.9,,0,,,,,,
5,U.S.,U.S.,GPE,0.20401776,1.77977752,zh,14.84689755,,0,,,,,,
14,Alps,Alps,GPE,-0.09153529,0.38036787,el,14.8,,0,,,,,,
3,Spain,Spain,GPE,-0.09285312,0.38574646,nl,14.8,4055964-6,2510769,A,40.0,-4.0,EUROPE-AFRICA,Spain,MED
6,Brittany,Brittany,GPE,0.00427011,0.66356546,fr,14.7,4008220-9,3030293,A,48.16667,-2.83333,EUROPE,France,WCE
5,the United States,the United States,GPE,0.21927204,0.66853787,en,14.6,,0,,,,,,
15,Southeastern Anatolia,Southeastern Anatolia,LOC,0.05021073,0.49137931,tr,14.5,,10922506,L,38.10898,41.32862,ASIA,Turkey,WCA
14,Sındırgı,Sındırgı,GPE,0.0,0.06206897,tr,14.5,,8632432,A,39.25061,28.18647,EUROPE-AFRICA,Turkey,MED
4,Portugal,Portugal,GPE,-0.13364122,0.391133,nl,14.5,4046843-4,2264397,A,39.6945,-8.13057,EUROPE-AFRICA,Portugal,MED
6,Porto,Porto,GPE,0.05998352,0.48325267,pt,14.4,4046838-0,2735943,P,41.1485,-8.61097,EUROPE-AFRICA,Portugal,MED
24,the Japan Sea,the Japan Sea,LOC,-0.06495511,0.81537598,ja,14.4,,7733078,S,15.213,145.757,PACIFIC,Northern Mariana Islands,NPO
7,Haryana,Haryana,GPE,0.0499691,0.41480186,hi,14.3,4239291-3,1270260,A,29.25,76.33333,ASIA,India,SAS
5,the United States,the United States,GPE,-0.01943511,0.61007044,nl,14.1,,0,,,,,,
25,Nagano,Nagano,GPE,0.08870317,0.57439489,ja,14.06666667,4310172-0,1856215,P,36.65,138.18333,ASIA,Japan,EAS
6,Andalusia,Andalusia,GPE,0.03700397,0.6952877,es,14.0,4054671-8,2510911,P,37.38283,-5.97317,EUROPE-AFRICA,Spain,MED
15,Spain,Spain,GPE,-0.18585132,0.52342126,el,13.9,4055964-6,2510769,A,40.0,-4.0,EUROPE-AFRICA,Spain,MED
16,Cyprus,Cyprus,GPE,-0.03843938,0.40365188,el,13.9,4241756-9,146669,A,35.0,33.0,EUROPE-AFRICA,Cyprus,MED
26,Okinawa,Okinawa,GPE,0.00281424,0.91877807,ja,13.71991342,4247457-7,1856035,P,26.213,127.67851,ASIA,Japan,EAS
18,USA,USA,GPE,-0.03372353,0.66840543,el,13.6,4078704-7,6252001,X,39.759999,-98.5,NORTH-AMERICA,United States,CNA
16,Bodrum,Bodrum,GPE,-0.03737745,0.23485644,tr,13.6,4087873-9,320995,P,37.03833,27.42917,EUROPE-AFRICA,Turkey,MED
8,Kashmir,Kashmir,LOC,-0.14203153,0.54151348,hi,13.6,4256270-3,1269320,A,33.5329,75.40781,ASIA,India,TIB
17,Turkey,Turkey,GPE,0.0010723,0.25628064,el,13.6,4061163-2,298795,A,39.0,35.0,EUROPE-AFRICA,Turkey,MED
17,Black Sea,Black Sea,LOC,0.02024101,0.5185866,tr,13.6,,10922499,L,41.25206,36.96073,EUROPE-AFRICA,Turkey,MED
7,Chile,Chile,GPE,0.00450938,0.28218294,es,13.5,4009929-5,3895114,A,-30.0,-71.0,SOUTH-AMERICA,Chile,SWS
18,Eastern Black Sea,Eastern Black Sea,LOC,-0.0048774,0.42306622,tr,13.4,,732793,L,42.83333,28.0,EUROPE-AFRICA,Bulgaria,MED
19,Muğla,Muğla,GPE,0.02201493,0.41853234,tr,13.4,4285769-7,304184,P,37.21807,28.3665,EUROPE-AFRICA,Turkey,MED
19,Italy,Italy,GPE,-0.01539518,0.48973444,el,13.3,4027833-5,3175395,A,42.83333,12.83333,EUROPE-AFRICA,Italy,MED
20,Peloponnese,Peloponnese,GPE,-0.16451802,0.38239538,el,13.2,4045064-8,255620,L,37.5,22.33333,EUROPE-AFRICA,Greece,MED
1,Toronto,Toronto,GPE,0.14635448,0.4860015,ar,13.0,4060459-7,6167865,P,43.70643,-79.39864,NORTH-AMERICA,Canada,ENA
21,Portugal,Portugal,GPE,-0.24551282,0.55004274,el,13.0,4046843-4,2264397,A,39.6945,-8.13057,EUROPE-AFRICA,Portugal,MED
27,Sanriku,Sanriku,GPE,0.00578594,0.38332441,ja,12.73333333,,2111923,L,38.5,141.5,ASIA,Japan,EAS
8,Coimbra,Coimbra,GPE,-0.01646243,0.42849189,pt,12.7,4010369-9,2740637,P,40.20564,-8.41955,EUROPE-AFRICA,Portugal,MED
20,Hatay,Hatay,GPE,-0.01697288,0.37314086,tr,12.7,4085823-6,323779,P,36.20655,36.15722,EUROPE-AFRICA,Turkey,MED
7,Madeira,Madeira,GPE,-0.14471487,0.43843951,pt,12.7,4299432-9,2267827,P,32.66568,-16.92547,ATLANTIC,Portugal,NAO
28,Russia,Russia,GPE,0.07846717,0.50214811,ja,12.62382092,4076899-5,2017370,A,60.0,100.0,ASIA,Russia,ESB
6,California,California,GPE,-0.09942857,0.3735873,nl,12.5,,11071615,L,34.68743,-116.78467,NORTH-AMERICA,United States,WNA
3,Switzerland,Switzerland,GPE,0.05977489,0.41411544,de,12.5,,2658434,A,47.00016,8.01427,EUROPE,Switzerland,WCE
22,Ilia,Ilia,LOC,-0.35927419,0.46706989,el,12.4,4014440-9,261797,A,37.75,21.58333,EUROPE-AFRICA,Greece,MED
4,US,US,GPE,-0.20891512,0.51637866,de,12.2,,0,,,,,,
5,Alps,Alps,GPE,0.10017361,0.50416667,de,12.0,,0,,,,,,
29,Tokai,Tokai,GPE,0.14280394,0.68613366,ja,11.95735931,,1850221,L,35.0,137.5,ASIA,Japan,EAS
30,Saitama,Saitama,GPE,0.02282761,0.17454345,ja,11.86428571,4390428-2,6940394,P,35.90807,139.65657,ASIA,Japan,EAS
31,Nankai Trough,Nankai Trough,LOC,0.042417,0.45140845,ja,11.83333333,,0,,,,,,
6,Delhi,Delhi,GPE,0.08674242,0.77721121,en,11.7,4011371-1,1273294,P,28.65195,77.23149,ASIA,India,SAS
8,New York,New York,GPE,0.07946348,0.8194381,es,11.6,4042011-5,5128581,P,40.71427,-74.00597,NORTH-AMERICA,United States,ENA
32,Gunma,Gunma,GPE,0.02690671,0.22687398,ja,11.5719697,4585830-5,1857843,P,36.4,139.08333,ASIA,Japan,EAS
33,Chiba,Chiba,GPE,0.09500109,0.5314415,ja,11.36794872,4388993-1,2113015,P,35.6,140.11667,ASIA,Japan,EAS
7,Victoria,Victoria,GPE,-0.12822305,0.58213998,en,11.3,,241131,P,-4.62001,55.45501,INDIAN,Seychelles,EIO
34,Chiba Prefecture,Chiba Prefecture,GPE,0.01327017,0.1591637,ja,11.275,4388993-1,2113015,P,35.6,140.11667,ASIA,Japan,EAS
35,Niigata,Niigata,GPE,0.12672412,0.73967219,ja,11.21515152,4208484-2,1855431,P,37.92259,139.04125,ASIA,Japan,EAS
36,Osaka,Osaka,GPE,0.15794891,0.59333152,ja,11.21406926,4043961-6,1853909,P,34.69379,135.50107,ASIA,Japan,EAS
21,Japan,Japan,GPE,0.02519133,0.29368622,tr,11.2,4028495-5,1861060,A,35.68536,139.75309,ASIA,Japan,EAS
6,Taichung,Taichung,GPE,0.1826572,0.88470822,zh,11.16190476,4119496-2,1668399,P,24.1469,120.6839,ASIA,Taiwan,EAS
9,United States,United States,GPE,-0.01263683,0.76329576,es,11.1,,0,,,,,,
37,the Noto Peninsula Earthquake,the Noto Peninsula Earthquake,LOC,0.03758651,0.4652434,ja,11.07142857,,0,,,,,,
38,Ishikawa Prefecture,Ishikawa Prefecture,GPE,-0.02664209,0.18753202,ja,11.06904762,,1860243,P,36.6,136.61667,ASIA,Japan,EAS
22,New York,New York,GPE,0.15819334,0.49316593,tr,10.9,4042011-5,5128581,P,40.71427,-74.00597,NORTH-AMERICA,United States,ENA
23,New Zealand,New Zealand,GPE,0.00578607,0.3912288,el,10.9,4041915-0,2186224,A,-42.0,174.0,OCEANIA,New Zealand,NZ
2,America,America,GPE,0.11195754,0.39944351,ar,10.8,,0,,,,,,
39,Shikoku,Shikoku,GPE,-0.1025385,0.84974154,ja,10.73354701,4224753-6,1852487,T,33.75,133.5,ASIA,Japan,EAS
6,North,North,LOC,-0.02349429,0.62097612,it,10.7,,12110879,L,42.74936,-96.39971,NORTH-AMERICA,United States,CNA
23,Adana,Adana,GPE,-0.14857217,0.48097092,tr,10.7,4079621-8,325363,P,36.98615,35.32531,EUROPE-AFRICA,Turkey,MED
10,Galicia,Galicia,GPE,0.19735051,0.71027852,es,10.7,4019119-9,3336902,A,42.75508,-7.86621,EUROPE-AFRICA,Spain,MED
9,Uttar Pradesh,Uttar Pradesh,GPE,0.02798742,0.7697065,hi,10.6,4062226-5,1253626,A,27.25,80.75,ASIA,India,SAS
12,Minas Gerais,Minas Gerais,GPE,-0.1674062,0.45474387,es,10.5,4039398-7,3457153,A,-18.0,-44.0,SOUTH-AMERICA,Brazil,NES
11,Mexico,Mexico,GPE,-0.08343434,0.71945166,es,10.5,4039058-5,3996063,A,23.0,-102.0,CENTRAL-AMERICA,Mexico,NCA
40,Ukraine,Ukraine,GPE,-0.00807746,0.57557496,ja,10.46527113,4061496-7,690791,A,49.0,32.0,EUROPE,Ukraine,WCE
24,Meteo,Meteo,GPE,-0.02365385,0.36948718,el,10.4,,10858768,P,-4.35998,15.23905,AFRICA,Democratic Republic of the Congo,CAF
7,Europe,Europe,LOC,0.15806119,0.48619692,fr,10.3,,0,,,,,,
8,Queensland,Queensland,GPE,-0.05097087,0.84196332,en,10.3,4103475-2,2152274,A,-20.0,145.0,OCEANIA,Australia,NAU
9,Spain,Spain,GPE,0.09237862,0.41555789,pt,10.2,4055964-6,2510769,A,40.0,-4.0,EUROPE-AFRICA,Spain,MED
8,Milan,Milan,GPE,0.20594917,0.55615383,fr,10.1,4037100-1,3173435,P,45.46427,9.18951,EUROPE,Italy,WCE
9,Paris,Paris,GPE,0.00292529,0.53427843,fr,10.1,4044660-8,2988507,P,48.85341,2.3488,EUROPE,France,WCE
3,Israel,Israel,GPE,0.05214495,0.4861504,ar,10.1,4027808-6,294640,A,31.5,34.75,EUROPE-AFRICA,Israel,MED
41,Earth,Earth,LOC,0.14431818,0.61689394,ja,10.0,,0,,,,,,
6,the United States,the United States,GPE,0.14970238,0.42503968,ar,10.0,,0,,,,,,
27,Macedonia,Macedonia,GPE,-0.23875812,0.46665675,el,10.0,4114937-3,718075,A,41.66667,21.75,EUROPE-AFRICA,North Macedonia,MED
26,Sicily,Sicily,GPE,-0.05373016,0.53142857,el,10.0,4055193-3,2523118,T,37.62304,13.93457,EUROPE-AFRICA,Italy,MED
25,Evia,Evia,LOC,-0.11333333,0.37569444,el,10.0,4015642-4,262565,T,38.5,24.0,EUROPE-AFRICA,Greece,MED
27,Çanakkale,Çanakkale,GPE,0.04847222,0.35069444,tr,10.0,4085132-1,749780,P,40.15552,26.41271,EUROPE-AFRICA,Turkey,MED
26,Kaş,Kaş,GPE,-0.03604167,0.350625,tr,10.0,,372753,P,15.45099,36.39998,AFRICA,Sudan,SAH
25,Kumluca,Kumluca,GPE,0.04020833,0.364375,tr,10.0,,305675,P,37.90185,28.86622,EUROPE-AFRICA,Turkey,MED
24,Erzincan,Erzincan,GPE,-0.05375,0.15666667,tr,10.0,4488338-9,315373,P,39.73919,39.49015,EUROPE-AFRICA,Turkey,MED
10,Jammu,Jammu,GPE,-0.18878788,0.65583333,hi,10.0,4387357-1,1269321,P,32.73528,74.86167,ASIA,India,WCA
4,Canada,Canada,GPE,-0.00258596,0.76634972,ar,10.0,4029456-0,6251999,A,60.10867,-113.64258,NORTH-AMERICA,Canada,NWN
5,US,US,GPE,0.03175595,0.40372024,ar,10.0,,0,,,,,,
2,Kamchatka,Kamchatka,GPE,0.04060606,0.34590909,ru,10.0,,2125072,A,55.0,159.0,ASIA,Russia,RFE
42,Shinkansen,Shinkansen,GPE,0.0013031,0.49013656,ja,9.89285714,,11865030,R,41.89932,140.67051,ASIA,Japan,EAS
28,Tehran,Tehran,GPE,0.11851754,0.4512214,el,9.8,4059304-6,112931,P,35.69439,51.42151,ASIA,Iran,WCA
43,Chugoku,Chugoku,GPE,0.07636455,0.98578401,ja,9.7849359,,1864492,L,34.5,133.0,ASIA,Japan,EAS
44,Nagoya,Nagoya,GPE,0.26191961,0.89120801,ja,9.73528139,4126104-5,1856057,P,35.18147,136.90641,ASIA,Japan,EAS
29,Paphos,Paphos,GPE,-0.02840779,0.12210767,el,9.7,4104677-8,146214,P,34.77679,32.42451,EUROPE-AFRICA,Cyprus,MED
11,New Zealand,New Zealand,GPE,0.231612,1.02684057,hi,9.7,4041915-0,2186224,A,-42.0,174.0,OCEANIA,New Zealand,NZ
45,Kagoshima Prefecture,Kagoshima Prefecture,LOC,0.04424399,0.32187858,ja,9.7,4308810-7,1860827,P,31.56667,130.55,ASIA,Japan,EAS
46,South Korea,South Korea,GPE,-0.06708037,0.56041437,ja,9.63571429,4078029-6,1835841,A,36.5,127.75,ASIA,South Korea,EAS
30,Patras,Patras,GPE,-0.05555556,0.5474537,el,9.6,4115867-2,255683,P,38.2462,21.73508,EUROPE-AFRICA,Greece,MED
13,Argentina,Argentina,GPE,0.05348801,0.46388363,es,9.6,4002890-2,3865483,A,-34.0,-64.0,SOUTH-AMERICA,Argentina,SES
47,Sanin,Sanin,LOC,-0.06587759,0.93196307,ja,9.55897436,,6898181,A,35.28434,128.44748,ASIA,South Korea,EAS
31,Albania,Albania,GPE,-0.0,0.29473684,el,9.5,4001028-4,783754,A,41.0,20.0,EUROPE-AFRICA,Albania,MED
7,Beijing,Beijing,GPE,1.0279986,2.47208048,zh,9.48823954,4075971-4,1816670,P,39.9075,116.39723,ASIA,China,EAS
32,Limassol,Limassol,GPE,-0.0212766,0.39007092,el,9.4,4111309-3,146384,P,34.68406,33.03794,EUROPE-AFRICA,Cyprus,MED
14,Atlantic,Atlantic,LOC,0.32440035,0.74659187,es,9.4,,12110846,L,40.58629,-76.28807,NORTH-AMERICA,United States,ENA
48,Hiroshima,Hiroshima,GPE,0.12675102,0.36037054,ja,9.22083333,4072524-8,1862415,P,34.4,132.45,ASIA,Japan,EAS
12,Mumbai,Mumbai,GPE,0.01286232,0.5192029,hi,9.2,10013721-0,1275339,P,19.07283,72.88261,ASIA,India,SAS
49,New York,New York,GPE,0.0077993,0.6408125,ja,9.15,4042011-5,5128581,P,40.71427,-74.00597,NORTH-AMERICA,United States,ENA
50,San'in,San'in,GPE,-0.083765,0.93528462,ja,9.13269231,4116320-5,3621849,P,9.93388,-84.08489,CENTRAL-AMERICA,Costa Rica,SCA
33,Thessaly,Thessaly,GPE,-0.26517649,0.45098552,el,9.1,4059850-0,6697809,A,39.40224,21.98364,EUROPE-AFRICA,Greece,MED
30,Indonesia,Indonesia,GPE,-0.04395604,0.06593407,tr,9.1,4026761-1,1643084,A,-5.0,120.0,ASIA,Indonesia,SEA
29,Manisa,Manisa,GPE,-0.04110704,0.25905576,tr,9.1,4036977-8,304827,P,38.61202,27.42647,EUROPE-AFRICA,Turkey,MED
31,Malaysia,Malaysia,GPE,-0.00549451,0.11538462,tr,9.1,4037203-0,1733045,A,2.5,112.5,ASIA,Malaysia,SEA
28,Italy,Italy,GPE,-0.06126374,0.63690476,tr,9.1,4027833-5,3175395,A,42.83333,12.83333,EUROPE-AFRICA,Italy,MED
32,Central Anatolia,Central Anatolia,LOC,0.00361722,0.35282357,tr,9.1,,10922504,L,39.17175,33.52346,EUROPE-AFRICA,Turkey,MED
33,Aydın,Aydın,GPE,-0.00666667,0.27222222,tr,9.0,4209664-9,322830,P,37.84501,27.83963,EUROPE-AFRICA,Turkey,MED
7,Washington,Washington,GPE,0.00580527,0.17696409,ar,9.0,4064682-8,4140963,P,38.89511,-77.03637,NORTH-AMERICA,United States,ENA
9,UK,UK,GPE,-0.09674942,0.62253236,en,8.9,4022153-2,2635167,A,54.75844,-2.69531,EUROPE,United Kingdom,NEU
34,the Middle East,the Middle East,LOC,-0.03532043,0.12645651,el,8.9,,12217091,L,35.8,-86.5,NORTH-AMERICA,United States,ENA
7,Atlantic,Atlantic,LOC,0.12139726,0.77336852,it,8.9,,12110846,L,40.58629,-76.28807,NORTH-AMERICA,United States,ENA
15,California,California,GPE,-0.04635847,0.74499828,es,8.8,,11071615,L,34.68743,-116.78467,NORTH-AMERICA,United States,WNA
10,Leiria,Leiria,GPE,0.00741793,0.53109217,pt,8.8,4258716-5,2267095,P,39.74362,-8.80705,EUROPE-AFRICA,Portugal,MED
51,U.S.,U.S.,GPE,0.08162456,0.4601791,ja,8.75606061,,0,,,,,,
10,U.S.,U.S.,GPE,0.11457245,0.83289794,en,8.7,,0,,,,,,
11,Azores,Azores,LOC,-0.2383969,0.56589603,pt,8.7,4004066-5,3411865,A,37.80847,-25.47466,ATLANTIC,Portugal,NAO
7,Belgium,Belgium,GPE,0.0557152,0.44907407,nl,8.7,4005406-8,2802361,A,50.75,4.5,EUROPE,Belgium,WCE
10,Maine-et-Loire,Maine-et-Loire,GPE,0.05079531,0.14623244,fr,8.7,4002024-1,3037656,P,47.47156,-0.55202,EUROPE,France,WCE
8,Alps,Alps,GPE,-0.1289838,0.4831287,it,8.7,,0,,,,,,
12,Lisbon,Lisbon,GPE,0.09667073,0.47602461,pt,8.7,4035919-0,2267057,P,38.72509,-9.1498,EUROPE-AFRICA,Portugal,MED
35,Thessaloniki,Thessaloniki,GPE,-0.08386809,0.46194296,el,8.5,4051394-4,734077,P,40.64361,22.93086,EUROPE-AFRICA,Greece,MED
9,Mediterranean,Mediterranean,LOC,0.00039661,0.62874034,it,8.5,,0,,,,,,
52,Germany,Germany,GPE,0.1567804,0.71164164,ja,8.46915584,4011882-4,2921044,A,51.5,10.5,EUROPE,Germany,WCE
36,Cyclades,Cyclades,GPE,-0.03690476,0.14236111,el,8.4,,259820,T,37.16265,25.01747,EUROPE-AFRICA,Greece,MED
13,Minas Gerais,Minas Gerais,GPE,0.04312705,0.84179901,pt,8.3,4039398-7,3457153,A,-18.0,-44.0,SOUTH-AMERICA,Brazil,NES
13,US,US,GPE,-0.01258215,0.61065626,hi,8.3,,0,,,,,,
8,Limburg,Limburg,GPE,0.17540161,0.48403614,nl,8.3,4036784-8,2751283,P,50.84833,5.68889,EUROPE,The Netherlands,WCE
38,Japan,Japan,GPE,-0.04674797,0.06504065,el,8.2,4028495-5,1861060,A,35.68536,139.75309,ASIA,Japan,EAS
34,the Middle East,the Middle East,LOC,0.08780488,0.21605691,tr,8.2,,12217091,L,35.8,-86.5,NORTH-AMERICA,United States,ENA
36,Central,Central,LOC,0.07204317,0.43579655,tr,8.2,,0,,,,,,
37,Bahrain,Bahrain,GPE,0.01872822,0.3575784,el,8.2,4004268-6,290291,A,26.03333,50.55,ASIA,Bahrain,ARP
35,Finike,Finike,GPE,0.08561992,0.45960366,tr,8.2,1073561054,314923,X,36.295,30.140555,EUROPE-AFRICA,Turkey,MED
14,Campinas,Campinas,GPE,0.15650407,0.29844173,pt,8.2,4264280-2,3467865,P,-22.90556,-47.06083,SOUTH-AMERICA,Brazil,SES
39,Russia,Russia,GPE,-0.18930041,0.43621399,el,8.1,4076899-5,2017370,A,60.0,100.0,ASIA,Russia,ESB
10,Turin,Turin,GPE,0.1143445,0.48677249,it,8.1,4061245-4,3165524,P,45.07049,7.68682,EUROPE,Italy,WCE
3,Sverdlovsk,Sverdlovsk,GPE,-0.13100137,0.37997257,ru,8.1,4294585-9,1486209,P,56.8519,60.6122,ASIA,Russia,WSB
15,Faro,Faro,GPE,-0.0840192,0.31310014,pt,8.1,4334689-3,2268337,A,37.2,-8.16667,EUROPE-AFRICA,Portugal,MED
40,Thesprotia,Thesprotia,GPE,0.09109615,0.26112982,el,8.1,4119588-7,252941,A,39.5,20.33333,EUROPE-AFRICA,Greece,MED
41,Karditsa,Karditsa,GPE,0.20625,0.41666667,el,8.0,4292384-0,260989,P,39.36485,21.92191,EUROPE-AFRICA,Greece,MED
11,Milan,Milan,GPE,0.18115756,0.49106917,it,8.0,4037100-1,3173435,P,45.46427,9.18951,EUROPE,Italy,WCE
42,Switzerland,Switzerland,GPE,-0.20931818,0.35768939,el,8.0,,2658434,A,47.00016,8.01427,EUROPE,Switzerland,WCE
43,Western Greece,Western Greece,LOC,-0.0904698,0.29239502,el,7.9,4115867-2,255683,P,38.2462,21.73508,EUROPE-AFRICA,Greece,MED
6,Europe,Europe,LOC,0.02114225,0.42781796,de,7.9,,0,,,,,,
8,Europe,Europe,LOC,-0.15429017,1.01517151,zh,7.85,,0,,,,,,
53,Sea,Sea,LOC,-0.09454674,0.6883694,ja,7.83269231,,10922499,L,41.25206,36.96073,EUROPE-AFRICA,Turkey,MED
54,Honshu,Honshu,GPE,0.15855201,0.67912198,ja,7.82559524,,1862185,T,36.0,138.0,ASIA,Japan,EAS
12,Loire,Loire,GPE,0.0491453,0.48717949,fr,7.8,4041204-0,2990969,P,47.21725,-1.55336,EUROPE,France,WCE
12,Lombardy,Lombardy,GPE,0.24470668,0.50228244,it,7.8,4037100-1,3173435,P,45.46427,9.18951,EUROPE,Italy,WCE
11,Italy,Italy,GPE,0.20328283,0.69167638,fr,7.8,4027833-5,3175395,A,42.83333,12.83333,EUROPE-AFRICA,Italy,MED
45,California,California,GPE,-0.25984848,0.51986046,el,7.8,,11071615,L,34.68743,-116.78467,NORTH-AMERICA,United States,WNA
44,Achaia,Achaia,GPE,-0.20263533,0.29380342,el,7.8,4115867-2,255683,P,38.2462,21.73508,EUROPE-AFRICA,Greece,MED
11,New Zealand,New Zealand,GPE,0.24435918,0.75337138,en,7.7,4041915-0,2186224,A,-42.0,174.0,OCEANIA,New Zealand,NZ
55,Gunma Prefecture,Gunma Prefecture,GPE,0.00830565,0.24086379,ja,7.525,4585830-5,1857843,P,36.4,139.08333,ASIA,Japan,EAS
56,Shizuoka,Shizuoka,GPE,-0.08777778,0.26777778,ja,7.5,4289915-1,1851717,P,34.98333,138.38333,ASIA,Japan,EAS
16,the United States,the United States,GPE,0.07209596,0.43522727,pt,7.5,,0,,,,,,
57,the Pacific Ocean,the Pacific Ocean,LOC,-0.06514944,0.75183658,ja,7.43863636,,7670505,H,7.113,171.254,PACIFIC,Marshall Islands,EPO
58,the Sea of ​​Japan,the Sea of ​​Japan,LOC,-0.18557423,0.7776072,ja,7.36666667,,0,,,,,,
59,Noto Peninsula,Noto Peninsula,LOC,0.16032556,0.40557985,ja,7.35,,1854948,T,37.33333,137.0,ASIA,Japan,EAS
9,Iran,Iran,GPE,-0.21957575,1.69205798,zh,7.32222222,4027653-3,130758,A,32.0,53.0,ASIA,Iran,WCA
9,Greece,Greece,GPE,-0.34417808,0.4206621,nl,7.3,4022047-3,390903,A,39.0,22.0,EUROPE-AFRICA,Greece,MED
10,Brussels,Brussels,GPE,0.04528158,0.33085997,nl,7.3,4008460-7,2800866,P,50.85045,4.34878,EUROPE,Belgium,WCE
16,Peninsula,Peninsula,LOC,0.20712927,0.94413188,es,7.3,,0,,,,,,
17,USA,USA,GPE,-0.01909722,0.36834491,pt,7.2,4078704-7,6252001,X,39.759999,-98.5,NORTH-AMERICA,United States,CNA
17,Barcelona,Barcelona,GPE,0.12128326,0.33841941,es,7.1,4004503-1,3128760,P,41.38879,2.15899,EUROPE-AFRICA,Spain,MED
8,Australia,Australia,GPE,0.07257433,0.33548513,ar,7.1,4003900-6,2077456,A,-25.0,135.0,OCEANIA,Australia,CAU
13,Switzerland,Switzerland,GPE,0.1314554,0.46185446,fr,7.1,,2658434,A,47.00016,8.01427,EUROPE,Switzerland,WCE
18,Mozambique,Mozambique,GPE,0.0072023,0.56802177,pt,7.1,4039786-5,1036973,A,-18.25,35.0,AFRICA,Mozambique,ESAF
37,Sapanca Lake,Sapanca Lake,LOC,0.2900974,0.48782468,tr,7.0,,740228,H,40.72111,30.24833,EUROPE-AFRICA,Turkey,MED
38,Israel,Israel,GPE,0.17142857,0.36904762,tr,7.0,4027808-6,294640,A,31.5,34.75,EUROPE-AFRICA,Israel,MED
18,Iran,Iran,GPE,0.10753968,0.58492063,es,7.0,4027653-3,130758,A,32.0,53.0,ASIA,Iran,WCA
7,the Baltic Sea,the Baltic Sea,LOC,0.01857143,0.34571429,de,7.0,,5226143,P,43.76136,-96.74033,NORTH-AMERICA,United States,CNA
60,Iran,Iran,GPE,-0.02744332,0.7571724,ja,6.92119219,4027653-3,130758,A,32.0,53.0,ASIA,Iran,WCA
61,New Zealand,New Zealand,GPE,0.05620354,0.38998461,ja,6.9,4041915-0,2186224,A,-42.0,174.0,OCEANIA,New Zealand,NZ
11,New York,New York,GPE,0.14565949,0.51804641,nl,6.9,4042011-5,5128581,P,40.71427,-74.00597,NORTH-AMERICA,United States,ENA
14,Corsica,Corsica,LOC,0.03925121,0.38707729,fr,6.9,1246405024,3023519,A,42.06153,8.9542,EUROPE-AFRICA,France,MED
39,Marmaris,Marmaris,GPE,-0.00153186,0.27420343,tr,6.8,4246465-1,304782,P,36.855,28.27417,EUROPE-AFRICA,Turkey,MED
62,Los Angeles,Los Angeles,GPE,0.1178132,0.3534396,ja,6.77272727,4036361-2,5368361,P,34.05223,-118.24368,NORTH-AMERICA,United States,WNA
10,Hsinchu County,Hsinchu County,GPE,0.05032736,0.80663626,zh,6.72222222,,1675107,A,24.67416,121.16111,ASIA,Taiwan,EAS
11,Hualien County,Hualien County,GPE,0.20419187,0.97231442,zh,6.71666667,4406400-7,1674504,P,23.97694,121.60444,ASIA,Taiwan,EAS
46,Corfu,Corfu,LOC,-0.2866727,0.54304236,el,6.7,4192393-5,2463679,P,39.62441,19.92016,EUROPE-AFRICA,Greece,MED
14,Iran,Iran,GPE,-0.19239032,0.5122682,hi,6.7,4027653-3,130758,A,32.0,53.0,ASIA,Iran,WCA
63,Kanagawa,Kanagawa,GPE,-0.00622683,0.47009927,ja,6.63571429,4192186-0,1848354,P,35.43333,139.65,ASIA,Japan,EAS
64,America,America,GPE,0.25052138,0.95504996,ja,6.62857143,,0,,,,,,
19,the Canary Islands,the Canary Islands,LOC,0.17839707,0.60818302,es,6.6,,2520308,T,28.0,-15.5,AFRICA,Spain,SAH
47,Brazil,Brazil,GPE,-0.003367,0.47138047,el,6.6,4008003-1,3469034,A,-10.0,-55.0,SOUTH-AMERICA,Brazil,SAM
65,Okinawa Prefecture,Okinawa Prefecture,LOC,-0.01704545,0.18181818,ja,6.6,4247455-3,1856035,P,26.213,127.67851,ASIA,Japan,EAS
4,Belarus,Belarus,GPE,0.05769231,0.53205128,ru,6.5,1009143-9,630336,A,53.0,28.0,EUROPE,Belarus,WCE
15,Madhya Pradesh,Madhya Pradesh,GPE,-0.17486264,0.65057998,hi,6.5,4234626-5,1264542,A,23.5,78.5,ASIA,India,SAS
40,Spain,Spain,GPE,-0.04820513,0.53384615,tr,6.5,4055964-6,2510769,A,40.0,-4.0,EUROPE-AFRICA,Spain,MED
66,Iwate,Iwate,LOC,-0.00192496,0.26371914,ja,6.49365079,4323908-0,2111834,P,39.7,141.15,ASIA,Japan,EAS
41,Alanya,Alanya,GPE,-0.01529948,0.47167969,tr,6.4,4206264-0,324190,P,36.54375,31.99982,EUROPE-AFRICA,Türkiye,MED
9,Morocco,Morocco,GPE,0.17838542,0.31328125,ar,6.4,4037680-1,2542007,A,28.5,-10.0,AFRICA,Morocco,SAH
49,Chile,Chile,GPE,0.23177083,0.49739583,el,6.4,4009929-5,3895114,A,-30.0,-71.0,SOUTH-AMERICA,Chile,SWS
48,Earth,Earth,LOC,0.06510417,0.5625,el,6.4,,0,,,,,,
8,East Coast,East Coast,LOC,0.01633523,0.14559659,de,6.4,,12212303,L,37.02332,-77.36954,NORTH-AMERICA,United States,ENA
5,Chelyabinsk,Chelyabinsk,LOC,-0.04361979,0.55078125,ru,6.4,4122739-6,1508291,P,55.1611,61.42877,ASIA,Russia,WSB
12,Italy,Italy,GPE,-0.09440104,0.19401042,nl,6.4,4027833-5,3175395,A,42.83333,12.83333,EUROPE-AFRICA,Italy,MED
16,Gujarat,Gujarat,GPE,0.12320964,0.29720052,hi,6.4,4058659-5,1255364,P,21.19594,72.83023,ASIA,India,SAS
67,Shimane,Shimane,GPE,0.01832461,0.22513089,ja,6.36666667,4389008-8,1857550,P,35.48333,133.05,ASIA,Japan,EAS
12,South Korea,South Korea,GPE,0.46357046,1.98594224,zh,6.32222222,4078029-6,1835841,A,36.5,127.75,ASIA,South Korea,EAS
68,Mt.,Mt.,GPE,-0.11360634,0.41523558,ja,6.30833333,,0,,,,,,
50,Santorini,Santorini,LOC,-0.12506013,0.41117524,el,6.3,,252919,T,36.40572,25.45682,EUROPE-AFRICA,Greece,MED
19,New York,New York,GPE,0.06337181,0.42111592,pt,6.3,4042011-5,5128581,P,40.71427,-74.00597,NORTH-AMERICA,United States,ENA
42,Gaza,Gaza,GPE,-0.1957672,0.41269841,tr,6.3,4092680-1,281133,P,31.50161,34.46672,EUROPE-AFRICA,Palestinian Territory,MED
20,Florida,Florida,GPE,0.01710558,0.8224507,es,6.3,4017585-6,12217087,L,26.5,-81.0,NORTH-AMERICA,United States,ENA
13,Yilan,Yilan,GPE,0.07030211,0.95161784,zh,6.28333333,4407796-8,1674199,P,24.757,121.753,ASIA,Taiwan,EAS
13,Austria,Austria,GPE,-0.19354839,0.25806452,nl,6.2,4043271-3,2782113,A,47.33333,13.33333,EUROPE,Austria,WCE
14,Taipei City,Taipei City,GPE,0.03361262,1.06810113,zh,6.2,4078134-3,1668341,P,25.05306,121.52639,ASIA,Taiwan,EAS
51,Kefalonia,Kefalonia,GPE,-0.2016129,0.3172043,el,6.2,4030124-2,6299491,S,38.12007,20.50048,EUROPE-AFRICA,Griechenland,MED
14,France,France,GPE,-0.12636612,0.29918033,nl,6.1,4018145-5,3017382,A,46.0,2.0,EUROPE,France,WCE
69,Kochi,Kochi,GPE,0.3609141,1.4890763,ja,6.01212121,4285343-6,1859146,P,33.55,133.53333,ASIA,Japan,EAS
21,Catalonia,Catalonia,GPE,0.16831259,0.78890242,es,6.0,4029916-8,3336901,X,41.820459,1.86768,EUROPE-AFRICA,Spain,MED
13,Puglia,Puglia,GPE,-0.21610169,0.63700565,it,5.9,4085139-4,3180792,P,41.21954,16.06768,EUROPE-AFRICA,Italy,MED
15,Indonesia,Indonesia,GPE,-0.26600985,0.45792282,nl,5.8,4026761-1,1643084,A,-5.0,120.0,ASIA,Indonesia,SEA
14,Southern Italy,Southern Italy,LOC,-0.0398598,0.45373999,it,5.8,4027833-5,3175395,A,42.83333,12.83333,EUROPE-AFRICA,Italy,MED
22,Granada,Granada,GPE,0.05050287,0.43354885,es,5.8,4021981-1,3580239,A,12.11667,-61.66667,CENTRAL-AMERICA,Grenada,CAR
20,Aveiro,Aveiro,GPE,-0.0440613,0.25191571,pt,5.8,4079889-6,2742611,P,40.64575,-8.64643,EUROPE-AFRICA,Portugal,MED
9,USA,USA,GPE,-0.15394089,0.39326765,de,5.8,4078704-7,6252001,X,39.759999,-98.5,NORTH-AMERICA,United States,CNA
71,Noto Peninsula Earthquake,Noto Peninsula Earthquake,LOC,0.07925072,0.54775628,ja,5.78333333,,0,,,,,,
70,Tottori Prefecture,Tottori Prefecture,GPE,-0.03818444,0.30619597,ja,5.78333333,4309653-0,1849892,P,35.5,134.23333,ASIA,Japan,EAS
72,Tochigi,Tochigi,GPE,0.07445255,0.24963504,ja,5.70833333,4370926-6,1849053,P,36.56667,139.88333,ASIA,Japan,EAS
73,Dubai,Dubai,GPE,0.41409717,0.71824629,ja,5.70714286,4204044-9,292223,P,25.07725,55.30927,ASIA,United Arab Emirates,ARP
43,Europe,Europe,LOC,-0.15253411,0.47709552,tr,5.7,,0,,,,,,
12,Ontario,Ontario,GPE,-0.12193093,0.5326555,en,5.7,4122012-2,6094817,P,45.41117,-75.69812,NORTH-AMERICA,Canada,ENA
23,Colombia,Colombia,GPE,-0.07894737,0.43274854,es,5.7,4031812-6,3686110,A,4.0,-73.25,SOUTH-AMERICA,Colombia,NWS
74,UK,UK,GPE,0.20151072,0.73732943,ja,5.7,4022153-2,2635167,A,54.75844,-2.69531,EUROPE,United Kingdom,NEU
75,Wajima City,Wajima City,GPE,0.02294259,0.2105415,ja,5.65641026,,0,,,,,,
15,New Taipei City,New Taipei City,GPE,0.2297054,1.50131115,zh,5.65,1058208470,12908892,P,25.06199,121.45703,ASIA,Taiwan,EAS
16,Taipei,Taipei,GPE,0.30724768,1.42044174,zh,5.64689755,4078134-3,1668341,P,25.05306,121.52639,ASIA,Taiwan,EAS
76,Nara,Nara,GPE,0.40829797,1.37352664,ja,5.61111111,4117774-5,1855612,P,34.68505,135.80485,ASIA,Japan,EAS
77,Sendai,Sendai,GPE,0.58887612,1.69638375,ja,5.60541126,4118584-5,2111149,P,38.26667,140.86667,ASIA,Japan,EAS
13,Alaska,Alaska,GPE,-0.05357143,0.45238095,en,5.6,4001016-8,5879092,A,64.00028,-150.00028,NORTH-AMERICA,United States,NWN
21,Viseu,Viseu,GPE,0.08556548,0.28645833,pt,5.6,4271858-2,2732264,A,40.82747,-7.79816,EUROPE-AFRICA,Portugal,MED
78,Suzu City,Suzu City,GPE,0.06080125,0.27346166,ja,5.6,,0,,,,,,
10,Bavaria,Bavaria,GPE,0.00649351,0.35795455,de,5.6,4245720-8,2867714,P,48.13743,11.57549,EUROPE,Germany,WCE
22,Europe,Europe,LOC,0.14861916,0.9681509,pt,5.6,,0,,,,,,
17,Yilan County,Yilan County,GPE,0.12673095,1.0429256,zh,5.53333333,,1674199,P,24.757,121.753,ASIA,Taiwan,EAS
18,Nantou County,Nantou County,GPE,0.08421246,1.1253096,zh,5.50555556,5023744-5,7635161,P,18.73164,109.73159,ASIA,China,SEA
52,Scotland,Scotland,GPE,-0.04613636,0.32,el,5.5,4053233-1,5057190,A,40.4526,-92.14705,NORTH-AMERICA,United States,CNA
79,Kagoshima,Kagoshima,GPE,0.06363636,0.17272727,ja,5.5,4308810-7,1860827,P,31.56667,130.55,ASIA,Japan,EAS
53,Crans Montana,Crans Montana,GPE,-0.08126722,0.27052342,el,5.5,4275008-8,6559506,P,46.31316,7.47914,EUROPE,Switzerland,WCE
54,Glasgow,Glasgow,GPE,-0.09340909,0.28090909,el,5.5,4021159-9,2648579,P,55.86515,-4.25763,EUROPE,United Kingdom,NEU
51,Chile,Chile,GPE,0.03939394,0.08939394,tr,5.5,4009929-5,3895114,A,-30.0,-71.0,SOUTH-AMERICA,Chile,SWS
50,Kahramanmaraş,Kahramanmaraş,GPE,-0.03133117,0.4025974,tr,5.5,4372522-3,310859,P,37.5847,36.92641,EUROPE-AFRICA,Turkey,MED
15,Europe,Europe,LOC,-0.01889176,0.65178276,it,5.5,,0,,,,,,
49,Taiwan,Taiwan,GPE,-0.00909091,0.08181818,tr,5.5,4017875-4,1668284,A,24.0,121.0,ASIA,Taiwan,EAS
16,New Zealand,New Zealand,GPE,0.09152893,0.43464187,nl,5.5,4041915-0,2186224,A,-42.0,174.0,OCEANIA,New Zealand,NZ
17,Sicily,Sicily,GPE,-0.10530303,0.54015152,nl,5.5,4055193-3,2523118,T,37.62304,13.93457,EUROPE-AFRICA,Italy,MED
44,Malatya,Malatya,GPE,-0.00681818,0.09090909,tr,5.5,4114942-7,304922,P,38.35018,38.31667,EUROPE-AFRICA,Turkey,MED
45,England,England,GPE,0.12128427,0.54689755,tr,5.5,4014770-8,11919979,L,44.0,-71.0,NORTH-AMERICA,United States,ENA
48,Kemer,Kemer,GPE,-0.02575758,0.45454545,tr,5.5,4586510-3,1530324,P,50.23295,65.26191,ASIA,Kazakhstan,WSB
12,California,California,GPE,-0.00454545,0.39015152,ar,5.5,,11071615,L,34.68743,-116.78467,NORTH-AMERICA,United States,WNA
11,New York,New York,GPE,0.09282369,0.51309917,ar,5.5,4042011-5,5128581,P,40.71427,-74.00597,NORTH-AMERICA,United States,ENA
10,Algeria,Algeria,GPE,-0.00616162,0.18252525,ar,5.5,4001179-3,2589581,A,28.0,3.0,AFRICA,Algeria,SAH
46,New Zealand,New Zealand,GPE,0.14876033,0.49586777,tr,5.5,4041915-0,2186224,A,-42.0,174.0,OCEANIA,New Zealand,NZ
47,Gazipaşa,Gazipaşa,GPE,-0.03143939,0.43977273,tr,5.5,7859796-1,7668334,S,36.29922,32.3006,EUROPE-AFRICA,Turkey,MED
17,Bihar,Bihar,GPE,-0.03281779,0.74712974,hi,5.5,4090940-2,721472,P,47.53167,21.62444,EUROPE,Hungary,WCE
18,Morocco,Morocco,GPE,0.04204545,0.47272727,nl,5.5,4037680-1,2542007,A,28.5,-10.0,AFRICA,Morocco,SAH
80,Fukuoka,Fukuoka,GPE,0.40449197,1.05232772,ja,5.47272727,4125989-0,1863967,P,33.6,130.41667,ASIA,Japan,EAS
24,Cuba,Cuba,GPE,0.20871914,0.68557099,es,5.4,4033340-1,3562981,A,22.0,-79.5,CENTRAL-AMERICA,Cuba,CAR
54,Balkans,Balkans,LOC,-0.30028292,0.7663323,tr,5.4,,0,,,,,,
53,Southeast,Southeast,LOC,-0.04475309,0.34953704,tr,5.4,,11497301,L,10.75053,106.7505,ASIA,Vietnam,SEA
52,China,China,GPE,0.02525253,0.24158249,tr,5.4,4009937-4,1814991,A,35.0,105.0,ASIA,China,EAS
19,South Africa,South Africa,GPE,-0.02083333,0.60648148,nl,5.4,4078012-0,953987,A,-29.0,24.0,AFRICA,South Africa,WSAF
18,America,America,GPE,0.1581229,0.61951459,hi,5.4,,0,,,,,,
23,Pantanal,Pantanal,GPE,0.10395623,0.38664422,pt,5.4,4044490-9,3455248,T,-18.0,-56.0,SOUTH-AMERICA,Brazil,SAM
24,Iran,Iran,GPE,0.31679293,0.53020483,pt,5.4,4027653-3,130758,A,32.0,53.0,ASIA,Iran,WCA
81,Australia,Australia,GPE,0.18884642,0.66462541,ja,5.33846154,4003900-6,2077456,A,-25.0,135.0,OCEANIA,Australia,CAU
19,US,US,GPE,0.26946132,1.57782799,zh,5.32070707,,0,,,,,,
82,earth,earth,LOC,-0.03810719,0.94529673,ja,5.3125,,0,,,,,,
11,Saxony,Saxony,GPE,-0.07783019,0.34669811,de,5.3,4042226-4,2862926,A,52.83333,9.16667,EUROPE,Germany,WCE
25,Patagonia,Patagonia,GPE,-0.0054555,0.51291214,es,5.3,,3841798,L,-44.0,-68.0,SOUTH-AMERICA,Argentina,SSA
12,Berlin,Berlin,GPE,0.00157233,0.74371069,de,5.3,4005728-8,2950159,P,52.52437,13.41053,EUROPE,Germany,WCE
55,Ukraine,Ukraine,GPE,-0.12473795,0.52201258,el,5.3,4061496-7,690791,A,49.0,32.0,EUROPE,Ukraine,WCE
16,Abruzzo,Abruzzo,LOC,0.15801887,1.14757412,it,5.3,126262-2,3183560,A,42.25,13.75,EUROPE-AFRICA,Italy,MED
83,Taiwan,Taiwan,GPE,0.19926499,0.62269705,ja,5.20726817,4017875-4,1668284,A,24.0,121.0,ASIA,Taiwan,EAS
15,United States,United States,GPE,-0.0423433,0.95838675,en,5.2,,0,,,,,,
14,Toronto,Toronto,GPE,-0.15947293,0.61940883,en,5.2,4060459-7,6167865,P,43.70643,-79.39864,NORTH-AMERICA,Canada,ENA
56,Eastern Aegean,Eastern Aegean,LOC,-0.33076923,0.36121795,el,5.2,,0,,,,,,
17,Valle,Valle,GPE,-0.16346154,0.25641026,it,5.2,4094870-5,3687925,P,3.43054,-76.5199,SOUTH-AMERICA,Colombia,NWS
13,France,France,GPE,0.03846154,0.34615385,de,5.2,4018145-5,3017382,A,46.0,2.0,EUROPE,France,WCE
84,Saitama Prefecture,Saitama Prefecture,GPE,-0.02657005,0.25040258,ja,5.175,4390428-2,6940394,P,35.90807,139.65657,ASIA,Japan,EAS
85,Tochigi Prefecture,Tochigi Prefecture,GPE,0.05698395,0.2338547,ja,5.12884615,4370926-6,1849053,P,36.56667,139.88333,ASIA,Japan,EAS
86,Kinki,Kinki,GPE,-0.03648208,0.52508143,ja,5.11666667,4690443-8,1859449,L,35.0,135.5,ASIA,Japan,EAS
20,Australia,Australia,GPE,0.36459892,0.77335898,zh,5.11111111,4003900-6,2077456,A,-25.0,135.0,OCEANIA,Australia,CAU
57,Australia,Australia,GPE,-0.1503268,0.3496732,el,5.1,4003900-6,2077456,A,-25.0,135.0,OCEANIA,Australia,CAU
16,Northeast,Northeast,LOC,0.44538853,1.05724401,en,5.1,,11887749,L,42.80019,-74.11805,NORTH-AMERICA,United States,ENA
18,Niscemi,Niscemi,GPE,-0.20343137,0.60593682,it,5.1,4461093-2,2524006,P,37.14649,14.39381,EUROPE-AFRICA,Italy,MED
58,Laconia,Laconia,GPE,-0.37581699,0.39215686,el,5.1,,258657,A,37.0,22.58333,EUROPE-AFRICA,Greece,MED
26,Europe,Europe,LOC,-0.13827774,0.66053391,es,5.1,,0,,,,,,
14,Denmark,Denmark,GPE,0.11328976,0.39814815,de,5.1,4010877-6,2623032,A,56.0,10.0,EUROPE,Denmark,NEU
15,Landes,Landes,GPE,0.34670232,0.5,fr,5.1,,3007868,L,44.25,-1.0,EUROPE-AFRICA,France,MED
21,North America,North America,LOC,-0.05697838,0.59774436,zh,5.06666667,,0,,,,,,
87,the Sea of ​​Okhotsk,the Sea of ​​Okhotsk,LOC,-0.00463576,0.49635762,ja,5.03333333,,0,,,,,,
88,Nanao City,Nanao City,GPE,0.0199241,0.07969639,ja,5.01904762,,0,,,,,,
16,Atlantic,Atlantic,LOC,0.06013889,0.86597222,fr,5.0,,12110846,L,40.58629,-76.28807,NORTH-AMERICA,United States,ENA
15,Tyrol,Tyrol,GPE,-0.37595238,0.4110119,de,5.0,4060207-2,2763587,L,47.0,11.5,EUROPE,Italy,WCE
19,Jharkhand,Jharkhand,GPE,-0.12958333,0.66819444,hi,5.0,4364512-4,1444365,A,23.75,85.5,ASIA,India,SAS
6,Marina Makarova,Marina Makarova,GPE,-0.02111111,0.33277778,ru,5.0,,0,,,,,,
25,RS,RS,GPE,-0.03272727,0.21424242,pt,5.0,,0,,,,,,
20,Europe,Europe,LOC,-0.02496753,0.24290584,nl,5.0,,0,,,,,,
20,Israel,Israel,GPE,-0.03316327,0.20790816,hi,4.9,4027808-6,294640,A,31.5,34.75,EUROPE-AFRICA,Israel,MED
55,Fukushima,Fukushima,GPE,0.09329446,0.45189504,tr,4.9,4332074-0,2112923,P,37.75,140.46667,ASIA,Japan,EAS
56,Philippines,Philippines,GPE,-0.02040816,0.04081633,tr,4.9,4045771-0,1694008,A,13.40882,122.56155,ASIA,Philippines,SEA
59,Austria,Austria,GPE,-0.23197279,0.35351474,el,4.9,4043271-3,2782113,A,47.33333,13.33333,EUROPE,Austria,WCE
17,the South-West,the South-West,LOC,0.21878479,0.6627551,fr,4.9,,12110881,L,32.83468,-95.56338,NORTH-AMERICA,United States,CNA
16,New York,New York,GPE,0.06930824,0.6367612,de,4.9,4042011-5,5128581,P,40.71427,-74.00597,NORTH-AMERICA,United States,ENA
26,Rio Grande,Rio Grande,GPE,0.1984127,0.45861678,pt,4.9,4076741-3,3451190,P,-22.90642,-43.18223,SOUTH-AMERICA,Brazil,SES
22,Asia,Asia,LOC,0.08504776,0.65799492,zh,4.9,,0,,,,,,
17,South Australia,South Australia,LOC,0.0945269,0.70692641,en,4.9,4078016-8,2061327,A,-30.0,135.0,OCEANIA,Australia,CAU
89,the Pacific coast,the Pacific coast,LOC,-0.04124005,1.0665529,ja,4.88333333,,12212303,L,37.02332,-77.36954,NORTH-AMERICA,United States,ENA
19,Liguria,Liguria,GPE,-0.18058712,0.33241793,it,4.8,4035719-3,3174725,A,44.5,8.83333,EUROPE-AFRICA,Italy,MED
90,Akita Prefecture,Akita Prefecture,GPE,0.0,0.0,ja,4.8,4309665-7,2113126,P,39.71667,140.11667,ASIA,Japan,EAS
91,Nemuro,Nemuro,GPE,0.20258367,0.40987675,ja,4.78571429,10141230-7,2128975,P,43.32361,145.575,ASIA,Japan,EAS
92,the Great East Japan,the Great East Japan,LOC,0.74588086,0.86264259,ja,4.78181818,,5195265,P,40.99258,-75.9102,NORTH-AMERICA,United States,ENA
23,Arctic,Arctic,LOC,-0.45402804,1.99862133,zh,4.76666667,,0,,,,,,
93,Hitachi City,Hitachi City,GPE,0.33078782,0.57780159,ja,4.74761905,,10318530,S,33.913,130.81417,ASIA,Japan,EAS
24,Shanghai,Shanghai,GPE,0.16730328,1.01848854,zh,4.72222222,4052066-3,1796236,P,31.22222,121.45806,ASIA,China,EAS
18,Iran,Iran,GPE,-0.06528046,0.86921456,en,4.7,4027653-3,130758,A,32.0,53.0,ASIA,Iran,WCA
27,Portugal,Portugal,GPE,-0.08096927,0.356974,es,4.7,4046843-4,2264397,A,39.6945,-8.13057,EUROPE-AFRICA,Portugal,MED
25,Hsinchu,Hsinchu,GPE,0.21165112,0.72081796,zh,4.65555556,4407123-1,1675151,P,24.80361,120.96861,ASIA,Taiwan,EAS
13,Gaza,Gaza,GPE,0.10704875,0.35894269,ar,4.6,4092680-1,281133,P,31.50161,34.46672,EUROPE-AFRICA,Palestinian Territory,MED
63,Hawaii,Hawaii,GPE,0.67874396,0.73188406,el,4.6,251184-8,5855797,A,20.78785,-156.38612,PACIFIC,United States,NPO
21,Switzerland,Switzerland,GPE,-0.02173913,0.08091787,nl,4.6,,2658434,A,47.00016,8.01427,EUROPE,Switzerland,WCE
22,United States,United States,GPE,0.01425983,0.52236025,nl,4.6,,0,,,,,,
23,Niscemi,Niscemi,GPE,-0.13285024,0.44323671,nl,4.6,4461093-2,2524006,P,37.14649,14.39381,EUROPE-AFRICA,Italy,MED
64,Kilauea,Kilauea,GPE,0.54396135,0.67101449,el,4.6,4241215-8,5849346,P,22.21208,-159.41342,PACIFIC,United States,NPO
24,Victoria,Victoria,GPE,-0.12536232,0.41594203,nl,4.6,,241131,P,-4.62001,55.45501,INDIAN,Seychelles,EIO
62,Cuba,Cuba,GPE,-0.04521739,0.36550725,el,4.6,4033340-1,3562981,A,22.0,-79.5,CENTRAL-AMERICA,Cuba,CAR
61,Pakistan,Pakistan,GPE,-0.08967391,0.31467391,el,4.6,4075812-6,1168579,A,30.0,70.0,ASIA,Pakistan,WCA
60,Abu Dhabi,Abu Dhabi,GPE,-0.18478261,0.25,el,4.6,4000287-1,292968,P,24.45118,54.39696,ASIA,United Arab Emirates,ARP
28,Ubá,Ubá,GPE,-0.08041008,0.31484684,es,4.6,,1517842,P,50.33923,81.64203,ASIA,Kazakhstan,WSB
15,North Carolina,North Carolina,GPE,-0.02624067,0.47211243,ar,4.6,4042551-4,4563243,P,18.38078,-65.95739,CENTRAL-AMERICA,Puerto Rico,CAR
20,Lazio,Lazio,GPE,-0.05224214,1.0113754,it,4.6,4050471-2,3169070,P,41.89193,12.51133,EUROPE-AFRICA,Italy,MED
94,Miyazaki Prefecture,Miyazaki Prefecture,GPE,0.0,0.03623188,ja,4.6,,1856717,P,31.91667,131.41667,ASIA,Japan,EAS
14,United States,United States,GPE,0.04481696,0.4659185,ar,4.6,,0,,,,,,
21,ICC,ICC,GPE,0.1095191,0.41880764,hi,4.6,,3645488,T,10.77723,-63.9312,SOUTH-AMERICA,Venezuela,NSA
57,Syria,Syria,GPE,-0.17391304,0.25362319,tr,4.6,4058794-0,163843,A,35.0,38.0,EUROPE-AFRICA,Syria,MED
62,East,East,LOC,-0.01086957,0.09782609,tr,4.6,,12212303,L,37.02332,-77.36954,NORTH-AMERICA,United States,ENA
61,Russia,Russia,GPE,-0.06884058,0.48188406,tr,4.6,4076899-5,2017370,A,60.0,100.0,ASIA,Russia,ESB
60,Saudi Arabia,Saudi Arabia,GPE,-0.04347826,0.39130435,tr,4.6,4051788-3,102358,A,25.0,45.0,ASIA,Saudi Arabia,ARP
59,Denizli,Denizli,GPE,0.0,0.0,tr,4.6,4488376-6,317109,P,37.77417,29.0875,EUROPE-AFRICA,Turkey,MED
58,Kaş district,Kaş district,LOC,0.0,0.0,tr,4.6,,10344732,A,12.45752,24.01199,AFRICA,Sudan,CAF
63,the Eastern Black Sea,the Eastern Black Sea,LOC,-0.02657005,0.53635266,tr,4.6,,0,,,,,,
95,USA,USA,GPE,0.37792372,0.72500373,ja,4.59772727,4078704-7,6252001,X,39.759999,-98.5,NORTH-AMERICA,United States,CNA
26,Hsinchu City,Hsinchu City,GPE,0.28766864,1.48027203,zh,4.57777778,,1675151,P,24.80361,120.96861,ASIA,Taiwan,EAS
96,Ibaraki,Ibaraki,GPE,0.20218579,0.53005464,ja,4.575,110449-4,2111901,P,36.35,140.45,ASIA,Japan,EAS
27,Hualien,Hualien,GPE,0.16527627,1.52790832,zh,4.56111111,4406400-7,1674504,P,23.97694,121.60444,ASIA,Taiwan,EAS
97,east,east,LOC,0.06495726,0.486412,ja,4.55,,12212303,L,37.02332,-77.36954,NORTH-AMERICA,United States,ENA
28,New York,New York,GPE,0.48684244,2.46459996,zh,4.52222222,4042011-5,5128581,P,40.71427,-74.00597,NORTH-AMERICA,United States,ENA
66,Dubai,Dubai,GPE,0.07407407,0.26111111,el,4.5,4204044-9,292223,P,25.07725,55.30927,ASIA,United Arab Emirates,ARP
21,Catania,Catania,GPE,-0.14567901,0.83703704,it,4.5,4085181-3,2525068,P,37.49223,15.07041,EUROPE-AFRICA,Italy,MED
27,Northeast,Northeast,LOC,0.03425926,0.275,pt,4.5,,11887749,L,42.80019,-74.11805,NORTH-AMERICA,United States,ENA
28,North,North,LOC,0.05323793,0.45593715,pt,4.5,,12110879,L,42.74936,-96.39971,NORTH-AMERICA,United States,CNA
65,Vouliagmeni,Vouliagmeni,GPE,-0.31111111,0.56296296,el,4.5,4392648-4,251771,H,38.02885,22.88341,EUROPE-AFRICA,Greece,MED
25,Ukraine,Ukraine,GPE,-0.12183502,0.34974747,nl,4.5,4061496-7,690791,A,49.0,32.0,EUROPE,Ukraine,WCE
17,Ukraine,Ukraine,GPE,-0.03611111,0.2712963,de,4.5,4061496-7,690791,A,49.0,32.0,EUROPE,Ukraine,WCE
16,Syria,Syria,GPE,-0.18819444,0.41712963,ar,4.5,4058794-0,163843,A,35.0,38.0,EUROPE-AFRICA,Syria,MED
98,California,California,GPE,-0.00425214,0.3793302,ja,4.44772727,,11071615,L,34.68743,-116.78467,NORTH-AMERICA,United States,WNA
29,Miaoli County,Miaoli County,GPE,0.09516161,1.16521824,zh,4.43333333,,0,,,,,,
19,Russia,Russia,GPE,0.26825069,0.68801653,fr,4.4,4076899-5,2017370,A,60.0,100.0,ASIA,Russia,ESB
26,Antwerp,Antwerp,GPE,0.08484848,0.46698232,nl,4.4,4002364-3,2803138,P,51.22047,4.40026,EUROPE,Belgium,WCE
17,Iraq,Iraq,GPE,-0.37215909,0.50710227,ar,4.4,4072920-5,99237,A,33.0,44.0,ASIA,Iraq,WCA
18,Morbihan,Morbihan,GPE,0.02272727,0.27840909,fr,4.4,4331825-3,2991879,A,47.84765,-2.7776,EUROPE,France,WCE
27,Japan,Japan,GPE,0.01420455,0.26515152,nl,4.4,4028495-5,1861060,A,35.68536,139.75309,ASIA,Japan,EAS
67,Fthiotida,Fthiotida,GPE,-0.04545455,0.01136364,el,4.4,4452093-1,258620,P,38.89947,22.4335,EUROPE-AFRICA,Greece,MED
99,Kanagawa Prefecture,Kanagawa Prefecture,GPE,-0.06706087,0.36065273,ja,4.32857143,4192186-0,1848354,P,35.43333,139.65,ASIA,Japan,EAS
29,Valencia,Valencia,GPE,-0.04016913,0.22603946,es,4.3,4062284-8,3625549,P,10.16153,-68.00044,SOUTH-AMERICA,Venezuela,NSA
20,Austria,Austria,GPE,0.00458069,0.2869098,fr,4.3,4043271-3,2782113,A,47.33333,13.33333,EUROPE,Austria,WCE
30,Changhua County,Changhua County,GPE,0.12113279,1.19151594,zh,4.24444444,,1993459,P,24.0692,120.5512,ASIA,Taiwan,EAS
100,Rikuzentakata City,Rikuzentakata City,GPE,0.3023088,0.83639971,ja,4.2,,0,,,,,,
29,France,France,GPE,-0.02440476,0.33829365,pt,4.2,4018145-5,3017382,A,46.0,2.0,EUROPE,France,WCE
18,Canada,Canada,GPE,-0.04166667,0.73214286,de,4.2,4029456-0,6251999,A,60.10867,-113.64258,NORTH-AMERICA,Canada,NWN
19,Baden-Württemberg,Baden-Württemberg,GPE,0.11666667,0.38174603,de,4.2,4004176-1,2953481,A,48.5,9.0,EUROPE,Germany,WCE
7,Perm,Perm,GPE,-0.04960317,0.34722222,ru,4.2,504439-X,511196,P,58.01046,56.25017,EUROPE,Russia,EEU
70,Peru,Peru,GPE,-0.1468254,0.51587302,el,4.2,4045312-1,3932488,A,-10.0,-75.25,SOUTH-AMERICA,Peru,NWS
69,Glyfada,Glyfada,GPE,-0.66666667,0.63492063,el,4.2,4662892-7,262036,P,37.86289,23.75802,EUROPE-AFRICA,Greece,MED
22,Bangladesh,Bangladesh,GPE,0.0218254,0.64880952,hi,4.2,4130903-0,1210997,A,24.0,90.0,ASIA,Bangladesh,SAS
64,Portugal,Portugal,GPE,0.03571429,0.34920635,tr,4.2,4046843-4,2264397,A,39.6945,-8.13057,EUROPE-AFRICA,Portugal,MED
68,United Arab Emirates,United Arab Emirates,GPE,0.07142857,0.02380952,el,4.2,4062742-1,290557,A,23.75,54.5,ASIA,United Arab Emirates,ARP
30,Setúbal,Setúbal,GPE,-0.04001323,0.29728836,pt,4.2,4295376-5,2262963,P,38.5244,-8.8882,EUROPE-AFRICA,Portugal,MED
101,the Kuril Trench,the Kuril Trench,LOC,0.27353859,0.98278599,ja,4.14285714,,0,,,,,,
20,Mediterranean,Mediterranean,LOC,-0.03861789,0.2703252,de,4.1,,0,,,,,,
31,Antarctica,Antarctica,LOC,0.14198606,0.41405343,pt,4.1,,0,,,,,,
22,Basilicata,Basilicata,GPE,-0.33333333,0.59349593,it,4.1,4004627-8,3182306,A,40.5041,16.11396,EUROPE-AFRICA,Italy,MED
71,Piraeus,Piraeus,GPE,-0.6097561,0.61788618,el,4.1,4115976-7,255274,P,37.94203,23.64619,EUROPE-AFRICA,Greece,MED
72,Tzoumerka,Tzoumerka,GPE,-0.63821138,0.71341463,el,4.1,4761899-1,264382,T,39.44766,21.15341,EUROPE-AFRICA,Greece,MED
31,Tainan City,Tainan City,GPE,-0.00277911,0.5289491,zh,4.05,4370348-3,1668355,P,22.99083,120.21333,ASIA,Taiwan,EAS
32,Tainan,Tainan,GPE,0.13160322,1.25308575,zh,4.04444444,4370348-3,1668355,P,22.99083,120.21333,ASIA,Taiwan,EAS
33,Taoyuan City,Taoyuan City,GPE,0.15385854,1.2122518,zh,4.03333333,,6696918,P,24.99368,121.29696,ASIA,Taiwan,EAS
102,Shonai,Shonai,GPE,0.16974616,0.81874262,ja,4.03333333,10156243-3,6300401,S,38.81222,139.78722,ASIA,Japan,EAS
103,Spain,Spain,GPE,0.07569759,0.43655732,ja,4.01818182,4055964-6,2510769,A,40.0,-4.0,EUROPE-AFRICA,Spain,MED
74,Moschato,Moschato,GPE,-0.7,0.66666667,el,4.0,,256750,P,37.94789,23.6788,EUROPE-AFRICA,Greece,MED
32,Arctic,Arctic,LOC,0.28768939,0.64646465,pt,4.0,,0,,,,,,
29,Colombia,Colombia,GPE,0.42784091,0.78238636,nl,4.0,4031812-6,3686110,A,4.0,-73.25,SOUTH-AMERICA,Colombia,NWS
28,Flanders,Flanders,LOC,0.35089286,0.43928571,nl,4.0,4020176-4,2797656,P,51.05,3.71667,EUROPE,Belgium,WCE
73,Northern Greece,Northern Greece,LOC,-0.28333333,0.60416667,el,4.0,,4984524,P,44.04863,-83.69582,NORTH-AMERICA,United States,ENA
75,Nicosia,Nicosia,GPE,0.0,0.07916667,el,4.0,4075406-6,146268,P,35.17284,33.35397,EUROPE-AFRICA,Cyprus,MED
23,Himachal,Himachal,GPE,0.09322917,0.53072917,hi,4.0,4240080-6,1270101,A,31.91667,77.25,ASIA,India,TIB
76,Pyrgos,Pyrgos,GPE,-0.14708333,0.26458333,el,4.0,4103464-8,19005,L,34.94804,33.85339,EUROPE-AFRICA,Vereinigtes Königreich,MED
30,Extremadura,Extremadura,GPE,0.07986111,0.85013889,es,4.0,4015589-4,2593112,A,39.16667,-6.16667,EUROPE-AFRICA,Spain,MED
34,Shenzhen,Shenzhen,GPE,1.09505226,2.27113987,zh,3.98611111,4107686-2,1795565,P,22.54554,114.0683,ASIA,China,EAS
104,Matsue,Matsue,GPE,-0.15308328,0.92282263,ja,3.97222222,4447732-6,1857550,P,35.48333,133.05,ASIA,Japan,EAS
105,Gifu,Gifu,GPE,0.03938115,1.03867792,ja,3.95,4331104-0,1863641,P,35.42291,136.76039,ASIA,Japan,EAS
106,Chuetsu,Chuetsu,GPE,-0.15601266,0.61561181,ja,3.95,,0,,,,,,
107,Venezuela,Venezuela,GPE,0.07545842,1.37156783,ja,3.9112782,4062512-6,3625428,A,8.0,-66.0,SOUTH-AMERICA,Venezuela,NSA
35,Chiayi City,Chiayi City,GPE,0.02695174,0.58040326,zh,3.91111111,,1678836,P,23.47917,120.44889,ASIA,Taiwan,EAS
31,Mediterranean,Mediterranean,LOC,0.16239316,0.58974359,es,3.9,,0,,,,,,
24,Campania,Campania,GPE,-0.23717949,0.42521368,it,3.9,4041476-0,3172394,P,40.85216,14.26811,EUROPE-AFRICA,Italy,MED
23,Emilia-Romagna,Emilia-Romagna,GPE,-0.17857143,0.43302808,it,3.9,4014571-2,3169068,L,44.5,12.25,EUROPE-AFRICA,Italy,MED
33,Braga,Braga,GPE,0.06186869,0.30273893,pt,3.9,4007926-0,2742032,P,41.5514,-8.42311,EUROPE-AFRICA,Portugal,MED
30,Antarctica,Antarctica,LOC,0.15445665,0.5513838,nl,3.9,,0,,,,,,
108,tenki.jp,tenki.jp,GPE,0.1293319,0.38978207,ja,3.8875,,0,,,,,,
109,the Nankai Trough,the Nankai Trough,LOC,-0.01939655,0.32725464,ja,3.86666667,,0,,,,,,
110,Joetsu,Joetsu,GPE,-0.16263941,0.44021066,ja,3.84285714,,6825489,P,37.14828,138.23642,ASIA,Japan,EAS
111,Yamanashi,Yamanashi,GPE,-0.07367796,0.53195352,ja,3.825,4387301-7,1859100,P,35.66667,138.56667,ASIA,Japan,EAS
33,Arctic,Arctic,LOC,-0.26347355,1.16975678,es,3.8,,0,,,,,,
32,Cantabria,Cantabria,GPE,0.01776316,0.53969298,es,3.8,4118411-7,3109718,P,43.46589,-3.80493,EUROPE-AFRICA,Spain,MED
112,Aichi Prefecture,Aichi Prefecture,GPE,0.16776316,0.52302632,ja,3.8,,1856057,P,35.18147,136.90641,ASIA,Japan,EAS
114,Ishikawa,Ishikawa,GPE,0.12781955,0.32863409,ja,3.8,10191169-5,1860243,P,36.6,136.61667,ASIA,Japan,EAS
34,US,US,GPE,0.07605662,0.73524721,pt,3.8,,0,,,,,,
113,Northern Japan,Northern Japan,LOC,-0.11754386,0.59122807,ja,3.8,,6015186,H,50.45,-67.47556,NORTH-AMERICA,Canada,NEN
26,Tuscany,Tuscany,GPE,0.11180223,0.67208931,it,3.8,4017581-9,3176959,P,43.77925,11.24626,EUROPE-AFRICA,Italy,MED
21,Valloire,Valloire,GPE,-0.0329695,0.1680622,fr,3.8,4288453-6,2976895,P,45.28774,4.94903,EUROPE,France,WCE
22,United States,United States,GPE,0.03676587,1.07880952,fr,3.8,,0,,,,,,
23,Finistère,Finistère,GPE,0.00263158,0.425,fr,3.8,4086488-1,3018471,A,48.25224,-3.99263,EUROPE,France,WCE
31,Iran,Iran,GPE,0.10406699,0.59250399,nl,3.8,4027653-3,130758,A,32.0,53.0,ASIA,Iran,WCA
25,the Centre-South,the Centre-South,LOC,-0.33384598,0.88195868,it,3.8,,3427114,T,-51.94522,-58.56701,SOUTH-AMERICA,Falkland Islands,SSA
36,the Middle East,the Middle East,LOC,0.16007264,1.11380015,zh,3.74444444,,12217091,L,35.8,-86.5,NORTH-AMERICA,United States,ENA
121,Kamchatka Peninsula,Kamchatka Peninsula,LOC,0.11156156,0.43078078,ja,3.7,,2125073,T,56.28672,159.2354,ASIA,Russia,RFE
74,Brazil,Brazil,GPE,-0.09797297,0.25337838,tr,3.7,4008003-1,3469034,A,-10.0,-55.0,SOUTH-AMERICA,Brazil,SAM
122,J.League,J.League,GPE,-0.03354783,0.31797512,ja,3.7,,0,,,,,,
24,Kishtwar,Kishtwar,GPE,0.05405405,0.21621622,hi,3.7,4504710-8,9747940,A,33.52958,76.01462,ASIA,India,TIB
73,Anatolia,Anatolia,GPE,-0.14114114,0.68768769,tr,3.7,,10922504,L,39.17175,33.52346,EUROPE-AFRICA,Turkey,MED
123,Shizuoka Prefecture,Shizuoka Prefecture,LOC,0.13175676,0.33445946,ja,3.7,4289915-1,1851717,P,34.98333,138.38333,ASIA,Japan,EAS
66,Buldan,Buldan,GPE,0.0,0.0,tr,3.7,4593212-8,320437,P,38.045,28.83056,EUROPE-AFRICA,Turkey,MED
119,Toshima Village,Toshima Village,GPE,0.0,0.0,ja,3.7,,1849911,A,34.52264,139.27927,ASIA,Japan,EAS
65,Zonguldak,Zonguldak,GPE,-0.06418919,0.20608108,tr,3.7,4119254-0,737022,P,41.45139,31.79305,EUROPE-AFRICA,Turkey,MED
21,Madagascar,Madagascar,GPE,0.07207207,0.2454955,ar,3.7,4074425-5,1062947,A,-20.0,47.0,AFRICA,Madagascar,MDG
20,Florida,Florida,GPE,-0.27646396,0.71677928,ar,3.7,4017585-6,12217087,L,26.5,-81.0,NORTH-AMERICA,United States,ENA
120,Turkey,Turkey,GPE,-0.23648649,0.37162162,ja,3.7,4061163-2,298795,A,39.0,35.0,EUROPE-AFRICA,Turkey,MED
116,Okayama,Okayama,GPE,0.28378378,0.47972973,ja,3.7,4102047-9,1854383,P,34.65,133.93333,ASIA,Japan,EAS
118,Mie Prefecture,Mie Prefecture,GPE,-0.03330116,0.46086444,ja,3.7,4819423-2,1849796,P,34.73333,136.51667,ASIA,Japan,EAS
117,Pacific Ocean,Pacific Ocean,LOC,0.17117117,0.54654655,ja,3.7,,0,,,,,,
91,Zakynthos,Zakynthos,GPE,-0.06306306,0.22522523,el,3.7,4076964-1,251279,T,37.78845,20.76749,EUROPE-AFRICA,Greece,MED
115,Kumamoto Prefecture,Kumamoto Prefecture,LOC,0.02552553,0.36636637,ja,3.7,,1857892,T,32.42944,130.99099,ASIA,Japan,EAS
75,Kemah,Kemah,GPE,0.0,0.0,tr,3.7,4245294-6,4702913,P,29.54273,-95.02048,NORTH-AMERICA,United States,CNA
76,Edirne,Edirne,GPE,0.05855856,0.25900901,tr,3.7,4013559-7,747712,P,41.67719,26.55597,EUROPE-AFRICA,Turkey,MED
77,the Central Mediterranean,the Central Mediterranean,LOC,0.07575758,0.47399672,tr,3.7,,8365399,S,38.48222,22.50158,EUROPE-AFRICA,Greece,MED
19,Melbourne,Melbourne,GPE,-0.07485156,0.78791974,en,3.7,4038526-7,2158177,P,-37.814,144.96332,OCEANIA,Australia,SAU
72,Mersin,Mersin,GPE,0.2,0.59459459,tr,3.7,4122001-8,304531,P,36.81196,34.63886,EUROPE-AFRICA,Turkey,MED
71,Dardanelles,Dardanelles,GPE,-0.12162162,0.25675676,tr,3.7,,3381949,L,3.74777,-52.63619,SOUTH-AMERICA,French Guiana,NSA
70,the Eastern Mediterranean,the Eastern Mediterranean,LOC,0.03678679,0.40465465,tr,3.7,,3113382,T,42.5,2.25,EUROPE-AFRICA,France,MED
69,Western Black Sea,Western Black Sea,LOC,0.0045045,0.36306306,tr,3.7,,10922499,L,41.25206,36.96073,EUROPE-AFRICA,Turkey,MED
68,Niksar,Niksar,GPE,-0.11711712,0.27702703,tr,3.7,4527049-1,741304,P,40.59167,36.95167,EUROPE-AFRICA,Turkey,MED
67,Australia,Australia,GPE,-0.05945946,0.66756757,tr,3.7,4003900-6,2077456,A,-25.0,135.0,OCEANIA,Australia,CAU
34,Earth,Earth,LOC,0.46715105,1.42138294,es,3.7,,0,,,,,,
90,Malaysia,Malaysia,GPE,0.08108108,0.32432432,el,3.7,4037203-0,1733045,A,2.5,112.5,ASIA,Malaysia,SEA
77,Naxos,Naxos,GPE,-0.14076577,0.39977477,el,3.7,7521221-3,256631,T,37.07257,25.48616,EUROPE-AFRICA,Greece,MED
79,Karachi,Karachi,GPE,-0.05743243,0.31554054,el,3.7,4097647-6,1174872,P,24.8608,67.0104,ASIA,Pakistan,SAS
35,Paraguay,Paraguay,GPE,-0.03322072,0.59290541,pt,3.7,4044601-3,3437598,A,-23.33333,-58.0,SOUTH-AMERICA,Paraguay,SES
18,China,China,GPE,0.23423423,0.46396396,ar,3.7,4009937-4,1814991,A,35.0,105.0,ASIA,China,EAS
33,Philippines,Philippines,GPE,-0.10191441,0.2286036,nl,3.7,4045771-0,1694008,A,13.40882,122.56155,ASIA,Philippines,SEA
34,Australia,Australia,GPE,0.03643822,0.38087194,nl,3.7,4003900-6,2077456,A,-25.0,135.0,OCEANIA,Australia,CAU
37,Silicon Valley,Silicon Valley,LOC,0.31193109,1.7004095,zh,3.7,4107751-9,6940309,L,37.37,-122.04,NORTH-AMERICA,United States,WNA
21,China,China,GPE,0.28228228,0.63363363,de,3.7,4009937-4,1814991,A,35.0,105.0,ASIA,China,EAS
89,Nisemi,Nisemi,GPE,-0.09266409,0.55791506,el,3.7,,0,,,,,,
19,Qatar,Qatar,GPE,0.13513514,0.37837838,ar,3.7,4029924-7,289688,A,25.5,51.25,ASIA,Qatar,ARP
35,Italy,Italy,GPE,0.51576577,0.76666667,es,3.7,4027833-5,3175395,A,42.83333,12.83333,EUROPE-AFRICA,Italy,MED
32,New York City,New York City,GPE,0.14189189,0.49324324,nl,3.7,4042011-5,5128581,P,40.71427,-74.00597,NORTH-AMERICA,United States,ENA
78,Troodos,Troodos,GPE,0.10537811,0.33674584,el,3.7,4259564-2,146016,T,34.92334,32.8512,EUROPE-AFRICA,Cyprus,MED
36,Argentina,Argentina,GPE,0.09290541,0.57263514,pt,3.7,4002890-2,3865483,A,-34.0,-64.0,SOUTH-AMERICA,Argentina,SES
80,Bandung,Bandung,GPE,0.13835264,0.61003861,el,3.7,4080255-3,1650357,P,-6.92222,107.60694,ASIA,Indonesia,SEA
81,Europe,Europe,LOC,-0.18918919,0.48198198,el,3.7,,0,,,,,,
82,Larissa,Larissa,GPE,-0.27027027,0.58333333,el,3.7,4034588-9,258576,P,39.63689,22.41761,EUROPE-AFRICA,Greece,MED
83,Arta,Arta,GPE,-0.08180502,0.22997104,el,3.7,4221538-9,449265,A,11.5,42.75,AFRICA,Djibouti,NEAF
84,Katakolo,Katakolo,GPE,-0.09266409,0.33462033,el,3.7,,260699,T,37.4272,24.46819,EUROPE-AFRICA,Greece,MED
27,Rome,Rome,GPE,0.1040131,0.15601966,it,3.7,4050471-2,3169070,P,41.89193,12.51133,EUROPE-AFRICA,Italy,MED
85,Vanuatu,Vanuatu,GPE,0.23423423,0.3963964,el,3.7,4062334-8,2134431,A,-16.3333,167.5,PACIFIC,Vanuatu,SPO
86,Madrid,Madrid,GPE,-0.14864865,0.1951952,el,3.7,4036862-2,3117735,P,40.4165,-3.70256,EUROPE-AFRICA,Spain,MED
87,Boston,Boston,GPE,0.14987715,0.56265356,el,3.7,4007840-1,4930956,P,42.35843,-71.05977,NORTH-AMERICA,United States,ENA
88,Manama,Manama,GPE,0.06628057,0.42985843,el,3.7,4100079-1,290340,P,26.22787,50.58565,ASIA,Bahrain,ARP
38,Taichung City,Taichung City,GPE,0.0943749,0.77054256,zh,3.68888889,,1668399,P,24.1469,120.6839,ASIA,Taiwan,EAS
39,United States,United States,GPE,0.57529823,1.58591115,zh,3.68333333,,0,,,,,,
40,California,California,GPE,-0.34717379,0.87545662,zh,3.65,,11071615,L,34.68743,-116.78467,NORTH-AMERICA,United States,WNA
124,the Tama River,the Tama River,LOC,0.24778958,0.92098947,ja,3.63333333,,4179612,H,31.31578,-81.28482,NORTH-AMERICA,United States,ENA
125,Europe,Europe,LOC,-0.15402299,0.84597701,ja,3.625,,0,,,,,,
35,Mechelen,Mechelen,GPE,0.12638889,0.68935185,nl,3.6,4074654-9,2791537,P,51.02574,4.47762,EUROPE,Belgium,WCE
23,Russia,Russia,GPE,-0.10714286,0.40550595,ar,3.6,4076899-5,2017370,A,60.0,100.0,ASIA,Russia,ESB
80,Osmaniye,Osmaniye,GPE,-0.14166667,0.30555556,tr,3.6,4116802-1,303195,P,37.07417,36.24778,EUROPE-AFRICA,Turkey,MED
79,France,France,GPE,0.14506173,0.31790123,tr,3.6,4018145-5,3017382,A,46.0,2.0,EUROPE,France,WCE
78,Izmir,Izmir,GPE,0.05092593,0.52314815,tr,3.6,4096359-7,311046,P,38.41273,27.13838,EUROPE-AFRICA,Turkey,MED
22,Ukraine,Ukraine,GPE,-0.44444444,0.56423611,ar,3.6,4061496-7,690791,A,49.0,32.0,EUROPE,Ukraine,WCE
81,Iceland,Iceland,GPE,-0.61111111,1.02777778,tr,3.6,4027754-9,2629691,A,65.0,-18.0,POLAR,Iceland,GIC
36,Finland,Finland,GPE,0.41666667,0.55555556,nl,3.6,4017243-0,660013,A,64.0,26.0,EUROPE,Finland,NEU
24,Alpine,Alpine,LOC,0.16438342,0.84269781,fr,3.6,,5770732,P,40.45328,-111.77799,NORTH-AMERICA,United States,WNA
20,Europe,Europe,LOC,-0.01456229,0.37073513,en,3.6,,0,,,,,,
21,Sydney,Sydney,GPE,0.29575442,0.70795455,en,3.6,4058708-3,2147714,P,-33.86785,151.20732,OCEANIA,Australia,EAU
128,Kesennuma City,Kesennuma City,GPE,0.01970165,0.37921811,ja,3.6,,0,,,,,,
127,Indonesia,Indonesia,GPE,0.28240741,0.64814815,ja,3.6,4026761-1,1643084,A,-5.0,120.0,ASIA,Indonesia,SEA
126,JR East,JR East,GPE,-0.05034722,0.22627315,ja,3.6,,4207966,L,33.75492,-84.37169,NORTH-AMERICA,United States,ENA
129,Showa,Showa,GPE,-0.06797374,1.38277999,ja,3.51071429,4508467-1,1851659,A,35.96667,139.8,ASIA,Japan,EAS
84,Earth,Earth,LOC,0.0,0.4,tr,3.5,,0,,,,,,
131,Aso,Aso,GPE,0.07142857,0.14285714,ja,3.5,5179317-9,12343407,L,30.16979,81.34847,ASIA,Nepal,TIB
130,Oita Prefecture,Oita Prefecture,GPE,-0.02857143,0.33333333,ja,3.5,4389006-4,1854487,P,33.23333,131.6,ASIA,Japan,EAS
29,Salento,Salento,GPE,-0.17309524,0.53738095,it,3.5,4355601-2,3182502,P,40.14908,18.35208,EUROPE-AFRICA,Italy,MED
37,the Balearic Islands,the Balearic Islands,GPE,0.14238946,0.78677721,es,3.5,,10296424,S,39.88886,4.26652,EUROPE-AFRICA,Spain,MED
36,New Jersey,New Jersey,GPE,0.17440476,0.87460317,es,3.5,4442932-0,5099836,P,40.72816,-74.07764,NORTH-AMERICA,United States,ENA
28,Philippines,Philippines,GPE,-0.01428571,0.0,it,3.5,4045771-0,1694008,A,13.40882,122.56155,ASIA,Philippines,SEA
92,Central Macedonia,Central Macedonia,LOC,-0.16494589,0.50277778,el,3.5,4051394-4,734077,P,40.64361,22.93086,EUROPE-AFRICA,Greece,MED
26,Arctic,Arctic,LOC,0.2597619,0.74761905,fr,3.5,,0,,,,,,
25,Ukraine,Ukraine,GPE,0.00139971,0.50619048,fr,3.5,4061496-7,690791,A,49.0,32.0,EUROPE,Ukraine,WCE
83,Sivas,Sivas,GPE,-0.05968254,0.42253968,tr,3.5,4248035-8,300619,P,39.74833,37.01611,EUROPE-AFRICA,Turkey,MED
93,Evrytania,Evrytania,GPE,-0.00595238,0.23809524,el,3.5,,262572,A,39.0,21.66667,EUROPE-AFRICA,Greece,MED
26,Shimla,Shimla,LOC,-0.0047619,0.1,hi,3.5,4118663-1,1256237,P,31.10442,77.16662,ASIA,India,TIB
25,earth,earth,LOC,-0.08015873,0.30396825,hi,3.5,,0,,,,,,
37,Brazil,Brazil,GPE,-0.13452381,0.34285714,nl,3.5,4008003-1,3469034,A,-10.0,-55.0,SOUTH-AMERICA,Brazil,SAM
24,New South Wales,New South Wales,GPE,0.14442821,0.80077922,en,3.5,4058708-3,2147714,P,-33.86785,151.20732,OCEANIA,Australia,EAU
23,England,England,GPE,0.15598846,1.21176046,en,3.5,4014770-8,11919979,L,44.0,-71.0,NORTH-AMERICA,United States,ENA
22,B.C.,B.C.,GPE,0.03571429,0.19285714,en,3.5,,7315164,P,32.71904,-114.66005,CENTRAL-AMERICA,United States,NCA
8,the Russian Federation,the Russian Federation,GPE,-0.08928571,0.3,ru,3.5,4051307-5,3576468,A,13.88333,-60.96667,CENTRAL-AMERICA,Saint Lucia,CAR
41,Aomori,Aomori,GPE,-0.00357143,0.09642857,zh,3.5,4309664-5,2130658,P,40.81667,140.73333,ASIA,Japan,EAS
82,Kütahya,Kütahya,GPE,0.19047619,0.31190476,tr,3.5,4266546-2,305268,P,39.42417,29.98333,EUROPE-AFRICA,Turkey,MED
42,Chiayi County,Chiayi County,GPE,-0.061136,0.70956786,zh,3.49444444,,6300295,S,23.46178,120.39283,ASIA,Taiwan,EAS
132,Kobe,Kobe,GPE,0.2227372,0.5505181,ja,3.46753247,4195257-1,1859171,P,34.6913,135.183,ASIA,Japan,EAS
133,JAPAN,JAPAN,GPE,0.21634615,0.31730769,ja,3.46666667,4028495-5,1861060,A,35.68536,139.75309,ASIA,Japan,EAS
134,Kawasaki City,Kawasaki City,GPE,0.1735505,0.94613091,ja,3.43888889,,1859642,P,35.52056,139.71722,ASIA,Japan,EAS
43,Keelung City,Keelung City,GPE,0.03014332,1.06847742,zh,3.43333333,4110060-8,1678228,P,25.13089,121.74094,ASIA,Taiwan,EAS
44,Russia,Russia,GPE,-0.16204046,1.63053757,zh,3.43253968,4076899-5,2017370,A,60.0,100.0,ASIA,Russia,ESB
135,India,India,GPE,0.31473465,0.8455454,ja,3.42692308,4026722-2,1269750,A,22.0,79.0,ASIA,India,SAS
25,Quebec,Quebec,GPE,-0.01313503,0.30106952,en,3.4,4103473-9,6325494,P,46.81228,-71.21454,NORTH-AMERICA,Canada,ENA
24,Ontario,Ontario,GPE,-0.01387722,0.71154295,ar,3.4,4060459-7,6167865,P,43.70643,-79.39864,NORTH-AMERICA,Canada,ENA
137,Morioka City,Morioka City,GPE,0.0,0.0,ja,3.4,,0,,,,,,
28,Gironde,Gironde,GPE,-0.12254902,0.5,fr,3.4,4021085-6,3015948,A,44.69306,-0.414,EUROPE-AFRICA,France,MED
27,Ingrid,Ingrid,GPE,0.07843137,0.5245098,fr,3.4,,6635439,T,-69.5,77.0,POLAR,Antarctica,EAN
45,Lukang,Lukang,GPE,0.3907563,0.63305322,zh,3.4,4341853-3,1918929,P,29.73187,120.80354,ASIA,China,EAS
37,Paris,Paris,GPE,0.0673436,0.64285714,pt,3.4,4044660-8,2988507,P,48.85341,2.3488,EUROPE,France,WCE
85,CHP,CHP,GPE,0.15073529,0.4754902,tr,3.4,,3531011,A,16.5,-92.5,CENTRAL-AMERICA,Mexico,SCA
38,Sweden,Sweden,GPE,0.29411765,0.44117647,nl,3.4,4077258-5,2661886,A,62.0,15.0,EUROPE,Sweden,NEU
38,Guatemala,Guatemala,GPE,-0.41176471,0.64828431,es,3.4,4022428-4,3595528,A,15.5,-90.25,CENTRAL-AMERICA,Guatemala,SCA
9,the Pacific Ocean,the Pacific Ocean,LOC,0.0,0.0,ru,3.4,,7670505,H,7.113,171.254,PACIFIC,Marshall Islands,EPO
136,west,west,LOC,0.08496732,0.55555556,ja,3.4,,11887751,L,42.77268,-116.9579,NORTH-AMERICA,United States,WNA
138,Kyoto,Kyoto,GPE,0.2199672,0.71763018,ja,3.3875,4073426-2,1857910,P,35.02107,135.75385,ASIA,Japan,EAS
139,Osaka Prefecture,Osaka Prefecture,GPE,0.14830508,0.29661017,ja,3.37142857,,1853909,P,34.69379,135.50107,ASIA,Japan,EAS
46,Kinmen County,Kinmen County,GPE,0.10775974,1.10796104,zh,3.33333333,,1678001,T,24.44583,118.37611,ASIA,Taiwan,EAS
23,Russia,Russia,GPE,0.13383838,0.62184343,de,3.3,4076899-5,2017370,A,60.0,100.0,ASIA,Russia,ESB
22,Vienna,Vienna,GPE,-0.23981481,0.76026936,de,3.3,4066009-6,2761369,P,48.20849,16.37208,EUROPE,Austria,WCE
29,China,China,GPE,0.38329617,1.05693078,en,3.3,4009937-4,1814991,A,35.0,105.0,ASIA,China,EAS
28,Northern Territory,Northern Territory,LOC,-0.1010101,0.60606061,en,3.3,4042588-5,6638952,,-77.55,163.31667,POLAR,Antarctica,EAN
10,the Far East,the Far East,LOC,0.08732782,0.95977961,ru,3.3,,5116917,P,40.60538,-73.75513,NORTH-AMERICA,United States,ENA
27,France,France,GPE,-0.16873278,0.72796143,en,3.3,4018145-5,3017382,A,46.0,2.0,EUROPE,France,WCE
26,Adelaide,Adelaide,GPE,0.07171717,0.37272727,en,3.3,4079623-1,2078025,P,-34.92866,138.59863,OCEANIA,Australia,SAU
30,Palermo,Palermo,GPE,-0.18181818,0.41077441,it,3.3,4044402-8,2523920,P,38.1166,13.3636,EUROPE-AFRICA,Italy,MED
140,Hormuz,Hormuz,GPE,-0.0462963,0.46212121,ja,3.3,,0,,,,,,
143,the Izu Islands,the Izu Islands,LOC,0.14132997,0.56574074,ja,3.3,,7839115,U,13.481,144.7325,PACIFIC,Northern Mariana Islands,NPO
86,India,India,GPE,-0.68181818,0.74242424,tr,3.3,4026722-2,1269750,A,22.0,79.0,ASIA,India,SAS
142,Bundesliga,Bundesliga,GPE,-0.14191919,0.29469697,ja,3.3,,0,,,,,,
29,Spain,Spain,GPE,-0.04949495,0.6986532,fr,3.3,4055964-6,2510769,A,40.0,-4.0,EUROPE-AFRICA,Spain,MED
141,France,France,GPE,0.1461039,0.37698413,ja,3.3,4018145-5,3017382,A,46.0,2.0,EUROPE,France,WCE
144,the Noto Peninsula,the Noto Peninsula,LOC,0.38719155,0.77154899,ja,3.20769231,,0,,,,,,
30,Arctic,Arctic,LOC,0.00729167,1.47708333,en,3.2,,0,,,,,,
31,Madagascar,Madagascar,GPE,0.27982955,0.55255682,fr,3.2,4074425-5,1062947,A,-20.0,47.0,AFRICA,Madagascar,MDG
30,West,West,LOC,-0.2109375,0.3984375,fr,3.2,,11887751,L,42.77268,-116.9579,NORTH-AMERICA,United States,WNA
39,Russia,Russia,GPE,0.35677083,0.45572917,nl,3.2,4076899-5,2017370,A,60.0,100.0,ASIA,Russia,ESB
39,Buenos Aires,Buenos Aires,GPE,0.1233428,0.66895518,es,3.2,4008756-6,3435910,P,-34.61315,-58.37723,SOUTH-AMERICA,Argentina,SES
145,Sapporo,Sapporo,GPE,-0.097981,0.60704671,ja,3.18939394,4051677-5,2128295,P,43.06667,141.35,ASIA,Japan,EAS
146,Finland,Finland,GPE,-0.03872449,0.78739796,ja,3.18181818,4017243-0,660013,A,64.0,26.0,EUROPE,Finland,NEU
147,Israel,Israel,GPE,0.03970658,0.46059634,ja,3.14809277,4027808-6,294640,A,31.5,34.75,EUROPE-AFRICA,Israel,MED
148,the Kumamoto Earthquake,the Kumamoto Earthquake,LOC,0.44481383,0.53989362,ja,3.13333333,,0,,,,,,
47,Harbin,Harbin,GPE,0.50048356,1.59886364,zh,3.13333333,4072316-1,2037013,P,45.75,126.65,ASIA,China,ESB
149,Gifu Prefecture,Gifu Prefecture,GPE,0.02726925,0.37303715,ja,3.10833333,4331104-0,1863641,P,35.42291,136.76039,ASIA,Japan,EAS
27,Bollywood,Bollywood,GPE,0.24584555,1.02199413,hi,3.1,,9959080,S,15.27642,73.91271,ASIA,India,SAS
38,Santarém,Santarém,GPE,0.07258065,0.63172043,pt,3.1,4118413-0,2263478,A,39.28881,-8.50192,EUROPE-AFRICA,Portugal,MED
40,Savoie,Savoie,GPE,-0.02150538,0.0,nl,3.1,117150-1,2975517,A,45.46805,6.48547,EUROPE,France,WCE
11,MOSCOW,MOSCOW,GPE,0.00407299,0.84677419,ru,3.1,4074987-3,524901,P,55.75222,37.61556,EUROPE,Russia,WCE
35,Switzerland,Switzerland,GPE,0.15591398,0.43655914,it,3.1,,2658434,A,47.00016,8.01427,EUROPE,Switzerland,WCE
94,Afghanistan,Afghanistan,GPE,-0.03225806,0.03225806,el,3.1,4000687-6,1149361,A,33.0,66.0,ASIA,Afghanistan,WCA
95,Amorgos,Amorgos,GPE,0.0,0.0,el,3.1,4355923-2,265141,T,36.84677,25.89831,EUROPE-AFRICA,Greece,MED
96,Florina,Florina,GPE,-0.09946237,0.12275986,el,3.1,4385909-4,736229,P,40.78197,21.40981,EUROPE-AFRICA,Greece,MED
32,Veneto,Veneto,GPE,0.14468126,0.33323733,it,3.1,4062510-2,3164604,A,45.5,11.75,EUROPE,Italy,WCE
31,Messina,Messina,GPE,0.23387097,0.60125448,it,3.1,4038833-5,2524170,P,38.19394,15.55256,EUROPE-AFRICA,Italy,MED
41,Schiphol,Schiphol,GPE,-0.08422939,0.33154122,nl,3.1,4500213-7,6296680,S,52.3103,4.76028,EUROPE,The Netherlands,NEU
33,Tunisia,Tunisia,GPE,0.05806452,0.2483871,it,3.1,4061206-5,2464461,A,34.0,9.0,EUROPE-AFRICA,Tunisia,MED
40,Córdoba,Córdoba,GPE,0.16801075,1.00456989,es,3.1,4213162-5,3860259,P,-31.40648,-64.18853,SOUTH-AMERICA,Argentina,SES
41,the Middle East,the Middle East,LOC,0.01612903,0.47580645,es,3.1,,12217091,L,35.8,-86.5,NORTH-AMERICA,United States,ENA
34,Nuoro,Nuoro,GPE,-0.81048387,0.87365591,it,3.1,4117955-9,3172154,P,40.31991,9.32568,EUROPE-AFRICA,Italy,MED
151,Nagoya City,Nagoya City,GPE,0.19201229,0.69431644,ja,3.1,,1856057,P,35.18147,136.90641,ASIA,Japan,EAS
150,Paris,Paris,GPE,0.52434018,0.57844575,ja,3.1,4044660-8,2988507,P,48.85341,2.3488,EUROPE,France,WCE
48,Miaoli,Miaoli,GPE,0.17147062,0.46339811,zh,3.08888889,,1674550,T,24.38588,121.23031,ASIA,Taiwan,EAS
152,Kansai,Kansai,GPE,0.19208337,1.15225393,ja,3.07631579,,1859449,L,35.0,135.5,ASIA,Japan,EAS
153,Tottori,Tottori,LOC,0.05067064,0.21087928,ja,3.05,4309653-0,1849892,P,35.5,134.23333,ASIA,Japan,EAS
49,South Korea's,South Korea's,GPE,0.15695476,1.95561533,zh,3.01111111,4075468-6,1873107,A,40.0,127.0,ASIA,North Korea,EAS
50,Sanyi,Sanyi,GPE,0.22777778,0.32777778,zh,3.0,,7731225,S,26.67203,100.24721,ASIA,China,EAS
33,Africa,Africa,LOC,-0.02222222,0.12222222,fr,3.0,,0,,,,,,
36,Marche,Marche,GPE,0.14782107,0.64323954,it,3.0,4383279-9,3170102,P,43.30491,13.72068,EUROPE-AFRICA,Italy,MED
40,Rio,Rio,GPE,-0.20059524,0.51765873,pt,3.0,4076741-3,3451190,P,-22.90642,-43.18223,SOUTH-AMERICA,Brazil,SES
29,South Africa,South Africa,GPE,-0.03230808,0.83573232,hi,3.0,4078012-0,953987,A,-29.0,24.0,AFRICA,South Africa,WSAF
28,Ahmedabad,Ahmedabad,GPE,0.11111111,0.83333333,hi,3.0,4000813-7,1279233,P,23.02579,72.58727,ASIA,India,SAS
32,New York,New York,GPE,-0.10681818,0.66893939,fr,3.0,4042011-5,5128581,P,40.71427,-74.00597,NORTH-AMERICA,United States,ENA
154,Pompeii,Pompeii,GPE,-0.2,0.62222222,ja,3.0,4046755-7,3170336,S,40.75,14.48333,EUROPE-AFRICA,Italy,MED
31,Pakistan,Pakistan,GPE,-0.00505051,0.52020202,en,3.0,4075812-6,1168579,A,30.0,70.0,ASIA,Pakistan,WCA
39,Tagus,Tagus,LOC,0.01666667,0.36296296,pt,3.0,,0,,,,,,
34,the Northern Alps,the Northern Alps,LOC,0.0817803,0.91329545,fr,3.0,,5572897,L,41.0196,-123.10793,NORTH-AMERICA,United States,WNA
156,Kanazawa,Kanazawa,GPE,0.16226852,0.61736111,ja,3.0,4073191-1,1860243,P,36.6,136.61667,ASIA,Japan,EAS
42,Ingrid,Ingrid,GPE,-0.22020202,0.68525253,es,3.0,,6635439,T,-69.5,77.0,POLAR,Antarctica,EAN
155,TEPCO,TEPCO,GPE,0.15277778,0.65277778,ja,3.0,,8616489,P,-32.16644,140.79521,OCEANIA,Australia,SAU
157,Yarikata,Yarikata,GPE,0.00846154,0.08461538,ja,2.95454545,,0,,,,,,
51,San Francisco,San Francisco,GPE,-0.18596987,1.70715631,zh,2.95,4344631-0,3600949,P,14.0818,-87.20681,CENTRAL-AMERICA,Honduras,SCA
158,the Middle East,the Middle East,LOC,-0.02830189,0.38773585,ja,2.94444444,,12217091,L,35.8,-86.5,NORTH-AMERICA,United States,ENA
42,Italy,Italy,GPE,0.17241379,0.17241379,pt,2.9,4027833-5,3175395,A,42.83333,12.83333,EUROPE-AFRICA,Italy,MED
24,Milan,Milan,GPE,0.0,0.10344828,de,2.9,4037100-1,3173435,P,45.46427,9.18951,EUROPE,Italy,WCE
159,Higashidori Village,Higashidori Village,GPE,0.0,0.0,ja,2.9,,0,,,,,,
161,Brazil,Brazil,GPE,-0.02969349,0.61590038,ja,2.9,4008003-1,3469034,A,-10.0,-55.0,SOUTH-AMERICA,Brazil,SAM
32,Los Angeles,Los Angeles,GPE,0.025,0.22068966,en,2.9,4036361-2,5368361,P,34.05223,-118.24368,NORTH-AMERICA,United States,WNA
160,Yamagata Prefecture,Yamagata Prefecture,GPE,0.1927682,0.7398228,ja,2.9,,2110556,P,38.23333,140.36667,ASIA,Japan,EAS
41,Mars,Mars,LOC,0.08333333,0.97222222,pt,2.9,,6621751,T,-76.66667,161.95,POLAR,Antarctica,EAN
43,Milan,Milan,GPE,0.21264368,0.35344828,es,2.9,4037100-1,3173435,P,45.46427,9.18951,EUROPE,Italy,WCE
44,Melilla,Melilla,GPE,0.1320197,0.94018883,es,2.9,4313276-5,2513947,P,35.29369,-2.93833,EUROPE-AFRICA,Spain,MED
52,Lianjiang County,Lianjiang County,GPE,0.24638362,0.47754246,zh,2.88888889,,6724655,A,26.37004,120.49545,ASIA,Taiwan,EAS
162,Okayama Prefecture,Okayama Prefecture,LOC,0.20864662,0.50313283,ja,2.85,4102047-9,1854383,P,34.65,133.93333,ASIA,Japan,EAS
163,Kyoto City,Kyoto City,GPE,0.26315789,0.78752437,ja,2.85,,10338199,S,35.03088,135.75143,ASIA,Japan,EAS
164,Shibuya-ku,Shibuya-ku,GPE,0.31538049,0.59539121,ja,2.82727273,,1852582,A,35.66404,139.69821,ASIA,Japan,EAS
44,Socorro,Socorro,GPE,-0.21428571,0.53571429,pt,2.8,,3982973,T,18.79484,-110.97132,PACIFIC,Mexico,NPO
43,Jupiter,Jupiter,LOC,0.3127551,0.65141723,pt,2.8,,4160610,P,26.93422,-80.09421,NORTH-AMERICA,United States,ENA
45,Emília,Emília,GPE,-0.17113095,0.39434524,pt,2.8,,3169068,L,44.5,12.25,EUROPE-AFRICA,Italy,MED
46,Midwest,Midwest,LOC,-0.01339286,0.12549603,pt,2.8,4074909-5,12212748,L,43.61327,-88.28917,NORTH-AMERICA,United States,ENA
47,Santa Catarina,Santa Catarina,GPE,0.05059524,0.36904762,pt,2.8,,3450387,A,-27.0,-50.0,SOUTH-AMERICA,Brazil,SES
31,Sikkim,Sikkim,GPE,-0.04464286,0.13392857,hi,2.8,4054962-8,1256312,A,27.75,88.5,ASIA,India,TIB
165,Tsugaru,Tsugaru,GPE,0.0,0.08928571,ja,2.8,,0,,,,,,
108,Arravonitsa,Arravonitsa,GPE,0.0,0.0,el,2.8,,0,,,,,,
106,Evros,Evros,GPE,-0.24214286,0.55722222,el,2.8,4761279-4,262571,T,37.47443,25.46074,EUROPE-AFRICA,Greece,MED
105,Sweden,Sweden,GPE,-0.14285714,0.26190476,el,2.8,4077258-5,2661886,A,62.0,15.0,EUROPE,Sweden,NEU
104,the United States,the United States,GPE,-0.01488095,0.23511905,el,2.8,,0,,,,,,
103,Paros,Paros,GPE,-0.52232143,0.58779762,el,2.8,4044728-5,255720,T,37.05722,25.1875,EUROPE-AFRICA,Greece,MED
102,Agrafa,Agrafa,GPE,0.0625,0.40178571,el,2.8,4633178-5,265613,P,39.13689,21.64911,EUROPE-AFRICA,Greece,MED
101,Larissa - Roads,Larissa - Roads,LOC,-0.75,0.71428571,el,2.8,,0,,,,,,
100,China,China,GPE,-0.29707792,0.86688312,el,2.8,4009937-4,1814991,A,35.0,105.0,ASIA,China,EAS
99,Corinth,Corinth,GPE,-0.16964286,0.83234127,el,2.8,,11351423,A,14.0471,-60.96046,CENTRAL-AMERICA,Saint Lucia,CAR
98,Venice,Venice,GPE,0.27991071,0.88526786,el,2.8,4062501-1,3164603,P,45.43713,12.33265,EUROPE,Italy,WCE
97,Congo,Congo,GPE,-0.19642857,0.28571429,el,2.8,4032097-2,2260494,A,-1.0,15.5,AFRICA,Republic of the Congo,CAF
167,Mindanao Island,Mindanao Island,LOC,-0.03571429,0.14285714,ja,2.8,,1699597,T,7.66382,125.13051,ASIA,Philippines,SEA
168,Joetsu City,Joetsu City,GPE,0.23098545,0.62582672,ja,2.8,,0,,,,,,
169,Satsuma,Satsuma,GPE,-0.1547619,0.23214286,ja,2.8,,1852853,A,31.5,130.41667,ASIA,Japan,EAS
170,Morimon,Morimon,GPE,0.08290816,0.52040816,ja,2.8,,0,,,,,,
36,Iran,Iran,GPE,0.04107143,0.33363095,fr,2.8,4027653-3,130758,A,32.0,53.0,ASIA,Iran,WCA
178,Syria,Syria,GPE,-0.12797619,0.31547619,ja,2.8,4058794-0,163843,A,35.0,38.0,EUROPE-AFRICA,Syria,MED
177,the Great North region,the Great North region,LOC,0.14360119,0.54092262,ja,2.8,,12212304,L,44.57143,-84.69022,NORTH-AMERICA,United States,ENA
176,Yasugi City,Yasugi City,GPE,0.05519481,0.18506494,ja,2.8,,0,,,,,,
175,Minamata City,Minamata City,GPE,0.0,0.0,ja,2.8,,0,,,,,,
174,Victoria,Victoria,GPE,0.44642857,0.60714286,ja,2.8,,241131,P,-4.62001,55.45501,INDIAN,Seychelles,EIO
173,Melbourne,Melbourne,GPE,0.13802083,0.58333333,ja,2.8,4038526-7,2158177,P,-37.814,144.96332,OCEANIA,Australia,SAU
107,Philippines,Philippines,GPE,-0.17857143,0.21428571,el,2.8,4045771-0,1694008,A,13.40882,122.56155,ASIA,Philippines,SEA
109,New Jersey,New Jersey,GPE,0.1286526,0.54491342,el,2.8,4442932-0,5099836,P,40.72816,-74.07764,NORTH-AMERICA,United States,ENA
189,Japan Sea,Japan Sea,LOC,0.05714286,0.26170635,ja,2.8,,0,,,,,,
110,Argentina,Argentina,GPE,0.01190476,0.02380952,el,2.8,4002890-2,3865483,A,-34.0,-64.0,SOUTH-AMERICA,Argentina,SES
188,Iwaki City,Iwaki City,GPE,-0.19642857,0.51785714,ja,2.8,,0,,,,,,
187,midwestern United States,midwestern United States,GPE,-0.17872174,0.46885522,ja,2.8,,11887750,L,42.65982,-93.93863,NORTH-AMERICA,United States,CNA
186,Shiga Town,Shiga Town,GPE,0.0,0.0,ja,2.8,,0,,,,,,
185,Shin-Aomori,Shin-Aomori,GPE,-0.08928571,0.26785714,ja,2.8,,8311625,S,40.53426,141.49112,ASIA,Japan,EAS
184,Osaka City,Osaka City,GPE,-0.12321429,0.17678571,ja,2.8,,1853909,P,34.69379,135.50107,ASIA,Japan,EAS
183,Tsunan Town,Tsunan Town,GPE,0.1875,0.52380952,ja,2.8,,0,,,,,,
182,Fukui,Fukui,GPE,0.02827381,0.3110119,ja,2.8,4250606-2,1863985,P,36.06443,136.22257,ASIA,Japan,EAS
180,Miyakojima,Miyakojima,GPE,-0.15178571,0.57142857,ja,2.8,1387573322,6822158,P,24.79016,125.31109,ASIA,Japan,EAS
179,Hamatonbetsu Town,Hamatonbetsu Town,GPE,0.0,0.0,ja,2.8,,0,,,,,,
166,Ito City,Ito City,GPE,-0.16964286,0.36607143,ja,2.8,,3435874,P,-34.62264,-58.44104,SOUTH-AMERICA,Argentina,SES
121,Sykoula,Sykoula,GPE,-0.18220663,0.37978316,el,2.8,,264974,P,39.07834,21.09104,EUROPE-AFRICA,Greece,MED
120,Larnaca,Larnaca,GPE,0.0454932,0.36564626,el,2.8,4099067-9,146400,P,34.9221,33.62794,EUROPE-AFRICA,Cyprus,MED
119,Madagascar,Madagascar,GPE,-0.5,0.625,el,2.8,4074425-5,1062947,A,-20.0,47.0,AFRICA,Madagascar,MDG
118,Pikermi,Pikermi,GPE,-0.08482143,0.29613095,el,2.8,1245964380,255319,P,38.00161,23.94075,EUROPE-AFRICA,Greece,MED
117,Odessa,Odessa,GPE,0.05357143,0.42460317,el,2.8,4043115-0,698740,P,46.48572,30.74383,EUROPE,Ukraine,WCE
116,Northeast,Northeast,LOC,0.47077922,0.79545455,el,2.8,,11887749,L,42.80019,-74.11805,NORTH-AMERICA,United States,ENA
115,Ypsonas,Ypsonas,GPE,0.0,0.35714286,el,2.8,,10346946,A,34.70424,32.9499,EUROPE-AFRICA,Cyprus,MED
114,Giannitsochori,Giannitsochori,GPE,-0.35714286,0.35714286,el,2.8,,0,,,,,,
113,Riyadh,Riyadh,GPE,0.00510204,0.07908163,el,2.8,4015384-8,108410,P,24.68773,46.72185,ASIA,Saudi Arabia,ARP
112,Finland,Finland,GPE,-0.14285714,0.26190476,el,2.8,4017243-0,660013,A,64.0,26.0,EUROPE,Finland,NEU
111,Katerini,Katerini,GPE,-0.11904762,0.6547619,el,2.8,4097715-8,735914,P,40.26956,22.50608,EUROPE-AFRICA,Greece,MED
181,Ishikari,Ishikari,GPE,-0.05952381,0.52678571,ja,2.8,,2129909,P,43.23972,141.35389,ASIA,Japan,EAS
32,Holi,Holi,GPE,0.41071429,0.58928571,hi,2.8,,12341935,P,28.89406,82.52515,ASIA,Nepal,TIB
172,Kesa,Kesa,GPE,0.03125,0.25446429,ja,2.8,,161811,T,38.55063,56.58533,ASIA,Turkmenistan,WCA
30,Chile,Chile,GPE,-0.35714286,0.71428571,hi,2.8,4009929-5,3895114,A,-30.0,-71.0,SOUTH-AMERICA,Chile,SWS
87,Tokat,Tokat,GPE,0.26785714,0.41964286,tr,2.8,4273162-8,738743,P,40.31389,36.55444,EUROPE-AFRICA,Turkey,MED
43,Ghent,Ghent,GPE,-0.14448052,0.47375541,nl,2.8,4020176-4,2797656,P,51.05,3.71667,EUROPE,Belgium,WCE
42,Germany,Germany,GPE,-0.08630952,0.37202381,nl,2.8,4011882-4,2921044,A,51.5,10.5,EUROPE,Germany,WCE
45,Israel,Israel,GPE,0.02813853,0.52236652,es,2.8,4027808-6,294640,A,31.5,34.75,EUROPE-AFRICA,Israel,MED
46,Washington,Washington,GPE,-0.05178571,0.33035714,es,2.8,4064682-8,4140963,P,38.89511,-77.03637,NORTH-AMERICA,United States,ENA
35,Srinagar,Srinagar,GPE,0.02218615,0.48214286,hi,2.8,4349448-1,1255634,P,34.08565,74.80555,ASIA,India,WCA
34,Nainital,Nainital,GPE,0.04464286,0.25297619,hi,2.8,4566524-2,1262117,P,29.39743,79.44686,ASIA,India,TIB
33,Chandigarh,Chandigarh,GPE,0.17857143,0.17857143,hi,2.8,4329340-2,1274746,P,30.73629,76.7884,ASIA,India,TIB
171,Kiev,Kiev,GPE,-0.05059524,0.39583333,ja,2.8,4030522-3,703448,P,50.45466,30.5238,EUROPE,Ukraine,WCE
47,China,China,GPE,0.31023243,0.51502268,es,2.8,4009937-4,1814991,A,35.0,105.0,ASIA,China,EAS
48,NEW YORK,NEW YORK,GPE,0.14053803,0.63789038,es,2.8,4042011-5,5128581,P,40.71427,-74.00597,NORTH-AMERICA,United States,ENA
90,Eastern Mediterranean,Eastern Mediterranean,LOC,0.11788549,0.50725624,tr,2.8,,10922505,L,39.42657,41.23464,ASIA,Turkey,WCA
49,Maine,Maine,GPE,0.17279942,0.86614358,es,2.8,4114929-4,4971068,A,45.50032,-69.24977,NORTH-AMERICA,United States,ENA
25,New York City,New York City,GPE,0.09023268,0.36079545,ar,2.8,4042011-5,5128581,P,40.71427,-74.00597,NORTH-AMERICA,United States,ENA
26,Japan,Japan,GPE,0.10238095,0.63571429,ar,2.8,4028495-5,1861060,A,35.68536,139.75309,ASIA,Japan,EAS
27,Poland,Poland,GPE,-0.21428571,0.85416667,ar,2.8,4046496-9,798544,A,52.0,20.0,EUROPE,Poland,WCE
28,Sudan,Sudan,GPE,0.0,0.0,ar,2.8,4058378-8,366755,A,16.0,30.0,AFRICA,Sudan,SAH
29,Tehran,Tehran,GPE,0.02321429,0.11607143,ar,2.8,4059304-6,112931,P,35.69439,51.42151,ASIA,Iran,WCA
35,US,US,GPE,0.06785714,0.99732143,fr,2.8,,0,,,,,,
53,Texas,Texas,GPE,0.14527868,1.79289322,zh,2.8,4059594-8,12217092,L,28.9204,-98.5772,CENTRAL-AMERICA,United States,NCA
102,Liverpool,Liverpool,GPE,-0.18452381,0.52827381,tr,2.8,4036068-4,2644210,P,53.41058,-2.97794,EUROPE,United Kingdom,NEU
103,Elazığ,Elazığ,GPE,0.16517857,0.5,tr,2.8,4243383-6,315808,P,38.67431,39.22321,EUROPE-AFRICA,Turkey,MED
89,Karachi,Karachi,GPE,-0.23214286,0.5,tr,2.8,4097647-6,1174872,P,24.8608,67.0104,ASIA,Pakistan,SAS
88,Paris,Paris,GPE,0.41720779,0.56926407,tr,2.8,4044660-8,2988507,P,48.85341,2.3488,EUROPE,France,WCE
91,Artvin,Artvin,LOC,-0.07142857,0.17857143,tr,2.8,4383304-4,751817,P,41.18161,41.82172,ASIA,Turkey,WCA
100,Trabzon,Trabzon,GPE,0.0172619,0.42619048,tr,2.8,4106551-7,738648,P,41.005,39.72694,EUROPE-AFRICA,Türkiye,MED
54,Southern California,Southern California,LOC,-0.2609127,0.48115079,zh,2.8,,11071615,L,34.68743,-116.78467,NORTH-AMERICA,United States,WNA
45,Andalusia,Andalusia,GPE,-0.17063492,0.27905329,nl,2.8,4054671-8,2510911,P,37.38283,-5.97317,EUROPE-AFRICA,Spain,MED
44,La Plagne,La Plagne,GPE,0.0,0.0,nl,2.8,4536802-8,6690630,P,47.18831,7.28706,EUROPE,Switzerland,WCE
92,Germany,Germany,GPE,-0.07142857,0.35714286,tr,2.8,4011882-4,2921044,A,51.5,10.5,EUROPE,Germany,WCE
26,Lower Saxony,Lower Saxony,GPE,-0.20238095,0.70833333,de,2.8,4042226-4,2862926,A,52.83333,9.16667,EUROPE,Germany,WCE
27,the Stubai Glacier,the Stubai Glacier,LOC,-0.14158163,0.16772959,de,2.8,,0,,,,,,
28,Japan,Japan,GPE,0.0261544,0.21482684,de,2.8,4028495-5,1861060,A,35.68536,139.75309,ASIA,Japan,EAS
101,Western Mediterranean,Western Mediterranean,LOC,0.15674603,0.37103175,tr,2.8,,10922502,L,36.78713,34.22001,EUROPE-AFRICA,Turkey,MED
25,Turkey,Turkey,GPE,-0.04464286,0.17857143,de,2.8,4061163-2,298795,A,39.0,35.0,EUROPE-AFRICA,Turkey,MED
99,Ordu,Ordu,GPE,0.46428571,0.44642857,tr,2.8,4210636-9,741100,P,40.97782,37.89047,EUROPE-AFRICA,Turkey,MED
94,Bozcaada,Bozcaada,GPE,0.00446429,0.27232143,tr,2.8,4570263-9,320700,P,39.835,26.06972,EUROPE-AFRICA,Turkey,MED
98,Gaziantep,Gaziantep,GPE,-0.03571429,0.14285714,tr,2.8,4086680-4,314830,P,37.05944,37.3825,EUROPE-AFRICA,Turkey,MED
93,Riyadh,Riyadh,GPE,-0.33035714,0.49107143,tr,2.8,4015384-8,108410,P,24.68773,46.72185,ASIA,Saudi Arabia,ARP
104,the Marmara Region,the Marmara Region,LOC,-0.0952381,0.17857143,tr,2.8,,741725,P,40.96907,27.95503,EUROPE-AFRICA,Turkey,MED
95,Seattle,Seattle,GPE,-0.40422078,0.61688312,tr,2.8,,5809844,P,47.60621,-122.33207,NORTH-AMERICA,United States,WNA
96,İzmir,İzmir,GPE,0.11011905,0.39583333,tr,2.8,4096359-7,311046,P,38.41273,27.13838,EUROPE-AFRICA,Turkey,MED
97,Pakistan,Pakistan,GPE,-0.23214286,0.51785714,tr,2.8,4075812-6,1168579,A,30.0,70.0,ASIA,Pakistan,WCA
55,Keelung,Keelung,GPE,0.12246701,0.6129226,zh,2.74444444,4110060-8,1678228,P,25.13089,121.74094,ASIA,Taiwan,EAS
46,The United States,The United States,GPE,0.05486968,0.41529492,nl,2.7,,0,,,,,,
40,Atlantique,Atlantique,GPE,0.01234568,0.59259259,fr,2.7,,2395914,P,6.44852,2.35566,AFRICA,Benin,WAF
50,the Panticosa Spa,the Panticosa Spa,LOC,-0.19876543,0.48765432,es,2.7,,0,,,,,,
51,Ñuble,Ñuble,GPE,-0.05504115,0.41358025,es,2.7,,11979367,A,-36.62291,-72.21643,SOUTH-AMERICA,Chile,SWS
52,Asturias,Asturias,GPE,0.10493827,0.42386831,es,2.7,4003329-6,3129135,P,43.55473,-5.92483,EUROPE-AFRICA,Spain,MED
38,Bordeaux,Bordeaux,GPE,0.39770623,0.75987654,fr,2.7,4088072-2,3031582,P,44.84044,-0.5805,EUROPE-AFRICA,France,MED
122,North Aegean,North Aegean,GPE,-0.23737374,0.32304527,el,2.7,,6697806,A,37.71942,26.81956,EUROPE-AFRICA,Greece,MED
37,The United States,The United States,GPE,-0.0473251,0.31481481,fr,2.7,,0,,,,,,
105,the Gaza Strip,the Gaza Strip,GPE,-0.14506173,0.69074074,tr,2.7,,6269611,S,31.77614,35.23549,EUROPE-AFRICA,Palestinian Territory,MED
39,the Northern Lights,the Northern Lights,LOC,0.54135802,0.65,fr,2.7,,4981383,L,43.56064,-70.20588,NORTH-AMERICA,United States,ENA
37,Russia,Russia,GPE,-0.2037037,0.62037037,it,2.7,4076899-5,2017370,A,60.0,100.0,ASIA,Russia,ESB
190,Minamiaso Village,Minamiaso Village,GPE,0.0,0.0,ja,2.7,,10231037,S,32.89804,131.00712,ASIA,Japan,EAS
48,Australia,Australia,GPE,0.03703704,0.14814815,pt,2.7,4003900-6,2077456,A,-25.0,135.0,OCEANIA,Australia,CAU
56,The United States,The United States,GPE,1.06227954,1.76421958,zh,2.7,,0,,,,,,
36,Ranchi,Ranchi,GPE,-0.13194444,0.22916667,hi,2.7,4358136-5,1258526,P,23.34316,85.3094,ASIA,India,SAS
191,Oita,Oita,GPE,-0.04012346,0.09979424,ja,2.7,,1854487,P,33.23333,131.6,ASIA,Japan,EAS
52,Cuba,Cuba,GPE,0.0,0.0,pt,2.7,4033340-1,3562981,A,22.0,-79.5,CENTRAL-AMERICA,Cuba,CAR
51,Beja,Beja,GPE,-0.02520576,0.31430041,pt,2.7,4390915-2,2270984,A,37.84204,-7.91855,EUROPE-AFRICA,Portugal,MED
50,the Middle East,the Middle East,LOC,0.1319224,0.35828924,pt,2.7,,12217091,L,35.8,-86.5,NORTH-AMERICA,United States,ENA
49,Castelo Branco,Castelo Branco,GPE,0.33796296,0.63425926,pt,2.7,4433734-6,2269513,A,39.95658,-7.52323,EUROPE-AFRICA,Portugal,MED
57,Changhua,Changhua,GPE,0.02178571,0.77004464,zh,2.66666667,4407571-6,1993459,P,24.0692,120.5512,ASIA,Taiwan,EAS
58,Barcelona,Barcelona,GPE,0.13295455,0.44786932,zh,2.66666667,4004503-1,3128760,P,41.38879,2.15899,EUROPE-AFRICA,Spain,MED
192,NHK BS,NHK BS,GPE,0.05326768,0.54521038,ja,2.65952381,,0,,,,,,
39,Cortina,Cortina,GPE,0.09615385,0.69230769,it,2.6,4085339-1,3177952,P,46.5369,12.13903,EUROPE,Italy,WCE
38,the Gaza Strip,the Gaza Strip,GPE,-0.04370629,0.71328671,it,2.6,,6269611,S,31.77614,35.23549,EUROPE-AFRICA,Palestinian Territory,MED
126,Voula,Voula,GPE,-0.53846154,0.51282051,el,2.6,,251780,P,37.84221,23.77651,EUROPE-AFRICA,Greece,MED
193,Alaska,Alaska,GPE,0.31501832,0.66208791,ja,2.6,4001016-8,5879092,A,64.00028,-150.00028,NORTH-AMERICA,United States,NWN
53,Guarda,Guarda,GPE,-0.08814103,0.47916667,pt,2.6,4094190-5,2738785,P,40.53754,-7.26631,EUROPE-AFRICA,Portugal,MED
33,North-West India,North-West India,GPE,-0.1224359,0.33397436,en,2.6,,3580477,P,19.38197,-81.39281,CENTRAL-AMERICA,Cayman Islands,CAR
34,Minnesota,Minnesota,GPE,-0.10897436,0.63782051,en,2.6,4101012-7,5037779,A,46.25024,-94.25055,NORTH-AMERICA,United States,CNA
54,Brasil,Brasil,GPE,-0.08974359,0.67948718,pt,2.6,4008003-1,3469034,A,-10.0,-55.0,SOUTH-AMERICA,Brazil,SAM
29,Bundesliga,Bundesliga,GPE,-0.35897436,0.35897436,de,2.6,,0,,,,,,
30,Beijing,Beijing,GPE,0.26923077,0.19230769,de,2.6,4075971-4,1816670,P,39.9075,116.39723,ASIA,China,EAS
31,Slovakia,Slovakia,GPE,-0.11538462,0.03846154,de,2.6,4055297-4,3057568,A,48.66667,19.5,EUROPE,Slovakia,WCE
56,Santa Maria,Santa Maria,GPE,-0.05448718,0.16987179,pt,2.6,,5393180,P,34.95303,-120.43572,NORTH-AMERICA,United States,WNA
30,Arctic,Arctic,LOC,-0.38461538,0.38461538,ar,2.6,,0,,,,,,
128,the United Arab Emirates,the United Arab Emirates,GPE,0.01201923,0.19230769,el,2.6,,8469718,T,25.22231,55.17181,ASIA,United Arab Emirates,ARP
127,Eastern Macedonia,Eastern Macedonia,LOC,0.0224359,0.53685897,el,2.6,,729441,L,41.40544,23.09373,EUROPE-AFRICA,Bulgaria,MED
107,Sweden,Sweden,GPE,-0.17628205,0.40064103,tr,2.6,4077258-5,2661886,A,62.0,15.0,EUROPE,Sweden,NEU
106,Colombia,Colombia,GPE,0.02403846,0.19230769,tr,2.6,4031812-6,3686110,A,4.0,-73.25,SOUTH-AMERICA,Colombia,NWS
12,the Kuril Islands,the Kuril Islands,LOC,0.03846154,0.15384615,ru,2.6,,0,,,,,,
13,Baikal,Baikal,GPE,-0.0042735,0.10683761,ru,2.6,4080244-9,2026982,H,54.0,109.0,ASIA,Russia,ESB
14,Minsk,Minsk,GPE,0.0,0.0,ru,2.6,4039510-8,625144,P,53.9,27.56667,EUROPE,Belarus,WCE
15,North-West,North-West,LOC,0.11538462,0.5,ru,2.6,,11887751,L,42.77268,-116.9579,NORTH-AMERICA,United States,WNA
16,Roman Vilfand,Roman Vilfand,GPE,-0.15064103,0.15064103,ru,2.6,,0,,,,,,
17,Japan,Japan,GPE,-0.34615385,0.76923077,ru,2.6,4028495-5,1861060,A,35.68536,139.75309,ASIA,Japan,EAS
53,DALLAS,DALLAS,GPE,0.04679487,0.64423077,es,2.6,4085382-2,4684888,P,32.78306,-96.80667,NORTH-AMERICA,United States,CNA
55,Madagascar,Madagascar,GPE,-0.08974359,0.44871795,pt,2.6,4074425-5,1062947,A,-20.0,47.0,AFRICA,Madagascar,MDG
125,Chania,Chania,GPE,0.0,0.0,el,2.6,4090320-5,260114,P,35.51124,24.02921,EUROPE-AFRICA,Greece,MED
124,Evrota,Evrota,GPE,-0.47115385,0.55021368,el,2.6,,7668315,S,36.9739,22.5263,EUROPE-AFRICA,Greece,MED
123,Washington,Washington,GPE,-0.03365385,0.38942308,el,2.6,4064682-8,4140963,P,38.89511,-77.03637,NORTH-AMERICA,United States,ENA
47,Scandinavia,Scandinavia,LOC,0.19230769,0.34615385,nl,2.6,,0,,,,,,
56,America,America,GPE,0.22692308,0.46794872,es,2.6,,0,,,,,,
55,Northern California,Northern California,LOC,0.02083333,0.50641026,es,2.6,,11071615,L,34.68743,-116.78467,NORTH-AMERICA,United States,WNA
54,Chilean Patagonia,Chilean Patagonia,GPE,0.0,0.07692308,es,2.6,,0,,,,,,
59,Kinmen,Kinmen,GPE,0.18204066,0.65987653,zh,2.59444444,,1678001,T,24.44583,118.37611,ASIA,Taiwan,EAS
194,Philippines,Philippines,GPE,-0.03881701,0.15526802,ja,2.57619048,4045771-0,1694008,A,13.40882,122.56155,ASIA,Philippines,SEA
60,Brazil,Brazil,GPE,0.26662043,0.62237633,zh,2.575,4008003-1,3469034,A,-10.0,-55.0,SOUTH-AMERICA,Brazil,SAM
195,Phoenix,Phoenix,GPE,0.11289847,0.28003247,ja,2.56666667,4119970-4,5308655,P,33.44838,-112.07404,CENTRAL-AMERICA,United States,NCA
61,Chiayi,Chiayi,GPE,0.03921569,0.06535948,zh,2.55,16053656-X,1678836,P,23.47917,120.44889,ASIA,Taiwan,EAS
196,Mutsu City,Mutsu City,GPE,-0.01966292,0.12289326,ja,2.54285714,,0,,,,,,
63,France,France,GPE,-0.36200658,0.92138158,zh,2.53333333,4018145-5,3017382,A,46.0,2.0,EUROPE,France,WCE
62,Hokkaido,Hokkaido,GPE,0.61761114,2.53846441,zh,2.53333333,4095546-1,11257417,L,43.51669,142.44873,ASIA,Japan,EAS
64,New Taipei,New Taipei,GPE,0.42432623,1.10358005,zh,2.51111111,,12908892,P,25.06199,121.45703,ASIA,Taiwan,EAS
57,Russia,Russia,GPE,0.06533333,1.296,pt,2.5,4076899-5,2017370,A,60.0,100.0,ASIA,Russia,ESB
43,Charente,Charente,GPE,-0.07266667,0.758,fr,2.5,4235666-0,2982343,P,45.62811,-1.03153,EUROPE,France,WCE
130,Saudi Arabia,Saudi Arabia,GPE,0.32,0.52,el,2.5,4051788-3,102358,A,25.0,45.0,ASIA,Saudi Arabia,ARP
129,Gulf,Gulf,LOC,-0.04,0.31,el,2.5,,0,L,26.35058,50.16805,,,
58,Regina,Regina,GPE,-0.0475,0.35333333,es,2.5,4280218-0,6119109,P,50.45008,-104.6178,NORTH-AMERICA,Canada,NEN
57,Venezuela,Venezuela,GPE,0.31666667,1.09666667,es,2.5,4062512-6,3625428,A,8.0,-66.0,SOUTH-AMERICA,Venezuela,NSA
199,Kanto-Koshin,Kanto-Koshin,LOC,-0.12095238,1.02333333,ja,2.5,,1843926,P,34.39222,126.66861,ASIA,South Korea,EAS
198,Gaza,Gaza,GPE,0.09666667,0.17333333,ja,2.5,4092680-1,281133,P,31.50161,34.46672,EUROPE-AFRICA,Palestinian Territory,MED
197,the Kii Mountains,the Kii Mountains,LOC,0.00412698,0.38190476,ja,2.5,,0,,,,,,
41,Lyon,Lyon,GPE,-0.2705368,0.92376623,fr,2.5,4036770-8,2996944,P,45.74846,4.84671,EUROPE,France,WCE
33,Potsdam,Potsdam,GPE,0.13636364,0.55454545,de,2.5,4046948-7,2852458,P,52.39886,13.06566,EUROPE,Germany,WCE
42,Hauts-de-France,Hauts-de-France,GPE,-0.07,0.54666667,fr,2.5,1164261118,11071624,A,49.61232,2.65594,EUROPE,France,WCE
65,Nantou,Nantou,GPE,0.12,0.992,zh,2.5,,1671566,P,23.91566,120.66387,ASIA,Taiwan,EAS
108,Bayrampaşa,Bayrampaşa,GPE,-0.1775,0.4825,tr,2.5,7736477-6,7732459,A,41.04691,28.90278,EUROPE-AFRICA,Turkey,MED
35,Rajasthan,Rajasthan,GPE,-0.08109091,0.9430303,en,2.5,4076502-7,1258899,A,26.58333,73.83333,ASIA,India,SAS
36,Sri Lanka,Sri Lanka,GPE,0.27959596,0.74161616,en,2.5,4009696-8,1227603,A,7.75,80.75,INDIAN,Sri Lanka,BOB
37,Wales,Wales,GPE,0.09333333,0.51666667,en,2.5,4058708-3,2147714,P,-33.86785,151.20732,OCEANIA,Australia,EAU
58,China,China,GPE,0.61060606,1.09424242,pt,2.5,4009937-4,1814991,A,35.0,105.0,ASIA,China,EAS
32,North Rhine-Westphalia,North Rhine-Westphalia,GPE,-0.04,0.04,de,2.5,4031483-2,2886242,P,50.93333,6.95,EUROPE,Germany,WCE
200,Milan,Milan,GPE,0.08298359,0.59130462,ja,2.48822055,4037100-1,3173435,P,45.46427,9.18951,EUROPE,Italy,WCE
201,Toyama,Toyama,GPE,0.64702555,0.98729275,ja,2.48690476,4230546-9,1849876,P,36.7,137.21667,ASIA,Japan,EAS
202,the Tamagawa River,the Tamagawa River,LOC,0.06142241,0.74784483,ja,2.48571429,,0,,,,,,
203,Niigata City,Niigata City,GPE,0.15340364,0.30680729,ja,2.48333333,4208484-2,1855431,P,37.92259,139.04125,ASIA,Japan,EAS
66,Los Angeles,Los Angeles,GPE,-0.0175737,0.9053288,zh,2.45,4036361-2,5368361,P,34.05223,-118.24368,NORTH-AMERICA,United States,WNA
68,UK,UK,GPE,0.38236042,1.12458489,zh,2.43333333,4022153-2,2635167,A,54.75844,-2.69531,EUROPE,United Kingdom,NEU
67,Northeast,Northeast,LOC,0.1442637,1.01806507,zh,2.43333333,,11887749,L,42.80019,-74.11805,NORTH-AMERICA,United States,ENA
69,Chengdu,Chengdu,GPE,0.98321953,2.23125214,zh,2.425,4249575-1,1815286,P,30.66667,104.06667,ASIA,China,EAS
109,Simav,Simav,GPE,0.0,0.33333333,tr,2.4,4759508-5,8632455,A,39.09822,28.96464,EUROPE-AFRICA,Turkey,MED
48,Arctic,Arctic,LOC,0.46527778,0.68055556,nl,2.4,,0,,,,,,
44,La Plagne,La Plagne,GPE,-0.3125,0.86458333,fr,2.4,4536802-8,6690630,P,47.18831,7.28706,EUROPE,Switzerland,WCE
38,Nepal,Nepal,GPE,-0.13715278,0.63368056,hi,2.4,4041612-4,1282988,A,28.0,84.0,ASIA,Nepal,TIB
40,Ventura,Ventura,GPE,0.03535354,0.17108586,it,2.4,4218469-1,5405878,P,34.27834,-119.29317,NORTH-AMERICA,United States,WNA
41,Malta,Malta,GPE,0.05902778,0.23958333,it,2.4,508790-9,2562770,A,35.91667,14.43333,EUROPE-AFRICA,Malta,MED
42,the North-West,the North-West,LOC,0.20416667,0.68819444,it,2.4,,11887751,L,42.77268,-116.9579,NORTH-AMERICA,United States,WNA
204,Hiranai Town,Hiranai Town,GPE,0.0,0.0,ja,2.4,,0,,,,,,
205,Noheji Town,Noheji Town,GPE,0.0,0.0,ja,2.4,,0,,,,,,
206,Hashikami Town,Hashikami Town,GPE,0.0,0.0,ja,2.4,,0,,,,,,
45,Haute-Savoie,Haute-Savoie,GPE,-0.09552083,0.46635417,fr,2.4,,3013736,A,46.06143,6.45374,EUROPE,France,WCE
66,the Metropolitan Region,the Metropolitan Region,LOC,0.05555556,0.49305556,es,2.4,4122723-2,3871336,P,-33.45694,-70.64827,SOUTH-AMERICA,Chile,SWS
65,Zaragoza,Zaragoza,GPE,0.0703125,0.35416667,es,2.4,4079463-5,3104324,P,41.65606,-0.87734,EUROPE-AFRICA,Spain,MED
64,Russia,Russia,GPE,0.53616898,1.30555556,es,2.4,4076899-5,2017370,A,60.0,100.0,ASIA,Russia,ESB
63,The United States,The United States,GPE,0.01111111,0.13888889,es,2.4,,0,,,,,,
62,Chicago,Chicago,GPE,-0.08945707,0.78630051,es,2.4,4009921-0,4887398,P,41.85003,-87.65005,NORTH-AMERICA,United States,ENA
61,Costa Rica,Costa Rica,GPE,0.0,0.0,es,2.4,4010618-4,3624060,A,10.0,-84.0,CENTRAL-AMERICA,Costa Rica,SCA
60,Caribbean,Caribbean,LOC,-0.09375,0.25625,es,2.4,,0,,,,,,
59,Ukraine,Ukraine,GPE,0.13252315,1.09722222,es,2.4,4061496-7,690791,A,49.0,32.0,EUROPE,Ukraine,WCE
38,North India,North India,GPE,0.0,0.0,en,2.4,,3580678,P,19.3,-81.11667,CENTRAL-AMERICA,Cayman Islands,CAR
39,Central Australia,Central Australia,LOC,-0.07777778,0.45416667,en,2.4,252061-8,11523973,L,-24.10977,149.32573,OCEANIA,Australia,EAU
40,Zimbabwe,Zimbabwe,GPE,-0.06881313,0.40025253,en,2.4,4049850-5,878675,A,-19.0,29.75,AFRICA,Zimbabwe,ESAF
41,Myanmar,Myanmar,GPE,0.03503788,0.19318182,en,2.4,4069500-1,1327865,A,21.0,96.0,ASIA,Myanmar,SAS
19,Earth,Earth,LOC,0.11174242,0.3342803,ru,2.4,,0,,,,,,
18,Kharkov,Kharkov,GPE,-0.07638889,0.22309028,ru,2.4,4009782-1,706483,P,49.98177,36.25475,EUROPE,Ukraine,WCE
37,Maharashtra,Maharashtra,GPE,0.00694444,0.01388889,hi,2.4,4037057-4,8659036,L,19.28911,76.95374,ASIA,India,SAS
207,Canada,Canada,GPE,0.06761364,0.30454545,ja,2.4,4029456-0,6251999,A,60.10867,-113.64258,NORTH-AMERICA,Canada,NWN
135,Taiwan,Taiwan,GPE,0.18055556,0.30555556,el,2.4,4017875-4,1668284,A,24.0,121.0,ASIA,Taiwan,EAS
49,Méribel,Méribel,GPE,0.0,0.125,fr,2.4,4382104-2,2994404,P,45.41497,6.565,EUROPE,France,WCE
61,Benfica,Benfica,GPE,0.00462963,0.34259259,pt,2.4,,7538630,P,-22.89168,-43.24092,SOUTH-AMERICA,Brazil,SES
59,Castelo,Castelo,GPE,-0.07291667,0.30208333,pt,2.4,,2269513,A,39.95658,-7.52323,EUROPE-AFRICA,Portugal,MED
132,Leptokarya,Leptokarya,GPE,-0.03125,0.16666667,el,2.4,,258483,P,39.82356,20.91256,EUROPE-AFRICA,Greece,MED
133,Lixouri,Lixouri,GPE,0.0,0.0,el,2.4,7547724-5,258175,P,38.20133,20.43706,EUROPE-AFRICA,Greece,MED
134,Romania,Romania,GPE,-0.08333333,0.20833333,el,2.4,4050939-4,798549,A,46.0,25.0,EUROPE,Romania,WCE
70,Germany,Germany,GPE,0.25749684,1.77842036,zh,2.4,4011882-4,2921044,A,51.5,10.5,EUROPE,Germany,WCE
60,Central-West,Central-West,LOC,0.13368056,0.35763889,pt,2.4,,12110879,L,42.74936,-96.39971,NORTH-AMERICA,United States,CNA
46,Loire-Atlantique,Loire-Atlantique,GPE,0.25,0.27083333,fr,2.4,1044669-2,2979590,P,47.21154,-1.651,EUROPE,France,WCE
48,South,South,LOC,0.05,0.23958333,fr,2.4,,11887752,L,33.45876,-90.15081,NORTH-AMERICA,United States,CNA
131,Tripoli,Tripoli,GPE,-0.29166667,0.27777778,el,2.4,4262763-1,266826,P,34.43352,35.84415,EUROPE-AFRICA,Lebanon,MED
47,the Gulf of Lion,the Gulf of Lion,LOC,0.08333333,0.29166667,fr,2.4,4119502-4,4174715,P,30.43826,-84.28073,NORTH-AMERICA,United States,ENA
208,Wakayama Prefecture,Wakayama Prefecture,GPE,0.22635074,0.60204631,ja,2.38076923,,1926004,P,34.23333,135.16667,ASIA,Japan,EAS
209,Akita,Akita,LOC,0.15197568,0.40273556,ja,2.35,4309665-7,2113126,P,39.71667,140.11667,ASIA,Japan,EAS
71,Kaohsiung City,Kaohsiung City,GPE,-0.09864603,0.52224371,zh,2.35,,1673820,P,22.61626,120.31333,ASIA,Taiwan,EAS
210,the Sea of Japan,the Sea of Japan,LOC,-0.03214286,0.64404762,ja,2.33333333,,7733078,S,15.213,145.757,PACIFIC,Northern Mariana Islands,NPO
211,Africa,Africa,LOC,0.21472393,0.50817996,ja,2.32857143,,0,,,,,,
212,Oshima,Oshima,LOC,0.0,0.10817308,ja,2.31111111,,2128596,T,42.0,140.5,ASIA,Japan,EAS
50,Chamonix,Chamonix,GPE,0.05434783,0.36956522,fr,2.3,4085208-8,3027301,P,45.92375,6.86933,EUROPE,France,WCE
55,Venezuela,Venezuela,GPE,-0.09565217,0.29130435,fr,2.3,4062512-6,3625428,A,8.0,-66.0,SOUTH-AMERICA,Venezuela,NSA
54,Brussels,Brussels,GPE,0.06777009,0.54141963,fr,2.3,4008460-7,2800866,P,50.85045,4.34878,EUROPE,Belgium,WCE
53,Pyrénées-Orientales,Pyrénées-Orientales,GPE,-0.07065217,0.19021739,fr,2.3,,2983393,P,42.76929,2.87378,EUROPE-AFRICA,France,MED
52,North America,North America,LOC,0.2173913,0.32608696,fr,2.3,,0,,,,,,
51,Auvergne,Auvergne,GPE,0.25362319,0.41545894,fr,2.3,1224773780,11071625,A,45.482,5.37437,EUROPE,France,WCE
213,Hakodate City,Hakodate City,GPE,0.0,0.0,ja,2.3,,6513244,S,41.75,140.7166,ASIA,Japan,EAS
215,Kuji City,Kuji City,GPE,0.07608696,0.39130435,ja,2.3,,6801227,S,37.60735,127.14222,ASIA,South Korea,EAS
214,Misawa City,Misawa City,GPE,0.0,0.0,ja,2.3,,0,,,,,,
72,Kaohsiung,Kaohsiung,GPE,0.66956522,1.31594203,zh,2.3,4341688-3,1673820,P,22.61626,120.31333,ASIA,Taiwan,EAS
43,Bundaberg,Bundaberg,GPE,-0.01630435,0.39130435,en,2.3,,2173323,P,-24.86621,152.3479,OCEANIA,Australia,EAU
42,Noida,Noida,GPE,0.10869565,0.19565217,en,2.3,7669301-6,7279746,P,28.58,77.33,ASIA,India,SAS
216,Patagonia,Patagonia,GPE,-0.10989011,0.60805861,ja,2.275,,3841798,L,-44.0,-68.0,SOUTH-AMERICA,Argentina,SSA
217,Hinamatsuri,Hinamatsuri,GPE,0.187,1.276,ja,2.27272727,,0,,,,,,
73,Ukraine,Ukraine,GPE,-0.17940098,0.72646699,zh,2.27222222,4061496-7,690791,A,49.0,32.0,EUROPE,Ukraine,WCE
218,The United States,The United States,GPE,-0.30858469,0.48491879,ja,2.26842105,,0,,,,,,
74,Israel,Israel,GPE,0.15625,1.51746324,zh,2.26666667,4027808-6,294640,A,31.5,34.75,EUROPE-AFRICA,Israel,MED
76,Zhejiang,Zhejiang,GPE,0.00577922,0.93111111,zh,2.25,4078436-8,1784764,A,29.16667,120.0,ASIA,China,EAS
219,Toyama Prefecture,Toyama Prefecture,GPE,0.07111111,0.68444444,ja,2.25,,1849876,P,36.7,137.21667,ASIA,Japan,EAS
75,Alps,Alps,GPE,-0.22716049,0.62685185,zh,2.25,,0,,,,,,
220,Nakadori,Nakadori,GPE,0.10904184,0.1783049,ja,2.23333333,,11526733,P,42.49509,143.27919,ASIA,Japan,EAS
221,Hakone,Hakone,GPE,-0.11054104,0.40298507,ja,2.23333333,4140643-6,1863354,T,35.23333,139.03333,ASIA,Japan,EAS
78,the Taiwan Strait,the Taiwan Strait,LOC,0.52462121,2.25568182,zh,2.2,,0,,,,,,
80,Jingshan Creek,Jingshan Creek,GPE,0.09090909,0.24242424,zh,2.2,,0,,,,,,
34,Baltic Sea,Baltic Sea,LOC,-0.13636364,0.11363636,de,2.2,,0,,,,,,
41,Delhi NCR,Delhi NCR,GPE,0.07670455,0.51136364,hi,2.2,,9972750,L,28.66047,77.07733,ASIA,India,SAS
40,New Delhi,New Delhi,GPE,0.27892562,1.15702479,hi,2.2,4011371-1,1261481,P,28.62137,77.2148,ASIA,India,SAS
39,Noida,Noida,GPE,-0.20056818,0.35625,hi,2.2,7669301-6,7279746,P,28.58,77.33,ASIA,India,SAS
43,Central Italy,Central Italy,LOC,0.23232323,0.62626263,it,2.2,,12089032,L,42.83829,12.24145,EUROPE-AFRICA,Italy,MED
69,Oman,Oman,GPE,-0.27272727,0.36363636,es,2.2,4075653-1,286963,A,21.0,57.0,ASIA,Oman,ARP
68,Antarctica,Antarctica,LOC,-0.11363636,0.53535354,es,2.2,,0,,,,,,
222,Nanbu Town,Nanbu Town,GPE,-0.11363636,0.38636364,ja,2.2,,1855697,P,35.28333,138.45,ASIA,Japan,EAS
223,Matsue City,Matsue City,GPE,0.02272727,0.22727273,ja,2.2,,0,,,,,,
224,Antarctica,Antarctica,LOC,-0.03787879,0.63257576,ja,2.2,,0,,,,,,
72,Seville,Seville,GPE,0.26420455,1.23484848,es,2.2,4054671-8,2510911,P,37.38283,-5.97317,EUROPE-AFRICA,Spain,MED
71,Murcia,Murcia,GPE,-0.0210916,0.36079545,es,2.2,4115291-8,2513416,P,37.98704,-1.13004,EUROPE-AFRICA,Spain,MED
70,Tenerife,Tenerife,GPE,0.03030303,0.25252525,es,2.2,4277900-5,2511174,P,28.46824,-16.25462,AFRICA,Spain,SAH
67,Adamuz,Adamuz,GPE,-0.15530303,1.05378788,es,2.2,1354498909,6357196,A,38.03511,-4.5274,EUROPE-AFRICA,Spain,MED
77,Yushan,Yushan,GPE,0.48106061,1.20707071,zh,2.2,,1665181,T,23.47,120.95727,ASIA,Taiwan,EAS
79,Hangzhou,Hangzhou,GPE,0.33813787,1.90033451,zh,2.2,4229651-1,1808926,P,30.29365,120.16142,ASIA,China,EAS
110,Dubai,Dubai,GPE,-0.03409091,0.07575758,tr,2.2,4204044-9,292223,P,25.07725,55.30927,ASIA,United Arab Emirates,ARP
66,England,England,GPE,0.0478355,0.23874459,pt,2.2,4014770-8,11919979,L,44.0,-71.0,NORTH-AMERICA,United States,ENA
65,the Indian Ocean,the Indian Ocean,LOC,0.21969697,0.83712121,pt,2.2,,0,H,27.0,51.0,,,
64,Regina,Regina,GPE,0.18894628,0.54762397,pt,2.2,4280218-0,6119109,P,50.45008,-104.6178,NORTH-AMERICA,Canada,NEN
63,Funchal,Funchal,LOC,0.15754132,0.5857438,pt,2.2,4299432-9,2267827,P,32.66568,-16.92547,ATLANTIC,Portugal,NAO
62,Porto Santo,Porto Santo,GPE,-0.06818182,0.40909091,pt,2.2,4103231-7,2264401,T,33.07054,-16.34508,ATLANTIC,Portugal,NAO
56,Morocco,Morocco,GPE,0.36977732,0.91546143,fr,2.2,4037680-1,2542007,A,28.5,-10.0,AFRICA,Morocco,SAH
57,Maine,Maine,GPE,-0.05681818,0.17045455,fr,2.2,4114929-4,4971068,A,45.50032,-69.24977,NORTH-AMERICA,United States,ENA
58,the Middle East,the Middle East,LOC,0.08685065,0.33847403,fr,2.2,,12217091,L,35.8,-86.5,NORTH-AMERICA,United States,ENA
59,Greenland,Greenland,GPE,0.66666667,0.78030303,fr,2.2,4022113-1,3425505,A,72.0,-40.0,POLAR,Greenland,GIC
44,Southern California,Southern California,LOC,0.12121212,0.34848485,en,2.2,,11071615,L,34.68743,-116.78467,NORTH-AMERICA,United States,WNA
81,Penghu,Penghu,LOC,0.00761421,0.99492386,zh,2.18888889,,6300304,S,23.56867,119.62831,ASIA,Taiwan,EAS
82,Taoyuan,Taoyuan,GPE,0.26155317,0.67459951,zh,2.18888889,4252159-2,6696918,P,24.99368,121.29696,ASIA,Taiwan,EAS
225,Sukagawa City,Sukagawa City,GPE,0.07434641,0.57761438,ja,2.18571429,,0,,,,,,
226,Ishinomaki City,Ishinomaki City,GPE,0.46051587,0.95971726,ja,2.18181818,,0,,,,,,
227,Kesennuma,Kesennuma,GPE,0.43565891,0.51395349,ja,2.15,,2112263,P,38.90112,141.57746,ASIA,Japan,EAS
83,Taichung City's,Taichung City's,GPE,0.23138889,0.48027778,zh,2.14285714,,6748205,P,24.11009,120.65921,ASIA,Taiwan,EAS
229,Amami,Amami,GPE,0.0,0.0,ja,2.12222222,,6300360,S,28.43063,129.71254,ASIA,Japan,EAS
228,East Japan,East Japan,GPE,0.37696335,0.35340314,ja,2.12222222,,1860102,L,36.25,139.5,ASIA,Japan,EAS
234,Nagasaki,Nagasaki,GPE,0.23412698,0.69920635,ja,2.1,4041134-5,1856177,P,32.75,129.88333,ASIA,Japan,EAS
233,Chernobyl,Chernobyl,GPE,-0.23809524,0.35714286,ja,2.1,4127036-8,710403,P,51.27013,30.21968,EUROPE,Ukraine,WCE
20,China,China,GPE,-0.95238095,1.05820106,ru,2.1,4009937-4,1814991,A,35.0,105.0,ASIA,China,EAS
52,California,California,GPE,-0.0952381,0.23809524,en,2.1,,11071615,L,34.68743,-116.78467,NORTH-AMERICA,United States,WNA
35,Offenbach,Offenbach,GPE,0.19378307,0.84060847,de,2.1,4043359-6,2857807,P,50.10061,8.76647,EUROPE,Germany,WCE
36,Cortina,Cortina,GPE,0.27083333,0.46130952,de,2.1,4085339-1,3177952,P,46.5369,12.13903,EUROPE,Italy,WCE
51,Earth,Earth,LOC,0.06190476,0.4797619,en,2.1,,0,,,,,,
50,Tasmania,Tasmania,GPE,-0.02705628,0.58441558,en,2.1,4059099-9,2147291,A,-42.0,147.0,OCEANIA,Australia,SAU
49,Dublin,Dublin,GPE,0.08293651,0.45079365,en,2.1,4013170-1,2964574,P,53.33306,-6.24889,EUROPE,Ireland,NEU
84,Penghu County,Penghu County,GPE,0.05555556,0.42063492,zh,2.1,,6300304,S,23.56867,119.62831,ASIA,Taiwan,EAS
85,Yunlin County,Yunlin County,GPE,-0.07792208,0.7521645,zh,2.1,,1665196,P,23.70944,120.54333,ASIA,Taiwan,EAS
48,Perth,Perth,GPE,0.0,0.0,en,2.1,4232458-0,2063523,P,-31.95224,115.8614,OCEANIA,Australia,SAU
47,Africa,Africa,LOC,0.2491342,0.98124098,en,2.1,,0,,,,,,
46,Ottawa,Ottawa,GPE,-0.0297619,0.29761905,en,2.1,4122012-2,6094817,P,45.41117,-75.69812,NORTH-AMERICA,Canada,ENA
45,Texas,Texas,GPE,0.07936508,0.37830688,en,2.1,4059594-8,12217092,L,28.9204,-98.5772,CENTRAL-AMERICA,United States,NCA
60,Brazil,Brazil,GPE,-0.12121212,0.83405483,fr,2.1,4008003-1,3469034,A,-10.0,-55.0,SOUTH-AMERICA,Brazil,SAM
61,Alaska,Alaska,GPE,0.41269841,0.81746032,fr,2.1,4001016-8,5879092,A,64.00028,-150.00028,NORTH-AMERICA,United States,NWN
44,Kiev,Kiev,GPE,-0.22510823,0.43852814,it,2.1,4030522-3,703448,P,50.45466,30.5238,EUROPE,Ukraine,WCE
42,Canada,Canada,GPE,0.38095238,0.88095238,hi,2.1,4029456-0,6251999,A,60.10867,-113.64258,NORTH-AMERICA,Canada,NWN
235,Saudi Arabia,Saudi Arabia,GPE,0.15151515,0.26695527,ja,2.1,4051788-3,102358,A,25.0,45.0,ASIA,Saudi Arabia,ARP
68,Atlantic,Atlantic,LOC,-0.0297619,0.26785714,pt,2.1,,12110846,L,40.58629,-76.28807,NORTH-AMERICA,United States,ENA
230,Koriyama City,Koriyama City,GPE,0.0,0.0,ja,2.1,,0,,,,,,
231,Miyako City,Miyako City,GPE,0.14285714,0.25,ja,2.1,,10316668,P,33.87904,130.84907,ASIA,Japan,EAS
232,Futaba Town,Futaba Town,GPE,0.25396825,0.5,ja,2.1,,0,,,,,,
67,the North and Center,the North and Center,LOC,0.06746032,0.69543651,pt,2.1,,7257575,P,41.69235,-70.06938,NORTH-AMERICA,United States,ENA
86,USA,USA,GPE,0.42291278,2.13740141,zh,2.08571429,4078704-7,6252001,X,39.759999,-98.5,NORTH-AMERICA,United States,CNA
87,Guangzhou,Guangzhou,GPE,0.45920755,1.60698444,zh,2.07222222,4073204-6,1809858,P,23.11667,113.25,ASIA,China,EAS
88,Spain,Spain,GPE,0.27439254,1.3129137,zh,2.06666667,4055964-6,2510769,A,40.0,-4.0,EUROPE-AFRICA,Spain,MED
236,Sakaiminato City,Sakaiminato City,GPE,0.0,0.0,ja,2.06666667,,0,,,,,,
237,Utsunomiya,Utsunomiya,GPE,0.0,0.0,ja,2.05384615,4370926-6,1849053,P,36.56667,139.88333,ASIA,Japan,EAS
89,Sydney,Sydney,GPE,0.73392461,1.41491131,zh,2.05,4058708-3,2147714,P,-33.86785,151.20732,OCEANIA,Australia,EAU
90,Alibaba,Alibaba,GPE,0.13617658,0.65282454,zh,2.025,,11822244,T,38.98518,-9.41926,EUROPE-AFRICA,Portugal,MED
239,the Sea of ​​Japan coast,the Sea of ​​Japan coast,LOC,0.15694444,0.86805556,ja,2.0,,0,,,,,,
38,Alpine,Alpine,LOC,-0.09090909,0.36467803,de,2.0,,5770732,P,40.45328,-111.77799,NORTH-AMERICA,United States,WNA
37,Belgium,Belgium,GPE,0.0,0.03333333,de,2.0,4005406-8,2802361,A,50.75,4.5,EUROPE,Belgium,WCE
240,Stuttgart,Stuttgart,GPE,0.1,0.65,ja,2.0,4058282-6,2825297,P,48.78232,9.17702,EUROPE,Germany,WCE
241,Ishigaki Island,Ishigaki Island,LOC,0.0,0.0,ja,2.0,,1861417,T,24.4,124.2,ASIA,Japan,EAS
242,Fukuoka Prefecture,Fukuoka Prefecture,GPE,0.18333333,0.33333333,ja,2.0,4125989-0,1863967,P,33.6,130.41667,ASIA,Japan,EAS
65,Courchevel,Courchevel,GPE,-0.225,0.25,fr,2.0,4196206-0,3023065,P,45.41538,6.63643,EUROPE,France,WCE
53,Alberta,Alberta,GPE,-0.03541667,0.5875,en,2.0,4085533-8,5946768,P,53.55014,-113.46871,NORTH-AMERICA,Canada,NWN
54,NZ,NZ,GPE,-0.05,0.2,en,2.0,,0,L,8.62,-170.11,,,
46,Umbria,Umbria,GPE,0.06935065,0.5600974,it,2.0,4061581-9,3165048,A,43.0,12.5,EUROPE-AFRICA,Italy,MED
45,Molise,Molise,GPE,-0.13928571,0.63809524,it,2.0,4101127-2,3173222,A,41.66667,14.5,EUROPE-AFRICA,Italy,MED
243,Greenland,Greenland,GPE,0.0,0.125,ja,2.0,4022113-1,3425505,A,72.0,-40.0,POLAR,Greenland,GIC
136,Vlychada,Vlychada,GPE,0.0,0.0,el,2.0,,9036830,P,38.02734,23.43663,EUROPE-AFRICA,Greece,MED
66,Roussillon,Roussillon,GPE,0.39618056,1.08784722,fr,2.0,4034545-2,3007670,A,43.53333,3.23333,EUROPE-AFRICA,France,MED
69,Ingrid,Ingrid,GPE,0.09375,0.26875,pt,2.0,,6635439,T,-69.5,77.0,POLAR,Antarctica,EAN
64,Germany,Germany,GPE,0.16,0.26,fr,2.0,4011882-4,2921044,A,51.5,10.5,EUROPE,Germany,WCE
63,Goretti,Goretti,GPE,0.0,0.0,fr,2.0,,6138000,L,46.15008,-74.24922,NORTH-AMERICA,Canada,ENA
62,Vallorcine,Vallorcine,GPE,-0.11775,0.544,fr,2.0,7630586-7,2970882,P,46.03338,6.93188,EUROPE,France,WCE
77,U.S.,U.S.,GPE,0.08333333,0.25,es,2.0,,0,,,,,,
76,Japan,Japan,GPE,-0.10833333,1.08333333,es,2.0,4028495-5,1861060,A,35.68536,139.75309,ASIA,Japan,EAS
75,the Cantabrian Sea,the Cantabrian Sea,LOC,-0.02777778,0.02777778,es,2.0,,0,,,,,,
74,San Juan,San Juan,GPE,-0.0375,0.7375,es,2.0,4105287-0,4568127,P,18.46633,-66.10572,CENTRAL-AMERICA,Puerto Rico,CAR
73,Alicante,Alicante,GPE,0.0125,0.23333333,es,2.0,4079702-8,2521978,P,38.34517,-0.48149,EUROPE-AFRICA,Spain,MED
91,Alishan,Alishan,LOC,0.6,1.15,zh,2.0,1255671882,1679029,P,23.51528,120.81028,ASIA,Taiwan,EAS
92,Hualien City,Hualien City,GPE,-0.10037879,0.75568182,zh,2.0,4406400-7,1674504,P,23.97694,121.60444,ASIA,Taiwan,EAS
49,Friesland,Friesland,GPE,-0.025,0.28333333,nl,2.0,4074085-7,2751792,P,53.20271,5.80973,EUROPE,The Netherlands,NEU
50,Groningen,Groningen,GPE,-0.025,0.28333333,nl,2.0,4094052-4,2755251,P,53.21917,6.56667,EUROPE,The Netherlands,NEU
51,Drenthe,Drenthe,GPE,-0.025,0.28333333,nl,2.0,4262868-4,2759633,P,52.99667,6.5625,EUROPE,The Netherlands,NEU
238,Tokai Village,Tokai Village,GPE,0.216875,0.719375,ja,2.0,,0,,,,,,
244,Akihabara,Akihabara,GPE,0.46680288,0.67442308,ja,1.96969697,,11790367,P,35.69848,139.77253,ASIA,Japan,EAS
93,Taitung County,Taitung County,GPE,0.0460373,0.71969697,zh,1.95,4406404-4,1668295,P,22.75991,121.14457,ASIA,Taiwan,EAS
94,Pingtung County,Pingtung County,GPE,-0.01631702,0.83449883,zh,1.95,,0,,,,,,
245,Shimokita,Shimokita,GPE,0.0,0.06540698,ja,1.91111111,,2128134,A,41.27478,141.33357,ASIA,Japan,EAS
49,Peru,Peru,GPE,0.0,0.0,ar,1.9,4045312-1,3932488,A,-10.0,-75.25,SOUTH-AMERICA,Peru,NWS
261,Tokyo Bay,Tokyo Bay,LOC,0.08740602,0.21553885,ja,1.9,,6300412,S,35.55226,139.77969,ASIA,Japan,EAS
80,Ecuador,Ecuador,GPE,-0.07888091,0.63350611,es,1.9,4129321-6,3658394,A,-1.25,-78.25,SOUTH-AMERICA,Ecuador,NWS
81,Gran Canaria,Gran Canaria,GPE,0.0,0.0,es,1.9,4252447-7,2515270,P,28.09973,-15.41343,AFRICA,Spain,SAH
82,Lisbon,Lisbon,GPE,0.20175439,0.3377193,es,1.9,4035919-0,2267057,P,38.72509,-9.1498,EUROPE-AFRICA,Portugal,MED
83,the Puracé volcano,the Puracé volcano,LOC,-0.06578947,0.19736842,es,1.9,,0,,,,,,
84,Montevideo,Montevideo,GPE,-0.03588517,0.23923445,es,1.9,4115214-1,3441575,P,-34.90328,-56.18816,SOUTH-AMERICA,Uruguay,SES
262,Kitakami City,Kitakami City,GPE,0.0,0.0,ja,1.9,,11822280,P,37.81054,139.11991,ASIA,Japan,EAS
159,Euphrates,Euphrates,LOC,-0.07017544,0.36842105,tr,1.9,4258936-8,241347,T,-9.42717,46.24974,AFRICA,Seychelles,SEAF
251,Sotogahama Town,Sotogahama Town,GPE,0.0,0.0,ja,1.9,,0,,,,,,
259,Fujieda City,Fujieda City,GPE,0.0,0.0,ja,1.9,,0,,,,,,
258,Hollywood,Hollywood,GPE,0.19901316,0.5,ja,1.9,4408912-0,4158928,P,26.0112,-80.14949,NORTH-AMERICA,United States,ENA
257,Sano City,Sano City,GPE,-0.02380952,0.32205514,ja,1.9,,1852965,P,34.88333,132.16667,ASIA,Japan,EAS
256,Türkiye,Türkiye,GPE,-0.21052632,0.31578947,ja,1.9,4061163-2,298795,A,39.0,35.0,EUROPE-AFRICA,Turkey,MED
255,Tajima,Tajima,GPE,0.37593985,0.60150376,ja,1.9,,1851196,L,34.03333,131.56667,ASIA,Japan,EAS
254,Pacific coasts,Pacific coasts,LOC,-0.04761905,0.64411028,ja,1.9,,0,,,,,,
253,Yamada Town,Yamada Town,GPE,0.00637959,0.12360447,ja,1.9,,0,,,,,,
79,River,River,GPE,0.08851675,0.80382775,es,1.9,,11497250,L,21.03498,105.8455,ASIA,Vietnam,EAS
78,Paraguay,Paraguay,GPE,0.16611842,0.32894737,es,1.9,4044601-3,3437598,A,-23.33333,-58.0,SOUTH-AMERICA,Paraguay,SES
32,Montreal,Montreal,GPE,0.26461988,0.6505848,ar,1.9,4040188-1,6077243,P,45.50884,-73.58781,NORTH-AMERICA,Canada,ENA
31,Pakistan,Pakistan,GPE,0.14473684,0.71710526,ar,1.9,4075812-6,1168579,A,30.0,70.0,ASIA,Pakistan,WCA
135,Bartın,Bartın,GPE,0.01425439,0.20942982,tr,1.9,4225294-5,751057,P,41.63583,32.3375,EUROPE-AFRICA,Turkey,MED
168,Alaska,Alaska,GPE,0.0,0.52631579,el,1.9,4246931-4,5879400,P,61.21806,-149.90028,NORTH-AMERICA,United States,NWN
169,Atlantic,Atlantic,LOC,-0.07894737,0.40350877,el,1.9,,12110846,L,40.58629,-76.28807,NORTH-AMERICA,United States,ENA
111,Çankırı,Çankırı,GPE,0.10818713,0.55555556,tr,1.9,4229337-6,749748,P,40.59995,33.6153,EUROPE-AFRICA,Turkey,MED
170,Emporio,Emporio,GPE,0.0,0.13157895,el,1.9,,262693,P,38.18825,26.02877,EUROPE-AFRICA,Greece,MED
171,Menidi,Menidi,GPE,0.11654135,0.22431078,el,1.9,7595751-6,265488,P,38.08333,23.73333,EUROPE-AFRICA,Greece,MED
172,Denmark,Denmark,GPE,-0.08552632,0.23026316,el,1.9,4010877-6,2623032,A,56.0,10.0,EUROPE,Denmark,NEU
173,Naples,Naples,GPE,-0.0877193,0.1754386,el,1.9,4041476-0,3172394,P,40.85216,14.26811,EUROPE-AFRICA,Italy,MED
174,Georgia,Georgia,GPE,0.14035088,0.34210526,el,1.9,4022406-5,614540,A,41.99998,43.4999,ASIA,Georgia,WCA
176,Texas,Texas,GPE,0.43859649,0.85964912,tr,1.9,4059594-8,12217092,L,28.9204,-98.5772,CENTRAL-AMERICA,United States,NCA
175,Pendik,Pendik,GPE,0.0,0.0,tr,1.9,1085025-9,7732579,A,40.94577,29.33019,EUROPE-AFRICA,Turkey,MED
174,Pacific,Pacific,LOC,0.42982456,0.75438596,tr,1.9,,0,L,8.62,-170.11,,,
175,Myrina,Myrina,GPE,-0.28947368,0.78947368,el,1.9,4041007-9,256930,P,39.87483,25.06359,EUROPE-AFRICA,Greece,MED
176,Mexico,Mexico,GPE,0.0,0.0,el,1.9,4039058-5,3996063,A,23.0,-102.0,CENTRAL-AMERICA,Mexico,NCA
177,Sofiana,Sofiana,GPE,0.15789474,0.52631579,el,1.9,1097763846,253495,P,38.03528,22.47627,EUROPE-AFRICA,Greece,MED
252,Kanto region,Kanto region,LOC,-0.12280702,0.50877193,ja,1.9,,1860102,L,36.25,139.5,ASIA,Japan,EAS
250,Aso City,Aso City,GPE,0.26315789,0.26315789,ja,1.9,,1591629,T,15.9,107.65,ASIA,Vietnam,SEA
50,Turkey,Turkey,GPE,-0.19078947,0.33552632,ar,1.9,4061163-2,298795,A,39.0,35.0,EUROPE-AFRICA,Turkey,MED
249,Goshogawara City,Goshogawara City,GPE,0.0,0.0,ja,1.9,,0,,,,,,
47,Los Angeles,Los Angeles,GPE,0.00526316,0.44210526,ar,1.9,4036361-2,5368361,P,34.05223,-118.24368,NORTH-AMERICA,United States,WNA
48,France,France,GPE,0.10526316,0.26315789,ar,1.9,4018145-5,3017382,A,46.0,2.0,EUROPE,France,WCE
124,Erzurum,Erzurum,LOC,-0.01052632,0.28421053,tr,1.9,4070958-9,315368,P,39.90861,41.27694,ASIA,Turkey,WCA
125,Uşak,Uşak,GPE,0.13157895,0.26315789,tr,1.9,4449030-6,298299,P,38.67351,29.4058,EUROPE-AFRICA,Turkey,MED
126,the United States,the United States,GPE,0.05921053,0.36842105,tr,1.9,,0,,,,,,
127,Çeşme,Çeşme,GPE,-0.08552632,0.23026316,tr,1.9,4140674-6,791950,P,41.69163,22.48582,EUROPE-AFRICA,North Macedonia,MED
128,West,West,LOC,0.0,0.13157895,tr,1.9,,11887751,L,42.77268,-116.9579,NORTH-AMERICA,United States,WNA
129,Arctic,Arctic,LOC,0.07177033,0.30502392,tr,1.9,,0,,,,,,
130,Bozcaada district,Bozcaada district,LOC,-0.06578947,0.19736842,tr,1.9,,0,,,,,,
131,Java Island,Java Island,LOC,-0.21052632,0.31578947,tr,1.9,,1642673,T,-7.49167,110.00444,ASIA,Indonesia,SEA
132,Andalusia,Andalusia,GPE,-0.05526316,0.33947368,tr,1.9,4054671-8,2510911,P,37.38283,-5.97317,EUROPE-AFRICA,Spain,MED
133,Ethiopia,Ethiopia,GPE,0.31578947,0.5,tr,1.9,4000639-6,337996,A,9.0,39.5,AFRICA,Ethiopia,NEAF
134,Tripoli,Tripoli,GPE,-0.08991228,0.28143275,tr,1.9,4262763-1,266826,P,34.43352,35.84415,EUROPE-AFRICA,Lebanon,MED
52,Doha,Doha,GPE,-0.04276316,0.18092105,ar,1.9,4219005-8,290030,P,25.28545,51.53096,ASIA,Qatar,ARP
51,the Gaza Strip,the Gaza Strip,GPE,0.07894737,0.47368421,ar,1.9,,6269611,S,31.77614,35.23549,EUROPE-AFRICA,Palestinian Territory,MED
46,Mexico,Mexico,GPE,-0.02631579,0.36842105,ar,1.9,4039058-5,3996063,A,23.0,-102.0,CENTRAL-AMERICA,Mexico,NCA
45,Virginia Beach,Virginia Beach,GPE,0.13157895,0.19736842,ar,1.9,4127130-0,4791259,P,36.85293,-75.97799,NORTH-AMERICA,United States,ENA
44,Germany,Germany,GPE,0.31578947,0.53947368,ar,1.9,4011882-4,2921044,A,51.5,10.5,EUROPE,Germany,WCE
247,Hachinohe,Hachinohe,GPE,0.1754386,1.17324561,ja,1.9,136152-1,2130203,P,40.5,141.5,ASIA,Japan,EAS
33,Bulgaria,Bulgaria,GPE,0.29122807,0.65614035,ar,1.9,4008866-2,732800,A,42.66667,25.25,EUROPE-AFRICA,Bulgaria,MED
34,the Strait of Hormuz,the Strait of Hormuz,LOC,-0.01169591,0.02923977,ar,1.9,,0,,,,,,
35,Kilauea,Kilauea,GPE,0.31578947,0.52631579,ar,1.9,4241215-8,5849346,P,22.21208,-159.41342,PACIFIC,United States,NPO
36,Afghanistan,Afghanistan,GPE,0.14473684,0.71710526,ar,1.9,4000687-6,1149361,A,33.0,66.0,ASIA,Afghanistan,WCA
37,Ottawa,Ottawa,GPE,-0.31578947,0.52631579,ar,1.9,4122012-2,6094817,P,45.41117,-75.69812,NORTH-AMERICA,Canada,ENA
248,Tsugaru City,Tsugaru City,GPE,0.0,0.0,ja,1.9,,0,,,,,,
38,Central Park,Central Park,LOC,0.11642743,0.46192185,ar,1.9,,4895876,P,42.18169,-87.80034,NORTH-AMERICA,United States,ENA
53,Texas,Texas,GPE,0.25,0.59356725,nl,1.9,4059594-8,12217092,L,28.9204,-98.5772,CENTRAL-AMERICA,United States,NCA
246,Hyogo Prefecture,Hyogo Prefecture,GPE,-0.46045322,2.18194444,ja,1.9,4195257-1,1859171,P,34.6913,135.183,ASIA,Japan,EAS
39,the Atlantic Ocean,the Atlantic Ocean,LOC,0.12865497,0.30409357,ar,1.9,,4504476,P,39.95373,-74.19792,NORTH-AMERICA,United States,ENA
40,Istanbul,Istanbul,GPE,-0.10964912,0.37061404,ar,1.9,4088772-8,745044,P,41.01384,28.94966,EUROPE-AFRICA,Turkey,MED
41,Lebanon,Lebanon,GPE,0.19736842,0.46052632,ar,1.9,4035567-6,272103,A,33.83333,35.83333,EUROPE-AFRICA,Lebanon,MED
42,Indonesia,Indonesia,GPE,0.39473684,0.39473684,ar,1.9,4026761-1,1643084,A,-5.0,120.0,ASIA,Indonesia,SEA
43,USA,USA,GPE,0.0,0.0,ar,1.9,4078704-7,6252001,X,39.759999,-98.5,NORTH-AMERICA,United States,CNA
52,French Alps,French Alps,GPE,-0.10526316,0.0,nl,1.9,,2983390,L,43.2332,6.5918,EUROPE-AFRICA,France,MED
158,Bolu,Bolu,GPE,0.02192982,0.32894737,tr,1.9,4196781-1,750516,P,40.73583,31.60611,EUROPE-AFRICA,Turkey,MED
123,Uzbekistan,Uzbekistan,GPE,0.01754386,0.73684211,tr,1.9,4062199-6,1512440,A,41.66667,63.83333,ASIA,Uzbekistan,WCA
113,Afyonkarahisar,Afyonkarahisar,GPE,0.10526316,0.35964912,tr,1.9,4203790-6,325303,P,38.75667,30.54333,EUROPE-AFRICA,Turkey,MED
115,Kuwait,Kuwait,GPE,-0.24342105,0.41447368,tr,1.9,4073919-3,285570,A,29.5,47.75,ASIA,Kuwait,ARP
39,Sahara,Sahara,LOC,0.18421053,0.80701754,de,1.9,,0,T,26.0,13.0,,,
40,Friesland,Friesland,GPE,-0.06578947,0.19736842,de,1.9,4074085-7,2751792,P,53.20139,5.80859,EUROPE,The Netherlands,NEU
41,Fukushima,Fukushima,GPE,-0.01408825,0.29027113,de,1.9,4332074-0,2112923,P,37.75,140.46667,ASIA,Japan,EAS
42,Wilhelmshaven,Wilhelmshaven,GPE,-0.06578947,0.19736842,de,1.9,4066173-8,2808720,P,53.52998,8.11253,EUROPE,Germany,NEU
43,New York's,New York's,GPE,0.14354067,0.4784689,de,1.9,,5107464,P,40.77205,-73.93014,NORTH-AMERICA,United States,ENA
63,Oregon,Oregon,GPE,0.0,0.0,nl,1.9,4043760-7,5744337,A,44.00013,-120.50139,NORTH-AMERICA,United States,WNA
62,Mozambique,Mozambique,GPE,-0.13815789,0.59210526,nl,1.9,4039786-5,1036973,A,-18.25,35.0,AFRICA,Mozambique,ESAF
61,Southern Europe,Southern Europe,LOC,-0.05263158,0.13157895,nl,1.9,,0,L,41.34382,-3.33984,,,
60,Lisbon,Lisbon,GPE,-0.02756892,0.75689223,nl,1.9,4035919-0,2267057,P,38.72509,-9.1498,EUROPE-AFRICA,Portugal,MED
59,Palestine,Palestine,GPE,-0.06578947,0.06578947,nl,1.9,4044381-4,6254930,A,31.92157,35.20329,EUROPE-AFRICA,Palestinian Territory,MED
58,Courchevel,Courchevel,GPE,0.0,0.0,nl,1.9,4196206-0,3023065,P,45.41538,6.63643,EUROPE,France,WCE
57,Lake Michigan,Lake Michigan,LOC,-0.0,0.38815789,nl,1.9,4281497-2,5001835,H,44.00778,-86.75698,NORTH-AMERICA,United States,ENA
56,Essen,Essen,GPE,0.1076555,0.42464115,nl,1.9,4015557-2,2928810,P,51.45657,7.01228,EUROPE,Germany,WCE
55,Baculin,Baculin,GPE,0.04276316,0.23684211,nl,1.9,,1728694,P,8.51944,126.33861,ASIA,Philippines,SEA
54,Boston,Boston,GPE,0.10526316,0.31578947,nl,1.9,4007840-1,4930956,P,42.35843,-71.05977,NORTH-AMERICA,United States,ENA
310,Hiruobi,Hiruobi,LOC,0.0,0.52631579,ja,1.9,,0,,,,,,
309,Fudai Village,Fudai Village,GPE,0.15789474,0.27631579,ja,1.9,,0,,,,,,
308,Oita City,Oita City,GPE,0.22697368,0.4254386,ja,1.9,,1854487,P,33.23333,131.6,ASIA,Japan,EAS
307,Malaysia,Malaysia,GPE,0.0,0.39473684,ja,1.9,4037203-0,1733045,A,2.5,112.5,ASIA,Malaysia,SEA
306,Shibuya,Shibuya,GPE,0.29106858,0.64035088,ja,1.9,,11808021,P,35.6589,139.70665,ASIA,Japan,EAS
114,Tunisia,Tunisia,GPE,0.0,0.03508772,tr,1.9,4061206-5,2464461,A,34.0,9.0,EUROPE-AFRICA,Tunisia,MED
55,San Diego County,San Diego County,GPE,-0.09064327,0.69590643,en,1.9,4269521-1,5391811,P,32.71571,-117.16472,CENTRAL-AMERICA,United States,NCA
304,Ishinomaki Minamihama,Ishinomaki Minamihama,GPE,0.02631579,0.40350877,ja,1.9,,0,,,,,,
56,America,America,GPE,-0.60964912,0.73245614,en,1.9,,0,,,,,,
22,Shiveluch,Shiveluch,LOC,0.10526316,0.18421053,ru,1.9,,2121274,T,56.65368,161.36204,ASIA,Russia,RFE
21,Indonesia,Indonesia,GPE,0.0,0.0,ru,1.9,4026761-1,1643084,A,-5.0,120.0,ASIA,Indonesia,SEA
112,Manavgat,Manavgat,GPE,0.46052632,0.71052632,tr,1.9,16324467-4,304854,P,36.78667,31.44306,EUROPE-AFRICA,Turkey,MED
76,Ardennes,Ardennes,LOC,0.13157895,0.26315789,nl,1.9,4252561-5,2803095,L,50.16667,5.5,EUROPE,Belgium,WCE
75,Kinrooi,Kinrooi,GPE,-0.02631579,0.10526316,nl,1.9,1237531004,2794446,A,51.14759,5.73847,EUROPE,Belgium,WCE
74,Stokkem,Stokkem,GPE,0.52631579,1.05263158,nl,1.9,7592981-8,7670535,P,51.03055,5.73469,EUROPE,Belgium,WCE
73,North Sulawesi,North Sulawesi,GPE,-0.26315789,0.25,nl,1.9,4042534-4,1626229,A,1.25,124.83333,ASIA,Indonesia,SEA
72,Pyrénées-Orientales,Pyrénées-Orientales,GPE,-0.10526316,0.26315789,nl,1.9,,2983393,P,42.76929,2.87378,EUROPE-AFRICA,France,MED
71,Mexico,Mexico,GPE,-0.26315789,0.26315789,nl,1.9,4039058-5,3996063,A,23.0,-102.0,CENTRAL-AMERICA,Mexico,NCA
70,East Flanders,East Flanders,GPE,-0.02631579,0.26315789,nl,1.9,4020176-4,2797656,P,51.05,3.71667,EUROPE,Belgium,WCE
69,Athens,Athens,GPE,-0.11184211,0.25657895,nl,1.9,4003366-1,264371,P,37.98376,23.72784,EUROPE-AFRICA,Greece,MED
68,Patagonia,Patagonia,GPE,-0.25657895,0.84210526,nl,1.9,,3841798,L,-44.0,-68.0,SOUTH-AMERICA,Argentina,SSA
67,North Island,North Island,LOC,0.1507177,0.50239234,nl,1.9,,3575292,P,17.3259,-62.81055,CENTRAL-AMERICA,St Kitts and Nevis,CAR
66,New Zealand's,New Zealand's,GPE,0.1507177,0.50239234,nl,1.9,,2161314,P,-29.05459,167.96628,PACIFIC,Norfolk Island,SPO
65,Salzburg,Salzburg,GPE,0.0,0.0,nl,1.9,4076982-3,2766824,P,47.79941,13.04399,EUROPE,Austria,WCE
64,earth,earth,LOC,-0.35672515,0.64369256,nl,1.9,,0,,,,,,
312,Noto,Noto,LOC,0.0,0.0,ja,1.9,4117928-6,1854947,T,37.11667,137.0,ASIA,Japan,EAS
311,Okuma Town,Okuma Town,GPE,0.14254386,0.28508772,ja,1.9,,0,,,,,,
59,Midwest,Midwest,LOC,-0.10855263,1.93421053,en,1.9,4074909-5,12212748,L,43.61327,-88.28917,NORTH-AMERICA,United States,ENA
58,Washington,Washington,GPE,-0.15789474,0.34210526,en,1.9,4064682-8,4140963,P,38.89511,-77.03637,NORTH-AMERICA,United States,ENA
57,North America,North America,LOC,0.13596491,0.56359649,en,1.9,,0,,,,,,
305,Noto Town,Noto Town,LOC,0.09461722,0.35632642,ja,1.9,,7272603,S,43.27278,-77.145,NORTH-AMERICA,United States,ENA
303,Nippon Budokan,Nippon Budokan,GPE,-0.06937799,0.44736842,ja,1.9,,10903229,S,35.69344,139.74981,ASIA,Japan,EAS
122,Kos,Kos,GPE,-0.06578947,0.19736842,tr,1.9,4829027-0,259244,T,36.84452,27.14665,EUROPE-AFRICA,Greece,MED
278,United States,United States,GPE,-0.05263158,0.28947368,ja,1.9,,0,L,-14.60485,-57.65625,,,
276,Koshikishima,Koshikishima,GPE,0.0,0.0,ja,1.9,,0,,,,,,
275,Uonuma City,Uonuma City,GPE,0.07894737,0.55263158,ja,1.9,,0,,,,,,
274,Takeo City,Takeo City,GPE,0.01315789,0.13157895,ja,1.9,,0,,,,,,
273,Nishio City,Nishio City,GPE,0.05263158,0.47368421,ja,1.9,,0,,,,,,
272,Nichinan City,Nichinan City,GPE,-0.07017544,0.31578947,ja,1.9,,1855474,T,31.75,131.46667,ASIA,Japan,EAS
271,the Northern Alps,the Northern Alps,LOC,0.0,0.0,ja,1.9,,5572897,L,41.0196,-123.10793,NORTH-AMERICA,United States,WNA
270,Mount Everest,Mount Everest,LOC,-0.19298246,0.47368421,ja,1.9,4040417-1,1283416,T,27.98791,86.92529,ASIA,China,TIB
269,Nikaido,Nikaido,GPE,0.14354067,0.4784689,ja,1.9,,1855400,P,34.6,135.8,ASIA,Japan,EAS
268,Iwate Prefecture's,Iwate Prefecture's,LOC,0.0,0.0,ja,1.9,,2112225,T,39.5,141.16667,ASIA,Japan,EAS
267,El Niño,El Niño,GPE,0.05701754,0.24122807,ja,1.9,,12513655,L,-0.90231,-89.52853,PACIFIC,Ecuador,EPO
266,Bremen,Bremen,GPE,-0.08552632,0.20394737,ja,1.9,4090044-7,2944388,P,53.07582,8.80717,EUROPE,Germany,NEU
265,Hachijojima,Hachijojima,GPE,0.0,0.02631579,ja,1.9,,6300407,S,33.115,139.78583,ASIA,Japan,EAS
264,Maniwa City,Maniwa City,GPE,0.18421053,0.28947368,ja,1.9,,0,,,,,,
263,Saitama City,Saitama City,GPE,-0.03289474,0.09868421,ja,1.9,,1856987,A,35.83221,139.87185,ASIA,Japan,EAS
116,Kocaeli,Kocaeli,GPE,-0.26315789,0.26315789,tr,1.9,4109182-6,745028,P,40.76499,29.92928,EUROPE-AFRICA,Turkey,MED
117,Adıyaman,Adıyaman,GPE,-0.00657895,0.20394737,tr,1.9,4478957-9,325330,P,37.76441,38.27629,EUROPE-AFRICA,Turkey,MED
118,the Marmara Sea,the Marmara Sea,LOC,-0.01315789,0.66666667,tr,1.9,,0,,,,,,
44,England,England,GPE,0.36602871,0.77631579,hi,1.9,4014770-8,11919979,L,44.0,-71.0,NORTH-AMERICA,United States,ENA
119,Kepez,Kepez,GPE,0.15037594,0.28195489,tr,1.9,,9535336,A,37.01187,30.75966,EUROPE-AFRICA,Turkey,MED
120,Egypt,Egypt,GPE,0.0,0.0,tr,1.9,4000556-2,357994,A,27.0,30.0,AFRICA,Egypt,SAH
121,Eid al-Fitr,Eid al-Fitr,GPE,-0.31578947,0.6374269,tr,1.9,,0,,,,,,
277,Tibet,Tibet,GPE,0.11483254,0.31259968,ja,1.9,4111286-6,1280737,P,29.65,91.1,ASIA,China,TIB
279,Tamura City,Tamura City,GPE,0.15789474,0.27631579,ja,1.9,,7558140,S,35.35631,136.28188,ASIA,Japan,EAS
302,the San'in coast,the San'in coast,LOC,-0.02105263,0.25263158,ja,1.9,,5359123,T,32.80005,-116.28418,CENTRAL-AMERICA,United States,NCA
280,Chishima,Chishima,LOC,-0.03508772,0.38596491,ja,1.9,4110422-5,2131689,T,47.0,152.08333,ASIA,Russia,RFE
301,Tsunagi Town,Tsunagi Town,GPE,0.0,0.0,ja,1.9,,0,,,,,,
300,Otsuchi Town,Otsuchi Town,GPE,0.0,0.0,ja,1.9,,0,,,,,,
299,Iburi,Iburi,GPE,0.0,0.06578947,ja,1.9,,2129966,A,42.66125,141.46653,ASIA,Japan,EAS
298,Roman city,Roman city,GPE,-0.26315789,0.61403509,ja,1.9,,4908465,S,41.8592,-87.66783,NORTH-AMERICA,United States,ENA
297,Aomori City,Aomori City,GPE,0.4122807,0.6754386,ja,1.9,,6512554,S,40.8166,140.75,ASIA,Japan,EAS
296,Aichi,Aichi,GPE,0.36591479,0.60651629,ja,1.9,,1856057,P,35.18147,136.90641,ASIA,Japan,EAS
295,The Sea,The Sea,LOC,-0.07017544,0.57017544,ja,1.9,4051667-2,3448439,P,-23.5475,-46.63611,SOUTH-AMERICA,Brazil,SES
294,Anamizu Town,Anamizu Town,GPE,0.09461722,0.31100478,ja,1.9,,0,,,,,,
293,Western Japan,Western Japan,LOC,0.07017544,0.24561404,ja,1.9,,614800,H,42.11111,42.22639,ASIA,Georgia,WCA
292,Higashitori Village,Higashitori Village,GPE,0.0,0.0,ja,1.9,,0,,,,,,
291,Itoigawa City,Itoigawa City,GPE,0.11232943,0.53630604,ja,1.9,,0,,,,,,
290,Nou,Nou,GPE,0.11232943,0.53630604,ja,1.9,4242385-5,6252065,P,41.44163,2.17727,EUROPE-AFRICA,Spain,MED
289,Mount Vesuvius,Mount Vesuvius,LOC,0.19736842,0.70614035,ja,1.9,,2727909,T,78.07305,14.80571,ARCTIC,Svalbard and Jan Mayen,ARO
288,Morioka,Morioka,GPE,0.0,0.0,ja,1.9,4323908-0,2111834,P,39.7,141.15,ASIA,Japan,EAS
287,Sarufutsu Village,Sarufutsu Village,GPE,0.0,0.0,ja,1.9,,0,,,,,,
286,Kitanomaru Park,Kitanomaru Park,GPE,-0.03508772,0.10526316,ja,1.9,,10964893,L,35.69165,139.7515,ASIA,Japan,EAS
285,Nagano Prefecture,Nagano Prefecture,LOC,-0.10526316,0.26315789,ja,1.9,,1856215,P,36.65,138.18333,ASIA,Japan,EAS
284,Kamisu City,Kamisu City,GPE,-0.06578947,0.39473684,ja,1.9,,0,,,,,,
283,Taiga,Taiga,GPE,0.18421053,0.28947368,ja,1.9,,1515021,T,50.75,98.5,ASIA,Mongolia,ESB
282,Niimi City,Niimi City,GPE,0.18421053,0.28947368,ja,1.9,,0,,,,,,
281,Motomiya City,Motomiya City,GPE,0.15789474,0.27631579,ja,1.9,,9035648,A,37.51218,140.39841,ASIA,Japan,EAS
43,Kochi,Kochi,GPE,0.47368421,0.55263158,hi,1.9,4285343-6,1859146,P,33.55,133.53333,ASIA,Japan,EAS
260,Shiba Inus,Shiba Inus,GPE,0.0,0.0,ja,1.9,,0,,,,,,
45,Himachal Pradesh,Himachal Pradesh,GPE,0.15460526,1.44407895,hi,1.9,4240080-6,1270101,A,31.91667,77.25,ASIA,India,TIB
148,earth,earth,LOC,-0.20394737,0.26315789,el,1.9,,0,,,,,,
155,Parnitha,Parnitha,GPE,-0.00029904,0.27751196,el,1.9,4560984-6,255728,T,38.17434,23.71708,EUROPE-AFRICA,Greece,MED
154,Dafni,Dafni,GPE,0.13333333,0.46315789,el,1.9,,263312,P,37.95002,23.73437,EUROPE-AFRICA,Greece,MED
153,Straits,Straits,LOC,0.03333333,0.2877193,el,1.9,,0,H,5.02186,99.16466,,,
152,Hormuz,Hormuz,GPE,0.03333333,0.2877193,el,1.9,4072627-7,287878,H,26.56667,56.25,ASIA,Oman,WCA
151,the Great Plains,the Great Plains,LOC,0.59868421,0.85526316,el,1.9,,12212750,L,42.58598,-100.51728,NORTH-AMERICA,United States,CNA
150,Picrodafni,Picrodafni,GPE,-0.51052632,0.66842105,el,1.9,,0,,,,,,
149,the Canary Islands,the Canary Islands,LOC,-0.05263158,0.05263158,el,1.9,,2520308,T,28.0,-15.5,AFRICA,Spain,SAH
147,East Coast,East Coast,LOC,0.57097289,0.70733652,el,1.9,,12212303,L,37.02332,-77.36954,NORTH-AMERICA,United States,ENA
157,Columbus,Columbus,GPE,0.0,0.34210526,el,1.9,4085305-6,4509177,P,39.96118,-82.99879,NORTH-AMERICA,United States,ENA
146,Storm Niles,Storm Niles,GPE,-0.13684211,0.34210526,el,1.9,,0,,,,,,
145,West Java,West Java,GPE,-0.22807018,0.19736842,el,1.9,5060395-4,1649378,P,-6.2349,106.9896,ASIA,Indonesia,SEA
144,Pano Polemidia,Pano Polemidia,GPE,0.0,0.0,el,1.9,1337695629,146216,P,34.70559,32.99269,EUROPE-AFRICA,Cyprus,MED
143,Malta,Malta,GPE,0.63157895,0.94736842,el,1.9,508790-9,2562770,A,35.91667,14.43333,EUROPE-AFRICA,Malta,MED
142,Zaporizhia,Zaporizhia,GPE,0.13157895,0.62573099,el,1.9,4288530-9,687700,P,47.85167,35.11714,EUROPE,Ukraine,WCE
141,Vienna,Vienna,GPE,0.0,0.26315789,el,1.9,4066009-6,2761369,P,48.20849,16.37208,EUROPE,Austria,WCE
140,Israel,Israel,GPE,0.0,0.0,el,1.9,4027808-6,294640,A,31.5,34.75,EUROPE-AFRICA,Israel,MED
156,Havana,Havana,GPE,-0.0877193,0.22807018,el,1.9,4023865-9,3553478,P,23.13302,-82.38304,CENTRAL-AMERICA,Cuba,CAR
158,Aiges,Aiges,GPE,-0.21052632,0.21052632,el,1.9,,265504,P,38.10116,22.36134,EUROPE-AFRICA,Greece,MED
142,Central Black Sea,Central Black Sea,LOC,-0.06578947,0.28070175,tr,1.9,,5762871,S,44.47971,-103.78076,NORTH-AMERICA,United States,CNA
46,Kolkata,Kolkata,GPE,0.05263158,0.21052632,hi,1.9,4029344-0,1275004,P,22.56263,88.36304,ASIA,India,SAS
97,Yunnan,Yunnan,GPE,0.0131465,0.42469051,zh,1.9,4067233-5,1785694,A,25.0,101.5,ASIA,China,EAS
96,India,India,GPE,0.28628389,1.18819777,zh,1.9,4026722-2,1269750,A,22.0,79.0,ASIA,India,SAS
95,South China,South China,LOC,-0.14934211,2.09013158,zh,1.9,,1880252,P,1.28967,103.85007,ASIA,Singapore,SEA
143,UNICEF,UNICEF,GPE,0.0,0.0,tr,1.9,,10626187,L,42.35061,13.40565,EUROPE-AFRICA,Italy,MED
144,Ardahan,Ardahan,LOC,0.08114035,0.56359649,tr,1.9,4306827-3,751952,P,41.10871,42.70222,ASIA,Turkey,WCA
145,Rhode Island,Rhode Island,GPE,0.20287081,0.54290271,tr,1.9,4049848-7,5224323,A,41.75038,-71.49978,NORTH-AMERICA,United States,ENA
146,Northeast,Northeast,LOC,-0.10526316,0.34210526,tr,1.9,,11887749,L,42.80019,-74.11805,NORTH-AMERICA,United States,ENA
148,the Meles Delta,the Meles Delta,LOC,-0.15789474,0.31578947,tr,1.9,,0,,,,,,
159,Messi,Messi,GPE,0.0,0.0,el,1.9,,12530416,L,39.82555,9.24855,EUROPE-AFRICA,Italy,MED
149,New Jersey,New Jersey,GPE,0.20287081,0.54290271,tr,1.9,4442932-0,5099836,P,40.72816,-74.07764,NORTH-AMERICA,United States,ENA
150,Norway,Norway,GPE,0.0,0.39802632,tr,1.9,4042640-3,3144096,A,62.0,10.0,EUROPE,Norway,NEU
164,Talaun island,Talaun island,LOC,-0.22039474,0.44736842,el,1.9,,0,,,,,,
163,the Talaun island,the Talaun island,LOC,-0.26809211,0.43421053,el,1.9,,0,,,,,,
162,Rio,Rio,GPE,-0.4371345,0.6622807,el,1.9,4076741-3,3451190,P,-22.90642,-43.18223,SOUTH-AMERICA,Brazil,SES
161,Kastoria,Kastoria,GPE,-0.02631579,0.13157895,el,1.9,4110039-6,735927,P,40.52165,21.26341,EUROPE-AFRICA,Greece,MED
160,Philadelphia,Philadelphia,GPE,0.04784689,0.54545455,el,1.9,4103331-0,4560349,P,39.95238,-75.16362,NORTH-AMERICA,United States,ENA
139,The United Arab Emirates,The United Arab Emirates,GPE,0.07602339,0.20467836,el,1.9,,8469718,T,25.22231,55.17181,ASIA,United Arab Emirates,ARP
138,Etna,Etna,GPE,1.05263158,1.05263158,el,1.9,4084764-0,2524810,T,37.75029,14.99466,EUROPE-AFRICA,Italy,MED
137,Kalavryta,Kalavryta,GPE,0.0,0.0,el,1.9,4340767-5,261537,P,38.03222,22.1125,EUROPE-AFRICA,Greece,MED
168,Bitlis,Bitlis,GPE,-0.11578947,0.54736842,tr,1.9,4080421-5,321025,P,38.40115,42.10784,ASIA,Turkey,WCA
83,the Central-West,the Central-West,LOC,0.09473684,0.40526316,pt,1.9,,12110879,L,42.74936,-96.39971,NORTH-AMERICA,United States,CNA
84,Penafiel,Penafiel,GPE,0.0,0.0,pt,1.9,,2736469,P,41.20835,-8.28285,EUROPE-AFRICA,Portugal,MED
173,Erbaa,Erbaa,LOC,-0.22807018,0.31578947,tr,1.9,4626425-5,747489,P,40.66889,36.5675,EUROPE-AFRICA,Turkey,MED
172,West Africa,West Africa,GPE,-0.07017544,0.15204678,tr,1.9,,0,,,,,,
171,Tunceli,Tunceli,GPE,-0.07236842,0.47368421,tr,1.9,4243388-5,298846,P,39.09921,39.54351,EUROPE-AFRICA,Turkey,MED
170,Başçiftlik,Başçiftlik,GPE,-0.22807018,0.31578947,tr,1.9,,8631714,A,40.55728,37.17674,EUROPE-AFRICA,Turkey,MED
169,Western Europe,Western Europe,LOC,0.03588517,0.11961722,tr,1.9,,0,,,,,,
167,Milan,Milan,GPE,-0.06578947,0.19736842,tr,1.9,4037100-1,3173435,P,45.46427,9.18951,EUROPE,Italy,WCE
151,the Selevir Dam,the Selevir Dam,LOC,0.28947368,0.49122807,tr,1.9,,0,,,,,,
166,the Eastern Black Sea Region,the Eastern Black Sea Region,LOC,-0.14035088,0.40350877,tr,1.9,,0,,,,,,
165,Van,Van,GPE,0.11278195,0.22556391,tr,1.9,4378892-0,298117,P,38.49457,43.38323,ASIA,Turkey,WCA
164,Tobelo,Tobelo,GPE,0.0,0.0,tr,1.9,1155248031,1623651,P,1.72837,128.00948,ASIA,Indonesia,SEA
163,Mardin,Mardin,GPE,-0.09356725,0.21345029,tr,1.9,4100494-2,304797,P,37.31309,40.74357,ASIA,Turkey,WCA
162,Calabria,Calabria,GPE,-0.10526316,0.85964912,tr,1.9,4103588-4,2523630,P,38.11047,15.66129,EUROPE-AFRICA,Italy,MED
161,Batman,Batman,GPE,-0.26315789,0.26315789,tr,1.9,,321836,P,37.88738,41.13221,ASIA,Turkey,WCA
160,Kırıkhan,Kırıkhan,GPE,0.02631579,0.47368421,tr,1.9,,437929,A,36.52444,36.43639,EUROPE-AFRICA,Turkey,MED
82,Porto Alegre,Porto Alegre,GPE,0.10526316,0.52631579,pt,1.9,4272276-7,3452925,P,-30.03283,-51.23019,SOUTH-AMERICA,Brazil,SES
81,Bragança,Bragança,GPE,0.06798246,0.36622807,pt,1.9,4462124-3,2742026,A,41.83615,-6.76346,EUROPE-AFRICA,Portugal,MED
80,Brasília,Brasília,GPE,0.05263158,0.42105263,pt,1.9,4008003-1,3469034,A,-10.0,-55.0,SOUTH-AMERICA,Brazil,SAM
79,Erechim,Erechim,GPE,0.05263158,0.21052632,pt,1.9,,3464073,P,-27.63461,-52.2754,SOUTH-AMERICA,Brazil,SES
152,Somalia,Somalia,GPE,-0.09210526,0.17105263,tr,1.9,4077509-4,51537,A,6.0,48.0,AFRICA,Somalia,NEAF
153,Kastamonu,Kastamonu,GPE,-0.12719298,0.22368421,tr,1.9,4460675-8,743882,P,41.37805,33.77528,EUROPE-AFRICA,Turkey,MED
154,Morocco,Morocco,GPE,0.0,0.0,tr,1.9,4037680-1,2542007,A,28.5,-10.0,AFRICA,Morocco,SAH
155,Esenyurt,Esenyurt,GPE,-0.06578947,0.19736842,tr,1.9,,747323,P,41.02697,28.67732,EUROPE-AFRICA,Turkey,MED
156,Libya,Libya,GPE,-0.26754386,0.48099415,tr,1.9,4035589-5,2215636,A,28.0,17.0,AFRICA,Libya,SAH
157,Menemen district,Menemen district,LOC,-0.11403509,0.30701754,tr,1.9,,304612,P,38.60754,27.06938,EUROPE-AFRICA,Turkey,MED
70,Bahia,Bahia,GPE,0.01644737,0.13157895,pt,1.9,2061637-5,3450554,P,-12.97563,-38.49096,SOUTH-AMERICA,Brazil,NES
71,Florida,Florida,GPE,0.10526316,0.57894737,pt,1.9,4017585-6,12217087,L,26.5,-81.0,NORTH-AMERICA,United States,ENA
72,Brussels,Brussels,GPE,0.05263158,0.19736842,pt,1.9,4008460-7,2800866,P,50.85045,4.34878,EUROPE,Belgium,WCE
73,Hong Kong,Hong Kong,GPE,0.16746411,0.55821372,pt,1.9,1318138531,1819729,P,22.27832,114.17469,ASIA,Hong Kong,EAS
74,Earth,Earth,LOC,0.07192982,0.25847953,pt,1.9,,0,,,,,,
75,Itaipu,Itaipu,GPE,-0.24561404,0.36842105,pt,1.9,4137899-4,6322979,A,-25.41349,-54.42251,SOUTH-AMERICA,Brazil,SES
76,Central,Central,LOC,0.14583333,0.42872807,pt,1.9,,0,,,,,,
77,Farroupilha,Farroupilha,GPE,0.46052632,0.48245614,pt,1.9,1278697152,3463605,P,-29.225,-51.34778,SOUTH-AMERICA,Brazil,SES
78,SC,SC,GPE,0.125,1.05263158,pt,1.9,,0,,,,,,
98,Saudi Arabia,Saudi Arabia,GPE,0.75146199,1.2997076,zh,1.9,4051788-3,102358,A,25.0,45.0,ASIA,Saudi Arabia,ARP
147,Massachusetts,Massachusetts,GPE,0.20287081,0.54290271,tr,1.9,4037858-5,6254926,A,42.36565,-71.10832,NORTH-AMERICA,United States,ENA
141,Pütürge district,Pütürge district,LOC,0.0,0.0,tr,1.9,,0,,,,,,
50,Aosta,Aosta,GPE,0.0,0.0,it,1.9,4079805-7,3182997,P,45.73764,7.31722,EUROPE,Italy,WCE
58,Pradesh,Pradesh,GPE,0.26315789,0.78947368,hi,1.9,4234626-5,1264542,A,23.5,78.5,ASIA,India,SAS
59,Kenya,Kenya,GPE,0.09868421,0.23026316,hi,1.9,4030236-2,192950,A,1.0,38.0,AFRICA,Kenya,SEAF
60,Safdarjung,Safdarjung,GPE,-0.50877193,0.56140351,hi,1.9,,6301096,S,28.58451,77.20578,ASIA,India,SAS
167,Sterea,Sterea,GPE,0.07894737,0.41666667,el,1.9,,253191,L,38.66667,22.5,EUROPE-AFRICA,Greece,MED
57,Congo,Congo,GPE,0.07894737,0.26315789,hi,1.9,4032097-2,2260494,A,-1.0,15.5,AFRICA,Republic of the Congo,CAF
56,Kutch,Kutch,LOC,0.12993421,0.27741228,hi,1.9,4767141-5,1268731,A,23.58333,70.0,ASIA,India,SAS
55,Murrah buffalo,Murrah buffalo,LOC,0.0,0.0,hi,1.9,,0,,,,,,
54,Philippines,Philippines,GPE,0.0,0.0,hi,1.9,4045771-0,1694008,A,13.40882,122.56155,ASIA,Philippines,SEA
53,North and Central India,North and Central India,GPE,-0.01754386,0.37280702,hi,1.9,,4109452,P,34.55065,-92.34099,NORTH-AMERICA,United States,CNA
52,Japan,Japan,GPE,0.10526316,0.42105263,hi,1.9,4028495-5,1861060,A,35.68536,139.75309,ASIA,Japan,EAS
51,Australia,Australia,GPE,0.0,0.03508772,hi,1.9,4003900-6,2077456,A,-25.0,135.0,OCEANIA,Australia,CAU
50,Kanpur,Kanpur,GPE,0.0,0.0,hi,1.9,4029504-7,1267995,P,26.46523,80.34975,ASIA,India,SAS
165,Tempe,Tempe,GPE,0.13157895,0.1754386,el,1.9,4296723-5,5317058,P,33.41477,-111.90931,CENTRAL-AMERICA,United States,NCA
166,L.D.,L.D.,GPE,-0.23684211,0.5,el,1.9,4223034-2,2960634,P,49.48056,6.0875,EUROPE,Luxembourg,WCE
49,Pacific,Pacific,LOC,0.06578947,0.35087719,it,1.9,,0,,,,,,
69,Earth,Earth,LOC,0.28947368,0.45614035,fr,1.9,,0,,,,,,
140,Los Angeles,Los Angeles,GPE,0.0,0.65789474,tr,1.9,4036361-2,5368361,P,34.05223,-118.24368,NORTH-AMERICA,United States,WNA
139,Dalaman,Dalaman,GPE,0.31578947,0.42105263,tr,1.9,4376057-0,6299756,S,36.71306,28.7925,EUROPE-AFRICA,Turkey,MED
138,the Baltic Sea,the Baltic Sea,LOC,-0.23333333,0.94561404,tr,1.9,,5226143,P,43.76136,-96.74033,NORTH-AMERICA,United States,CNA
137,Colorado,Colorado,GPE,0.10526316,0.47368421,tr,1.9,4010406-0,5417618,A,39.00027,-105.50083,NORTH-AMERICA,United States,WNA
48,Fiumicino,Fiumicino,GPE,0.04385965,0.10526316,it,1.9,4086497-2,3176923,P,41.77093,12.23662,EUROPE-AFRICA,Italy,MED
68,Florida,Florida,GPE,0.04824561,0.54605263,fr,1.9,4017585-6,12217087,L,26.5,-81.0,NORTH-AMERICA,United States,ENA
67,Iceland,Iceland,GPE,-0.23684211,0.5,fr,1.9,4027754-9,2629691,A,65.0,-18.0,POLAR,Iceland,GIC
136,Hollywood,Hollywood,GPE,0.1323764,0.63716108,tr,1.9,4408912-0,4158928,P,26.0112,-80.14949,NORTH-AMERICA,United States,ENA
47,Antarctica,Antarctica,LOC,0.30701754,0.52631579,it,1.9,,0,,,,,,
47,Earth,Earth,LOC,-0.06578947,0.19736842,hi,1.9,,0,,,,,,
48,Russia,Russia,GPE,0.37200957,0.76913876,hi,1.9,4076899-5,2017370,A,60.0,100.0,ASIA,Russia,ESB
49,Indore,Indore,GPE,0.22567783,0.31366295,hi,1.9,4368406-3,1269743,P,22.71792,75.8333,ASIA,India,SAS
313,Argentina,Argentina,GPE,0.10323529,0.39529412,ja,1.88888889,4002890-2,3865483,A,-34.0,-64.0,SOUTH-AMERICA,Argentina,SES
314,Tama River,Tama River,LOC,-0.03412598,0.68109568,ja,1.88571429,1194492215,1282725,H,27.3519,85.9827,ASIA,Nepal,TIB
315,Hamadori,Hamadori,GPE,-0.05333333,0.08888889,ja,1.875,,11174194,P,32.70492,130.59122,ASIA,Japan,EAS
316,Rwanda,Rwanda,GPE,0.26025641,0.78076923,ja,1.85714286,4076910-0,49518,A,-2.0,30.0,AFRICA,Rwanda,SEAF
317,Brussels,Brussels,GPE,0.15021008,0.28676471,ja,1.83076923,4008460-7,2800866,P,50.85045,4.34878,EUROPE,Belgium,WCE
318,Shimashoka,Shimashoka,GPE,0.0,0.0,ja,1.82857143,,0,,,,,,
99,Italy,Italy,GPE,-0.07805653,0.73159509,zh,1.81111111,4027833-5,3175395,A,42.83333,12.83333,EUROPE-AFRICA,Italy,MED
320,Kumamoto City,Kumamoto City,GPE,-0.14467593,0.65046296,ja,1.8,,11209896,P,32.77856,130.74537,ASIA,Japan,EAS
319,Yonezawa,Yonezawa,GPE,-0.25308642,0.82716049,ja,1.8,4474160-1,2110498,P,37.91,140.11667,ASIA,Japan,EAS
61,Imphal,Imphal,GPE,-0.06944444,0.20833333,hi,1.8,4410551-4,1269771,P,24.80805,93.9442,ASIA,India,SAS
63,North-West India,North-West India,LOC,-0.11111111,0.27777778,hi,1.8,,3580477,P,19.38197,-81.39281,CENTRAL-AMERICA,Cayman Islands,CAR
64,Uttarakhand,Uttarakhand,GPE,0.20833333,1.04166667,hi,1.8,1358877971,1444366,A,30.25,79.25,ASIA,India,TIB
178,Kifissos,Kifissos,GPE,-0.46296296,0.75925926,el,1.8,,259822,H,38.41817,23.2546,EUROPE-AFRICA,Greece,MED
77,Canada,Canada,GPE,0.0,0.85470085,nl,1.8,4029456-0,6251999,A,60.10867,-113.64258,NORTH-AMERICA,Canada,NWN
53,Emirates,Emirates,GPE,-0.08217593,0.56134259,ar,1.8,4062742-1,290557,A,23.75,54.5,ASIA,United Arab Emirates,ARP
54,Saudi Arabia,Saudi Arabia,GPE,-0.08217593,0.56134259,ar,1.8,4051788-3,102358,A,25.0,45.0,ASIA,Saudi Arabia,ARP
55,Italy,Italy,GPE,0.36342593,0.86342593,ar,1.8,4027833-5,3175395,A,42.83333,12.83333,EUROPE-AFRICA,Italy,MED
78,Stekene,Stekene,GPE,0.0,0.0,nl,1.8,1220379867,2786088,A,51.21476,4.03347,EUROPE,Belgium,WCE
56,Saudi Arabia,Saudi Arabia,GPE,-0.11111111,0.60185185,it,1.8,4051788-3,102358,A,25.0,45.0,ASIA,Saudi Arabia,ARP
55,the South-East,the South-East,LOC,0.125,0.71759259,it,1.8,,12217076,L,34.60739,-86.97977,NORTH-AMERICA,United States,ENA
54,Emilia Romagna,Emilia Romagna,GPE,0.16358025,0.54320988,it,1.8,4014571-2,3169068,L,44.5,12.25,EUROPE-AFRICA,Italy,MED
53,Gestalgar,Gestalgar,GPE,-0.16203704,0.30092593,it,1.8,7549946-0,2517241,P,39.6,-0.83333,EUROPE-AFRICA,Spain,MED
52,Adriatic,Adriatic,LOC,0.09343434,0.53552189,it,1.8,,0,,,,,,
51,Somalia,Somalia,GPE,0.09027778,0.34027778,it,1.8,4077509-4,51537,A,6.0,48.0,AFRICA,Somalia,NEAF
79,Kiev,Kiev,GPE,0.27777778,0.27777778,nl,1.8,4030522-3,703448,P,50.45466,30.5238,EUROPE,Ukraine,WCE
80,Los Angeles,Los Angeles,GPE,-0.08333333,0.25,nl,1.8,4036361-2,5368361,P,34.05223,-118.24368,NORTH-AMERICA,United States,WNA
81,Venezuela,Venezuela,GPE,0.0,0.0,nl,1.8,4062512-6,3625428,A,8.0,-66.0,SOUTH-AMERICA,Venezuela,NSA
23,Belgorod,Belgorod,GPE,0.0,0.0,ru,1.8,4005409-3,578072,P,50.60343,36.58091,EUROPE,Russia,WCE
24,Murmansk,Murmansk,LOC,0.05555556,0.21296296,ru,1.8,4101791-2,524305,P,68.97398,33.09747,EUROPE,Russia,NEU
71,Valais,Valais,GPE,-0.22839506,0.42283951,fr,1.8,4064466-2,2658205,A,46.22925,7.45972,EUROPE,Switzerland,WCE
70,Breton,Breton,GPE,-0.08333333,0.25,fr,1.8,,0,,,,,,
25,Kilauea,Kilauea,GPE,0.08888889,0.3,ru,1.8,4241215-8,5849346,P,22.21208,-159.41342,PACIFIC,United States,NPO
26,Hawaii,Hawaii,GPE,0.08888889,0.3,ru,1.8,251184-8,5855797,A,20.78785,-156.38612,PACIFIC,United States,NPO
27,Rostov,Rostov,LOC,0.10185185,0.42592593,ru,1.8,4122720-7,501175,P,47.21997,39.70769,EUROPE,Russia,WCE
28,the Central Military District,the Central Military District,LOC,-0.06712963,0.20601852,ru,1.8,,4892845,S,42.2125,-87.81056,NORTH-AMERICA,United States,ENA
29,the Desna River,the Desna River,LOC,-0.20833333,0.20833333,ru,1.8,,0,,,,,,
30,Ukraine,Ukraine,GPE,0.25,0.47222222,ru,1.8,4061496-7,690791,A,49.0,32.0,EUROPE,Ukraine,WCE
31,Arctic,Arctic,LOC,0.11111111,0.52777778,ru,1.8,,0,,,,,,
179,Qatar,Qatar,GPE,0.55555556,0.55555556,el,1.8,4029924-7,289688,A,25.5,51.25,ASIA,Qatar,ARP
180,Keratsini,Keratsini,GPE,-0.77777778,0.74074074,el,1.8,,260204,P,37.9625,23.61972,EUROPE-AFRICA,Greece,MED
327,Yayoiken,Yayoiken,GPE,0.34115786,1.00948773,ja,1.8,,0,,,,,,
47,Bremen,Bremen,GPE,-0.05555556,0.05555556,de,1.8,4090044-7,2944388,P,53.07582,8.80717,EUROPE,Germany,NEU
321,Shimas,Shimas,GPE,0.0,0.0,ja,1.8,,102041,P,26.35,43.98333,ASIA,Saudi Arabia,ARP
322,Chishima Trench,Chishima Trench,LOC,0.10284392,0.2906746,ja,1.8,,0,,,,,,
323,Niikappu Town,Niikappu Town,GPE,0.0,0.0,ja,1.8,,0,,,,,,
324,Mukawa Town,Mukawa Town,GPE,0.0,0.0,ja,1.8,,0,,,,,,
325,Atsuma Town,Atsuma Town,GPE,0.0,0.0,ja,1.8,,0,,,,,,
326,the Chishima Trench,the Chishima Trench,LOC,0.11111111,0.53369342,ja,1.8,,0,,,,,,
63,Brisbane,Brisbane,GPE,0.0,0.0,en,1.8,4212528-5,2174003,P,-27.46794,153.02809,OCEANIA,Australia,EAU
62,Michigan,Michigan,GPE,0.21001684,0.79882155,en,1.8,4115139-2,5001836,A,44.25029,-85.50033,NORTH-AMERICA,United States,ENA
61,Northern Ireland,Northern Ireland,GPE,0.06481481,0.34259259,en,1.8,4027667-3,2963597,A,53.0,-8.0,EUROPE,Ireland,NEU
60,the United Kingdom,the United Kingdom,GPE,0.22222222,0.33333333,en,1.8,4022153-2,2635167,A,54.75844,-2.69531,EUROPE,United Kingdom,NEU
44,Paris,Paris,GPE,0.0,0.27777778,de,1.8,4044660-8,2988507,P,48.85341,2.3488,EUROPE,France,WCE
100,Washington,Washington,GPE,0.54498858,1.52358405,zh,1.8,4064682-8,4140963,P,38.89511,-77.03637,NORTH-AMERICA,United States,ENA
46,Hesse,Hesse,GPE,-0.0462963,0.67592593,de,1.8,4024729-6,12076829,L,51.29553,9.41321,EUROPE,Germany,WCE
48,Netherlands,Netherlands,GPE,0.01851852,0.39814815,de,1.8,4042203-3,2750405,A,52.25,5.75,EUROPE,The Netherlands,NEU
187,Voula - Roads,Voula - Roads,LOC,-0.35416667,0.45833333,el,1.8,,0,,,,,,
49,the Czech Republic,the Czech Republic,GPE,0.0,0.0,de,1.8,,6986495,T,28.44912,56.84917,ASIA,Iran,WCA
50,Bahn,Bahn,GPE,-0.27777778,0.55555556,de,1.8,119807-5,2274998,P,6.98528,-8.85278,AFRICA,Liberia,WAF
51,Adriatic,Adriatic,LOC,0.55555556,0.77777778,de,1.8,,0,,,,,,
52,Linz,Linz,GPE,-0.27777778,0.44444444,de,1.8,4074255-6,2772400,P,48.30639,14.28611,EUROPE,Austria,WCE
87,Kiev,Kiev,GPE,-0.01851852,0.27777778,pt,1.8,4030522-3,703448,P,50.45466,30.5238,EUROPE,Ukraine,WCE
86,Ukraine,Ukraine,GPE,-0.3968254,1.03174603,pt,1.8,4061496-7,690791,A,49.0,32.0,EUROPE,Ukraine,WCE
85,Sorocaba,Sorocaba,GPE,-0.07986111,0.22569444,pt,1.8,16155475-1,3447399,P,-23.50167,-47.45806,SOUTH-AMERICA,Brazil,SES
181,the Ionian Islands,the Ionian Islands,GPE,-0.33228114,0.42248878,el,1.8,,10112063,S,39.78942,19.72041,EUROPE-AFRICA,Greece,MED
182,Attica - Rains,Attica - Rains,GPE,-0.11111111,0.64814815,el,1.8,,0,,,,,,
183,Canada,Canada,GPE,0.0,0.0,el,1.8,4029456-0,6251999,A,60.10867,-113.64258,NORTH-AMERICA,Canada,NWN
184,Spata,Spata,GPE,-0.58333333,0.57407407,el,1.8,10366054-9,253376,P,37.96163,23.91514,EUROPE-AFRICA,Greece,MED
185,Spata - Fears,Spata - Fears,GPE,-0.77777778,0.74074074,el,1.8,,0,,,,,,
186,Monemvasia municipality,Monemvasia municipality,GPE,-0.39351852,0.42438272,el,1.8,,0,,,,,,
45,Munich,Munich,GPE,0.0,0.0,de,1.8,4245720-8,2867714,P,48.13743,11.57549,EUROPE,Germany,WCE
62,Dubai,Dubai,GPE,0.0,0.03703704,hi,1.8,4204044-9,292223,P,25.07725,55.30927,ASIA,United Arab Emirates,ARP
101,Hong Kong's,Hong Kong's,GPE,0.67967172,2.1417298,zh,1.8,4025822-1,1819730,A,22.25,114.16667,ASIA,Hong Kong,EAS
85,Ciudad,Ciudad,GPE,0.30555556,0.33333333,es,1.8,4542252-7,3439101,P,-25.5036,-54.65067,SOUTH-AMERICA,Paraguay,SES
177,Foça district,Foça district,LOC,0.22222222,0.72222222,tr,1.8,,13305513,H,47.7342,22.98461,EUROPE,Romania,WCE
180,Ukraine,Ukraine,GPE,-0.55555556,0.94444444,tr,1.8,4061496-7,690791,A,49.0,32.0,EUROPE,Ukraine,WCE
102,Orchid Island,Orchid Island,LOC,0.44928451,0.93665825,zh,1.8,4625940-5,1673093,T,22.05111,121.54083,ASIA,Taiwan,EAS
72,Tarn,Tarn,GPE,0.37037037,0.55555556,fr,1.8,4450936-4,2973362,A,43.7817,2.16317,EUROPE-AFRICA,France,MED
73,East,East,LOC,-0.21717172,0.5770202,fr,1.8,,12212303,L,37.02332,-77.36954,NORTH-AMERICA,United States,ENA
179,Icelandic,Icelandic,LOC,-0.33333333,0.55555556,tr,1.8,,0,,,,,,
178,Albania,Albania,GPE,-0.05555556,0.30555556,tr,1.8,4001028-4,783754,A,41.0,20.0,EUROPE-AFRICA,Albania,MED
103,Guangdong,Guangdong,GPE,0.217,0.525,zh,1.78571429,4073204-6,1809858,P,23.11667,113.25,ASIA,China,EAS
328,Tokoname City,Tokoname City,GPE,-0.06385135,0.33344595,ja,1.76190476,,0,,,,,,
105,Qinghai Lake,Qinghai Lake,LOC,0.45357143,0.78412698,zh,1.75,,1797903,H,36.92626,100.15969,ASIA,China,EAS
104,Nanxi District,Nanxi District,GPE,0.06802721,0.14058957,zh,1.75,,1671770,P,23.17754,120.48634,ASIA,Taiwan,EAS
329,HuffPost Japan,HuffPost Japan,GPE,1.29098361,1.36270492,ja,1.74285714,,0,,,,,,
330,Tehran,Tehran,GPE,-0.05982456,0.41201754,ja,1.72727273,4059304-6,112931,P,35.69439,51.42151,ASIA,Iran,WCA
70,Chicago,Chicago,GPE,0.09411765,0.31764706,en,1.7,4009921-0,4887398,P,41.85003,-87.65005,NORTH-AMERICA,United States,ENA
36,Urals,Urals,LOC,-0.38235294,0.91176471,ru,1.7,,1488441,T,61.64816,59.19434,EUROPE,Russia,EEU
199,Omodos,Omodos,GPE,0.0,0.0,el,1.7,4341114-9,10347021,A,34.8526,32.80678,EUROPE-AFRICA,Cyprus,MED
198,Mexico City,Mexico City,GPE,0.2745098,0.98039216,el,1.7,4039060-3,3530597,P,19.42847,-99.12766,CENTRAL-AMERICA,Mexico,NCA
64,Malaysia,Malaysia,GPE,0.29411765,0.47058824,en,1.7,4037203-0,1733045,A,2.5,112.5,ASIA,Malaysia,SEA
97,Londrina,Londrina,GPE,0.0,0.29411765,pt,1.7,4036307-7,3458449,P,-23.31028,-51.16278,SOUTH-AMERICA,Brazil,SES
65,Outback,Outback,GPE,0.05882353,0.14705882,en,1.7,4352405-9,11523974,L,-24.23315,143.00257,OCEANIA,Australia,CAU
35,Sakhalin,Sakhalin,LOC,0.19607843,0.39215686,ru,1.7,126249-X,2121529,A,50.19167,142.99167,ASIA,Russia,RFE
34,Novosibirsk,Novosibirsk,GPE,0.14810924,0.92436975,ru,1.7,1231921-1,1496747,P,55.02259,82.93175,ASIA,Russia,WSB
66,Ukraine,Ukraine,GPE,0.04010695,0.20721925,en,1.7,4061496-7,690791,A,49.0,32.0,EUROPE,Ukraine,WCE
67,New Delhi,New Delhi,GPE,0.0271836,0.26054664,en,1.7,4011371-1,1261481,P,28.62137,77.2148,ASIA,India,SAS
201,Leptokaria,Leptokaria,GPE,0.08823529,0.38235294,el,1.7,,258483,P,39.82356,20.91256,EUROPE-AFRICA,Greece,MED
95,Córdoba,Córdoba,GPE,0.0,0.0,pt,1.7,4213162-5,3860259,P,-31.40648,-64.18853,SOUTH-AMERICA,Argentina,SES
96,the Caribbean Sea,the Caribbean Sea,LOC,0.02941176,0.47058824,pt,1.7,4051667-2,3448439,P,-23.5475,-46.63611,SOUTH-AMERICA,Brazil,SES
69,Wisconsin,Wisconsin,GPE,0.20261438,0.67156863,en,1.7,4119135-3,5279468,A,44.50024,-90.00041,NORTH-AMERICA,United States,CNA
94,Paranaense,Paranaense,GPE,0.14705882,0.19607843,pt,1.7,,12070188,L,-25.73465,-50.6355,SOUTH-AMERICA,Brazil,SES
93,Greece,Greece,GPE,0.0,0.0,pt,1.7,4022047-3,390903,A,39.0,22.0,EUROPE-AFRICA,Greece,MED
92,Évora,Évora,GPE,-0.20588235,0.5,pt,1.7,4085639-2,2268406,P,38.56667,-7.9,EUROPE-AFRICA,Portugal,MED
91,Leira,Leira,GPE,0.0,0.0,pt,1.7,,9536026,P,62.12237,6.58679,EUROPE,Norway,NEU
90,Africa,Africa,LOC,-0.18627451,0.17647059,pt,1.7,,0,,,,,,
89,Central Portugal,Central Portugal,GPE,0.1087344,1.06506239,pt,1.7,,2738722,T,40.5,-5.0,EUROPE-AFRICA,Spain,MED
88,Copa,Copa,LOC,-0.1372549,1.03921569,pt,1.7,,2373232,P,12.65,-13.91667,AFRICA,Guinea-Bissau,WAF
202,Capri,Capri,GPE,0.05882353,0.23529412,el,1.7,4009452-2,3180630,P,40.55073,14.24263,EUROPE-AFRICA,Italy,MED
74,Sahara,Sahara,LOC,0.21568627,0.3627451,it,1.7,,0,,,,,,
75,Kamchatka,Kamchatka,GPE,-0.25714286,0.87394958,it,1.7,,2125072,A,55.0,159.0,ASIA,Russia,RFE
107,Tehran,Tehran,GPE,-0.06862745,0.83006536,zh,1.7,4059304-6,112931,P,35.69439,51.42151,ASIA,Iran,WCA
106,Art District,Art District,LOC,2.08823529,2.67647059,zh,1.7,,1148106,P,37.08571,69.47958,ASIA,Afghanistan,WCA
68,the Northern Territory,the Northern Territory,LOC,0.11764706,1.05882353,en,1.7,,4714582,P,29.59412,-95.68078,NORTH-AMERICA,United States,CNA
196,Southern Peloponnese,Southern Peloponnese,LOC,-0.20588235,0.26960784,el,1.7,,255620,L,37.5,22.33333,EUROPE-AFRICA,Greece,MED
197,Fujairah,Fujairah,GPE,0.01838235,0.29411765,el,1.7,,292878,P,25.11641,56.34141,ASIA,United Arab Emirates,ARP
87,the Rio Grande,the Rio Grande,LOC,-0.07352941,0.64705882,es,1.7,4076741-3,3451190,P,-22.90642,-43.18223,SOUTH-AMERICA,Brazil,SES
72,West,West,LOC,0.35294118,0.94117647,en,1.7,,11887751,L,42.77268,-116.9579,NORTH-AMERICA,United States,WNA
73,the Great Lakes,the Great Lakes,LOC,0.52941176,0.85294118,en,1.7,,12212304,L,44.57143,-84.69022,NORTH-AMERICA,United States,ENA
74,aurora borealis,aurora borealis,GPE,0.34117647,0.68235294,en,1.7,,8125128,S,58.59278,-134.86278,NORTH-AMERICA,United States,NWN
75,Northern India,Northern India,LOC,0.23529412,0.82352941,en,1.7,,3580678,P,19.3,-81.11667,CENTRAL-AMERICA,Cayman Islands,CAR
76,SYDNEY,SYDNEY,GPE,-0.05882353,0.91176471,en,1.7,4058708-3,2147714,P,-33.86785,151.20732,OCEANIA,Australia,EAU
77,The United States,The United States,GPE,-0.05764706,0.16352941,en,1.7,,0,,,,,,
78,Western Australia's,Western Australia's,LOC,0.24806892,0.43125371,en,1.7,,11523932,L,-20.04148,123.72189,OCEANIA,Australia,CAU
83,Israel,Israel,GPE,-0.02941176,0.23529412,nl,1.7,4027808-6,294640,A,31.5,34.75,EUROPE-AFRICA,Israel,MED
82,Milan,Milan,GPE,0.05882353,0.64705882,nl,1.7,4037100-1,3173435,P,45.46427,9.18951,EUROPE,Italy,WCE
90,El Confidencial,El Confidencial,GPE,0.29411765,0.56862745,es,1.7,,0,,,,,,
89,Midwest,Midwest,LOC,-0.20650624,0.84269162,es,1.7,4074909-5,12212748,L,43.61327,-88.28917,NORTH-AMERICA,United States,ENA
88,Ávila,Ávila,GPE,-0.20588235,0.73529412,es,1.7,4079893-8,3564178,P,21.8422,-78.76034,CENTRAL-AMERICA,Cuba,CAR
86,Strait,Strait,LOC,0.17647059,0.76470588,es,1.7,,0,H,62.0,-70.0,,,
71,Washington D.C.,Washington D.C.,GPE,0.6372549,0.24183007,en,1.7,4064682-8,4140963,P,38.89511,-77.03637,NORTH-AMERICA,United States,ENA
32,Novgorod,Novgorod,GPE,-0.03676471,0.11029412,ru,1.7,1028176-9,520555,P,56.32867,44.00205,EUROPE,Russia,EEU
335,Kamikita,Kamikita,GPE,0.0,0.0,ja,1.7,,2129754,A,40.8226,141.22597,ASIA,Japan,EAS
334,Rokkasho Village,Rokkasho Village,GPE,-0.07720588,0.36887255,ja,1.7,,0,,,,,,
333,Tohoku Town,Tohoku Town,GPE,0.08039216,0.24705882,ja,1.7,,7283663,S,41.46521,140.89022,ASIA,Japan,EAS
332,Tanaka,Tanaka,GPE,0.4904972,2.51311702,ja,1.7,,1850698,A,35.9,139.95,ASIA,Japan,EAS
331,Imaizumi,Imaizumi,GPE,-0.36601307,0.67973856,ja,1.7,,2129932,P,41.0297,140.42299,ASIA,Japan,EAS
190,Andritsaina,Andritsaina,GPE,-0.65441176,0.69852941,el,1.7,1163407615,265048,P,37.48387,21.90563,EUROPE-AFRICA,Greece,MED
33,Yakutia,Yakutia,GPE,0.29411765,0.47058824,ru,1.7,4264832-4,2013159,P,62.03389,129.73306,ASIA,Russia,ESB
192,Heraklion,Heraklion,GPE,0.21008403,0.33613445,el,1.7,4027652-1,261745,P,35.32787,25.14341,EUROPE-AFRICA,Greece,MED
193,Mesara,Mesara,GPE,-0.48529412,0.6127451,el,1.7,4313272-8,257153,H,35.04421,24.67928,EUROPE-AFRICA,Greece,MED
194,Tajikistan,Tajikistan,GPE,-0.05882353,0.05882353,el,1.7,1016800-X,1220409,A,39.0,71.0,ASIA,Tajikistan,WCA
195,Arkesini,Arkesini,GPE,0.0,0.0,el,1.7,,264639,P,36.78673,25.803,EUROPE-AFRICA,Greece,MED
191,Argolida,Argolida,GPE,-0.41176471,0.39215686,el,1.7,,264673,A,37.66667,22.83333,EUROPE-AFRICA,Greece,MED
200,Yilan,Yilan,GPE,0.25490196,0.43137255,el,1.7,4407796-8,1674199,P,24.757,121.753,ASIA,Taiwan,EAS
53,Bulgaria,Bulgaria,GPE,0.0,0.05882353,de,1.7,4008866-2,732800,A,42.66667,25.25,EUROPE-AFRICA,Bulgaria,MED
78,Ile-de-France,Ile-de-France,GPE,0.23897059,0.46078431,fr,1.7,4044660-8,2988507,P,48.85341,2.3488,EUROPE,France,WCE
71,the Aosta Valley,the Aosta Valley,LOC,0.0,0.05882353,it,1.7,,0,,,,,,
70,Reggio,Reggio,GPE,-0.5,0.98039216,it,1.7,4103588-4,2523630,P,38.11047,15.66129,EUROPE-AFRICA,Italy,MED
69,Trentino,Trentino,GPE,0.0,0.0,it,1.7,4060814-1,3165244,A,46.5,11.33333,EUROPE,Italy,WCE
68,Cagliari,Cagliari,GPE,0.10457516,0.18300654,it,1.7,4085112-6,2525473,P,39.23054,9.11917,EUROPE-AFRICA,Italy,MED
67,the Central-Southern,the Central-Southern,LOC,-0.07843137,0.4379085,it,1.7,,6299780,S,43.33729,21.85372,EUROPE-AFRICA,Serbia,MED
66,Trentino Alto Adige,Trentino Alto Adige,LOC,0.0,0.0,it,1.7,4060814-1,3165244,A,46.5,11.33333,EUROPE,Italy,WCE
65,the Crati river,the Crati river,LOC,0.0105042,0.35014006,it,1.7,,0,,,,,,
64,Southern Sardinia,Southern Sardinia,LOC,-0.21008403,0.45004669,it,1.7,,2523227,T,40.0,9.0,EUROPE-AFRICA,Italy,MED
63,Cetraro,Cetraro,GPE,-0.35947712,0.54901961,it,1.7,4119819-0,2525012,P,39.5166,15.94158,EUROPE-AFRICA,Italy,MED
74,Anderlecht,Anderlecht,GPE,-0.02941176,0.69934641,fr,1.7,4079771-5,2803201,P,50.83619,4.31454,EUROPE,Belgium,WCE
75,Walloon,Walloon,GPE,-0.08656417,0.2690508,fr,1.7,4117763-0,2790471,P,50.4669,4.86746,EUROPE,Belgium,WCE
76,Antibes,Antibes,GPE,-0.58823529,1.10784314,fr,1.7,4002253-5,3037456,P,43.58127,7.12487,EUROPE-AFRICA,France,MED
77,Alpine massifs,Alpine massifs,LOC,0.09033613,0.19537815,fr,1.7,,0,,,,,,
79,America,America,GPE,0.07254902,0.20588235,fr,1.7,,0,,,,,,
73,Friuli,Friuli,GPE,0.0,0.0,it,1.7,,3176525,A,46.0,13.0,EUROPE,Italy,WCE
62,Northern Europe,Northern Europe,LOC,0.10179526,0.86522791,it,1.7,,0,,,,,,
54,canton,canton,GPE,0.05882353,0.23529412,de,1.7,4020137-5,2660646,P,46.20222,6.14569,EUROPE,Switzerland,WCE
61,Scilla,Scilla,GPE,-0.94117647,1.17647059,it,1.7,4279816-4,2523187,P,38.25201,15.71837,EUROPE-AFRICA,Italy,MED
60,Paris,Paris,GPE,0.14705882,0.19607843,it,1.7,4044660-8,2988507,P,48.85341,2.3488,EUROPE,France,WCE
59,Cuneo,Cuneo,GPE,0.02091503,0.61960784,it,1.7,4010768-1,6299587,S,44.54702,7.62322,EUROPE-AFRICA,Italy,MED
58,Cala Gonone,Cala Gonone,GPE,-0.54901961,0.57189542,it,1.7,4716070-6,3181250,P,40.28086,9.62971,EUROPE-AFRICA,Italy,MED
57,North-West,North-West,LOC,-0.82352941,0.78431373,it,1.7,,11887751,L,42.77268,-116.9579,NORTH-AMERICA,United States,WNA
80,Beaufortain,Beaufortain,GPE,0.0,0.07352941,fr,1.7,,0,,,,,,
81,Val d’Isère,Val d’Isère,GPE,0.0,0.0,fr,1.7,,0,,,,,,
82,Normandy,Normandy,GPE,-0.14705882,0.29411765,fr,1.7,,4400737,P,38.72088,-90.29734,NORTH-AMERICA,United States,CNA
83,Vigicrues,Vigicrues,GPE,0.03361345,0.72689076,fr,1.7,,0,,,,,,
84,Ardennes,Ardennes,LOC,0.30588235,0.80588235,fr,1.7,4252561-5,2803095,L,50.16667,5.5,EUROPE,Belgium,WCE
85,the Chamonix valley,the Chamonix valley,LOC,0.07955882,0.5925,fr,1.7,,0,,,,,,
72,the Provinces of Catanzaro,the Provinces of Catanzaro,GPE,0.39215686,0.64705882,it,1.7,,0,,,,,,
37,Chukotka,Chukotka,GPE,0.29411765,0.47058824,ru,1.7,,2126099,A,67.5,172.0,ASIA,Russia,RAR
183,Datça,Datça,GPE,0.0,0.0,tr,1.7,4363196-4,317543,P,36.73778,27.68417,EUROPE-AFRICA,Turkey,MED
182,Florida,Florida,GPE,-0.33333333,0.23529412,tr,1.7,4017585-6,12217087,L,26.5,-81.0,NORTH-AMERICA,United States,ENA
56,Upper Austria,Upper Austria,GPE,-0.4,0.5,de,1.7,4074255-6,2772400,P,48.30639,14.28611,EUROPE,Austria,WCE
55,Ticino,Ticino,GPE,0.04084967,0.4003268,de,1.7,4099915-4,2659836,P,46.01008,8.96004,EUROPE,Switzerland,WCE
181,Wenderson Tsunami,Wenderson Tsunami,LOC,0.0,0.0,tr,1.7,,0,,,,,,
188,Emirates,Emirates,GPE,0.2254902,0.41666667,el,1.7,4062742-1,290557,A,23.75,54.5,ASIA,United Arab Emirates,ARP
184,Bulgaria,Bulgaria,GPE,-0.03386809,0.33645276,tr,1.7,4008866-2,732800,A,42.66667,25.25,EUROPE-AFRICA,Bulgaria,MED
185,Santorini Island,Santorini Island,LOC,0.09803922,0.42156863,tr,1.7,,252919,T,36.40572,25.45682,EUROPE-AFRICA,Greece,MED
189,Krystallopigi,Krystallopigi,GPE,0.0,0.0,el,1.7,,258769,P,39.49306,20.46272,EUROPE-AFRICA,Greece,MED
108,Jiangsu,Jiangsu,GPE,0.0,0.45974576,zh,1.68571429,4075203-3,1799962,P,32.06167,118.77778,ASIA,China,EAS
336,Osomatsu-san,Osomatsu-san,GPE,0.15,0.66,ja,1.66666667,,0,,,,,,
337,West Tokyo,West Tokyo,GPE,0.06,0.18,ja,1.66666667,,7303661,R,35.77629,139.87887,ASIA,Japan,EAS
109,Thailand,Thailand,GPE,0.28451178,0.90740741,zh,1.65,4078228-1,1605651,A,15.5,101.0,ASIA,Thailand,SEA
110,Lake Tahoe,Lake Tahoe,LOC,0.22727273,1.43939394,zh,1.65,4366043-5,5397664,P,38.93324,-119.98435,NORTH-AMERICA,United States,WNA
111,America,America,GPE,0.68181818,0.75757576,zh,1.65,,0,,,,,,
112,Shandong,Shandong,GPE,0.08522727,0.21464646,zh,1.65,4052070-5,1796328,A,36.33333,118.25,ASIA,China,EAS
338,Yanmar HD,Yanmar HD,GPE,0.46503497,0.58601399,ja,1.625,,0,,,,,,
339,Vienna,Vienna,GPE,0.58888889,0.83418803,ja,1.625,4066009-6,2761369,P,48.20849,16.37208,EUROPE,Austria,WCE
340,Kaidan,Kaidan,GPE,0.0,0.0,ja,1.61904762,,128355,P,32.19424,48.90372,ASIA,Iran,WCA
99,Bolivia,Bolivia,GPE,0.08522727,0.28409091,es,1.6,4007607-6,3923057,A,-17.0,-65.0,SOUTH-AMERICA,Bolivia,SAM
93,Mexico,Mexico,GPE,0.24375,0.765625,fr,1.6,4039058-5,3996063,A,23.0,-102.0,CENTRAL-AMERICA,Mexico,NCA
83,Orlando,Orlando,GPE,-0.14914773,1.45596591,en,1.6,4119965-0,4167147,P,28.53834,-81.37924,NORTH-AMERICA,United States,ENA
38,Europe,Europe,LOC,0.15625,0.34722222,ru,1.6,,0,,,,,,
79,Uttar Pradesh,Uttar Pradesh,GPE,0.1875,0.6484375,en,1.6,4062226-5,1253626,A,27.25,80.75,ASIA,India,SAS
80,Metro Vancouver,Metro Vancouver,GPE,0.19791667,0.3125,en,1.6,4119364-7,6173331,P,49.24966,-123.11934,NORTH-AMERICA,Canada,WNA
81,Delhi-NCR,Delhi-NCR,GPE,0.0,0.0,en,1.6,,9972750,L,28.66047,77.07733,ASIA,India,SAS
82,Ghaziabad,Ghaziabad,GPE,0.1171875,0.3984375,en,1.6,4363209-9,1271308,P,28.66535,77.43915,ASIA,India,SAS
87,Kyiv,Kyiv,GPE,0.00236742,0.12073864,nl,1.6,4030522-3,703448,P,50.45466,30.5238,EUROPE,Ukraine,WCE
86,Fukushima,Fukushima,LOC,0.390625,0.83333333,nl,1.6,4332074-0,2112923,P,37.75,140.46667,ASIA,Japan,EAS
85,China,China,GPE,0.30729167,0.53645833,nl,1.6,4009937-4,1814991,A,35.0,105.0,ASIA,China,EAS
84,Gaza,Gaza,GPE,0.0,0.0,nl,1.6,4092680-1,281133,P,31.50161,34.46672,EUROPE-AFRICA,Palestinian Territory,MED
57,the Elbe valley,the Elbe valley,LOC,0.89267677,1.125,de,1.6,,4141941,H,39.71595,-75.51214,NORTH-AMERICA,United States,ENA
58,Iran,Iran,GPE,0.0,0.0,de,1.6,4027653-3,130758,A,32.0,53.0,ASIA,Iran,WCA
95,Canada,Canada,GPE,0.10416667,0.125,es,1.6,4029456-0,6251999,A,60.10867,-113.64258,NORTH-AMERICA,Canada,NWN
94,San Lorenzo,San Lorenzo,GPE,0.78125,0.78125,es,1.6,4560038-7,3437056,P,-25.33968,-57.50879,SOUTH-AMERICA,Paraguay,SES
94,Cortina,Cortina,GPE,0.0,0.0,fr,1.6,4085339-1,3177952,P,46.5369,12.13903,EUROPE,Italy,WCE
86,China,China,GPE,0.0,0.3125,fr,1.6,4009937-4,1814991,A,35.0,105.0,ASIA,China,EAS
98,France,France,GPE,0.0,0.41666667,es,1.6,4018145-5,3017382,A,46.0,2.0,EUROPE,France,WCE
87,Antarctica,Antarctica,LOC,-0.03125,0.875,fr,1.6,,0,,,,,,
88,Texas,Texas,GPE,-0.38494318,1.16477273,fr,1.6,4059594-8,12217092,L,28.9204,-98.5772,CENTRAL-AMERICA,United States,NCA
92,Quebec,Quebec,GPE,0.74494949,0.94381313,fr,1.6,4103473-9,6325494,P,46.81228,-71.21454,NORTH-AMERICA,Canada,ENA
91,Antwerp,Antwerp,GPE,-0.03125,0.71875,fr,1.6,4002364-3,2803138,P,51.22047,4.40026,EUROPE,Belgium,WCE
85,Lucknow,Lucknow,GPE,-0.1640625,0.4296875,en,1.6,4111406-1,1264733,P,26.83928,80.92313,ASIA,India,SAS
123,Mount Ali,Mount Ali,LOC,0.15625,0.1875,zh,1.6,,221593,T,12.46463,42.39623,AFRICA,Ethiopia,NEAF
122,Tai Po,Tai Po,GPE,0.32310606,0.76458333,zh,1.6,,1818673,P,22.45007,114.16877,ASIA,Hong Kong,EAS
92,Mallorca,Mallorca,GPE,0.01017992,0.33688447,es,1.6,4115833-7,2512989,P,39.56939,2.65024,EUROPE-AFRICA,Spain,MED
121,Tokyo,Tokyo,GPE,0.2890625,1.6171875,zh,1.6,4078337-6,1850147,P,35.6895,139.69171,ASIA,Japan,EAS
100,Norway,Norway,GPE,-0.21831597,0.43055556,es,1.6,4042640-3,3144096,A,62.0,10.0,EUROPE,Norway,NEU
89,Luxembourg,Luxembourg,GPE,-0.21354167,0.390625,fr,1.6,4036728-9,2960313,A,49.75,6.16667,EUROPE,Luxembourg,WCE
90,Mediterranean,Mediterranean,LOC,-0.078125,0.390625,fr,1.6,,0,,,,,,
96,Los Domingos',Los Domingos',GPE,0.1875,0.640625,es,1.6,,3498653,H,18.80093,-68.90191,CENTRAL-AMERICA,Dominican Republic,CAR
97,WASHINGTON,WASHINGTON,GPE,-0.23263889,0.97395833,es,1.6,4064682-8,4140963,P,38.89511,-77.03637,NORTH-AMERICA,United States,ENA
93,New York City,New York City,GPE,0.31534091,0.8219697,es,1.6,4042011-5,5128581,P,40.71427,-74.00597,NORTH-AMERICA,United States,ENA
66,Bengaluru,Bengaluru,GPE,-0.04947917,0.84635417,hi,1.6,4004431-2,1277333,P,12.97194,77.59369,ASIA,India,SAS
91,Latin America,Latin America,LOC,0.625,0.25,es,1.6,,0,,,,,,
342,Ninohe City,Ninohe City,GPE,-0.0703125,0.1484375,ja,1.6,,0,,,,,,
59,Rhine,Rhine,GPE,-0.0703125,0.4609375,de,1.6,,12077024,L,49.31885,8.77012,EUROPE,Germany,WCE
76,Parma,Parma,GPE,0.46022727,0.62784091,it,1.6,4115856-8,3171457,P,44.79935,10.32618,EUROPE-AFRICA,Italy,MED
77,Argentina,Argentina,GPE,-0.70833333,0.69444444,it,1.6,4002890-2,3865483,A,-34.0,-64.0,SOUTH-AMERICA,Argentina,SES
78,Patagonia,Patagonia,GPE,0.5,0.625,it,1.6,,3841798,L,-44.0,-68.0,SOUTH-AMERICA,Argentina,SSA
115,Liyutan,Liyutan,GPE,0.25260417,0.48697917,zh,1.6,,1672644,P,24.35278,120.74694,ASIA,Taiwan,EAS
114,OpenAI,OpenAI,GPE,0.3984375,0.99131944,zh,1.6,,0,,,,,,
113,Milan,Milan,GPE,0.046875,1.3125,zh,1.6,4037100-1,3173435,P,45.46427,9.18951,EUROPE,Italy,WCE
98,Algarve,Algarve,GPE,0.0,0.0,pt,1.6,4001155-0,10227214,L,37.08367,-8.24902,EUROPE-AFRICA,Portugal,MED
99,Viomundo,Viomundo,GPE,0.20549242,0.54608586,pt,1.6,,0,,,,,,
79,Bolzano,Bolzano,GPE,0.05625,0.28541667,it,1.6,4007901-6,3181913,P,46.49067,11.33982,EUROPE,Italy,WCE
80,Venezia,Venezia,GPE,0.03240741,0.20138889,it,1.6,4062501-1,3164603,P,45.43713,12.33265,EUROPE,Italy,WCE
81,Germany,Germany,GPE,0.0,0.3125,it,1.6,4011882-4,2921044,A,51.5,10.5,EUROPE,Germany,WCE
101,Hungary,Hungary,GPE,-0.0625,0.984375,pt,1.6,4078541-5,719819,A,47.0,20.0,EUROPE,Hungary,WCE
100,the north coast,the north coast,LOC,0.0,0.0,pt,1.6,,12212303,L,37.02332,-77.36954,NORTH-AMERICA,United States,ENA
84,Antarctica,Antarctica,LOC,0.11226326,0.90667614,en,1.6,,0,,,,,,
341,Sapporo city,Sapporo city,GPE,-0.25426136,0.84517045,ja,1.6,,0,,,,,,
186,Tehran,Tehran,GPE,-0.10069444,0.22569444,tr,1.6,4059304-6,112931,P,35.69439,51.42151,ASIA,Iran,WCA
343,Tinian Island,Tinian Island,LOC,0.0,0.0,ja,1.6,,4041647,T,15.01756,145.62731,PACIFIC,Northern Mariana Islands,NPO
119,Switzerland,Switzerland,GPE,-0.33723958,0.67708333,zh,1.6,,2658434,A,47.00016,8.01427,EUROPE,Switzerland,WCE
101,Tabernas,Tabernas,GPE,0.0625,0.5625,es,1.6,10046938-3,6355600,A,37.04822,-2.36265,EUROPE-AFRICA,Spain,MED
102,SAN FRANCISCO,SAN FRANCISCO,GPE,0.04166667,0.56770833,es,1.6,4344631-0,3600949,P,14.0818,-87.20681,CENTRAL-AMERICA,Honduras,SCA
86,Kashmir,Kashmir,LOC,0.33333333,1.09375,en,1.6,4256270-3,1269320,A,33.5329,75.40781,ASIA,India,TIB
65,China,China,GPE,0.5390625,1.25,hi,1.6,4009937-4,1814991,A,35.0,105.0,ASIA,China,EAS
88,South,South,LOC,0.21721117,0.9905303,en,1.6,,11887752,L,33.45876,-90.15081,NORTH-AMERICA,United States,CNA
344,Gonohe Town,Gonohe Town,GPE,0.0,0.0,ja,1.6,,0,,,,,,
120,Aomori Prefecture,Aomori Prefecture,LOC,-0.00390625,0.70377604,zh,1.6,4309664-5,2130658,P,40.81667,140.73333,ASIA,Japan,EAS
118,Yangmingshan,Yangmingshan,GPE,0.0,0.1171875,zh,1.6,,1665610,P,25.15273,121.5491,ASIA,Taiwan,EAS
117,the Arctic Circle,the Arctic Circle,LOC,0.03582589,1.21071429,zh,1.6,,5859426,P,65.48333,-144.63417,NORTH-AMERICA,United States,NWN
116,the Changhua County Police Department,the Changhua County Police Department,GPE,0.15625,0.15625,zh,1.6,,0,,,,,,
103,Lagoa,Lagoa,GPE,-0.0625,0.0625,pt,1.6,4732640-2,3372965,P,37.74486,-25.57184,ATLANTIC,Portugal,NAO
102,Gulf,Gulf,LOC,0.00355114,0.25923295,pt,1.6,,0,L,26.35058,50.16805,,,
345,the Sea of ​​Okhotsk side,the Sea of ​​Okhotsk side,LOC,0.02951389,1.06423611,ja,1.6,,0,,,,,,
87,Singapore,Singapore,GPE,0.3125,0.41666667,en,1.6,4055089-8,1880252,P,1.28967,103.85007,ASIA,Singapore,SEA
346,the Nemuro Peninsula,the Nemuro Peninsula,LOC,-0.27137177,0.40705765,ja,1.5968254,,0,,,,,,
124,Cybertruck,Cybertruck,GPE,-0.18665377,0.59187621,zh,1.56666667,,0,,,,,,
125,Canada,Canada,GPE,-0.19021739,0.53597308,zh,1.53333333,4029456-0,6251999,A,60.10867,-113.64258,NORTH-AMERICA,Canada,NWN
126,Singapore,Singapore,GPE,0.09926471,0.20955882,zh,1.51111111,4055089-8,1880252,P,1.28967,103.85007,ASIA,Singapore,SEA
90,SXSW,SXSW,GPE,0.53333333,0.88888889,en,1.5,,0,,,,,,
89,Florida,Florida,GPE,0.15833333,1.05833333,en,1.5,4017585-6,12217087,L,26.5,-81.0,NORTH-AMERICA,United States,ENA
365,Kure,Kure,GPE,0.0,0.0,ja,1.5,,1858296,P,34.23222,132.56658,ASIA,Japan,EAS
93,Parramatta,Parramatta,GPE,-0.25757576,1.25171717,en,1.5,4568608-7,8349386,P,-16.92598,145.76643,OCEANIA,Australia,NAU
91,NEW DELHI,NEW DELHI,GPE,0.24565657,1.05959596,en,1.5,,1261481,P,28.62137,77.2148,ASIA,India,SAS
364,Hayama Town,Hayama Town,GPE,-0.08888889,0.66666667,ja,1.5,,0,,,,,,
363,Oirase Town,Oirase Town,GPE,0.0,0.0,ja,1.5,,0,,,,,,
362,Sannohe Town,Sannohe Town,GPE,0.0,0.0,ja,1.5,,0,,,,,,
361,Chuo Ward,Chuo Ward,GPE,0.53333333,0.5,ja,1.5,,7422794,S,33.58928,130.39297,ASIA,Japan,EAS
360,Susaki City,Susaki City,GPE,0.36363636,0.98989899,ja,1.5,,1864055,P,35.6698,139.81456,ASIA,Japan,EAS
359,Thailand,Thailand,GPE,0.08333333,0.31666667,ja,1.5,4078228-1,1605651,A,15.5,101.0,ASIA,Thailand,SEA
347,Yokohama City,Yokohama City,GPE,0.11111111,0.22222222,ja,1.5,,9888419,P,33.58608,130.26155,ASIA,Japan,EAS
348,Portland,Portland,GPE,0.20808081,0.65841751,ja,1.5,4226095-4,5746545,P,45.52345,-122.67621,NORTH-AMERICA,United States,WNA
349,Okhotsk,Okhotsk,GPE,-0.095,0.27,ja,1.5,7568473-1,2122605,X,59.364359,143.29194,ASIA,Russia,RFE
350,Nao Minami,Nao Minami,GPE,0.13333333,0.3,ja,1.5,,0,,,,,,
351,Hachinohe city,Hachinohe city,GPE,0.07666667,0.25666667,ja,1.5,,10339757,S,40.50727,141.4879,ASIA,Japan,EAS
352,Shinjuku-ku,Shinjuku-ku,GPE,0.11111111,0.22222222,ja,1.5,4353744-3,11790353,P,35.69115,139.70854,ASIA,Japan,EAS
353,St. Pauli,St. Pauli,GPE,-0.39166667,0.48888889,ja,1.5,4118227-3,5045360,P,44.94441,-93.09327,NORTH-AMERICA,United States,CNA
354,Chateraise,Chateraise,GPE,-0.22380952,0.79761905,ja,1.5,,10330274,S,43.17108,141.35564,ASIA,Japan,EAS
355,Fuji Rock,Fuji Rock,GPE,0.1010101,0.37407407,ja,1.5,,2203323,T,-17.85073,179.44394,PACIFIC,Fiji,SPO
356,Mexico,Mexico,GPE,0.09444444,0.32962963,ja,1.5,4039058-5,3996063,A,23.0,-102.0,CENTRAL-AMERICA,Mexico,NCA
358,Tsukuba City,Tsukuba City,GPE,-0.00833333,0.34166667,ja,1.5,,0,,,,,,
92,Qld,Qld,GPE,-0.06666667,0.5,en,1.5,4266006-3,2165087,P,-28.00029,153.43088,OCEANIA,Australia,EAU
94,Kenya,Kenya,GPE,0.0,0.0,en,1.5,4030236-2,192950,A,1.0,38.0,AFRICA,Kenya,SEAF
134,Bridgewater,Bridgewater,GPE,0.0,0.0,zh,1.5,,4849333,P,41.24499,-94.66886,NORTH-AMERICA,United States,CNA
103,Germany,Germany,GPE,0.51521886,0.94023569,es,1.5,4011882-4,2921044,A,51.5,10.5,EUROPE,Germany,WCE
127,Beike,Beike,GPE,0.01,0.29,zh,1.5,,6623045,T,-62.16333,-58.97833,POLAR,Antarctica,WAN
128,Casarte,Casarte,GPE,0.36752525,1.00175084,zh,1.5,,0,,,,,,
129,Coupang,Coupang,GPE,-0.12037037,1.90833333,zh,1.5,,0,,,,,,
130,North Carolina,North Carolina,GPE,0.62411616,1.74936869,zh,1.5,4042551-4,4563243,P,18.38078,-65.95739,CENTRAL-AMERICA,Puerto Rico,CAR
131,Henan,Henan,GPE,-0.01944444,0.68981481,zh,1.5,4025810-5,1808520,A,34.0,113.66667,ASIA,China,EAS
132,Paris,Paris,GPE,0.30111111,0.92555556,zh,1.5,4044660-8,2988507,P,48.85341,2.3488,EUROPE,France,WCE
133,Vanuatu,Vanuatu,GPE,0.60833333,1.10277778,zh,1.5,4062334-8,2134431,A,-16.3333,167.5,PACIFIC,Vanuatu,SPO
135,Da'an District,Da'an District,GPE,-0.03174603,0.90555556,zh,1.5,4000813-7,1279233,P,23.02579,72.58727,ASIA,India,SAS
136,Maine,Maine,GPE,-0.04761905,0.65357143,zh,1.5,4114929-4,4971068,A,45.50032,-69.24977,NORTH-AMERICA,United States,ENA
137,New Mexico,New Mexico,GPE,0.07909091,0.71585859,zh,1.5,4217452-1,5454711,P,35.08449,-106.65114,NORTH-AMERICA,United States,WNA
138,Zhu County,Zhu County,GPE,0.05656566,0.24040404,zh,1.5,,1677112,P,24.83833,121.00778,ASIA,Taiwan,EAS
139,Jiangnan,Jiangnan,GPE,0.16666667,0.26666667,zh,1.5,4284717-5,6587507,L,24.36694,120.63694,ASIA,Taiwan,EAS
357,Kobe City,Kobe City,GPE,0.53333333,0.5,ja,1.5,,10400744,S,34.67783,135.17663,ASIA,Japan,EAS
366,Santa Claus,Santa Claus,GPE,0.10227273,0.30681818,ja,1.46666667,,4264457,P,38.12005,-86.91416,NORTH-AMERICA,United States,ENA
367,Hanamaki City,Hanamaki City,GPE,0.0,0.0,ja,1.45454545,,0,,,,,,
368,Izumo,Izumo,GPE,0.06875,0.43541667,ja,1.45454545,4027825-6,1861084,P,35.36667,132.76667,ASIA,Japan,EAS
140,the Czech Republic,the Czech Republic,GPE,0.075,0.51346154,zh,1.44444444,,6986495,T,28.44912,56.84917,ASIA,Iran,WCA
141,the East Rift Valley,the East Rift Valley,LOC,0.17596154,0.61978022,zh,1.44444444,,0,,,,,,
370,Doha,Doha,GPE,0.24230769,0.34038462,ja,1.44444444,4219005-8,290030,P,25.28545,51.53096,ASIA,Qatar,ARP
369,Qatar,Qatar,GPE,0.22884615,0.31346154,ja,1.44444444,4029924-7,289688,A,25.5,51.25,ASIA,Qatar,ARP
372,Hyogo,Hyogo,GPE,0.03864734,0.48309179,ja,1.4375,4195257-1,1859171,P,34.6913,135.183,ASIA,Japan,EAS
371,Tama,Tama,LOC,0.1352657,0.86183575,ja,1.4375,,6822129,P,35.6436,139.46844,ASIA,Japan,EAS
142,New York City,New York City,GPE,0.24573864,1.61392045,zh,1.42222222,4042011-5,5128581,P,40.71427,-74.00597,NORTH-AMERICA,United States,ENA
143,Dubai,Dubai,GPE,0.80859375,1.25390625,zh,1.42222222,4204044-9,292223,P,25.07725,55.30927,ASIA,United Arab Emirates,ARP
373,Nemuro City,Nemuro City,GPE,0.0,0.0,ja,1.42222222,,0,,,,,,
144,Sichuan,Sichuan,GPE,0.40837509,1.31925555,zh,1.41111111,4249575-1,1815286,P,30.66667,104.06667,ASIA,China,EAS
154,West,West,LOC,0.0,0.29464286,zh,1.4,,11887751,L,42.77268,-116.9579,NORTH-AMERICA,United States,WNA
155,County,County,GPE,0.24553571,1.04464286,zh,1.4,4317531-4,195272,P,0.28422,34.75229,AFRICA,Kenya,SEAF
153,Niigata Prefecture,Niigata Prefecture,GPE,-0.20535714,0.15178571,zh,1.4,4208484-2,1855431,P,37.92259,139.04125,ASIA,Japan,EAS
152,Ji'an Township,Ji'an Township,GPE,0.0,0.24404762,zh,1.4,,8298859,S,16.894,97.675,ASIA,Myanmar,SEA
156,East District,East District,LOC,-0.05952381,0.26984127,zh,1.4,,11961349,L,48.49874,135.11126,ASIA,Russia,RFE
157,Antarctic,Antarctic,LOC,-0.05357143,0.14285714,zh,1.4,,6632710,L,-90.0,0.0,POLAR,Antarctica,EAN
158,Shimen District,Shimen District,LOC,0.06493506,0.83549784,zh,1.4,,1669341,P,25.29035,121.56623,ASIA,Taiwan,EAS
95,Paris,Paris,GPE,-0.1525974,0.93181818,en,1.4,4044660-8,2988507,P,48.85341,2.3488,EUROPE,France,WCE
96,Srinagar,Srinagar,GPE,0.60714286,1.46428571,en,1.4,4349448-1,1255634,P,34.08565,74.80555,ASIA,India,WCA
98,Hormuz,Hormuz,GPE,0.10714286,0.42857143,en,1.4,4072627-7,287878,H,26.56667,56.25,ASIA,Oman,WCA
151,Anhui,Anhui,GPE,0.00892857,0.3125,zh,1.4,4002062-9,1818058,A,31.91667,117.16667,ASIA,China,EAS
97,Ghana,Ghana,GPE,-0.57142857,1.16666667,en,1.4,4020949-0,2300660,A,8.1,-1.2,AFRICA,Ghana,WAF
150,Ctrip,Ctrip,GPE,0.17857143,0.6547619,zh,1.4,,0,,,,,,
376,Takatsu Ward,Takatsu Ward,GPE,0.07780612,0.44387755,ja,1.4,,0,,,,,,
105,Caracas,Caracas,GPE,0.37383117,1.06431818,es,1.4,4009457-1,3646738,P,10.48801,-66.87919,SOUTH-AMERICA,Venezuela,NSA
149,Southeast Asia,Southeast Asia,LOC,-0.85119048,1.10119048,zh,1.4,,11497301,L,10.75053,106.7505,ASIA,Vietnam,SEA
381,Americas,Americas,LOC,-0.08035714,0.16964286,ja,1.4,,0,,,,,,
380,Toulouse,Toulouse,GPE,0.17857143,0.41071429,ja,1.4,4060518-8,2972315,P,43.60426,1.44367,EUROPE-AFRICA,France,MED
379,Unane,Unane,GPE,0.15561224,0.70918367,ja,1.4,,10866819,P,35.6217,139.60366,ASIA,Japan,EAS
378,Rokunohe Town,Rokunohe Town,GPE,0.0,0.0,ja,1.4,,0,,,,,,
377,Karumai Town,Karumai Town,GPE,0.0,0.0,ja,1.4,,0,,,,,,
104,Punta del Este,Punta del Este,GPE,0.0,0.0,es,1.4,4516307-8,3440939,P,-34.94747,-54.93382,SOUTH-AMERICA,Uruguay,SES
375,NTT East,NTT East,LOC,-0.15277778,0.81746032,ja,1.4,,170782,P,36.31939,37.31718,EUROPE-AFRICA,Syria,MED
374,Cuba,Cuba,GPE,0.14117063,1.56299603,ja,1.4,4033340-1,3562981,A,22.0,-79.5,CENTRAL-AMERICA,Cuba,CAR
145,Taobao,Taobao,GPE,0.04165121,0.79152752,zh,1.4,,10204552,P,36.1941,105.971,ASIA,China,EAS
146,Las Vegas,Las Vegas,GPE,0.1461039,0.48701299,zh,1.4,4034659-6,5506956,P,36.17497,-115.13722,NORTH-AMERICA,United States,WNA
147,Hehuan Mountain,Hehuan Mountain,LOC,0.07440476,1.02083333,zh,1.4,,1676171,T,24.13583,121.28083,ASIA,Taiwan,EAS
148,Houston,Houston,GPE,-0.14030612,0.31632653,zh,1.4,4095673-8,4699066,P,29.76328,-95.36327,NORTH-AMERICA,United States,CNA
382,Hino City,Hino City,GPE,0.0,0.0,ja,1.375,,0,,,,,,
383,Asia,Asia,LOC,0.22727273,0.60606061,ja,1.375,,0,,,,,,
384,Hailey,Hailey,GPE,0.36363636,0.43636364,ja,1.375,,12213564,L,43.4268,-114.21882,NORTH-AMERICA,United States,WNA
385,the Czech Republic,the Czech Republic,GPE,-1.12727273,1.23636364,ja,1.375,,6986495,T,28.44912,56.84917,ASIA,Iran,WCA
159,Zhipu,Zhipu,GPE,0.43636364,0.69090909,zh,1.375,,7071754,P,29.21277,120.53859,ASIA,China,EAS
386,South America,South America,LOC,0.04871795,0.43846154,ja,1.36842105,,0,,,,,,
160,Hollywood,Hollywood,GPE,0.25,0.76337449,zh,1.35,4408912-0,4158928,P,26.0112,-80.14949,NORTH-AMERICA,United States,ENA
161,Wuhan,Wuhan,GPE,0.03439153,0.8239271,zh,1.35,4122666-5,1791247,P,30.58333,114.26667,ASIA,China,EAS
389,the Asia-Pacific region,the Asia-Pacific region,LOC,-0.125,0.375,ja,1.33333333,,1860102,L,36.25,139.5,ASIA,Japan,EAS
390,Zoltrak,Zoltrak,GPE,-0.1,0.45,ja,1.33333333,,0,,,,,,
388,Koshin,Koshin,GPE,-0.15,0.375,ja,1.33333333,,11559139,P,42.57331,143.28987,ASIA,Japan,EAS
392,Adachi Ward,Adachi Ward,GPE,0.45,0.675,ja,1.33333333,,0,,,,,,
393,Nikkei,Nikkei,GPE,0.225,0.75,ja,1.33333333,,7714674,S,47.59629,-122.32615,NORTH-AMERICA,United States,WNA
394,Yabuki Town,Yabuki Town,GPE,0.36529018,0.59732143,ja,1.33333333,,0,,,,,,
395,Toyama City,Toyama City,GPE,0.10625,1.09375,ja,1.33333333,,1849876,P,36.7,137.21667,ASIA,Japan,EAS
396,Santa,Santa,GPE,0.0,0.0,ja,1.33333333,,3904906,P,-17.78629,-63.18117,SOUTH-AMERICA,Bolivia,SAM
387,Kamogawa City,Kamogawa City,GPE,0.425,1.1,ja,1.33333333,,0,,,,,,
397,Sakata City,Sakata City,GPE,0.0,0.0,ja,1.33333333,,8742122,P,37.44746,138.66566,ASIA,Japan,EAS
162,the Republic of China,the Republic of China,GPE,0.24431006,0.59681006,zh,1.33333333,4036791-5,1821275,A,22.15778,113.55972,ASIA,Macao,EAS
391,Minnesota,Minnesota,GPE,-0.375,0.75,ja,1.33333333,4101012-7,5037779,A,46.25024,-94.25055,NORTH-AMERICA,United States,CNA
163,Malaysia,Malaysia,GPE,-0.1355042,0.37815126,zh,1.32222222,4037203-0,1733045,A,2.5,112.5,ASIA,Malaysia,SEA
398,Oman,Oman,GPE,-0.12643678,0.42988506,ja,1.31818182,4075653-1,286963,A,21.0,57.0,ASIA,Oman,ARP
399,Armenia,Armenia,GPE,0.54466667,0.73466667,ja,1.31578947,4085931-9,174982,A,40.25,45.0,ASIA,Armenia,WCA
401,the Seto Inland Sea,the Seto Inland Sea,LOC,-0.15238095,1.04761905,ja,1.3125,,0,,,,,,
400,the Kanto plains,the Kanto plains,LOC,-0.2031746,0.45714286,ja,1.3125,,0,,,,,,
88,Napoli,Napoli,GPE,0.06349206,0.22588523,it,1.3,4041476-0,3172394,P,40.85216,14.26811,EUROPE-AFRICA,Italy,MED
87,Lake Iseo,Lake Iseo,LOC,0.37179487,0.81807082,it,1.3,,3175446,H,45.71667,10.06667,EUROPE,Italy,WCE
86,Brussels,Brussels,GPE,-0.06410256,0.20512821,it,1.3,4008460-7,2800866,P,50.85045,4.34878,EUROPE,Belgium,WCE
85,Utah,Utah,GPE,0.05128205,0.52564103,it,1.3,4062214-9,5549030,A,39.25024,-111.75103,NORTH-AMERICA,United States,WNA
84,Tiber,Tiber,LOC,0.0,0.0,it,1.3,4119609-0,6626728,T,-68.39223,-66.98343,POLAR,Antarctica,WAN
83,Tibet,Tibet,GPE,0.5,1.30769231,it,1.3,4111286-6,1280737,P,29.65,91.1,ASIA,China,TIB
82,Athens,Athens,GPE,-0.23076923,0.34615385,it,1.3,4003366-1,264371,P,37.98376,23.72784,EUROPE-AFRICA,Greece,MED
122,Greece,Greece,GPE,0.0,0.76923077,en,1.3,4022047-3,390903,A,39.0,22.0,EUROPE-AFRICA,Greece,MED
123,Outback Queensland,Outback Queensland,GPE,0.04807692,0.38461538,en,1.3,,11523974,L,-24.23315,143.00257,OCEANIA,Australia,CAU
124,Carolinas,Carolinas,GPE,-0.01923077,0.61538462,en,1.3,,7798575,P,14.96655,145.64914,PACIFIC,Northern Mariana Islands,NPO
125,Amsterdam,Amsterdam,GPE,0.27564103,0.55769231,en,1.3,4001783-7,2759794,P,52.37403,4.88969,EUROPE,The Netherlands,NEU
188,Gulf,Gulf,LOC,-0.24038462,0.39423077,tr,1.3,,0,L,26.35058,50.16805,,,
187,Konya,Konya,GPE,0.15384615,0.46153846,tr,1.3,4110361-0,306571,P,37.87135,32.48464,EUROPE-AFRICA,Turkey,MED
204,Lemnos,Lemnos,GPE,-0.53846154,0.51282051,el,1.3,4099662-1,258293,T,39.94235,25.2433,EUROPE-AFRICA,Greece,MED
203,Megalochori,Megalochori,GPE,0.0,0.19230769,el,1.3,,257406,P,39.55982,21.84195,EUROPE-AFRICA,Greece,MED
67,Guwahati,Guwahati,GPE,0.05244755,0.17482517,hi,1.3,4368296-0,1271476,P,26.1844,91.7458,ASIA,India,SAS
68,NZ,NZ,GPE,-0.02389277,0.59207459,hi,1.3,,0,,,,,,
69,Roja,Roja,GPE,-0.17094017,0.74358974,hi,1.3,7587736-3,456107,P,57.50146,22.80881,EUROPE,Latvia,NEU
70,New York,New York,GPE,0.20979021,0.6993007,hi,1.3,4042011-5,5128581,P,40.71427,-74.00597,NORTH-AMERICA,United States,ENA
71,Kerala,Kerala,GPE,0.0,0.0,hi,1.3,4030266-0,1267254,A,10.41667,76.5,ASIA,India,SAS
72,Newark,Newark,GPE,0.20979021,0.6993007,hi,1.3,4246246-0,4143861,P,39.68372,-75.74966,NORTH-AMERICA,United States,ENA
73,NCR,NCR,GPE,-0.19230769,0.87179487,hi,1.3,,9972750,L,28.66047,77.07733,ASIA,India,SAS
74,West Indies,West Indies,GPE,-0.31730769,0.40064103,hi,1.3,,0,L,19.38333,-71.21667,,,
75,Bandra,Bandra,GPE,-0.35897436,0.94871795,hi,1.3,,1332494,P,19.06667,72.83333,ASIA,India,SAS
76,Colombo,Colombo,GPE,0.0,0.07692308,hi,1.3,4010404-7,1248991,P,6.93548,79.84868,INDIAN,Sri Lanka,EIO
77,Kathmandu,Kathmandu,GPE,0.31532357,0.66269841,hi,1.3,4030036-5,1283240,P,27.70169,85.3206,ASIA,Nepal,TIB
90,Southern Argentina,Southern Argentina,GPE,-0.17628205,0.70833333,it,1.3,4633433-6,3171193,P,44.95909,7.19167,EUROPE-AFRICA,Italy,MED
89,Alpine,Alpine,LOC,-0.57692308,1.34615385,it,1.3,,5770732,P,40.45328,-111.77799,NORTH-AMERICA,United States,WNA
403,Lotteria,Lotteria,GPE,0.05244755,0.17482517,ja,1.3,,0,,,,,,
91,Teramo,Teramo,GPE,0.0,0.0,it,1.3,4119563-2,3165803,P,42.66123,13.69901,EUROPE-AFRICA,Italy,MED
91,Ecuador,Ecuador,GPE,0.1048951,0.34965035,nl,1.3,4129321-6,3658394,A,-1.25,-78.25,SOUTH-AMERICA,Ecuador,NWS
97,Copernicus Sentinel-2,Copernicus Sentinel-2,GPE,0.09615385,0.09615385,nl,1.3,,0,,,,,,
96,Oudberg,Oudberg,GPE,0.20979021,0.6993007,nl,1.3,,0,,,,,,
95,Sumatra,Sumatra,GPE,0.08241758,0.48214286,nl,1.3,4058586-4,1626198,T,0.0,102.0,ASIA,Indonesia,SEA
94,Denmark,Denmark,GPE,0.07692308,0.53846154,nl,1.3,4010877-6,2623032,A,56.0,10.0,EUROPE,Denmark,NEU
93,the South Atlantic Ocean,the South Atlantic Ocean,LOC,0.15384615,0.61538462,nl,1.3,4334651-0,4364312,P,38.3365,-75.08491,NORTH-AMERICA,United States,ENA
92,Bergen,Bergen,GPE,0.03846154,0.46153846,nl,1.3,1027742-0,3161732,P,60.39299,5.32415,EUROPE,Norway,NEU
90,Utrecht,Utrecht,GPE,0.0,0.0,nl,1.3,4062222-8,2745912,P,52.09083,5.12222,EUROPE,The Netherlands,NEU
92,Earth,Earth,LOC,-0.02262321,1.37803863,it,1.3,,0,,,,,,
89,Jupiter,Jupiter,LOC,0.1048951,0.73426573,nl,1.3,,4160610,P,26.93422,-80.09421,NORTH-AMERICA,United States,ENA
88,Gulf,Gulf,LOC,0.0,0.0,nl,1.3,,0,L,26.35058,50.16805,,,
60,Splügen,Splügen,GPE,0.23076923,0.57692308,de,1.3,,2658527,T,46.50545,9.33039,EUROPE,Switzerland,WCE
61,Hamburg,Hamburg,GPE,0.0,0.0,de,1.3,4239189-1,2911298,P,53.55073,9.99302,EUROPE,Germany,NEU
62,Graz,Graz,GPE,0.02855478,0.44988345,de,1.3,4021912-4,2778067,P,47.06667,15.45,EUROPE,Austria,WCE
63,Valais,Valais,GPE,0.0,0.0,de,1.3,4064466-2,2658205,A,46.22925,7.45972,EUROPE,Switzerland,WCE
98,Norway,Norway,GPE,0.38461538,0.46153846,nl,1.3,4042640-3,3144096,A,62.0,10.0,EUROPE,Norway,NEU
402,R6 Tama River,R6 Tama River,LOC,0.03846154,0.58717949,ja,1.3,,0,,,,,,
39,Buguruslan,Buguruslan,GPE,0.19230769,0.38461538,ru,1.3,7756938-6,571159,P,53.6554,52.442,EUROPE,Russia,EEU
40,Plymouth,Plymouth,GPE,0.0,0.0,ru,1.3,4117855-5,2186239,P,-39.06667,174.08333,OCEANIA,New Zealand,NZ
41,Orenburg,Orenburg,GPE,-0.03846154,0.96153846,ru,1.3,4075687-7,515003,P,51.7727,55.0988,EUROPE,Russia,EEU
42,Venezuela,Venezuela,GPE,-0.04807692,0.04807692,ru,1.3,4062512-6,3625428,A,8.0,-66.0,SOUTH-AMERICA,Venezuela,NSA
43,Saratov,Saratov,GPE,0.11538462,0.19230769,ru,1.3,4118434-8,498677,P,51.54056,46.00861,EUROPE,Russia,EEU
44,Urgant,Urgant,GPE,0.0,0.0,ru,1.3,,0,,,,,,
45,Kyiv,Kyiv,GPE,0.38461538,0.6025641,ru,1.3,4030522-3,703448,P,50.45466,30.5238,EUROPE,Ukraine,WCE
46,Kazakhstan,Kazakhstan,GPE,0.1048951,0.34965035,ru,1.3,1009150-6,1522867,A,48.0,68.0,ASIA,Kazakhstan,WSB
47,Montserrat,Montserrat,GPE,0.19230769,0.25641026,ru,1.3,4274693-0,3578097,A,16.75,-62.2,CENTRAL-AMERICA,Montserrat,CAR
48,Armenia,Armenia,GPE,-0.15534466,0.42082917,ru,1.3,4085931-9,174982,A,40.25,45.0,ASIA,Armenia,WCA
409,England,England,GPE,-0.23763736,0.42261905,ja,1.3,4014770-8,11919979,L,44.0,-71.0,NORTH-AMERICA,United States,ENA
408,Lake Biwa,Lake Biwa,LOC,0.0,0.30769231,ja,1.3,4217165-9,1864705,H,35.25,136.08333,ASIA,Japan,EAS
407,Koremasa,Koremasa,GPE,0.03846154,0.58717949,ja,1.3,,7551959,S,35.65619,139.48864,ASIA,Japan,EAS
406,Kawasaki City's,Kawasaki City's,GPE,0.88461538,1.41025641,ja,1.3,,8030311,S,35.57475,139.66062,ASIA,Japan,EAS
405,Shinjo,Shinjo,GPE,-0.09615385,0.28846154,ja,1.3,4672421-7,2111061,A,38.78819,140.33989,ASIA,Japan,EAS
64,Garching,Garching,GPE,0.20979021,0.6993007,de,1.3,4092654-0,2922582,P,48.24896,11.65101,EUROPE,Germany,WCE
65,Northern Bavaria,Northern Bavaria,GPE,0.0,0.0,de,1.3,,4267973,P,38.79723,-97.7556,NORTH-AMERICA,United States,CNA
66,Africa,Africa,LOC,-0.07692308,0.69230769,de,1.3,,0,,,,,,
112,South Africa,South Africa,GPE,0.43706294,0.61538462,en,1.3,4078012-0,953987,A,-29.0,24.0,AFRICA,South Africa,WSAF
93,Moscow,Moscow,GPE,0.03846154,0.38461538,it,1.3,4074987-3,524901,P,55.75204,37.61781,EUROPE,Russia,WCE
121,Germany,Germany,GPE,0.57692308,1.07692308,en,1.3,4011882-4,2921044,A,51.5,10.5,EUROPE,Germany,WCE
95,Naples,Naples,GPE,0.19230769,0.25641026,it,1.3,4041476-0,3172394,P,40.85216,14.26811,EUROPE-AFRICA,Italy,MED
96,Brazil,Brazil,GPE,0.53525641,0.75747863,it,1.3,4008003-1,3469034,A,-10.0,-55.0,SOUTH-AMERICA,Brazil,SAM
97,Ukraine,Ukraine,GPE,0.0,0.0,it,1.3,4061496-7,690791,A,49.0,32.0,EUROPE,Ukraine,WCE
98,Venice,Venice,GPE,-0.51538462,0.77179487,it,1.3,4062501-1,3164603,P,45.43713,12.33265,EUROPE,Italy,WCE
120,Sudan,Sudan,GPE,0.0,0.0,en,1.3,4058378-8,366755,A,16.0,30.0,AFRICA,Sudan,SAH
119,Pacific,Pacific,LOC,0.26495726,0.35042735,en,1.3,,0,,,,,,
118,San Diego,San Diego,GPE,0.0,0.0,en,1.3,4269521-1,5391811,P,32.71571,-117.16472,CENTRAL-AMERICA,United States,NCA
117,Aceh,Aceh,GPE,0.0,0.0,en,1.3,4195742-8,1215502,P,5.54167,95.33333,ASIA,Indonesia,SEA
116,Japan,Japan,GPE,-0.10897436,0.23717949,en,1.3,4028495-5,1861060,A,35.68536,139.75309,ASIA,Japan,EAS
115,Italy,Italy,GPE,0.02564103,0.67948718,en,1.3,4027833-5,3175395,A,42.83333,12.83333,EUROPE-AFRICA,Italy,MED
114,Indonesia,Indonesia,GPE,0.0,0.0,en,1.3,4026761-1,1643084,A,-5.0,120.0,ASIA,Indonesia,SEA
113,arctic,arctic,LOC,0.09615385,0.62019231,en,1.3,,0,,,,,,
111,Asia,Asia,LOC,0.0,0.44871795,en,1.3,,0,,,,,,
67,Spain,Spain,GPE,0.0,0.05128205,de,1.3,4055964-6,2510769,A,40.0,-4.0,EUROPE-AFRICA,Spain,MED
109,Brooklyn,Brooklyn,GPE,-0.15384615,0.07692308,en,1.3,4224069-4,5110302,P,40.6501,-73.94958,NORTH-AMERICA,United States,ENA
108,East Coast,East Coast,LOC,-0.26923077,1.11538462,en,1.3,,12212303,L,37.02332,-77.36954,NORTH-AMERICA,United States,ENA
107,Washington State,Washington State,GPE,0.50582751,0.8997669,en,1.3,4118995-4,5815135,A,47.50012,-120.50147,NORTH-AMERICA,United States,WNA
106,Minneapolis,Minneapolis,GPE,0.38461538,0.53846154,en,1.3,4039497-9,5037649,P,44.97997,-93.26384,NORTH-AMERICA,United States,CNA
105,Ohio,Ohio,GPE,0.15384615,0.79487179,en,1.3,4043387-0,5165418,A,40.25034,-83.00018,NORTH-AMERICA,United States,ENA
104,Palau,Palau,GPE,-0.04487179,0.41025641,en,1.3,4044396-6,1559582,A,7.503,134.621,PACIFIC,Palau,EPO
103,Israel,Israel,GPE,-0.07692308,0.0,en,1.3,4027808-6,294640,A,31.5,34.75,EUROPE-AFRICA,Israel,MED
102,Gaza,Gaza,GPE,0.30769231,0.65384615,en,1.3,4092680-1,281133,P,31.50161,34.46672,EUROPE-AFRICA,Palestinian Territory,MED
101,Chandigarh,Chandigarh,GPE,0.26923077,0.73076923,en,1.3,4329340-2,1274746,P,30.73629,76.7884,ASIA,India,TIB
100,London,London,GPE,0.36923077,1.16923077,en,1.3,4074335-4,2643743,P,51.50853,-0.12574,EUROPE,United Kingdom,NEU
99,Mexico,Mexico,GPE,0.79487179,0.53418803,en,1.3,4039058-5,3996063,A,23.0,-102.0,CENTRAL-AMERICA,Mexico,NCA
404,Setsu,Setsu,GPE,0.70192308,1.33210059,ja,1.3,,1855655,T,31.48333,130.51667,ASIA,Japan,EAS
69,Carinthia,Carinthia,GPE,0.18181818,0.65734266,de,1.3,4029175-3,10109446,L,46.53005,14.94999,EUROPE,Slovenia,WCE
68,Davos,Davos,GPE,0.01282051,0.24358974,de,1.3,4011220-2,2661039,P,46.80429,9.83723,EUROPE,Switzerland,WCE
110,the Middle East,the Middle East,LOC,-0.07692308,0.25641026,en,1.3,,12217091,L,35.8,-86.5,NORTH-AMERICA,United States,ENA
94,Alto Adige,Alto Adige,GPE,0.36013986,0.46328671,it,1.3,4060814-1,3165244,A,46.5,11.33333,EUROPE,Italy,WCE
165,the United Arab Emirates,the United Arab Emirates,GPE,-0.04059829,0.5042735,zh,1.3,,8469718,T,25.22231,55.17181,ASIA,United Arab Emirates,ARP
166,Xpeng,Xpeng,GPE,0.78991841,1.61917249,zh,1.3,,0,,,,,,
116,Los Angeles,Los Angeles,GPE,0.0,0.0,es,1.3,4036361-2,5368361,P,34.05223,-118.24368,NORTH-AMERICA,United States,WNA
115,Conaf,Conaf,GPE,0.1025641,0.71794872,es,1.3,,0,,,,,,
171,Jingshan River,Jingshan River,LOC,-0.06730769,0.31730769,zh,1.3,,0,,,,,,
114,Villaverde,Villaverde,GPE,-0.03461538,0.11923077,es,1.3,,6360745,A,43.23183,-3.27722,EUROPE-AFRICA,Spain,MED
113,Alaska,Alaska,GPE,0.0,0.0,es,1.3,4001016-8,5879092,A,64.00028,-150.00028,NORTH-AMERICA,United States,NWN
112,Almeria,Almeria,GPE,0.07692308,0.69230769,es,1.3,4084986-7,2521886,P,36.83814,-2.45974,EUROPE-AFRICA,Spain,MED
172,the Hengchun Peninsula,the Hengchun Peninsula,LOC,-0.06410256,1.13568376,zh,1.3,,0,,,,,,
173,Antarctica,Antarctica,LOC,0.48076923,0.48076923,zh,1.3,,0,,,,,,
111,Aires,Aires,LOC,0.80769231,1.17307692,es,1.3,4008756-6,3435910,P,-34.61315,-58.37723,SOUTH-AMERICA,Argentina,SES
168,Xinjiang,Xinjiang,GPE,0.40384615,1.51923077,zh,1.3,4077460-0,1529047,A,41.5,85.5,ASIA,China,ECA
167,Meituan,Meituan,GPE,0.10989011,0.20604396,zh,1.3,,10051095,P,26.1027,109.314,ASIA,China,EAS
110,Buenos,Buenos,GPE,0.80769231,1.17307692,es,1.3,4008756-6,3435910,P,-34.61315,-58.37723,SOUTH-AMERICA,Argentina,SES
118,Paris,Paris,GPE,0.19230769,0.65934066,es,1.3,4044660-8,2988507,P,48.85341,2.3488,EUROPE,France,WCE
109,Cuenca,Cuenca,GPE,0.71153846,0.79807692,es,1.3,4085363-9,3658666,P,-2.8953,-78.9963,SOUTH-AMERICA,Ecuador,NWS
108,Switzerland,Switzerland,GPE,0.28525641,0.28205128,es,1.3,,2658434,A,47.00016,8.01427,EUROPE,Switzerland,WCE
107,Pontevedra,Pontevedra,LOC,-0.31730769,0.40064103,es,1.3,4227088-1,3113209,P,42.431,-8.64435,EUROPE-AFRICA,Spain,MED
106,Ourense,Ourense,LOC,-0.26923077,0.61698718,es,1.3,4043764-4,3114965,P,42.33669,-7.86407,EUROPE-AFRICA,Spain,MED
126,Albufeira,Albufeira,GPE,0.41083916,0.55856643,pt,1.3,4126599-3,8010512,A,37.08341,-8.26139,EUROPE-AFRICA,Portugal,MED
125,Israel,Israel,GPE,0.15384615,0.15384615,pt,1.3,4027808-6,294640,A,31.5,34.75,EUROPE-AFRICA,Israel,MED
124,Paraná,Paraná,GPE,0.09615385,0.97435897,pt,1.3,,3455077,A,-24.5,-51.33333,SOUTH-AMERICA,Brazil,SES
123,Germany,Germany,GPE,-0.30769231,0.53846154,pt,1.3,4011882-4,2921044,A,51.5,10.5,EUROPE,Germany,WCE
122,Amsterdam,Amsterdam,GPE,0.0,0.0,pt,1.3,4001783-7,2759794,P,52.37403,4.88969,EUROPE,The Netherlands,NEU
123,Rio Grande,Rio Grande,GPE,0.0,0.0,es,1.3,4076741-3,3451190,P,-22.90642,-43.18223,SOUTH-AMERICA,Brazil,SES
120,Japan,Japan,GPE,-0.19230769,0.30769231,pt,1.3,4028495-5,1861060,A,35.68536,139.75309,ASIA,Japan,EAS
117,The Canary Islands,The Canary Islands,LOC,-0.06410256,0.86538462,es,1.3,,2520308,T,28.0,-15.5,AFRICA,Spain,SAH
119,Palermo,Palermo,GPE,0.25384615,0.73589744,es,1.3,4044402-8,2523920,P,38.1166,13.3636,EUROPE-AFRICA,Italy,MED
118,the Antarctic Peninsula,the Antarctic Peninsula,LOC,0.07692308,0.23461538,pt,1.3,,0,,,,,,
136,Greenland,Greenland,GPE,-0.46153846,0.76923077,es,1.3,4022113-1,3425505,A,72.0,-40.0,POLAR,Greenland,GIC
125,Egypt,Egypt,GPE,0.61538462,1.05769231,es,1.3,4000556-2,357994,A,27.0,30.0,AFRICA,Egypt,SAH
126,San Nicolás,San Nicolás,GPE,0.14583333,0.37179487,es,1.3,5168325-8,3577089,P,12.43624,-69.90713,CENTRAL-AMERICA,Aruba,CAR
127,North Carolina,North Carolina,GPE,-0.15384615,0.15384615,es,1.3,4042551-4,4563243,P,18.38078,-65.95739,CENTRAL-AMERICA,Puerto Rico,CAR
128,Manchester United,Manchester United,GPE,0.06410256,1.04700855,es,1.3,,4120405,S,34.06538,-92.94684,NORTH-AMERICA,United States,CNA
129,NYC,NYC,GPE,0.1025641,0.40384615,es,1.3,4042011-5,5128581,P,40.71427,-74.00597,NORTH-AMERICA,United States,ENA
130,Puerto Rico,Puerto Rico,GPE,0.46153846,0.69230769,es,1.3,4076429-1,4566967,T,18.2494,-66.50101,CENTRAL-AMERICA,Puerto Rico,CAR
131,Qatar,Qatar,GPE,0.38461538,0.38461538,es,1.3,4029924-7,289688,A,25.5,51.25,ASIA,Qatar,ARP
132,Cantabrian,Cantabrian,GPE,0.05982906,0.47863248,es,1.3,,0,,,,,,
133,Denmark,Denmark,GPE,-0.55769231,1.05769231,es,1.3,4010877-6,2623032,A,56.0,10.0,EUROPE,Denmark,NEU
134,the United Kingdom,the United Kingdom,GPE,-0.12820513,0.17948718,es,1.3,4022153-2,2635167,A,54.75844,-2.69531,EUROPE,United Kingdom,NEU
135,Barajas,Barajas,GPE,0.38461538,0.625,es,1.3,4652488-5,6299345,S,40.49181,-3.56948,EUROPE-AFRICA,Spain,MED
137,India,India,GPE,0.44230769,0.55769231,es,1.3,4026722-2,1269750,A,22.0,79.0,ASIA,India,SAS
120,Valladolid,Valladolid,GPE,-0.12820513,1.15384615,es,1.3,4119355-6,3106672,P,41.65541,-4.72353,EUROPE-AFRICA,Spain,MED
138,Iberia,Iberia,GPE,0.06410256,0.3974359,es,1.3,4047912-2,4334971,P,30.00354,-91.81873,NORTH-AMERICA,United States,CNA
139,Ebro,Ebro,GPE,0.05982906,0.47863248,es,1.3,4092277-7,3123754,H,40.73024,0.86985,EUROPE-AFRICA,Spain,MED
140,England,England,GPE,0.1025641,0.53846154,es,1.3,4014770-8,11919979,L,44.0,-71.0,NORTH-AMERICA,United States,ENA
141,Albion,Albion,GPE,0.0,0.05128205,es,1.3,,11071615,L,34.68743,-116.78467,NORTH-AMERICA,United States,WNA
142,Huesca,Huesca,GPE,-0.10512821,0.44871795,es,1.3,4089293-1,3120514,P,42.13615,-0.4087,EUROPE-AFRICA,Spain,MED
143,Morocco,Morocco,GPE,0.10576923,0.375,es,1.3,4037680-1,2542007,A,28.5,-10.0,AFRICA,Morocco,SAH
144,Peru,Peru,GPE,-0.07692308,0.38461538,es,1.3,4045312-1,3932488,A,-10.0,-75.25,SOUTH-AMERICA,Peru,NWS
169,Taitung,Taitung,GPE,-0.03008547,1.01277778,zh,1.3,4406404-4,1668295,P,22.75991,121.14457,ASIA,Taiwan,EAS
170,Bahrain,Bahrain,GPE,-0.04059829,0.5042735,zh,1.3,4004268-6,290291,A,26.03333,50.55,ASIA,Bahrain,ARP
122,Mars,Mars,LOC,0.82051282,1.02564103,es,1.3,,6621751,T,-76.66667,161.95,POLAR,Antarctica,EAN
121,Hollywood,Hollywood,GPE,0.49038462,0.44230769,es,1.3,4408912-0,4158928,P,26.0112,-80.14949,NORTH-AMERICA,United States,ENA
119,Venezuela,Venezuela,GPE,-0.11538462,0.26495726,pt,1.3,4062512-6,3625428,A,8.0,-66.0,SOUTH-AMERICA,Venezuela,NSA
121,Mondego,Mondego,GPE,-0.03846154,0.15384615,pt,1.3,4235261-7,2732680,P,40.60478,-7.30968,EUROPE-AFRICA,Portugal,MED
117,the Sousa River,the Sousa River,LOC,-0.55448718,0.69337607,pt,1.3,,0,,,,,,
102,Marseille,Marseille,GPE,0.0982906,0.28205128,fr,1.3,4037694-1,2995469,P,43.29695,5.38107,EUROPE-AFRICA,France,MED
116,Pacific Ocean,Pacific Ocean,LOC,0.09615385,0.12820513,pt,1.3,,0,H,-45.0,-130.0,,,
112,Caribbean,Caribbean,LOC,0.63461538,0.875,fr,1.3,,0,,,,,,
111,Portugal,Portugal,GPE,0.38461538,0.38461538,fr,1.3,4046843-4,2264397,A,39.6945,-8.13057,EUROPE-AFRICA,Portugal,MED
110,Crans-Montana,Crans-Montana,GPE,-0.24358974,0.51068376,fr,1.3,4275008-8,6559506,P,46.31316,7.47914,EUROPE,Switzerland,WCE
109,IA,IA,GPE,0.32051282,0.33760684,fr,1.3,,1904975,A,13.98937,107.7374,ASIA,Vietnam,SEA
108,Netherlands,Netherlands,GPE,0.19230769,0.19230769,fr,1.3,4042203-3,2750405,A,52.25,5.75,EUROPE,The Netherlands,NEU
107,Grenoble,Grenoble,GPE,-0.15384615,0.59615385,fr,1.3,4021985-9,3014728,P,45.17869,5.71479,EUROPE,France,WCE
106,Davos,Davos,GPE,0.23076923,0.32692308,fr,1.3,4011220-2,2661039,P,46.80429,9.83723,EUROPE,Switzerland,WCE
105,Liège,Liège,GPE,0.0,0.0,fr,1.3,4074361-5,2792413,P,50.63373,5.56749,EUROPE,Belgium,WCE
104,Washington,Washington,GPE,-0.15384615,0.38461538,fr,1.3,4064682-8,4140963,P,38.89511,-77.03637,NORTH-AMERICA,United States,ENA
103,Chapois,Chapois,GPE,-0.28205128,0.20512821,fr,1.3,,2800490,P,50.26114,5.13027,EUROPE,Belgium,WCE
101,Odet,Odet,LOC,0.28846154,0.67307692,fr,1.3,,0,,,,,,
115,Sydney,Sydney,GPE,0.06410256,0.08547009,fr,1.3,4058708-3,2147714,P,-33.86785,151.20732,OCEANIA,Australia,EAU
100,Lot-et-Garonne,Lot-et-Garonne,GPE,-0.29487179,0.28205128,fr,1.3,4362671-3,2968515,P,44.40854,0.70415,EUROPE-AFRICA,France,MED
99,Svalbard,Svalbard,LOC,0.0,0.0,fr,1.3,4118926-7,2729907,P,78.22334,15.64689,ARCTIC,Svalbard and Jan Mayen,ARO
98,USA,USA,GPE,0.38461538,0.96153846,fr,1.3,4078704-7,6252001,X,39.759999,-98.5,NORTH-AMERICA,United States,CNA
97,kyiv,kyiv,GPE,0.0,0.0,fr,1.3,4030522-3,703448,P,50.45466,30.5238,EUROPE,Ukraine,WCE
96,Sahel,Sahel,LOC,0.19230769,0.19230769,fr,1.3,,0,,,,,,
95,Vienna,Vienna,GPE,-0.09615385,0.28846154,fr,1.3,4066009-6,2761369,P,48.20849,16.37208,EUROPE,Austria,WCE
106,Tejo,Tejo,GPE,0.0,0.38461538,pt,1.3,,0,,,,,,
105,Santa Apolónia,Santa Apolónia,GPE,0.00641026,0.26923077,pt,1.3,,8583545,A,19.24615,-98.31268,CENTRAL-AMERICA,Mexico,SCA
104,Portalegre,Portalegre,GPE,0.01923077,0.17307692,pt,1.3,4356984-5,2264507,A,39.25,-7.58333,EUROPE-AFRICA,Portugal,MED
164,Huadong,Huadong,GPE,0.26495726,0.93376068,zh,1.3,,12361373,A,38.36941,117.36078,ASIA,China,EAS
56,Sydney,Sydney,GPE,0.41025641,1.15384615,ar,1.3,4058708-3,2147714,P,-33.86785,151.20732,OCEANIA,Australia,EAU
114,Hungary,Hungary,GPE,0.13461538,0.86538462,fr,1.3,4078541-5,719819,A,47.0,20.0,EUROPE,Hungary,WCE
113,Finland,Finland,GPE,0.43589744,0.41025641,fr,1.3,4017243-0,660013,A,64.0,26.0,EUROPE,Finland,NEU
116,Benin,Benin,GPE,0.05244755,0.55944056,fr,1.3,4005503-6,2395170,A,9.5,2.25,AFRICA,Benin,WAF
117,Dubai,Dubai,GPE,0.11538462,0.19230769,fr,1.3,4204044-9,292223,P,25.07725,55.30927,ASIA,United Arab Emirates,ARP
115,El Niño,El Niño,GPE,0.09615385,0.12820513,pt,1.3,,12513655,L,-0.90231,-89.52853,PACIFIC,Ecuador,EPO
114,the Northern Hemisphere,the Northern Hemisphere,LOC,-0.19070513,0.88621795,pt,1.3,,0,,,,,,
113,Virginia,Virginia,GPE,0.24358974,0.66666667,pt,1.3,4376528-2,4801859,P,38.34982,-81.63262,NORTH-AMERICA,United States,ENA
112,Guarulhos,Guarulhos,GPE,0.19230769,0.25641026,pt,1.3,16086122-6,3461786,P,-23.46278,-46.53333,SOUTH-AMERICA,Brazil,SES
111,the Tapajós River,the Tapajós River,LOC,0.19230769,0.25641026,pt,1.3,,3386757,H,-2.40904,-54.72402,SOUTH-AMERICA,Brazil,NSA
110,Siberia,Siberia,LOC,0.09615385,1.28205128,pt,1.3,4286755-1,11961345,L,55.01565,82.96276,ASIA,Russia,WSB
109,Tehran,Tehran,GPE,0.0,0.61538462,pt,1.3,4059304-6,112931,P,35.69439,51.42151,ASIA,Iran,WCA
108,Curitiba,Curitiba,GPE,0.0,1.15384615,pt,1.3,4085375-5,3464975,P,-25.42778,-49.27306,SOUTH-AMERICA,Brazil,SES
107,South Korea,South Korea,GPE,0.46153846,0.48717949,pt,1.3,4078029-6,1835841,A,36.5,127.75,ASIA,South Korea,EAS
131,Saintes,Saintes,GPE,0.0,0.76923077,fr,1.3,4118237-6,2980340,P,45.74742,-0.63489,EUROPE,France,WCE
130,Mayotte,Mayotte,GPE,-0.23076923,0.28632479,fr,1.3,4115054-5,1024031,A,-12.83333,45.16667,AFRICA,Mayotte,MDG
129,Strasbourg,Strasbourg,GPE,-0.15384615,0.30769231,fr,1.3,4057878-1,2973783,P,48.58392,7.74553,EUROPE,France,WCE
128,Senegal,Senegal,GPE,0.04273504,0.51282051,fr,1.3,4054529-5,2245662,A,14.5,-14.25,AFRICA,Senegal,WAF
127,Algarve,Algarve,GPE,0.0,0.0,fr,1.3,4001155-0,10227214,L,37.08367,-8.24902,EUROPE-AFRICA,Portugal,MED
126,Nice,Nice,GPE,0.8021978,1.35989011,fr,1.3,4075416-9,2990440,P,43.70313,7.26608,EUROPE-AFRICA,France,MED
125,Cairo,Cairo,GPE,0.0,0.0,fr,1.3,4029236-8,360630,P,30.06263,31.24967,EUROPE-AFRICA,Egypt,MED
124,India,India,GPE,-0.07692308,0.69230769,fr,1.3,4026722-2,1269750,A,22.0,79.0,ASIA,India,SAS
123,Vendée,Vendée,GPE,-0.03205128,0.09615385,fr,1.3,4119390-8,2970140,A,46.64169,-1.30407,EUROPE,France,WCE
122,Montreal,Montreal,GPE,0.0,0.0,fr,1.3,4040188-1,6077243,P,45.50884,-73.58781,NORTH-AMERICA,Canada,ENA
121,Dordogne,Dordogne,GPE,0.0,0.0,fr,1.3,4091152-4,3021042,A,45.12735,0.73504,EUROPE,France,WCE
120,Tarn-et-Garonne,Tarn-et-Garonne,GPE,-0.19871795,0.18376068,fr,1.3,,2973357,A,44.0,1.16667,EUROPE-AFRICA,France,MED
119,North Korea,North Korea,GPE,0.11538462,0.48717949,fr,1.3,4075468-6,1873107,A,40.0,127.0,ASIA,North Korea,EAS
118,the Grand Canyon,the Grand Canyon,LOC,0.36752137,0.97008547,fr,1.3,,5296402,S,35.95221,-112.14684,NORTH-AMERICA,United States,WNA
124,Missouri,Missouri,GPE,0.5,0.88461538,es,1.3,4039591-1,4398678,A,38.25031,-92.50046,NORTH-AMERICA,United States,CNA
410,Central Kalimantan,Central Kalimantan,LOC,-0.04320988,0.55092593,ja,1.28571429,4272443-0,1641898,A,-2.0,113.5,ASIA,Indonesia,SEA
411,Yao City,Yao City,GPE,0.38888889,0.77777778,ja,1.28571429,16038039-X,1671522,L,24.0739,120.5156,ASIA,Taiwan,EAS
412,Negaimasu,Negaimasu,GPE,0.0,0.0,ja,1.28571429,,0,,,,,,
413,P75-L1,P75-L1,GPE,0.0,0.0,ja,1.28571429,,0,,,,,,
174,the Hsinchu County Government,the Hsinchu County Government,GPE,0.57954545,0.81339713,zh,1.26666667,,0,,,,,,
414,Taipei,Taipei,GPE,0.17763158,1.1622807,ja,1.26666667,4078134-3,1668341,P,25.05306,121.52639,ASIA,Taiwan,EAS
423,Moriyama City,Moriyama City,GPE,0.38,0.96,ja,1.25,,7354052,A,35.22123,136.99559,ASIA,Japan,EAS
415,Italy,Italy,GPE,0.0,1.2,ja,1.25,4027833-5,3175395,A,42.83333,12.83333,EUROPE-AFRICA,Italy,MED
416,Shiga Prefecture,Shiga Prefecture,GPE,0.38,0.96,ja,1.25,129630-9,1853574,P,35.0,135.86667,ASIA,Japan,EAS
182,Fuli,Fuli,GPE,0.0,0.0,zh,1.25,,1676433,P,23.17639,121.24806,ASIA,Taiwan,EAS
181,Virginia,Virginia,GPE,-0.06,0.1,zh,1.25,4376528-2,4801859,P,38.34982,-81.63262,NORTH-AMERICA,United States,ENA
180,Mainland,Mainland,LOC,0.15878788,0.35333333,zh,1.25,,7281922,L,49.08333,-122.35,NORTH-AMERICA,Canada,WNA
179,Hehuanshan,Hehuanshan,LOC,0.07272727,0.37575758,zh,1.25,,1676173,T,24.1425,121.27139,ASIA,Taiwan,EAS
177,Poland,Poland,GPE,0.15,0.41666667,zh,1.25,4046496-9,798544,A,52.0,20.0,EUROPE,Poland,WCE
176,Shoufeng Township,Shoufeng Township,GPE,-0.26666667,0.4,zh,1.25,,1669124,P,23.86934,121.50971,ASIA,Taiwan,EAS
175,the Hualien County Government,the Hualien County Government,GPE,0.0,0.0,zh,1.25,,0,,,,,,
178,Yilan County Government,Yilan County Government,GPE,0.0,0.2,zh,1.25,,0,,,,,,
422,Buffalo,Buffalo,GPE,-0.15563636,0.85721212,ja,1.25,4080569-4,5110629,P,42.88645,-78.87837,NORTH-AMERICA,United States,ENA
421,Ukyo Ward,Ukyo Ward,GPE,0.16,0.44,ja,1.25,,0,,,,,,
420,Kagawa Prefecture,Kagawa Prefecture,GPE,0.0,0.08,ja,1.25,,1851100,P,34.33333,134.05,ASIA,Japan,EAS
419,Genoa,Genoa,GPE,0.04,0.32,ja,1.25,4020185-5,3176219,P,44.40478,8.94439,EUROPE-AFRICA,Italy,MED
418,Korea,Korea,GPE,0.0,0.24,ja,1.25,4078029-6,1835841,A,36.5,127.75,ASIA,South Korea,EAS
417,Tenya,Tenya,GPE,0.0,0.0,ja,1.25,,2302809,P,6.28718,-0.1769,AFRICA,Ghana,WAF
424,Sendai City,Sendai City,GPE,-0.05363985,1.20689655,ja,1.24285714,,6512998,S,38.26373,140.88168,ASIA,Japan,EAS
425,the Chugoku Mountains,the Chugoku Mountains,LOC,-0.1625,0.40625,ja,1.23076923,,0,,,,,,
426,Fuchu City,Fuchu City,GPE,0.0,0.0,ja,1.225,,7559960,S,36.67781,137.16861,ASIA,Japan,EAS
183,Venezuela,Venezuela,GPE,0.0982962,0.2948886,zh,1.21111111,4062512-6,3625428,A,8.0,-66.0,SOUTH-AMERICA,Venezuela,NSA
99,Amsterdam,Amsterdam,GPE,-0.41666667,0.75,nl,1.2,4001783-7,2759794,P,52.37403,4.88969,EUROPE,The Netherlands,NEU
209,Minami-Uonuma City,Minami-Uonuma City,GPE,-0.23958333,0.17708333,zh,1.2,,0,,,,,,
71,Zermatt,Zermatt,GPE,0.20833333,0.41666667,de,1.2,4108981-9,2657928,P,46.01998,7.74863,EUROPE,Switzerland,WCE
432,Fukuoka City,Fukuoka City,GPE,0.39507576,0.88080808,ja,1.2,4125989-0,1863967,P,33.6,130.41667,ASIA,Japan,EAS
208,Philippines,Philippines,GPE,0.06481481,0.43518519,zh,1.2,4045771-0,1694008,A,13.40882,122.56155,ASIA,Philippines,SEA
127,Viana,Viana,GPE,0.14517196,0.72189153,pt,1.2,4247154-0,2732772,A,41.89649,-8.5063,EUROPE-AFRICA,Portugal,MED
437,Fuji,Fuji,LOC,0.25,0.40277778,ja,1.2,4017063-9,2205218,A,-18.0,178.0,PACIFIC,Fiji,SPO
436,Izu City,Izu City,GPE,0.0,0.0,ja,1.2,,4384872,S,38.62894,-90.17872,NORTH-AMERICA,United States,CNA
435,Kurashiki City,Kurashiki City,GPE,0.07291667,0.05208333,ja,1.2,,0,,,,,,
434,Yamaguchi Prefecture,Yamaguchi Prefecture,LOC,-0.09803241,0.30775463,ja,1.2,,1848689,P,34.18333,131.46667,ASIA,Japan,EAS
433,Shimonoseki City,Shimonoseki City,GPE,-0.09803241,0.30775463,ja,1.2,4249593-3,1856625,P,33.9559,130.96561,ASIA,Japan,EAS
431,Wakayama,Wakayama,GPE,-0.08333333,0.75,ja,1.2,4336248-5,1926004,P,34.23333,135.16667,ASIA,Japan,EAS
70,Garmisch,Garmisch,GPE,-0.04419192,0.72222222,de,1.2,4019275-1,2922530,P,47.49209,11.09576,EUROPE,Germany,WCE
430,Nantes,Nantes,GPE,0.0,0.0,ja,1.2,4041204-0,2990969,P,47.21725,-1.55336,EUROPE,France,WCE
429,Kamaishi City,Kamaishi City,GPE,0.0,0.0,ja,1.2,,0,,,,,,
428,Antarctic,Antarctic,LOC,-0.25,0.33333333,ja,1.2,,6632710,L,-90.0,0.0,POLAR,Antarctica,EAN
427,Saga Prefecture,Saga Prefecture,LOC,0.15416667,1.25694444,ja,1.2,,1853303,P,33.23333,130.3,ASIA,Japan,EAS
186,Ethiopia,Ethiopia,GPE,-0.2797619,0.47420635,zh,1.2,4000639-6,337996,A,9.0,39.5,AFRICA,Ethiopia,NEAF
146,La Rioja,La Rioja,GPE,0.03472222,0.45416667,es,1.2,10081205-3,3848949,A,-29.58333,-67.0,SOUTH-AMERICA,Argentina,SES
145,Manchester,Manchester,GPE,0.22222222,1.08333333,es,1.2,4114959-2,5089178,P,42.99564,-71.45479,NORTH-AMERICA,United States,ENA
185,Northeast Asia,Northeast Asia,LOC,-0.05555556,0.44444444,zh,1.2,,11497248,L,21.70032,106.19604,ASIA,Vietnam,EAS
184,Wuling,Wuling,GPE,-0.17708333,0.28125,zh,1.2,,1791118,T,28.56288,109.48875,ASIA,China,EAS
187,earth,earth,LOC,0.8452381,1.60714286,zh,1.2,,0,,,,,,
140,Nigeria,Nigeria,GPE,0.20833333,0.23148148,en,1.2,4042300-1,2328926,A,10.0,8.0,AFRICA,Nigeria,WAF
138,U.S,U.S,GPE,-0.02728175,0.81845238,en,1.2,,0,,,,,,
137,New York City,New York City,GPE,0.26919192,0.69545455,en,1.2,4042011-5,5128581,P,40.71427,-74.00597,NORTH-AMERICA,United States,ENA
136,NY,NY,GPE,-0.04962121,0.8040404,en,1.2,,3042198,P,54.22209,-4.69099,EUROPE,Isle of Man,NEU
135,Canberra,Canberra,GPE,0.0,0.0,en,1.2,4085133-3,2172517,P,-35.28346,149.12807,OCEANIA,Australia,SAU
134,Spain,Spain,GPE,0.15625,0.41666667,en,1.2,4055964-6,2510769,A,40.0,-4.0,EUROPE-AFRICA,Spain,MED
133,NYC,NYC,GPE,0.30555556,0.33333333,en,1.2,4042011-5,5128581,P,40.71427,-74.00597,NORTH-AMERICA,United States,ENA
132,Puerto Rico's,Puerto Rico's,GPE,-0.30555556,1.11111111,en,1.2,,6458700,S,18.45325,-66.09247,CENTRAL-AMERICA,Puerto Rico,CAR
131,West Coast,West Coast,LOC,0.22222222,0.40277778,en,1.2,,12492673,L,39.28,-155.26,PACIFIC,United States,NPO
130,Venezuela,Venezuela,GPE,0.08796296,0.83796296,en,1.2,4062512-6,3625428,A,8.0,-66.0,SOUTH-AMERICA,Venezuela,NSA
129,Cuba,Cuba,GPE,0.0,0.0,en,1.2,4033340-1,3562981,A,22.0,-79.5,CENTRAL-AMERICA,Cuba,CAR
128,Hawaii,Hawaii,GPE,0.04166667,0.16666667,en,1.2,251184-8,5855797,A,20.78785,-156.38612,PACIFIC,United States,NPO
127,the Strait of Hormuz,the Strait of Hormuz,LOC,0.34722222,0.91666667,en,1.2,,0,,,,,,
126,East,East,LOC,0.10416667,1.20833333,en,1.2,,12212303,L,37.02332,-77.36954,NORTH-AMERICA,United States,ENA
102,the United States,the United States,GPE,0.14109848,1.43213384,it,1.2,,0,,,,,,
101,Northern Italy,Northern Italy,LOC,0.29166667,0.6875,it,1.2,,6635527,T,-62.17564,-58.51362,POLAR,Antarctica,WAN
100,Corsica,Corsica,LOC,-0.3125,0.83333333,it,1.2,1246405024,3023519,A,42.06153,8.9542,EUROPE-AFRICA,France,MED
99,Atreju,Atreju,GPE,0.20833333,0.33333333,it,1.2,,0,,,,,,
188,Maryland,Maryland,GPE,0.55681818,0.93939394,zh,1.2,4037776-3,4361885,A,39.00039,-76.74997,NORTH-AMERICA,United States,ENA
220,Hubei Province,Hubei Province,GPE,0.0,0.0,zh,1.2,4122666-5,1791247,P,30.58333,114.26667,ASIA,China,EAS
219,Mixue Ice City,Mixue Ice City,GPE,0.5,0.88888889,zh,1.2,,0,,,,,,
218,Saudi Arabia’s,Saudi Arabia’s,GPE,0.5,0.91666667,zh,1.2,,0,,,,,,
217,Berlin,Berlin,GPE,0.12878788,0.3615846,zh,1.2,4005728-8,2950159,P,52.52437,13.41053,EUROPE,Germany,WCE
216,Dhahran,Dhahran,GPE,-0.10416667,0.10416667,zh,1.2,4526328-0,107797,P,26.28864,50.11396,ASIA,Saudi Arabia,ARP
215,East,East,LOC,0.20833333,0.54166667,zh,1.2,,12212303,L,37.02332,-77.36954,NORTH-AMERICA,United States,ENA
214,Tibet,Tibet,GPE,0.0,0.13888889,zh,1.2,4111286-6,1280737,P,29.65,91.1,ASIA,China,TIB
213,Amazon,Amazon,LOC,-0.08333333,0.31111111,zh,1.2,,12217728,L,-7.75193,-63.03794,SOUTH-AMERICA,Brazil,NSA
212,Inner Mongolia,Inner Mongolia,LOC,-0.54166667,0.91666667,zh,1.2,4096284-2,2035607,A,43.5,114.75,ASIA,China,ECA
211,Zhanjiang,Zhanjiang,GPE,0.125,0.22222222,zh,1.2,6130385-9,1784990,P,21.23391,110.38749,ASIA,China,EAS
210,Niigata,Niigata,GPE,0.0,0.0,zh,1.2,4208484-2,1855431,P,37.92259,139.04125,ASIA,Japan,EAS
139,North Island,North Island,LOC,0.125,0.41666667,en,1.2,,3575292,P,17.3259,-62.81055,CENTRAL-AMERICA,St Kitts and Nevis,CAR
100,Marbella,Marbella,GPE,0.66666667,0.625,nl,1.2,4132923-5,2514169,P,36.51543,-4.88583,EUROPE-AFRICA,Spain,MED
141,Shreveport,Shreveport,GPE,0.0,0.0,en,1.2,4192961-5,4341513,P,32.52515,-93.75018,NORTH-AMERICA,United States,CNA
207,Dabajianshan,Dabajianshan,GPE,-0.41666667,1.08333333,zh,1.2,,0,,,,,,
202,London,London,GPE,0.03872054,0.39372896,zh,1.2,4074335-4,2643743,P,51.50853,-0.12574,EUROPE,United Kingdom,NEU
201,Midwest,Midwest,LOC,0.35542929,0.67203283,zh,1.2,4074909-5,12212748,L,43.61327,-88.28917,NORTH-AMERICA,United States,ENA
200,the WISE2025 King of Business Conference,the WISE2025 King of Business Conference,LOC,0.3125,0.9375,zh,1.2,,0,,,,,,
142,Great Lakes,Great Lakes,GPE,1.125,1.35416667,en,1.2,4022167-2,12212304,L,44.57143,-84.69022,NORTH-AMERICA,United States,ENA
203,Baichuan,Baichuan,GPE,0.79427083,1.41666667,zh,1.2,,1671183,T,24.30624,120.99411,ASIA,Taiwan,EAS
199,Tokyo City,Tokyo City,GPE,0.3125,1.04166667,zh,1.2,,1864055,P,35.6698,139.81456,ASIA,Japan,EAS
198,Castle Peak,Castle Peak,LOC,-0.19097222,0.43402778,zh,1.2,,6630899,T,-66.9915,-65.88439,POLAR,Antarctica,WAN
205,DC,DC,GPE,0.38876263,1.15258838,zh,1.2,4064682-8,4140963,P,38.89511,-77.03637,NORTH-AMERICA,United States,ENA
206,Minamiuonuma City,Minamiuonuma City,GPE,0.0,0.0,zh,1.2,,0,,,,,,
204,AI,AI,GPE,-0.02380952,0.59126984,zh,1.2,,0,,,,,,
197,Madrid,Madrid,GPE,0.57222222,1.98055556,zh,1.2,4036862-2,3117735,P,40.4165,-3.70256,EUROPE-AFRICA,Spain,MED
196,Yingjiang County,Yingjiang County,GPE,0.0,0.0,zh,1.2,,0,,,,,,
195,Yunnan Province,Yunnan Province,GPE,0.0,0.0,zh,1.2,,1785694,A,25.0,101.5,ASIA,China,EAS
194,Nepal,Nepal,GPE,0.02840909,0.4592803,zh,1.2,4041612-4,1282988,A,28.0,84.0,ASIA,Nepal,TIB
193,Mount Everest,Mount Everest,LOC,0.03472222,0.48611111,zh,1.2,4040417-1,1283416,T,27.98791,86.92529,ASIA,China,TIB
192,Kunming,Kunming,GPE,0.0702381,0.77632275,zh,1.2,4098836-3,1804651,P,25.03889,102.71833,ASIA,China,EAS
143,Southern US,Southern US,LOC,0.0,0.0,en,1.2,,11887752,L,33.45876,-90.15081,NORTH-AMERICA,United States,CNA
189,Middle East,Middle East,LOC,-0.16352513,0.49768519,zh,1.2,,0,L,33.13906,35.85869,,,
190,Project Madison,Project Madison,GPE,0.57253788,0.94943182,zh,1.2,,0,,,,,,
191,National Harbor,National Harbor,GPE,0.55681818,0.93939394,zh,1.2,,7276754,P,38.78264,-77.01506,NORTH-AMERICA,United States,ENA
221,Qingdao,Qingdao,GPE,-0.04230769,0.67692308,zh,1.18181818,4061118-8,1797929,P,36.06488,120.38042,ASIA,China,EAS
222,Xi'an,Xi'an,GPE,-0.04230769,0.67692308,zh,1.18181818,4225216-7,1790630,P,34.25833,108.92861,ASIA,China,EAS
225,Ningbo,Ningbo,GPE,0.44558983,0.58127706,zh,1.16666667,4264941-9,1799397,P,29.87819,121.54945,ASIA,China,EAS
440,Osawa,Osawa,GPE,0.0,0.0,ja,1.16666667,,2111353,A,38.33333,140.66667,ASIA,Japan,EAS
439,JR West,JR West,GPE,0.30833333,1.05595238,ja,1.16666667,,4669558,S,31.57788,-94.70668,NORTH-AMERICA,United States,CNA
438,Chofu City,Chofu City,GPE,0.0,0.0,ja,1.16666667,,0,,,,,,
224,Greater China,Greater China,LOC,0.33223562,0.55115955,zh,1.16666667,7716617-6,3488465,P,17.99107,-76.95742,CENTRAL-AMERICA,Jamaica,CAR
223,Chike Mountain,Chike Mountain,GPE,0.0,0.0,zh,1.16666667,,340790,T,7.5,39.01667,AFRICA,Ethiopia,NEAF
441,Sanriku Offshore Earthquake,Sanriku Offshore Earthquake,LOC,0.31354167,1.03663194,ja,1.14285714,,0,,,,,,
226,Taikoo Li,Taikoo Li,GPE,0.44848485,1.00606061,zh,1.125,,0,,,,,,
444,TOKYO,TOKYO,GPE,-0.2962963,0.59259259,ja,1.125,4078337-6,1850147,P,35.6895,139.69171,ASIA,Japan,EAS
443,Minamisoma City,Minamisoma City,GPE,0.02798354,0.43127572,ja,1.125,,0,,,,,,
445,Shinjuku,Shinjuku,GPE,0.0,0.0,ja,1.125,4353744-3,1852083,A,35.69384,139.70355,ASIA,Japan,EAS
442,Niigata Prefecture,Niigata Prefecture,GPE,-0.28888889,0.71851852,ja,1.125,4208484-2,1855431,P,37.92259,139.04125,ASIA,Japan,EAS
230,Boston,Boston,GPE,0.28159091,0.83488636,zh,1.11111111,4007840-1,4930956,P,42.35843,-71.05977,NORTH-AMERICA,United States,ENA
229,the South Korean,the South Korean,LOC,-0.09375,0.211875,zh,1.11111111,,4794704,L,37.53681,-77.44887,NORTH-AMERICA,United States,ENA
228,Wanli District,Wanli District,LOC,0.12272727,0.40909091,zh,1.11111111,,1677428,P,22.92556,120.18306,ASIA,Taiwan,EAS
227,Northern Taiwan's,Northern Taiwan's,LOC,0.36621429,0.75442857,zh,1.11111111,,5764847,S,43.84165,-103.47325,NORTH-AMERICA,United States,CNA
446,Brompton,Brompton,GPE,0.0,0.0,ja,1.11111111,1266902511,6002138,H,45.42948,-72.14844,NORTH-AMERICA,Canada,ENA
474,Nipah,Nipah,GPE,0.54545455,1.36363636,ja,1.1,,12475324,A,-1.0925,104.19222,ASIA,Indonesia,SEA
234,the United Kingdom,the United Kingdom,GPE,0.49431818,0.70643939,zh,1.1,4022153-2,2635167,A,54.75844,-2.69531,EUROPE,United Kingdom,NEU
235,Chicago,Chicago,GPE,0.27410468,0.58161157,zh,1.1,4009921-0,4887398,P,41.85003,-87.65005,NORTH-AMERICA,United States,ENA
478,Inagi City,Inagi City,GPE,0.36363636,0.72727273,ja,1.1,,0,,,,,,
477,Onnella,Onnella,GPE,-0.27946128,0.92592593,ja,1.1,,0,,,,,,
476,Marunouchi,Marunouchi,GPE,0.45454545,0.54545455,ja,1.1,,1857654,P,35.68146,139.76328,ASIA,Japan,EAS
475,Minami,Minami,GPE,-0.02272727,0.12626263,ja,1.1,,1857197,L,34.95,139.95,ASIA,Japan,EAS
473,Edogawa Ward,Edogawa Ward,GPE,0.95454545,0.90909091,ja,1.1,,0,,,,,,
232,the United States Geological Survey,the United States Geological Survey,GPE,0.0,0.63636364,zh,1.1,,7708204,S,30.225,-92.045,NORTH-AMERICA,United States,CNA
472,Kyoto Prefecture,Kyoto Prefecture,GPE,0.0,0.45454545,ja,1.1,4073426-2,1857910,P,35.02107,135.75385,ASIA,Japan,EAS
471,Mos Burger,Mos Burger,GPE,-0.54545455,0.86363636,ja,1.1,,0,,,,,,
470,Kentucky,Kentucky,GPE,0.0,0.0,ja,1.1,4097823-0,6254925,A,38.20042,-84.87762,NORTH-AMERICA,United States,ENA
469,Hama,Hama,GPE,-0.18181818,0.13636364,ja,1.1,4089137-9,170017,P,35.13179,36.75783,EUROPE-AFRICA,Syria,MED
468,Yokosuka City,Yokosuka City,GPE,0.0,0.0,ja,1.1,,0,,,,,,
467,the Japan Trench,the Japan Trench,LOC,0.58874459,1.12337662,ja,1.1,,0,,,,,,
466,Yonaguni Island,Yonaguni Island,LOC,0.0,0.0,ja,1.1,,1848275,T,24.45543,122.99069,ASIA,Japan,EAS
465,Taketomi Town,Taketomi Town,GPE,0.0,0.0,ja,1.1,,6300466,S,24.06667,123.8,ASIA,Japan,EAS
464,Z.ai,Z.ai,GPE,0.0030303,0.87575758,ja,1.1,,8583108,A,20.72614,-97.81882,CENTRAL-AMERICA,Mexico,NCA
463,Nichinan Town,Nichinan Town,GPE,0.0,0.0,ja,1.1,,0,,,,,,
233,Meishan,Meishan,GPE,-0.26262626,0.83838384,zh,1.1,10190808-8,1800818,P,30.04392,103.83696,ASIA,China,EAS
259,Ultraman,Ultraman,GPE,-0.01136364,0.45454545,zh,1.1,,0,,,,,,
231,the East Third Ring Road,the East Third Ring Road,LOC,0.68181818,0.8030303,zh,1.1,,0,,,,,,
461,Totten Glacier,Totten Glacier,LOC,0.0,0.0,ja,1.1,,6626883,H,-66.83333,116.33333,POLAR,Antarctica,EAN
101,Greenland,Greenland,GPE,0.0,0.0,nl,1.1,4022113-1,3425505,A,72.0,-40.0,POLAR,Greenland,GIC
102,Caribbean,Caribbean,LOC,0.0,0.0,nl,1.1,,0,,,,,,
278,Michigan,Michigan,GPE,0.11363636,0.15151515,zh,1.1,4115139-2,5001836,A,44.25029,-85.50033,NORTH-AMERICA,United States,ENA
279,Miaoli City's,Miaoli City's,GPE,0.97348485,1.20075758,zh,1.1,,6645744,S,24.59389,120.80865,ASIA,Taiwan,EAS
280,Vientiane City,Vientiane City,GPE,0.58181818,0.8469697,zh,1.1,,9886172,S,17.96713,102.6101,ASIA,Laos,SEA
281,Hubei,Hubei,GPE,0.08116883,0.43073593,zh,1.1,4122666-5,1791247,P,30.58333,114.26667,ASIA,China,EAS
282,Dharma,Dharma,GPE,0.18073593,0.60409288,zh,1.1,,12485784,A,-5.77167,105.78639,ASIA,Indonesia,SEA
283,Hongmeng,Hongmeng,GPE,0.79545455,0.83333333,zh,1.1,,0,,,,,,
284,Hainan,Hainan,GPE,0.0099097,0.40606826,zh,1.1,4238805-3,1809055,T,19.2,109.7,ASIA,China,SEA
285,Kuaishou,Kuaishou,GPE,0.00774793,0.86363636,zh,1.1,,0,,,,,,
286,Arizona,Arizona,GPE,-0.07670455,0.79545455,zh,1.1,4002920-7,5551752,A,34.5003,-111.50098,NORTH-AMERICA,United States,WNA
277,the east coast,the east coast,LOC,0.0,0.54545455,zh,1.1,,12212303,L,37.02332,-77.36954,NORTH-AMERICA,United States,ENA
276,the Tibetan Plateau,the Tibetan Plateau,LOC,-0.00170455,0.3625,zh,1.1,,0,,,,,,
275,Lianjia,Lianjia,GPE,-0.18181818,0.31818182,zh,1.1,,7395974,P,41.2321,120.316,ASIA,China,EAS
274,Tianxiang,Tianxiang,GPE,0.0,0.37121212,zh,1.1,,1667825,P,24.18278,121.49361,ASIA,Taiwan,EAS
273,Loli Island,Loli Island,GPE,0.16804408,0.57070707,zh,1.1,,4032522,T,-18.83758,-174.00996,PACIFIC,Tonga,SPO
272,Taipei City's,Taipei City's,GPE,0.25528007,0.70615243,zh,1.1,,6642405,T,25.28602,121.59017,ASIA,Taiwan,EAS
271,the Lvshui Recreation Area,the Lvshui Recreation Area,LOC,0.0,0.0,zh,1.1,,0,,,,,,
270,the Green Water Trail,the Green Water Trail,LOC,-0.25974026,0.51948052,zh,1.1,,0,,,,,,
462,Hachimantai City,Hachimantai City,GPE,0.0,0.0,ja,1.1,,0,,,,,,
460,the Strait of Hormuz,the Strait of Hormuz,LOC,-0.28409091,0.625,ja,1.1,,0,,,,,,
260,Olkhon Island,Olkhon Island,LOC,0.09090909,0.74545455,zh,1.1,,6620466,T,53.16983,107.31995,ASIA,Russia,ESB
248,Hsinchu County's,Hsinchu County's,GPE,0.04545455,0.59090909,zh,1.1,,7500723,S,24.6925,121.04444,ASIA,Taiwan,EAS
239,the Northeastern United States,the Northeastern United States,GPE,0.18359734,0.62482782,zh,1.1,,12217906,L,41.30225,-76.02801,NORTH-AMERICA,United States,ENA
240,Otaru,Otaru,GPE,-0.05681818,0.43560606,zh,1.1,4469998-0,2128574,P,43.18944,141.00222,ASIA,Japan,EAS
241,Madagascar,Madagascar,GPE,0.35795455,0.64583333,zh,1.1,4074425-5,1062947,A,-20.0,47.0,AFRICA,Madagascar,MDG
242,Earth,Earth,LOC,0.40289256,0.63842975,zh,1.1,,0,,,,,,
243,Hebei,Hebei,GPE,0.12247475,0.60732323,zh,1.1,4025840-3,1808773,A,39.0,115.66667,ASIA,China,EAS
244,Africa,Africa,LOC,-0.13131313,0.62247475,zh,1.1,,0,,,,,,
245,Lishuyuan,Lishuyuan,GPE,0.0,0.0,zh,1.1,,7401843,P,40.80438,124.74867,ASIA,China,EAS
246,the northeast monsoon,the northeast monsoon,LOC,0.02462121,1.0094697,zh,1.1,,0,,,,,,
261,Minnesota,Minnesota,GPE,-0.06818182,0.47727273,zh,1.1,4101012-7,5037779,A,46.25024,-94.25055,NORTH-AMERICA,United States,CNA
249,Sweden,Sweden,GPE,0.3030303,0.60606061,zh,1.1,4077258-5,2661886,A,62.0,15.0,EUROPE,Sweden,NEU
459,Lindt,Lindt,GPE,0.0,0.0,ja,1.1,4753973-2,2752732,P,51.8275,4.57361,EUROPE,The Netherlands,WCE
250,Bilibili,Bilibili,GPE,0.12190083,0.90909091,zh,1.1,,1648774,P,-5.2832,119.5751,ASIA,Indonesia,SEA
251,Taiwan Beach,Taiwan Beach,GPE,-0.03030303,0.70707071,zh,1.1,,1673270,T,22.96111,120.16778,ASIA,Taiwan,EAS
252,Shenzhen City,Shenzhen City,GPE,0.36363636,0.46590909,zh,1.1,,13308625,P,22.53589,114.0771,ASIA,China,EAS
253,Dunhuang,Dunhuang,GPE,-0.03409091,1.36363636,zh,1.1,4061210-7,1529531,P,40.16667,94.68333,ASIA,China,ECA
254,Ren'ai Township,Ren'ai Township,GPE,-0.47727273,1.23181818,zh,1.1,,6645507,T,23.93805,121.27191,ASIA,Taiwan,EAS
255,Suzhou,Suzhou,GPE,0.0,0.0,zh,1.1,4247872-8,1886760,P,31.30408,120.59538,ASIA,China,EAS
256,Mexico,Mexico,GPE,0.21338384,0.73737374,zh,1.1,4039058-5,3996063,A,23.0,-102.0,CENTRAL-AMERICA,Mexico,NCA
257,Lake Baikal,Lake Baikal,GPE,0.11174242,0.96060606,zh,1.1,,2026982,H,54.0,109.0,ASIA,Russia,ESB
258,Louisiana,Louisiana,GPE,0.45454545,0.81818182,zh,1.1,4036394-6,4331987,A,31.00047,-92.0004,NORTH-AMERICA,United States,CNA
238,Tianjin,Tianjin,GPE,0.00883838,0.94823232,zh,1.1,4198006-2,1792947,P,39.14222,117.17667,ASIA,China,EAS
237,Indonesia,Indonesia,GPE,0.28719008,0.87934036,zh,1.1,4026761-1,1643084,A,-5.0,120.0,ASIA,Indonesia,SEA
236,Matsu,Matsu,GPE,0.0,0.27272727,zh,1.1,,7668414,S,26.2242,120.003,ASIA,Taiwan,EAS
262,the Datong Tribe,the Datong Tribe,LOC,0.77272727,1.18181818,zh,1.1,,0,,,,,,
458,Takahama,Takahama,GPE,0.26446281,0.84848485,ja,1.1,1263706800,1851146,A,37.45,138.61667,ASIA,Japan,EAS
457,Nakau,Nakau,GPE,0.0,0.0,ja,1.1,,1634569,T,1.58159,128.69863,ASIA,Indonesia,SEA
456,Nagakute City,Nagakute City,GPE,-0.05681818,0.17045455,ja,1.1,,0,,,,,,
455,Aoyama,Aoyama,GPE,0.13024476,0.37937063,ja,1.1,,1865229,A,34.6,136.21667,ASIA,Japan,EAS
454,Ethiopia,Ethiopia,GPE,0.29040404,0.55555556,ja,1.1,4000639-6,337996,A,9.0,39.5,AFRICA,Ethiopia,NEAF
453,Haven,Haven,GPE,-0.09090909,0.36363636,ja,1.1,4117854-3,4839366,P,41.30815,-72.92816,NORTH-AMERICA,United States,ENA
452,the Tokara Islands,the Tokara Islands,LOC,0.21212121,0.84848485,ja,1.1,,0,,,,,,
451,Shinagawa-ku,Shinagawa-ku,GPE,0.11707989,0.3902663,ja,1.1,,1852140,A,35.60902,139.73017,ASIA,Japan,EAS
450,Tomiya City,Tomiya City,GPE,-0.11363636,0.34090909,ja,1.1,,0,,,,,,
449,Yamahashi,Yamahashi,GPE,0.0,0.90909091,ja,1.1,,0,,,,,,
448,Urumqi,Urumqi,GPE,0.32575758,1.14393939,ja,1.1,4215400-5,1529102,P,43.80096,87.60046,ASIA,China,ECA
447,Ubuyama Village,Ubuyama Village,GPE,0.0,0.0,ja,1.1,,0,,,,,,
269,Heping,Heping,GPE,0.20661157,0.84022039,zh,1.1,,1677176,T,24.31028,121.41611,ASIA,Taiwan,EAS
268,Bitcoin,Bitcoin,GPE,0.68484848,0.89090909,zh,1.1,,0,,,,,,
267,eastern sea,eastern sea,LOC,0.45454545,0.81818182,zh,1.1,,1636628,H,0.5,126.0,ASIA,Indonesia,SEA
266,Xiaomi,Xiaomi,GPE,0.10248496,0.79249452,zh,1.1,,1923473,P,25.87659,115.70641,ASIA,China,EAS
265,Northeastern United States,Northeastern United States,GPE,0.19834711,0.52479339,zh,1.1,,12217906,L,41.30225,-76.02801,NORTH-AMERICA,United States,ENA
264,Yuli County,Yuli County,GPE,0.34415584,0.57792208,zh,1.1,,1665297,P,23.33489,121.31672,ASIA,Taiwan,EAS
263,Mongolia,Mongolia,GPE,-0.06060606,0.75,zh,1.1,4040056-6,2029969,A,46.0,105.0,ASIA,Mongolia,ESB
247,New England,New England,LOC,0.1684573,0.9761708,zh,1.1,4075306-2,11919979,L,44.0,-71.0,NORTH-AMERICA,United States,ENA
287,Detroit,Detroit,GPE,0.0,0.09090909,zh,1.1,4011559-8,4990729,P,42.33143,-83.04575,NORTH-AMERICA,United States,ENA
339,Himachal,Himachal,GPE,0.15,0.25,en,1.0,4240080-6,1270101,A,31.91667,77.25,ASIA,India,TIB
166,the Salt Lake City Games,the Salt Lake City Games,GPE,0.14545455,0.25909091,es,1.0,,0,,,,,,
152,San Amaro,San Amaro,GPE,-0.4,0.7,es,1.0,,3449715,P,-23.64542,-46.70394,SOUTH-AMERICA,Brazil,SES
153,the Svalbard archipelago,the Svalbard archipelago,LOC,-0.1,0.15,es,1.0,,0,,,,,,
154,María Toledo,María Toledo,GPE,0.0,0.0,es,1.0,,3834251,P,-31.55378,-64.00742,SOUTH-AMERICA,Argentina,SES
155,Villamarta,Villamarta,GPE,0.33333333,1.0,es,1.0,,10291239,S,36.68285,-6.13503,EUROPE-AFRICA,Spain,MED
156,Iraq,Iraq,GPE,-0.1,0.1,es,1.0,4072920-5,99237,A,33.0,44.0,ASIA,Iraq,WCA
157,Las Migas,Las Migas,GPE,0.0,0.0,es,1.0,,3677306,P,8.75861,-75.6875,SOUTH-AMERICA,Colombia,NWS
158,Ireland,Ireland,GPE,0.0,0.05,es,1.0,4027667-3,2963597,A,53.0,-8.0,EUROPE,Ireland,NEU
159,Lyon,Lyon,GPE,0.25,0.75,es,1.0,4036770-8,2996944,P,45.74846,4.84671,EUROPE,France,WCE
160,Euskalmet,Euskalmet,GPE,-0.16666667,0.16666667,es,1.0,,0,,,,,,
161,Pyrenees,Pyrenees,LOC,-0.0625,0.1875,es,1.0,,3016565,L,43.5,0.0,EUROPE-AFRICA,France,MED
162,The Holy Mountain,The Holy Mountain,LOC,0.0,0.0,es,1.0,4003374-0,736572,A,40.15798,24.33021,EUROPE-AFRICA,Greece,MED
163,the Great Plains,the Great Plains,LOC,0.32166667,0.83166667,es,1.0,,12212750,L,42.58598,-100.51728,NORTH-AMERICA,United States,CNA
164,North Korea,North Korea,GPE,-0.125,0.5,es,1.0,4075468-6,1873107,A,40.0,127.0,ASIA,North Korea,EAS
165,Ibiza,Ibiza,GPE,0.375,0.75,es,1.0,4026432-4,6299339,S,38.87286,1.37312,EUROPE-AFRICA,Spain,MED
167,Daytona,Daytona,LOC,1.0,1.0,es,1.0,4367426-4,4152872,P,29.21081,-81.02283,NORTH-AMERICA,United States,ENA
150,Mar del,Mar del,GPE,0.0,0.0,es,1.0,4329093-0,3430863,P,-38.00042,-57.5562,SOUTH-AMERICA,Argentina,SES
168,Poble,Poble,GPE,-0.4,0.7,es,1.0,,6424328,S,41.36873,2.14839,EUROPE-AFRICA,Spain,MED
169,Besançon,Besançon,GPE,0.0,0.6,es,1.0,4005972-8,3033123,P,47.24878,6.01815,EUROPE,France,WCE
170,Saxony,Saxony,GPE,0.15060606,0.33257576,es,1.0,4042226-4,2862926,A,52.83333,9.16667,EUROPE,Germany,WCE
171,Ayuso,Ayuso,GPE,0.5,0.9,es,1.0,,3115614,P,41.37447,-3.70745,EUROPE-AFRICA,Spain,MED
172,Genoa,Genoa,GPE,0.5,0.9,es,1.0,4020185-5,3176219,P,44.40478,8.94439,EUROPE-AFRICA,Italy,MED
173,Sicily,Sicily,GPE,0.4,0.8,es,1.0,4055193-3,2523118,T,37.62304,13.93457,EUROPE-AFRICA,Italy,MED
174,(United States,(United States,GPE,-0.0625,0.4375,es,1.0,,0,L,-14.60485,-57.65625,,,
175,the Golden State,the Golden State,GPE,0.09375,0.725,es,1.0,,5028163,P,45.00969,-93.34912,NORTH-AMERICA,United States,CNA
176,Turkey,Turkey,GPE,0.025,0.25,es,1.0,4061163-2,298795,A,39.0,35.0,EUROPE-AFRICA,Turkey,MED
177,the Atlantic Alliance,the Atlantic Alliance,GPE,0.025,0.25,es,1.0,,5178148,P,40.11396,-79.71865,NORTH-AMERICA,United States,ENA
178,Palau,Palau,GPE,0.0,0.0,es,1.0,4044396-6,1559582,A,7.503,134.621,PACIFIC,Palau,EPO
179,Coquimbo,Coquimbo,GPE,-0.0625,0.5,es,1.0,4090549-4,3893623,A,-30.75,-71.0,SOUTH-AMERICA,Chile,SWS
180,Tijuana,Tijuana,GPE,-0.3625,0.6875,es,1.0,4230553-6,3981609,P,32.5027,-117.00371,CENTRAL-AMERICA,Mexico,NCA
181,São Paulo,São Paulo,GPE,0.13636364,0.45454545,es,1.0,4051667-2,3448439,P,-23.5475,-46.63611,SOUTH-AMERICA,Brazil,SES
151,the Dolomite Mountains,the Dolomite Mountains,LOC,0.0,0.01666667,es,1.0,,0,,,,,,
149,Sandringham,Sandringham,GPE,0.0875,0.15416667,es,1.0,4607968-3,12874444,A,48.65893,-53.8276,NORTH-AMERICA,Canada,ENA
183,Hormuz,Hormuz,GPE,0.1,0.4,es,1.0,4072627-7,287878,H,26.56667,56.25,ASIA,Oman,WCA
225,Gulf Stream,Gulf Stream,LOC,-0.0625,0.75,en,1.0,,2084957,H,-7.81911,143.9062,ASIA,Papua New Guinea,SEA
211,Hernando,Hernando,GPE,-1.0,1.0,en,1.0,,4173838,P,28.47688,-82.52546,NORTH-AMERICA,United States,ENA
212,Phoenix,Phoenix,GPE,0.1,0.36666667,en,1.0,4119970-4,5308655,P,33.44838,-112.07404,CENTRAL-AMERICA,United States,NCA
213,the Ve River,the Ve River,LOC,0.1,0.4,en,1.0,,9255303,T,0.80659,-66.00411,SOUTH-AMERICA,Brazil,NSA
214,Murray River,Murray River,LOC,-0.2,0.3,en,1.0,,2065165,H,-35.36667,139.36667,OCEANIA,Australia,SAU
215,Antarctic,Antarctic,LOC,0.6,0.9,en,1.0,,6632710,L,-90.0,0.0,POLAR,Antarctica,EAN
216,Palm Springs,Palm Springs,GPE,0.1,0.36666667,en,1.0,4140870-6,5380668,P,33.8303,-116.54529,NORTH-AMERICA,United States,WNA
217,Arizona,Arizona,GPE,0.1,0.36666667,en,1.0,4002920-7,5551752,A,34.5003,-111.50098,NORTH-AMERICA,United States,WNA
218,West Antarctica,West Antarctica,LOC,0.02323232,0.50707071,en,1.0,,6627952,L,-80.0,-90.0,POLAR,Antarctica,WAN
219,Tibooburra,Tibooburra,GPE,0.5,0.5,en,1.0,,7668778,S,-29.4511,142.058,OCEANIA,Australia,CAU
220,Barkly,Barkly,GPE,-0.06666667,0.35,en,1.0,,8298911,S,-21.0333,138.25,OCEANIA,Australia,CAU
221,Coral Sea,Coral Sea,LOC,0.0,0.3,en,1.0,,0,H,-20.0,155.0,,,
222,Memopezil,Memopezil,GPE,0.1,0.4,en,1.0,,0,,,,,,
223,THE UNITED STATES,THE UNITED STATES,GPE,0.0,0.0,en,1.0,,0,L,-14.60485,-57.65625,,,
224,CALGARY,CALGARY,GPE,-0.05833333,0.35,en,1.0,4085122-9,5913490,P,51.05011,-114.08529,NORTH-AMERICA,Canada,NWN
226,Green Bay,Green Bay,GPE,-0.00555556,0.56666667,en,1.0,4692091-2,5254962,P,44.51916,-88.01983,NORTH-AMERICA,United States,ENA
148,Afghanistan,Afghanistan,GPE,-0.1,0.1,es,1.0,4000687-6,1149361,A,33.0,66.0,ASIA,Afghanistan,WCA
227,Sask,Sask,GPE,0.0,0.0,en,1.0,4105365-5,6141242,A,54.0001,-106.00099,NORTH-AMERICA,Canada,NWN
228,South Sydney,South Sydney,GPE,0.13636364,0.5,en,1.0,4058708-3,2147714,P,-33.86785,151.20732,OCEANIA,Australia,EAU
229,Oklahoma,Oklahoma,GPE,-0.00833333,0.73333333,en,1.0,4043423-0,4544349,P,35.46756,-97.51643,NORTH-AMERICA,United States,CNA
230,Macklin,Macklin,GPE,0.0,0.0,en,1.0,,3474157,T,-54.75028,-36.04222,SOUTHERN,South Georgia and the South Sandwich Islands,SOO
231,Ohtani,Ohtani,GPE,-0.04166667,0.20833333,en,1.0,,1853642,P,35.78266,136.09803,ASIA,Japan,EAS
232,South Korea,South Korea,GPE,-0.04166667,0.20833333,en,1.0,4078029-6,1835841,A,36.5,127.75,ASIA,South Korea,EAS
233,Calgary,Calgary,GPE,0.0,0.0,en,1.0,4085122-9,5913490,P,51.05011,-114.08529,NORTH-AMERICA,Canada,NWN
234,New Brunswick,New Brunswick,GPE,0.13636364,0.45454545,en,1.0,4101158-2,6087430,A,46.5001,-65.99878,NORTH-AMERICA,Canada,ENA
235,Uttarakhand,Uttarakhand,GPE,0.21818182,0.5,en,1.0,1358877971,1444366,A,30.25,79.25,ASIA,India,TIB
236,Bondi beach,Bondi beach,GPE,0.425,0.625,en,1.0,,2174949,T,-33.89169,151.27762,OCEANIA,Australia,EAU
237,the Southern Plains,the Southern Plains,LOC,0.0,0.0,en,1.0,,5113662,P,42.1823,-77.14164,NORTH-AMERICA,United States,ENA
238,Afghanistan,Afghanistan,GPE,0.05,0.25,en,1.0,4000687-6,1149361,A,33.0,66.0,ASIA,Afghanistan,WCA
239,Berlin,Berlin,GPE,0.25,0.5,en,1.0,4005728-8,2950159,P,52.52437,13.41053,EUROPE,Germany,WCE
147,Jerez,Jerez,GPE,0.33333333,1.0,es,1.0,4257243-5,2516326,P,36.68645,-6.13606,EUROPE-AFRICA,Spain,MED
182,N.J.,N.J.,GPE,0.18409091,0.5969697,es,1.0,,4503800,S,39.92707,-74.29304,NORTH-AMERICA,United States,ENA
184,Popayán,Popayán,GPE,-0.04166667,0.25,es,1.0,4116047-2,3671916,P,2.43823,-76.61316,SOUTH-AMERICA,Colombia,NWS
251,Biobío,Biobío,GPE,0.0,0.0,es,1.0,,3898380,A,-37.375,-72.45,SOUTH-AMERICA,Chile,SWS
234,Delcy,Delcy,GPE,0.0,0.2,es,1.0,,0,,,,,,
220,Vasco da Gama,Vasco da Gama,GPE,-0.3,0.6,es,1.0,,1253367,P,15.39585,73.81568,ASIA,India,SAS
221,Rhode Island,Rhode Island,GPE,0.21818182,0.47727273,es,1.0,4049848-7,5224323,A,41.75038,-71.49978,NORTH-AMERICA,United States,ENA
222,Jewar,Jewar,GPE,0.26666667,0.58333333,es,1.0,,1269056,P,28.122,77.55734,ASIA,India,SAS
223,Uttar Pradesh,Uttar Pradesh,GPE,0.26666667,0.58333333,es,1.0,4062226-5,1253626,A,27.25,80.75,ASIA,India,SAS
224,the Western Hemisphere,the Western Hemisphere,LOC,0.0,0.0,es,1.0,,0,,,,,,
225,Lanzarote,Lanzarote,GPE,0.0,0.0,es,1.0,4034564-6,6297189,S,28.95027,-13.60556,AFRICA,Spain,SAH
226,Deep Rock Galactic:,Deep Rock Galactic:,LOC,0.16666667,0.34166667,es,1.0,,0,,,,,,
227,Monterrey,Monterrey,GPE,0.0,0.0,es,1.0,4115212-8,3995465,P,25.68435,-100.31721,CENTRAL-AMERICA,Mexico,NCA
228,East coast,East coast,LOC,0.13636364,0.45454545,es,1.0,,12212303,L,37.02332,-77.36954,NORTH-AMERICA,United States,ENA
229,Montenegro,Montenegro,GPE,0.0,0.0,es,1.0,4040163-7,3194884,A,42.75,19.25,EUROPE-AFRICA,Montenegro,MED
230,Manhattan,Manhattan,GPE,0.225,0.50833333,es,1.0,,5370082,P,33.88474,-118.41091,NORTH-AMERICA,United States,WNA
231,Cristina,Cristina,GPE,0.0,0.0,es,1.0,,3109957,P,41.81667,3.0,EUROPE-AFRICA,Spain,MED
232,Suriname,Suriname,GPE,0.0,0.0,es,1.0,134327-0,3382998,A,4.0,-56.0,SOUTH-AMERICA,Suriname,NSA
233,Lebanon,Lebanon,GPE,0.21212121,0.31818182,es,1.0,4035567-6,272103,A,33.83333,35.83333,EUROPE-AFRICA,Lebanon,MED
235,Diosdado Cabello,Diosdado Cabello,LOC,0.0,0.2,es,1.0,,0,,,,,,
218,Jarg,Jarg,GPE,0.0,0.0,es,1.0,,2995405,P,44.04462,4.17803,EUROPE-AFRICA,France,MED
236,Cantabrian Sea,Cantabrian Sea,LOC,0.1,0.7,es,1.0,,0,H,44.95119,-4.40826,,,
237,Algeria,Algeria,GPE,0.0,0.0,es,1.0,4001179-3,2589581,A,28.0,3.0,AFRICA,Algeria,SAH
238,María Corina,María Corina,GPE,0.0,0.2,es,1.0,,8472519,P,-0.61505,-79.2562,SOUTH-AMERICA,Ecuador,NWS
239,Maryland,Maryland,GPE,0.25656566,0.72929293,es,1.0,4037776-3,4361885,A,39.00039,-76.74997,NORTH-AMERICA,United States,ENA
240,changes.&nbsp,changes.&nbsp,GPE,0.00378788,0.27651515,es,1.0,,0,,,,,,
241,SAO PAULO,SAO PAULO,GPE,-0.3,0.4,es,1.0,4051667-2,3448439,P,-23.5475,-46.63611,SOUTH-AMERICA,Brazil,SES
242,Vancouver,Vancouver,GPE,0.0,0.0,es,1.0,4119364-7,6173331,P,49.24966,-123.11934,NORTH-AMERICA,Canada,WNA
243,Sonora,Sonora,GPE,0.04583333,0.57083333,es,1.0,4105388-6,3982846,A,29.66667,-110.5,CENTRAL-AMERICA,Mexico,NCA
244,Ephedra,Ephedra,LOC,0.0,0.0,es,1.0,,5824737,H,44.40966,-110.58021,NORTH-AMERICA,United States,WNA
245,FC Barcelona,FC Barcelona,GPE,0.0,0.0,es,1.0,,6954063,S,41.378,2.1215,EUROPE-AFRICA,Spain,MED
246,Asia,Asia,LOC,0.26666667,0.58333333,es,1.0,,0,L,29.84064,89.29688,,,
247,Americas,Americas,LOC,0.16,0.54,es,1.0,,0,L,21.0,-86.0,,,
248,the O'Higgins Region,the O'Higgins Region,LOC,0.0,0.0,es,1.0,,3873775,P,-34.1691,-70.74053,SOUTH-AMERICA,Chile,SWS
249,Chilean,Chilean,GPE,0.0,0.0,es,1.0,,8261467,A,-75.00094,-71.59309,POLAR,Chile,WAN
219,South Korea,South Korea,GPE,0.06818182,0.25227273,es,1.0,4078029-6,1835841,A,36.5,127.75,ASIA,South Korea,EAS
217,Jarg Island,Jarg Island,LOC,0.0,0.0,es,1.0,,0,,,,,,
185,​​extreme,​​extreme,GPE,0.0,0.0,es,1.0,,0,,,,,,
200,São Miguel,São Miguel,GPE,0.2625,0.4375,es,1.0,4105337-0,3411928,A,15.2,-23.65,ATLANTIC,Cabo Verde,NAO
186,Kingdom,Kingdom,GPE,-0.06666667,0.40833333,es,1.0,,226116,A,0.5,30.5,AFRICA,Uganda,SEAF
187,Pyrenean,Pyrenean,LOC,-0.08888889,0.18888889,es,1.0,,0,,,,,,
188,Snoqualmie,Snoqualmie,GPE,0.15833333,0.375,es,1.0,,5811007,P,47.39233,-121.40009,NORTH-AMERICA,United States,WNA
189,the South Pole,the South Pole,LOC,-0.16666667,0.43333333,es,1.0,4525485-0,3689147,P,10.96854,-74.78132,SOUTH-AMERICA,Colombia,NWS
190,Lake Tahoe,Lake Tahoe,LOC,0.1,0.4,es,1.0,4366043-5,5397664,P,38.93324,-119.98435,NORTH-AMERICA,United States,WNA
191,Anaga,Anaga,GPE,0.0,0.0,es,1.0,,615762,P,41.66542,45.89639,ASIA,Georgia,WCA
192,TRENTON,TRENTON,GPE,0.18409091,0.5969697,es,1.0,4120075-5,5105496,P,40.21705,-74.74294,NORTH-AMERICA,United States,ENA
193,Pumas,Pumas,GPE,0.0,0.0,es,1.0,,12512142,L,-15.27753,-67.10339,SOUTH-AMERICA,Bolivia,SAM
194,the Enchanted City,the Enchanted City,GPE,0.3375,0.67222222,es,1.0,,5855043,L,21.38639,-157.73583,PACIFIC,United States,NPO
195,Greece,Greece,GPE,0.0,0.625,es,1.0,4022047-3,390903,A,39.0,22.0,EUROPE-AFRICA,Greece,MED
196,Antwerp,Antwerp,GPE,-0.2,0.4,es,1.0,4002364-3,2803138,P,51.22047,4.40026,EUROPE,Belgium,WCE
197,BEIJING,BEIJING,GPE,0.22222222,0.27777778,es,1.0,4075971-4,1816670,P,39.9075,116.39723,ASIA,China,EAS
198,Storm Regina,Storm Regina,GPE,0.16666667,0.16666667,es,1.0,,0,,,,,,
199,Azores,Azores,LOC,0.0,0.0,es,1.0,4004066-5,3411865,A,37.80847,-25.47466,ATLANTIC,Portugal,NAO
201,Saint Kitts,Saint Kitts,GPE,-0.125,0.375,es,1.0,2034200-7,498817,P,59.93863,30.31413,EUROPE,Russia,NEU
216,Captain America,Captain America,LOC,0.13636364,0.45454545,es,1.0,,7668345,S,20.546,-100.887,CENTRAL-AMERICA,Mexico,NCA
202,the Strait of Hormuz,the Strait of Hormuz,LOC,0.43333333,0.73333333,es,1.0,,0,,,,,,
203,Paraguayan,Paraguayan,GPE,0.1,0.15,es,1.0,,3439121,L,-23.0,-60.0,SOUTH-AMERICA,Paraguay,SES
204,Fukushima,Fukushima,GPE,0.0,0.0,es,1.0,4332074-0,2112923,P,37.75,140.46667,ASIA,Japan,EAS
205,the Balearic Islands (Mallorca,the Balearic Islands (Mallorca,GPE,0.0,0.0,es,1.0,,7114918,S,39.52757,2.55089,EUROPE-AFRICA,Spain,MED
206,the Canary archipelago,the Canary archipelago,LOC,0.0,0.0,es,1.0,,0,,,,,,
207,South Africa,South Africa,GPE,0.0,0.0,es,1.0,4078012-0,953987,A,-29.0,24.0,AFRICA,South Africa,WSAF
208,Pretoria,Pretoria,GPE,-0.045,0.175,es,1.0,4116098-8,964137,P,-25.74486,28.18783,AFRICA,South Africa,ESAF
209,Spain-Argentina,Spain-Argentina,GPE,0.5,0.5,es,1.0,,6630075,T,-77.29833,161.69444,POLAR,Antarctica,EAN
210,USA,USA,GPE,0.0,0.0,es,1.0,4078704-7,6252001,X,39.759999,-98.5,NORTH-AMERICA,United States,CNA
211,Hong Kong,Hong Kong,GPE,0.05,0.7,es,1.0,1318138531,1819729,P,22.27832,114.17469,ASIA,Hong Kong,EAS
212,Enmedio Volcano,Enmedio Volcano,LOC,0.0,0.0,es,1.0,,0,,,,,,
213,Myanmar,Myanmar,GPE,-0.23333333,0.35555556,es,1.0,4069500-1,1327865,A,21.0,96.0,ASIA,Myanmar,SAS
214,Buffalo,Buffalo,GPE,-0.23333333,0.35555556,es,1.0,4080569-4,5110629,P,42.88645,-78.87837,NORTH-AMERICA,United States,ENA
215,Newark,Newark,GPE,0.06818182,0.22727273,es,1.0,4246246-0,4143861,P,39.68372,-75.74966,NORTH-AMERICA,United States,ENA
210,South Australia's,South Australia's,GPE,0.12,0.84666667,en,1.0,,2074920,P,-34.96468,138.76179,OCEANIA,Australia,SAU
209,North Dakota,North Dakota,GPE,0.25,0.25,en,1.0,4218173-2,5688025,P,46.80833,-100.78374,NORTH-AMERICA,United States,CNA
208,Fairford,Fairford,GPE,0.0,0.0,en,1.0,4553511-5,4061231,P,31.16823,-88.06417,NORTH-AMERICA,United States,ENA
105,the Islamic Republic,the Islamic Republic,GPE,0.0625,0.5,ar,1.0,4265797-0,921929,A,-12.23333,44.44553,AFRICA,Comoros,ESAF
119,Atlanta,Atlanta,GPE,0.0,0.0,ar,1.0,4086063-2,4180439,P,33.749,-84.38798,NORTH-AMERICA,United States,ENA
118,Minneapolis,Minneapolis,GPE,-0.08333333,0.86666667,ar,1.0,4039497-9,5037649,P,44.97997,-93.26384,NORTH-AMERICA,United States,CNA
117,the East Coast,the East Coast,LOC,0.0,0.0,ar,1.0,,12212303,L,37.02332,-77.36954,NORTH-AMERICA,United States,ENA
116,Lima,Lima,GPE,0.0,0.0,ar,1.0,4035742-9,3936456,P,-12.04318,-77.02824,SOUTH-AMERICA,Peru,NWS
115,Quebec,Quebec,GPE,0.04785714,0.58571429,ar,1.0,4103473-9,6325494,P,46.81228,-71.21454,NORTH-AMERICA,Canada,ENA
114,Atlantic,Atlantic,LOC,0.04785714,0.58571429,ar,1.0,,12110846,L,40.58629,-76.28807,NORTH-AMERICA,United States,ENA
113,Lake Ontario,Lake Ontario,LOC,0.05357143,0.30714286,ar,1.0,,6048611,H,43.75012,-77.99951,NORTH-AMERICA,Canada,ENA
112,Burlington,Burlington,GPE,0.05357143,0.30714286,ar,1.0,4213702-0,5234372,P,44.47588,-73.21207,NORTH-AMERICA,United States,ENA
111,Cobourg,Cobourg,GPE,0.05357143,0.30714286,ar,1.0,4819137-1,5924579,P,43.95977,-78.16515,NORTH-AMERICA,Canada,ENA
110,Portugal,Portugal,GPE,0.06818182,0.28977273,ar,1.0,4046843-4,2264397,A,39.6945,-8.13057,EUROPE-AFRICA,Portugal,MED
109,Brazil,Brazil,GPE,0.06818182,0.28977273,ar,1.0,4008003-1,3469034,A,-10.0,-55.0,SOUTH-AMERICA,Brazil,SAM
108,Barcelona,Barcelona,GPE,0.16818182,0.37727273,ar,1.0,4004503-1,3128760,P,41.38879,2.15899,EUROPE-AFRICA,Spain,MED
107,McLean,McLean,GPE,0.06166667,0.69,ar,1.0,4412878-2,4885164,P,40.4842,-88.99369,NORTH-AMERICA,United States,ENA
106,Tel Aviv,Tel Aviv,GPE,-1.0,1.0,ar,1.0,4119545-0,293397,P,32.08088,34.78057,EUROPE-AFRICA,Israel,MED
104,Midwest,Midwest,LOC,-0.3,0.4,ar,1.0,4074909-5,12212748,L,43.61327,-88.28917,NORTH-AMERICA,United States,ENA
121,The Nile Delta,The Nile Delta,LOC,0.0,0.1,ar,1.0,,4099736,H,33.77511,-91.07094,NORTH-AMERICA,United States,CNA
103,Mass,Mass,GPE,0.0,0.0,ar,1.0,,12216903,L,41.89793,-70.85339,NORTH-AMERICA,United States,ENA
102,Türkiye,Türkiye,GPE,0.0,0.0,ar,1.0,4061163-2,298795,A,39.0,35.0,EUROPE-AFRICA,Turkey,MED
101,Aceh province,Aceh province,GPE,0.25,0.25,ar,1.0,,1215502,P,5.54167,95.33333,ASIA,Indonesia,SEA
100,East Coast,East Coast,LOC,0.0,0.0,ar,1.0,,12212303,L,37.02332,-77.36954,NORTH-AMERICA,United States,ENA
99,New York City's,New York City's,GPE,0.04242424,0.5094697,ar,1.0,,5107464,P,40.77205,-73.93014,NORTH-AMERICA,United States,ENA
98,New York's,New York's,GPE,0.13636364,0.45454545,ar,1.0,,5107464,P,40.77205,-73.93014,NORTH-AMERICA,United States,ENA
97,the American Northeast,the American Northeast,LOC,-0.12121212,0.48484848,ar,1.0,,11887749,L,42.80019,-74.11805,NORTH-AMERICA,United States,ENA
96,Philadelphia,Philadelphia,GPE,-0.12121212,0.48484848,ar,1.0,4103331-0,4560349,P,39.95238,-75.16362,NORTH-AMERICA,United States,ENA
95,Madrid,Madrid,GPE,0.2,0.3,ar,1.0,4036862-2,3117735,P,40.4165,-3.70256,EUROPE-AFRICA,Spain,MED
94,Britain,Britain,GPE,-0.05,0.0,ar,1.0,4321693-6,4839292,P,41.66121,-72.77954,NORTH-AMERICA,United States,ENA
93,El Mencho,El Mencho,GPE,-0.05,0.7,ar,1.0,,0,,,,,,
92,Massachusetts,Massachusetts,GPE,0.14121212,0.42848485,ar,1.0,4037858-5,6254926,A,42.36565,-71.10832,NORTH-AMERICA,United States,ENA
91,New Jersey,New Jersey,GPE,0.14121212,0.42848485,ar,1.0,4442932-0,5099836,P,40.72816,-74.07764,NORTH-AMERICA,United States,ENA
90,Maghreb,Maghreb,GPE,-0.225,0.425,ar,1.0,,0,L,30.0,5.0,,,
120,Minnesota,Minnesota,GPE,0.0,0.0,ar,1.0,4101012-7,5037779,A,46.25024,-94.25055,NORTH-AMERICA,United States,CNA
122,Nile,Nile,LOC,0.0,0.0,ar,1.0,,11550568,L,8.23324,32.13501,AFRICA,South Sudan,NEAF
207,earth,earth,LOC,0.16212121,0.45151515,en,1.0,,0,L,0.0,0.0,,,
139,Moscow,Moscow,GPE,-0.06666667,0.08333333,ar,1.0,4074987-3,524901,P,55.75204,37.61781,EUROPE,Russia,WCE
153,Buffalo,Buffalo,GPE,0.21212121,0.58484848,ar,1.0,4080569-4,5110629,P,42.88645,-78.87837,NORTH-AMERICA,United States,ENA
152,Lake Erie,Lake Erie,LOC,0.21212121,0.58484848,ar,1.0,4085595-8,6048360,H,42.2501,-80.99973,NORTH-AMERICA,Canada,ENA
151,Europe,Europe,LOC,0.0375,1.0,ar,1.0,,0,,,,,,
150,the Vistula River,the Vistula River,LOC,-0.3625,1.0,ar,1.0,,3081860,H,54.35069,18.94602,EUROPE,Poland,WCE
149,the Baltic Sea,the Baltic Sea,LOC,-0.3625,1.0,ar,1.0,,5226143,P,43.76136,-96.74033,NORTH-AMERICA,United States,CNA
148,the Red Sea,the Red Sea,LOC,0.05,0.2,ar,1.0,,361082,T,26.30673,34.85567,AFRICA,Egypt,SAH
147,the Gulf of Mexico coast,the Gulf of Mexico coast,LOC,-0.23181818,0.72727273,ar,1.0,,4164131,P,29.94809,-85.41995,NORTH-AMERICA,United States,ENA
146,New England,New England,LOC,-0.23181818,0.72727273,ar,1.0,4075306-2,11919979,L,44.0,-71.0,NORTH-AMERICA,United States,ENA
145,Ksar El-Kebir,Ksar El-Kebir,GPE,-0.1625,0.4375,ar,1.0,,2544001,P,35.00044,-5.90378,EUROPE-AFRICA,Morocco,MED
144,Somaliland,Somaliland,LOC,0.05,0.2,ar,1.0,7723745-6,328195,L,9.75,45.967,AFRICA,Somalia,NEAF
143,the Marmara Fault,the Marmara Fault,LOC,-0.07142857,0.21428571,ar,1.0,,0,,,,,,
142,Hatteras Island,Hatteras Island,GPE,-0.3,0.4,ar,1.0,,4470217,T,35.40823,-75.48682,NORTH-AMERICA,United States,ENA
141,Jordan,Jordan,GPE,-0.19166667,0.54166667,ar,1.0,4028750-6,248816,A,31.0,36.0,EUROPE-AFRICA,Jordan,MED
140,Sapporo,Sapporo,GPE,0.08666667,0.68,ar,1.0,4051677-5,2128295,P,43.06667,141.35,ASIA,Japan,EAS
138,eastern Canada,eastern Canada,LOC,0.04846939,0.70170068,ar,1.0,,194530,L,-1.94166,38.12774,AFRICA,Kenya,SEAF
123,Dohuk,Dohuk,GPE,-0.4,0.85,ar,1.0,7736522-7,96994,P,36.86608,42.9879,ASIA,Iraq,WCA
137,Agadir,Agadir,GPE,0.0,0.0,ar,1.0,4085101-1,2561668,P,30.42018,-9.59815,EUROPE-AFRICA,Morocco,MED
136,Hollywood,Hollywood,GPE,0.0,0.0,ar,1.0,4408912-0,4158928,P,26.0112,-80.14949,NORTH-AMERICA,United States,ENA
135,Hokkaido,Hokkaido,GPE,0.08666667,0.68,ar,1.0,4095546-1,11257417,L,43.51669,142.44873,ASIA,Japan,EAS
134,Indiana,Indiana,GPE,0.0,0.0,ar,1.0,4109219-3,12213684,L,38.30308,-85.68222,NORTH-AMERICA,United States,ENA
133,Michigan,Michigan,GPE,0.0,0.0,ar,1.0,4115139-2,5001836,A,44.25029,-85.50033,NORTH-AMERICA,United States,ENA
132,Ma'rib,Ma'rib,GPE,-0.6,1.0,ar,1.0,,72966,A,15.4591,45.32534,ASIA,Yemen,ARP
131,the Middle East,the Middle East,LOC,0.0,0.0,ar,1.0,,12217091,L,35.8,-86.5,NORTH-AMERICA,United States,ENA
130,Orlando,Orlando,GPE,0.1,0.5,ar,1.0,4119965-0,4167147,P,28.53834,-81.37924,NORTH-AMERICA,United States,ENA
129,Lincoln City,Lincoln City,GPE,-0.1225,0.1925,ar,1.0,,5736645,P,44.95816,-124.01789,NORTH-AMERICA,United States,WNA
128,Victoria,Victoria,GPE,0.0,0.0,ar,1.0,,241131,P,-4.62001,55.45501,INDIAN,Seychelles,EIO
127,Iceland,Iceland,GPE,0.1625,0.6625,ar,1.0,4027754-9,2629691,A,65.0,-18.0,POLAR,Iceland,GIC
126,glacial lakes,glacial lakes,LOC,0.1625,0.6625,ar,1.0,,5028009,L,45.53746,-95.52198,NORTH-AMERICA,United States,CNA
125,Mekong,Mekong,GPE,0.0,0.0,ar,1.0,4115087-9,11497302,L,10.01211,105.83224,ASIA,Vietnam,SEA
124,Sydney Harbour,Sydney Harbour,GPE,0.11875,0.675,ar,1.0,7613852-5,2208291,S,-33.85249,151.21046,OCEANIA,Australia,EAU
89,Euphrates,Euphrates,LOC,-0.3125,0.53125,ar,1.0,4258936-8,241347,T,-9.42717,46.24974,AFRICA,Seychelles,SEAF
88,Tigris,Tigris,LOC,-0.3125,0.53125,ar,1.0,4372014-6,96998,H,30.59064,47.76907,ASIA,Iraq,WCA
87,Kabul,Kabul,GPE,-0.025,0.6125,ar,1.0,4029127-3,1138958,P,34.52813,69.17233,ASIA,Afghanistan,WCA
191,Middle East,Middle East,LOC,0.0,0.0,en,1.0,,0,L,33.13906,35.85869,,,
177,Bollywood,Bollywood,GPE,0.3,0.3,en,1.0,,9959080,S,15.27642,73.91271,ASIA,India,SAS
178,Canton,Canton,GPE,0.0,0.0,en,1.0,4073204-6,1809858,P,23.11667,113.25,ASIA,China,EAS
179,Rally Sweden,Rally Sweden,GPE,0.33333333,0.35,en,1.0,,0,,,,,,
180,MUMBAI,MUMBAI,GPE,0.3,0.3,en,1.0,10013721-0,1275339,P,19.07283,72.88261,ASIA,India,SAS
181,World,World,LOC,0.0,0.0,en,1.0,,0,L,0.0,0.0,,,
182,Qatar,Qatar,GPE,-0.3,0.65,en,1.0,4029924-7,289688,A,25.5,51.25,ASIA,Qatar,ARP
183,Fredericton,Fredericton,GPE,0.075,0.375,en,1.0,4323664-9,5957776,P,45.94541,-66.66558,NORTH-AMERICA,Canada,ENA
184,Northland,Northland,GPE,0.25,0.33333333,en,1.0,,6230919,P,-35.73167,174.32391,OCEANIA,New Zealand,NZ
185,the Far North District,the Far North District,LOC,0.26666667,0.86666667,en,1.0,,7626677,R,-35.2624,174.12157,OCEANIA,New Zealand,NZ
186,Burnett River,Burnett River,LOC,-0.1,0.4,en,1.0,,5278257,P,45.87745,-92.36742,NORTH-AMERICA,United States,CNA
187,USA,USA,GPE,0.03333333,0.39444444,en,1.0,4078704-7,6252001,X,39.759999,-98.5,NORTH-AMERICA,United States,CNA
188,the United Arab Emirates,the United Arab Emirates,GPE,0.15,0.4,en,1.0,,8469718,T,25.22231,55.17181,ASIA,United Arab Emirates,ARP
189,DC,DC,GPE,0.0,0.0,en,1.0,4064682-8,4140963,P,38.89511,-77.03637,NORTH-AMERICA,United States,ENA
190,Atlanta,Atlanta,GPE,0.0,0.0,en,1.0,4086063-2,4180439,P,33.749,-84.38798,NORTH-AMERICA,United States,ENA
192,Boston,Boston,GPE,0.0,0.0,en,1.0,4007840-1,4930956,P,42.35843,-71.05977,NORTH-AMERICA,United States,ENA
86,Haifa,Haifa,GPE,0.0,0.0,ar,1.0,4022958-0,294801,P,32.81303,34.99928,EUROPE-AFRICA,Israel,MED
193,Lake Village,Lake Village,GPE,-0.2,0.4,en,1.0,,4922548,P,41.13753,-87.44864,NORTH-AMERICA,United States,ENA
194,Indiana,Indiana,GPE,-0.2,0.4,en,1.0,4109219-3,12213684,L,38.30308,-85.68222,NORTH-AMERICA,United States,ENA
195,the Upper Midwest,the Upper Midwest,LOC,0.03125,0.25,en,1.0,,12212748,L,43.61327,-88.28917,NORTH-AMERICA,United States,ENA
196,Georgia,Georgia,GPE,-0.2,0.5,en,1.0,4022406-5,614540,A,41.99998,43.4999,ASIA,Georgia,WCA
197,Matildas,Matildas,LOC,-0.25,0.23333333,en,1.0,,3489534,P,18.01959,-76.76919,CENTRAL-AMERICA,Jamaica,CAR
198,the Northern hemisphere,the Northern hemisphere,LOC,-0.15277778,0.37777778,en,1.0,,0,,,,,,
199,North Korea,North Korea,GPE,0.4829932,0.57687075,en,1.0,4075468-6,1873107,A,40.0,127.0,ASIA,North Korea,EAS
200,Central Florida,Central Florida,LOC,0.1625,0.5,en,1.0,,12217913,L,28.58944,-81.88916,NORTH-AMERICA,United States,ENA
201,Western Michigan,Western Michigan,LOC,0.25,0.25,en,1.0,,12216900,L,42.97443,-85.7541,NORTH-AMERICA,United States,ENA
202,Denver,Denver,GPE,0.25,0.25,en,1.0,4085412-7,5419384,P,39.73915,-104.9847,NORTH-AMERICA,United States,CNA
203,MSU,MSU,GPE,0.25,0.25,en,1.0,4371854-1,932505,P,-29.31667,27.48333,AFRICA,Lesotho,ESAF
204,Enniscorthy,Enniscorthy,GPE,0.225,0.56666667,en,1.0,1284310965,2964403,P,52.50083,-6.55778,EUROPE,Ireland,NEU
205,Dubai,Dubai,GPE,-0.08333333,0.64305556,en,1.0,4204044-9,292223,P,25.07725,55.30927,ASIA,United Arab Emirates,ARP
206,Northernmost Town,Northernmost Town,LOC,0.0,0.0,en,1.0,,0,,,,,,
176,Far South,Far South,GPE,0.1,1.0,en,1.0,,4718721,P,26.1948,-98.18362,CENTRAL-AMERICA,United States,NCA
175,New Jersey,New Jersey,GPE,0.06643939,0.51757576,en,1.0,4442932-0,5099836,P,40.72816,-74.07764,NORTH-AMERICA,United States,ENA
174,Atlantic City,Atlantic City,GPE,0.06643939,0.51757576,en,1.0,4042011-5,5128581,P,40.71427,-74.00597,NORTH-AMERICA,United States,ENA
173,Alice Springs,Alice Springs,GPE,-0.1,0.4,en,1.0,4206728-5,2077895,P,-23.69748,133.88362,OCEANIA,Australia,CAU
144,Banff,Banff,GPE,0.24545455,0.46666667,en,1.0,4124604-4,5892532,P,51.17622,-115.56982,NORTH-AMERICA,Canada,NWN
145,Louisbourg,Louisbourg,GPE,0.0,0.0,en,1.0,,6097155,L,45.52863,-73.70785,NORTH-AMERICA,Canada,ENA
146,Cambria,Cambria,GPE,0.03246753,0.33441558,en,1.0,,5195561,P,40.32674,-78.92197,NORTH-AMERICA,United States,ENA
147,Glace Bay,Glace Bay,GPE,0.0,0.0,en,1.0,,5961564,P,46.19695,-59.95698,NORTH-AMERICA,Canada,ENA
148,Geneva,Geneva,GPE,0.00568182,0.41477273,en,1.0,4020137-5,2660646,P,46.20222,6.14569,EUROPE,Switzerland,WCE
149,the St. Elias Mountains,the St. Elias Mountains,LOC,0.3,1.0,en,1.0,,5556882,T,60.19969,-139.88922,NORTH-AMERICA,United States,NWN
150,Yukon,Yukon,GPE,0.3,1.0,en,1.0,4067234-7,6185811,A,62.99962,-135.00404,NORTH-AMERICA,Canada,NWN
151,Storm,Storm,LOC,-0.6,1.0,en,1.0,,3965575,T,-51.43155,-60.54119,SOUTH-AMERICA,Falkland Islands,SSA
152,Lomax,Lomax,GPE,0.0,0.0,en,1.0,,4900371,P,40.67893,-91.07292,NORTH-AMERICA,United States,CNA
153,Tehran,Tehran,GPE,0.00568182,0.41477273,en,1.0,4059304-6,112931,P,35.69439,51.42151,ASIA,Iran,WCA
154,Tarawera,Tarawera,GPE,0.0,0.0,en,1.0,,2181845,H,-38.2,176.45,OCEANIA,New Zealand,NZ
155,the Todd River,the Todd River,LOC,0.0,0.53333333,en,1.0,,5035284,H,45.92274,-94.67307,NORTH-AMERICA,United States,CNA
156,the aurora borealis,the aurora borealis,LOC,0.4,0.75,en,1.0,,8125128,S,58.59278,-134.86278,NORTH-AMERICA,United States,NWN
157,Maine,Maine,GPE,0.0,0.0,en,1.0,4114929-4,4971068,A,45.50032,-69.24977,NORTH-AMERICA,United States,ENA
158,Karachi,Karachi,GPE,0.0,0.0,en,1.0,4097647-6,1174872,P,24.8608,67.0104,ASIA,Pakistan,SAS
159,Mumbai,Mumbai,GPE,0.175,0.375,en,1.0,10013721-0,1275339,P,19.07283,72.88261,ASIA,India,SAS
160,Western Queensland,Western Queensland,LOC,-0.12,0.49,en,1.0,,7839401,A,-26.80665,150.3859,OCEANIA,Australia,EAU
161,Greenland,Greenland,GPE,0.18712121,0.44318182,en,1.0,4022113-1,3425505,A,72.0,-40.0,POLAR,Greenland,GIC
162,Iceland,Iceland,GPE,0.18712121,0.44318182,en,1.0,4027754-9,2629691,A,65.0,-18.0,POLAR,Iceland,GIC
163,Kid Rock’s Rock The Country festival,Kid Rock’s Rock The Country festival,GPE,0.0,0.0,en,1.0,,0,,,,,,
164,South-West monsoon,South-West monsoon,LOC,0.0,0.0,en,1.0,,0,,,,,,
165,El Nino,El Nino,GPE,0.0,0.0,en,1.0,,12513655,L,-0.90231,-89.52853,PACIFIC,Ecuador,EPO
166,South West monsoon,South West monsoon,LOC,-0.2,0.2,en,1.0,,0,,,,,,
167,Kibera,Kibera,GPE,0.0,0.0,en,1.0,4274270-5,192495,P,-1.30938,36.78003,AFRICA,Kenya,SEAF
168,the Hannah Montana,the Hannah Montana,GPE,0.11904762,0.19047619,en,1.0,,0,,,,,,
169,Illinois,Illinois,GPE,0.1,1.0,en,1.0,4109206-5,4896861,A,40.00032,-89.25037,NORTH-AMERICA,United States,ENA
170,FAIRBANKS,FAIRBANKS,GPE,0.2,0.5,en,1.0,4085650-1,5861897,P,64.83778,-147.71639,NORTH-AMERICA,United States,NWN
171,Pallekele,Pallekele,GPE,0.0,0.0,en,1.0,,8355324,P,7.2945,80.7225,INDIAN,Sri Lanka,BOB
172,Colombo,Colombo,GPE,0.23484848,0.56060606,en,1.0,4010404-7,1248991,P,6.93548,79.84868,INDIAN,Sri Lanka,EIO
250,Nevada,Nevada,GPE,0.0,0.0,es,1.0,4041996-4,5509151,A,39.25021,-116.75119,NORTH-AMERICA,United States,WNA
252,Teruel,Teruel,GPE,0.4,0.7,es,1.0,4119568-1,3108126,P,40.3456,-1.10646,EUROPE-AFRICA,Spain,MED
340,Bengal,Bengal,GPE,0.15,0.25,en,1.0,4029344-0,1275004,P,22.56263,88.36304,ASIA,India,SAS
344,São Francisco,São Francisco,GPE,0.125,0.875,es,1.0,4051520-5,5391959,P,37.77493,-122.41942,NORTH-AMERICA,United States,WNA
330,Baja,Baja,GPE,0.0,0.0,es,1.0,4230553-6,3981609,P,32.5027,-117.00371,CENTRAL-AMERICA,Mexico,NCA
331,Beijing,Beijing,GPE,0.0,0.0,es,1.0,4075971-4,1816670,P,39.9075,116.39723,ASIA,China,EAS
332,Montería,Montería,GPE,-0.08333333,0.21666667,es,1.0,7543378-3,3674453,P,8.75081,-75.87823,SOUTH-AMERICA,Colombia,NWS
333,Filmin,Filmin,GPE,0.0,0.5,es,1.0,,0,,,,,,
334,Pacific,Pacific,LOC,0.06818182,0.22727273,es,1.0,,0,,,,,,
335,Lovecraft,Lovecraft,GPE,0.0,0.0,es,1.0,,0,,,,,,
336,Santa Clara,Santa Clara,GPE,-0.33333333,0.35555556,es,1.0,4779895-6,3537906,P,22.40711,-79.96581,CENTRAL-AMERICA,Cuba,CAR
337,Los Chapitos',Los Chapitos',GPE,0.0,0.0,es,1.0,,8775868,H,26.88068,-108.30854,CENTRAL-AMERICA,Mexico,NCA
338,Wuthering Heights',Wuthering Heights',GPE,0.15151515,0.31060606,es,1.0,,4743259,L,30.10577,-94.14101,NORTH-AMERICA,United States,CNA
339,San Luis,San Luis,GPE,0.0,0.0,es,1.0,4402434-4,3985606,P,22.15234,-100.97135,CENTRAL-AMERICA,Mexico,NCA
340,Grazalema,Grazalema,GPE,-0.05,0.2,es,1.0,4481647-9,2517049,P,36.76018,-5.36839,EUROPE-AFRICA,Spain,MED
341,The Sunshine State,The Sunshine State,LOC,0.15,0.5,es,1.0,,7172802,P,26.05623,-80.29627,NORTH-AMERICA,United States,ENA
342,Anchorage,Anchorage,GPE,-0.24666667,0.64666667,es,1.0,4246931-4,5879400,P,61.21806,-149.90028,NORTH-AMERICA,United States,NWN
343,Girdwood,Girdwood,GPE,-0.24666667,0.64666667,es,1.0,4605278-1,5862837,P,60.9425,-149.16639,NORTH-AMERICA,United States,NWN
345,Ligue,Ligue,GPE,0.5,0.5,es,1.0,,3883423,H,-23.49894,-67.69341,SOUTH-AMERICA,Chile,SWS
328,South,South,LOC,-0.125,0.375,es,1.0,,11887752,L,33.45876,-90.15081,NORTH-AMERICA,United States,CNA
346,the Iberian Peninsula,the Iberian Peninsula,LOC,0.23484848,0.72727273,es,1.0,,0,,,,,,
347,Huelva,Huelva,GPE,-0.1,0.1,es,1.0,4196015-4,2516548,P,37.26638,-6.94004,EUROPE-AFRICA,Spain,MED
348,MEXICO CITY,MEXICO CITY,GPE,0.0,0.1,es,1.0,4039060-3,3530597,P,19.42847,-99.12766,CENTRAL-AMERICA,Mexico,NCA
349,Soria,Soria,GPE,0.21619048,0.56571429,es,1.0,4322503-2,3108681,P,41.76401,-2.46883,EUROPE-AFRICA,Spain,MED
350,Ziganda,Ziganda,GPE,0.0,0.0,es,1.0,,0,,,,,,
351,Tetouan,Tetouan,GPE,0.0,0.0,es,1.0,,2528910,P,35.57845,-5.36837,EUROPE-AFRICA,Morocco,MED
352,the Betic mountains,the Betic mountains,LOC,-0.1,0.125,es,1.0,,0,,,,,,
353,"the Central System
","the Central System
",LOC,-0.1,0.125,es,1.0,,4873067,L,43.13329,-93.28354,NORTH-AMERICA,United States,CNA
354,Las Palmas de Gran Canaria,Las Palmas de Gran Canaria,GPE,0.0,0.06666667,es,1.0,4252447-7,2515270,P,28.10178,-15.41573,AFRICA,Spain,SAH
355,Texas,Texas,GPE,0.02045455,0.40151515,es,1.0,4059594-8,12217092,L,28.9204,-98.5772,CENTRAL-AMERICA,United States,NCA
356,New England,New England,LOC,0.02045455,0.40151515,es,1.0,4075306-2,11919979,L,44.0,-71.0,NORTH-AMERICA,United States,ENA
357,Olympia,Olympia,GPE,-0.03611111,0.43888889,es,1.0,4271795-4,5805687,P,47.04491,-122.90169,NORTH-AMERICA,United States,WNA
358,El Niño,El Niño,GPE,0.0,0.0,es,1.0,,12513655,L,-0.90231,-89.52853,PACIFIC,Ecuador,EPO
359,HOUSTON,HOUSTON,GPE,-0.2125,0.68333333,es,1.0,4095673-8,4699066,P,29.76328,-95.36327,NORTH-AMERICA,United States,CNA
329,Santander,Santander,GPE,0.0,0.0,es,1.0,4118411-7,3109718,P,43.46472,-3.80444,EUROPE-AFRICA,Spain,MED
327,Mirtha Legrand,Mirtha Legrand,LOC,-0.125,0.375,es,1.0,,0,,,,,,
361,Da Luz,Da Luz,GPE,0.35,0.75,es,1.0,,7669150,A,15.21529,-23.16055,ATLANTIC,Cabo Verde,NAO
322,the Gulf of St Vincent,the Gulf of St Vincent,LOC,0.25333333,0.81333333,en,1.0,5119202-0,4169171,P,27.29393,-80.35033,NORTH-AMERICA,United States,ENA
320,Storm L,Storm L,LOC,0.24444444,0.57777778,es,1.0,,4815788,P,39.27733,-79.24087,NORTH-AMERICA,United States,ENA
309,Kentucky,Kentucky,GPE,0.125,0.65,en,1.0,4097823-0,6254925,A,38.20042,-84.87762,NORTH-AMERICA,United States,ENA
310,Russia,Russia,GPE,0.26111111,0.46666667,en,1.0,4076899-5,2017370,A,60.0,100.0,ASIA,Russia,ESB
311,Slovenia,Slovenia,GPE,0.0,0.0,en,1.0,4055302-4,3190538,A,46.08333,15.0,EUROPE,Slovenia,WCE
312,Andaman,Andaman,GPE,0.0,0.0,en,1.0,4427169-4,1259385,P,11.66613,92.74635,INDIAN,India,BOB
313,Nicobar,Nicobar,GPE,0.0,0.0,en,1.0,4427169-4,1259385,P,11.66613,92.74635,INDIAN,India,BOB
314,Hyderabad,Hyderabad,GPE,0.0,0.5,en,1.0,4095856-5,1269843,P,17.38405,78.45636,ASIA,India,SAS
315,Madagascar,Madagascar,GPE,-0.1,0.4,en,1.0,4074425-5,1062947,A,-20.0,47.0,AFRICA,Madagascar,MDG
316,Tug Hill,Tug Hill,LOC,-0.1,0.4,en,1.0,,52230,T,8.5393,46.44671,AFRICA,Somalia,NEAF
317,Nepal,Nepal,GPE,0.4,0.9,en,1.0,4041612-4,1282988,A,28.0,84.0,ASIA,Nepal,TIB
318,Himalayas,Himalayas,GPE,0.07222222,0.45726496,en,1.0,,0,T,28.0,84.0,,,
319,NCR,NCR,GPE,0.25,0.45,en,1.0,,9972750,L,28.66047,77.07733,ASIA,India,SAS
320,Panchkula,Panchkula,GPE,0.2,0.7,en,1.0,7747237-8,6690108,P,30.69461,76.8504,ASIA,India,TIB
321,Prairies,Prairies,LOC,0.06547619,0.33928571,en,1.0,,12830704,L,55.53163,-106.48639,NORTH-AMERICA,Canada,NWN
323,Tamil Nadu,Tamil Nadu,GPE,-0.13333333,0.43333333,en,1.0,5351481-6,1264527,P,13.08784,80.27847,ASIA,India,SAS
326,El Prat,El Prat,GPE,0.0,0.0,es,1.0,,3123329,P,41.32784,2.09472,EUROPE-AFRICA,Spain,MED
324,South Peninsula,South Peninsula,LOC,-0.13333333,0.43333333,en,1.0,,0,,,,,,
325,the Democratic Republic of the,the Democratic Republic of the,GPE,0.3,0.55,en,1.0,4077509-4,51537,A,6.0,48.0,AFRICA,Somalia,NEAF
326,Congo,Congo,GPE,0.3,0.55,en,1.0,4032097-2,2260494,A,-1.0,15.5,AFRICA,Republic of the Congo,CAF
327,North and South Kivu,North and South Kivu,GPE,0.3,0.55,en,1.0,,0,,,,,,
328,New Mexico,New Mexico,GPE,0.05757576,0.43636364,en,1.0,4217452-1,5454711,P,35.08449,-106.65114,NORTH-AMERICA,United States,WNA
329,New England,New England,LOC,0.05757576,0.43636364,en,1.0,4075306-2,11919979,L,44.0,-71.0,NORTH-AMERICA,United States,ENA
330,Southern England,Southern England,LOC,0.0,0.0,en,1.0,,5240538,S,43.52714,-72.94664,NORTH-AMERICA,United States,ENA
331,the Northern Hemisphere,the Northern Hemisphere,LOC,0.0,1.0,en,1.0,,0,,,,,,
332,Yosemite,Yosemite,GPE,0.4,0.7,en,1.0,,5370627,S,37.50978,-120.0393,NORTH-AMERICA,United States,WNA
333,North Queensland,North Queensland,GPE,-0.16666667,0.53333333,en,1.0,,11523972,L,-16.56884,142.4846,OCEANIA,Australia,NAU
322,Tehran,Tehran,GPE,-0.3,0.4,es,1.0,4059304-6,112931,P,35.69439,51.42151,ASIA,Iran,WCA
323,Loja,Loja,GPE,-0.1625,0.4375,es,1.0,4269841-8,3654667,P,-3.99313,-79.20422,SOUTH-AMERICA,Ecuador,NWS
324,the Genil river,the Genil river,LOC,-0.1625,0.4375,es,1.0,,0,,,,,,
325,A Coruña,A Coruña,LOC,0.0,0.0,es,1.0,4098904-5,3119841,P,43.37135,-8.396,EUROPE-AFRICA,Spain,MED
360,home.&nbsp,home.&nbsp,GPE,0.125,0.36666667,es,1.0,,0,,,,,,
362,Benfica,Benfica,GPE,0.35,0.75,es,1.0,,7538630,P,-22.89168,-43.24092,SOUTH-AMERICA,Brazil,SES
253,Scandinavia,Scandinavia,LOC,-0.09375,0.25,es,1.0,,0,,,,,,
85,the Big Island,the Big Island,LOC,0.0,0.1,ar,1.0,,4747418,P,37.53375,-79.35975,NORTH-AMERICA,United States,ENA
71,Addis Ababa,Addis Ababa,GPE,-0.01388889,0.09722222,ar,1.0,4000459-4,344979,P,9.02497,38.74689,AFRICA,Ethiopia,NEAF
72,the African Union,the African Union,GPE,0.0,0.0,ar,1.0,,4137464,L,38.9165,-77.02581,NORTH-AMERICA,United States,ENA
73,Mediterranean,Mediterranean,LOC,0.375,0.875,ar,1.0,,0,,,,,,
74,Caribbean coast,Caribbean coast,LOC,-0.3125,0.4375,ar,1.0,,3379075,L,6.18333,-57.23333,SOUTH-AMERICA,Guyana,NSA
75,Colombia,Colombia,GPE,0.0,0.0,ar,1.0,4031812-6,3686110,A,4.0,-73.25,SOUTH-AMERICA,Colombia,NWS
76,Far North,Far North,LOC,0.05,0.5,ar,1.0,,11887751,L,42.77268,-116.9579,NORTH-AMERICA,United States,WNA
77,Abu Dhabi,Abu Dhabi,GPE,0.2,0.2,ar,1.0,4000287-1,292968,P,24.45118,54.39696,ASIA,United Arab Emirates,ARP
78,Middle East,Middle East,LOC,0.0,0.42083333,ar,1.0,,0,,,,,,
79,Gewan Island,Gewan Island,LOC,0.5,0.9,ar,1.0,,0,,,,,,
80,Renaissance Dam,Renaissance Dam,LOC,0.0,0.0,ar,1.0,,0,,,,,,
81,Queensland,Queensland,GPE,-0.1,0.4,ar,1.0,4103475-2,2152274,A,-20.0,145.0,OCEANIA,Australia,NAU
82,Paris,Paris,GPE,-0.03055556,0.14722222,ar,1.0,4044660-8,2988507,P,48.85341,2.3488,EUROPE,France,WCE
83,Illinois,Illinois,GPE,0.13636364,0.45454545,ar,1.0,4109206-5,4896861,A,40.00032,-89.25037,NORTH-AMERICA,United States,ENA
84,Hawaii,Hawaii,GPE,0.0,0.1,ar,1.0,251184-8,5855797,A,20.78785,-156.38612,PACIFIC,United States,NPO
189,Pennsylvania,Pennsylvania,GPE,0.29090909,0.56969697,tr,1.0,4045103-3,12217723,L,40.64575,-79.91382,NORTH-AMERICA,United States,ENA
69,Gaza City,Gaza City,GPE,-0.6,1.0,ar,1.0,4092680-1,281133,P,31.50161,34.46672,EUROPE-AFRICA,Palestinian Territory,MED
190,Midwest,Midwest,LOC,-0.25,0.45,tr,1.0,4074909-5,12212748,L,43.61327,-88.28917,NORTH-AMERICA,United States,ENA
191,Central America,Central America,LOC,-0.04642857,0.39464286,tr,1.0,,0,L,25.32417,-99.66797,,,
192,Maryland,Maryland,GPE,0.29090909,0.56969697,tr,1.0,4037776-3,4361885,A,39.00039,-76.74997,NORTH-AMERICA,United States,ENA
193,United States,United States,GPE,0.01688312,0.42770563,tr,1.0,,0,L,-14.60485,-57.65625,,,
194,Miryang,Miryang,GPE,0.0,0.0,tr,1.0,1115656376,1841149,P,35.49333,128.74889,ASIA,South Korea,EAS
195,Delaware,Delaware,GPE,0.29090909,0.56969697,tr,1.0,4085407-3,4142224,A,39.00039,-75.49992,NORTH-AMERICA,United States,ENA
196,South Korea,South Korea,GPE,0.0,0.0,tr,1.0,4078029-6,1835841,A,36.5,127.75,ASIA,South Korea,EAS
347,Narelle,Narelle,GPE,-0.36666667,0.43333333,en,1.0,,8800293,S,-27.07557,148.69416,OCEANIA,Australia,EAU
346,Nordic,Nordic,GPE,0.0,0.0,en,1.0,,0,,,,,,
345,the Atlantic Ocean,the Atlantic Ocean,LOC,-0.05625,0.65,en,1.0,,4504476,P,39.95373,-74.19792,NORTH-AMERICA,United States,ENA
344,BaT,BaT,GPE,0.0,0.05,en,1.0,,295548,P,32.02379,34.75185,EUROPE-AFRICA,Israel,MED
343,the East Coast,the East Coast,LOC,0.02,0.64666667,en,1.0,,12212303,L,37.02332,-77.36954,NORTH-AMERICA,United States,ENA
342,Punjab,Punjab,GPE,0.0,1.0,en,1.0,4047850-6,1167710,A,30.85,72.31667,ASIA,Pakistan,WCA
341,Himachal Pradesh,Himachal Pradesh,GPE,0.0,1.0,en,1.0,4240080-6,1270101,A,31.91667,77.25,ASIA,India,TIB
70,Lake Tahoe,Lake Tahoe,LOC,-0.06666667,0.33333333,ar,1.0,4366043-5,5397664,P,38.93324,-119.98435,NORTH-AMERICA,United States,WNA
68,West Bank,West Bank,GPE,0.0,0.0,ar,1.0,,282615,P,32.22111,35.25444,EUROPE-AFRICA,Palestinian Territory,MED
363,UPA,UPA,GPE,0.02083333,0.35416667,es,1.0,4345987-0,479561,P,54.74306,55.96779,EUROPE,Russia,EEU
378,Shakira,Shakira,GPE,0.0,0.0,es,1.0,,0,,,,,,
364,the west coast,the west coast,LOC,0.0,0.0,es,1.0,,12492673,L,39.28,-155.26,PACIFIC,United States,NPO
365,Cerler,Cerler,GPE,-0.2,0.0,es,1.0,,318774,P,36.28333,29.78093,EUROPE-AFRICA,Turkey,MED
366,Vigo,Vigo,GPE,0.1,0.15,es,1.0,4108258-8,3105976,P,42.23282,-8.72264,EUROPE-AFRICA,Spain,MED
367,Playa de San Juan,Playa de San Juan,GPE,0.0625,0.13125,es,1.0,,3669511,T,2.33795,-78.63866,SOUTH-AMERICA,Colombia,NWS
368,MIAMI,MIAMI,GPE,-0.1,0.4,es,1.0,4039108-5,4164138,P,25.77427,-80.19366,NORTH-AMERICA,United States,ENA
369,Brussels,Brussels,GPE,0.0,0.4,es,1.0,4008460-7,2800866,P,50.85045,4.34878,EUROPE,Belgium,WCE
370,New Delhi,New Delhi,GPE,0.03409091,0.11363636,es,1.0,4011371-1,1261481,P,28.62137,77.2148,ASIA,India,SAS
371,Santiago de Chile,Santiago de Chile,GPE,0.0,0.0,es,1.0,4122723-2,3871336,P,-33.45694,-70.64827,SOUTH-AMERICA,Chile,SWS
372,New Atlantic,New Atlantic,LOC,0.24545455,0.55151515,es,1.0,4042011-5,5128581,P,40.71427,-74.00597,NORTH-AMERICA,United States,ENA
373,La Mancha,La Mancha,GPE,1.0,0.3,es,1.0,4078343-1,2510409,P,39.8581,-4.02263,EUROPE-AFRICA,Spain,MED
374,Mapiripán,Mapiripán,GPE,0.0,0.0,es,1.0,,9172408,A,3.09706,-71.94964,SOUTH-AMERICA,Colombia,NSA
375,Rosario Central,Rosario Central,GPE,0.0,0.125,es,1.0,,8581845,A,27.25616,-106.29878,CENTRAL-AMERICA,Mexico,NCA
376,RALEIGH,RALEIGH,GPE,-0.1,0.1,es,1.0,4224750-0,4487042,P,35.7721,-78.63861,NORTH-AMERICA,United States,ENA
377,Ronda,Ronda,GPE,-0.04722222,0.40277778,es,1.0,4235107-8,2511730,P,36.74231,-5.16709,EUROPE-AFRICA,Spain,MED
334,Badrinath,Badrinath,GPE,0.25,0.5,en,1.0,4364513-6,1277960,T,30.7333,79.2833,ASIA,India,TIB
67,Oslo,Oslo,GPE,-0.2,0.45,ar,1.0,1013733-6,3143244,P,59.91273,10.74609,EUROPE,Norway,NEU
57,Levant,Levant,GPE,-0.05,0.1,ar,1.0,,0,,,,,,
58,the West Bank,the West Bank,GPE,-0.2,0.45,ar,1.0,,5647484,S,48.60832,-112.377,NORTH-AMERICA,United States,WNA
335,Mohali,Mohali,GPE,0.2,0.7,en,1.0,7747494-6,6992326,P,30.67995,76.72211,ASIA,India,TIB
336,Chamoli,Chamoli,GPE,0.25,0.5,en,1.0,4431603-3,1261991,T,30.37584,79.97077,ASIA,India,TIB
337,Rudraprayag,Rudraprayag,GPE,0.25,0.5,en,1.0,,8739870,A,30.60872,79.06517,ASIA,India,TIB
338,Uttarkashi,Uttarkashi,GPE,0.25,0.5,en,1.0,106500995X,1253629,A,31.0,78.5,ASIA,India,TIB
59,Geneva,Geneva,GPE,0.0,0.0,ar,1.0,4020137-5,2660646,P,46.20222,6.14569,EUROPE,Switzerland,WCE
60,Northern California,Northern California,LOC,-0.09,0.34,ar,1.0,,11071615,L,34.68743,-116.78467,NORTH-AMERICA,United States,WNA
61,the Tigris River,the Tigris River,LOC,0.0,0.0,ar,1.0,,98846,P,32.55621,45.41293,ASIA,Iraq,WCA
62,The Tigris River,The Tigris River,LOC,-0.3625,0.6375,ar,1.0,,98846,P,32.55621,45.41293,ASIA,Iraq,WCA
63,Quneitra,Quneitra,GPE,0.24375,0.44375,ar,1.0,4273948-2,173336,A,33.03333,35.78333,EUROPE-AFRICA,Syria,MED
64,Qasr al-Kebir,Qasr al-Kebir,GPE,0.1,0.4,ar,1.0,,165969,T,36.02889,37.07832,EUROPE-AFRICA,Syria,MED
65,Norway,Norway,GPE,0.0,0.0,ar,1.0,4042640-3,3144096,A,62.0,10.0,EUROPE,Norway,NEU
66,Yemen,Yemen,GPE,-0.6,1.0,ar,1.0,4073009-8,69543,A,15.5,47.5,ASIA,Yemen,ARP
319,Tajo,Tajo,GPE,-0.2,0.45,es,1.0,4105749-1,6356895,A,39.72389,-5.29294,EUROPE-AFRICA,Spain,MED
318,Lis,Lis,GPE,-0.2,0.45,es,1.0,,8076979,T,53.71391,24.05692,EUROPE,Belarus,WCE
317,Volga,Volga,GPE,-0.2,0.45,es,1.0,4079375-8,11961325,L,56.30668,43.93167,EUROPE,Russia,EEU
282,Saudi Arabia,Saudi Arabia,GPE,0.0,0.0,es,1.0,4051788-3,102358,A,25.0,45.0,ASIA,Saudi Arabia,ARP
268,Liverpool,Liverpool,GPE,0.0,0.0,es,1.0,4036068-4,2644210,P,53.41058,-2.97794,EUROPE,United Kingdom,NEU
269,Ampurdán,Ampurdán,GPE,0.02784091,0.35738636,es,1.0,4355535-4,3123679,T,42.2,2.75,EUROPE-AFRICA,Spain,MED
270,Gerona,Gerona,GPE,0.02784091,0.35738636,es,1.0,4564291-6,3545867,P,21.88759,-82.80662,CENTRAL-AMERICA,Cuba,CAR
271,Storm Ingrid,Storm Ingrid,LOC,-0.125,0.375,es,1.0,,0,,,,,,
272,the San Andreas,the San Andreas,LOC,0.0,0.0,es,1.0,,5391597,P,38.19603,-120.68049,NORTH-AMERICA,United States,WNA
273,Lugo,Lugo,GPE,-0.4125,0.52083333,es,1.0,4111426-7,3117814,P,43.00992,-7.55602,EUROPE-AFRICA,Spain,MED
274,Juventud,Juventud,GPE,0.0,0.06666667,es,1.0,,3556608,A,21.7,-82.81667,CENTRAL-AMERICA,Cuba,CAR
275,Yucatecan,Yucatecan,GPE,0.0,0.0,es,1.0,,0,,,,,,
276,The Yucatan Peninsula,The Yucatan Peninsula,LOC,0.10714286,0.26428571,es,1.0,,0,,,,,,
277,Guanaceví,Guanaceví,GPE,-0.3,0.46666667,es,1.0,,8581864,A,25.9961,-106.10898,CENTRAL-AMERICA,Mexico,NCA
278,Movistar,Movistar,GPE,0.4,0.4,es,1.0,,9883534,T,-34.89269,-55.26192,SOUTH-AMERICA,Uruguay,SES
279,Oviedo,Oviedo,GPE,0.0,0.0,es,1.0,4116850-1,3114711,P,43.36029,-5.84476,EUROPE-AFRICA,Spain,MED
280,Brasilia,Brasilia,GPE,-0.05,0.7,es,1.0,4008003-1,3469034,A,-10.0,-55.0,SOUTH-AMERICA,Brazil,SAM
281,the Autonomous Communities,the Autonomous Communities,GPE,0.4,0.7,es,1.0,,0,,,,,,
283,Tabakalera,Tabakalera,GPE,0.0,0.4,es,1.0,,0,,,,,,
266,Tarragona,Tarragona,GPE,0.25,0.25,es,1.0,4059081-1,3108288,P,41.11905,1.24544,EUROPE-AFRICA,Spain,MED
284,Malaga,Malaga,GPE,0.0,0.06666667,es,1.0,4100040-7,2514256,P,36.72016,-4.42034,EUROPE-AFRICA,Spain,MED
285,Magallanes,Magallanes,GPE,0.15,0.35,es,1.0,5058706-7,4036650,A,-52.50026,-73.00067,SOUTH-AMERICA,Chile,SSA
286,Aguascalientes,Aguascalientes,GPE,0.0,0.2,es,1.0,136031-0,4019233,P,21.88262,-102.2843,CENTRAL-AMERICA,Mexico,NCA
287,Puracé,Puracé,GPE,-0.125,0.375,es,1.0,4207632-8,3671223,A,2.33851,-76.38759,SOUTH-AMERICA,Colombia,NWS
288,Guaíba,Guaíba,GPE,0.43333333,0.73333333,es,1.0,5555288-2,3473964,P,-30.11389,-51.325,SOUTH-AMERICA,Brazil,SES
289,Porto Alegre,Porto Alegre,GPE,0.43333333,0.73333333,es,1.0,4272276-7,3452925,P,-30.03283,-51.23019,SOUTH-AMERICA,Brazil,SES
290,Campo de Cartagena,Campo de Cartagena,LOC,0.0,0.0,es,1.0,,2520417,P,37.66667,-0.93333,EUROPE-AFRICA,Spain,MED
291,Nepal,Nepal,GPE,0.08666667,0.32333333,es,1.0,4041612-4,1282988,A,28.0,84.0,ASIA,Nepal,TIB
292,Malta,Malta,GPE,-0.125,0.375,es,1.0,508790-9,2562770,A,35.91667,14.43333,EUROPE-AFRICA,Malta,MED
293,Navarra,Navarra,GPE,-0.1,0.1,es,1.0,4115835-0,3114472,P,42.81687,-1.64323,EUROPE-AFRICA,Spain,MED
294,Burgos,Burgos,GPE,-0.1,0.1,es,1.0,4080584-0,3127461,P,42.34106,-3.70184,EUROPE-AFRICA,Spain,MED
295,Die,Die,GPE,0.5,0.6,es,1.0,5194543-5,2980827,P,48.28429,6.94921,EUROPE,France,WCE
296,Quito,Quito,GPE,0.13636364,0.45454545,es,1.0,4116883-5,3652462,P,-0.22985,-78.52495,SOUTH-AMERICA,Ecuador,NWS
297,Guayaquil,Guayaquil,GPE,0.13636364,0.45454545,es,1.0,4239243-3,3657509,P,-2.19616,-79.88621,SOUTH-AMERICA,Ecuador,NWS
267,Xpeng,Xpeng,GPE,0.11818182,0.32727273,es,1.0,,0,,,,,,
265,La Pata,La Pata,GPE,0.0,0.0,es,1.0,,3382533,P,3.28636,-54.06938,SOUTH-AMERICA,French Guiana,NSA
316,London,London,GPE,0.25,0.5,es,1.0,4074335-4,2643743,P,51.50853,-0.12574,EUROPE,United Kingdom,NEU
245,Rhode Island,Rhode Island,GPE,-0.05,0.5,en,1.0,4049848-7,5224323,A,41.75038,-71.49978,NORTH-AMERICA,United States,ENA
254,Alta,Alta,GPE,-0.0625,0.22083333,es,1.0,4280282-9,3598119,P,15.47025,-90.37455,CENTRAL-AMERICA,Guatemala,SCA
255,Andorra,Andorra,GPE,0.25,0.83333333,es,1.0,4001937-8,3041565,A,42.55,1.58333,EUROPE-AFRICA,Andorra,MED
256,MONTEVIDEO,MONTEVIDEO,GPE,0.0,0.0,es,1.0,4115214-1,3441575,P,-34.90328,-56.18816,SOUTH-AMERICA,Uruguay,SES
257,the United States-Mexico-Ca,the United States-Mexico-Ca,GPE,0.0,0.0,es,1.0,,5372583,P,35.46885,-119.26872,NORTH-AMERICA,United States,WNA
258,the Atlantic Coast,the Atlantic Coast,LOC,-0.00833333,0.66666667,es,1.0,,12212303,L,37.02332,-77.36954,NORTH-AMERICA,United States,ENA
259,Los Domingos,Los Domingos,GPE,0.5,1.0,es,1.0,,3498653,H,18.80093,-68.90191,CENTRAL-AMERICA,Dominican Republic,CAR
260,New Magazindie,New Magazindie,GPE,0.15340909,0.45454545,es,1.0,,0,,,,,,
261,Pantanal,Pantanal,GPE,0.0,0.0,es,1.0,4044490-9,3455248,T,-18.0,-56.0,SOUTH-AMERICA,Brazil,SAM
262,Aemet,Aemet,LOC,-0.03888889,0.24444444,es,1.0,,6294361,P,47.29287,8.70344,EUROPE,Switzerland,WCE
240,Franconia,Franconia,GPE,0.25,0.5,en,1.0,,2803465,L,50.0,9.0,EUROPE,Germany,WCE
241,Kapalua,Kapalua,GPE,0.0,0.0,en,1.0,,5848366,S,20.96256,-156.67424,PACIFIC,United States,NPO
242,U.S.A.,U.S.A.,GPE,0.16,0.54,en,1.0,,0,,,,,,
243,Virginia,Virginia,GPE,-0.05,0.5,en,1.0,4376528-2,4801859,P,38.34982,-81.63262,NORTH-AMERICA,United States,ENA
244,Connecticut,Connecticut,GPE,-0.05,0.5,en,1.0,4010487-4,4831725,A,41.66704,-72.66648,NORTH-AMERICA,United States,ENA
246,northeast coast,northeast coast,LOC,0.0,0.0,en,1.0,4042011-5,5128581,P,40.71427,-74.00597,NORTH-AMERICA,United States,ENA
264,Chubut,Chubut,GPE,0.0,0.0,es,1.0,,3861244,A,-44.0,-69.0,SOUTH-AMERICA,Argentina,SSA
247,Souther,Souther,GPE,0.0,0.0,en,1.0,,6151993,T,48.10819,-52.79804,NORTH-AMERICA,Canada,ENA
248,Eastern United States,Eastern United States,GPE,-0.3,0.4,en,1.0,,12212303,L,37.02332,-77.36954,NORTH-AMERICA,United States,ENA
249,the Eastern United States,the Eastern United States,GPE,0.1,0.6,en,1.0,,12212303,L,37.02332,-77.36954,NORTH-AMERICA,United States,ENA
250,the Pacific Northwest,the Pacific Northwest,LOC,-0.1,0.25,en,1.0,,9881905,L,45.99696,-118.49854,NORTH-AMERICA,United States,WNA
251,Hindi,Hindi,GPE,0.0,1.0,en,1.0,,434814,L,33.53167,35.69028,EUROPE-AFRICA,Lebanon,MED
252,Austin,Austin,GPE,0.31666667,0.44444444,en,1.0,4079879-3,4671654,P,30.26715,-97.74306,NORTH-AMERICA,United States,CNA
253,Southwest,Southwest,LOC,0.27878788,0.48484848,en,1.0,,12503510,A,-0.87125,131.28162,ASIA,Indonesia,SEA
254,SLO County,SLO County,GPE,0.1,0.4,en,1.0,,2273878,H,5.96278,-9.66889,AFRICA,Liberia,WAF
255,the Florida Panhandle,the Florida Panhandle,LOC,0.125,0.45,en,1.0,,12217836,L,30.32013,-85.08547,NORTH-AMERICA,United States,ENA
256,Scotland,Scotland,GPE,0.31818182,0.47727273,en,1.0,4053233-1,5057190,A,40.4526,-92.14705,NORTH-AMERICA,United States,CNA
257,Missouri,Missouri,GPE,0.13636364,0.45454545,en,1.0,4039591-1,4398678,A,38.25031,-92.50046,NORTH-AMERICA,United States,CNA
258,Tan Wheat,Tan Wheat,LOC,-0.16666667,0.43333333,en,1.0,,0,,,,,,
259,Sydney Harbour,Sydney Harbour,GPE,0.0,0.8,en,1.0,7613852-5,2208291,S,-33.85249,151.21046,OCEANIA,Australia,EAU
263,Belorado,Belorado,GPE,-0.16666667,0.16666667,es,1.0,,6356368,A,42.3964,-3.17459,EUROPE-AFRICA,Spain,MED
298,Piri,Piri,GPE,-0.03333333,0.53333333,es,1.0,,833647,T,42.17495,21.05524,EUROPE-AFRICA,North Macedonia,MED
299,arctic,arctic,LOC,0.075,0.36666667,es,1.0,,0,,,,,,
300,Panticosa,Panticosa,LOC,0.01666667,0.2,es,1.0,4244654-5,3114415,P,42.72381,-0.2817,EUROPE-AFRICA,Spain,MED
304,the Singapore River,the Singapore River,LOC,0.5,1.0,en,1.0,,11593983,S,1.40295,103.79174,ASIA,Singapore,SEA
290,the Great Plains,the Great Plains,LOC,0.225,0.56875,en,1.0,,12212750,L,42.58598,-100.51728,NORTH-AMERICA,United States,CNA
291,UGG,UGG,GPE,0.26666667,0.66666667,en,1.0,,0,,,,,,
292,Canada Goose,Canada Goose,GPE,0.26666667,0.66666667,en,1.0,,12874532,A,51.30437,-55.61796,NORTH-AMERICA,Canada,NEN
293,Maritimes,Maritimes,GPE,0.0,0.4,en,1.0,4075416-9,2990440,P,43.70313,7.26608,EUROPE-AFRICA,France,MED
294,the South West,the South West,LOC,0.10357143,0.45714286,en,1.0,,12110881,L,32.83468,-95.56338,NORTH-AMERICA,United States,CNA
295,North East India,North East India,LOC,0.0,0.0,en,1.0,,3580678,P,19.3,-81.11667,CENTRAL-AMERICA,Cayman Islands,CAR
296,Kamloops,Kamloops,GPE,0.1,0.4,en,1.0,4250976-2,5989045,P,50.66648,-120.3192,NORTH-AMERICA,Canada,NWN
297,Southern Alberta,Southern Alberta,LOC,0.0,0.0,en,1.0,,10402111,V,44.68341,8.08081,EUROPE-AFRICA,Italy,MED
298,the North Pacific,the North Pacific,LOC,0.0,0.0,en,1.0,,12110848,L,45.53341,-127.13411,NORTH-AMERICA,United States,WNA
299,North Pacific,North Pacific,LOC,-0.0625,0.8,en,1.0,,12110848,L,45.53341,-127.13411,NORTH-AMERICA,United States,WNA
300,the Caribbean Sea,the Caribbean Sea,LOC,-0.16666667,0.2,en,1.0,4051667-2,3448439,P,-23.5475,-46.63611,SOUTH-AMERICA,Brazil,SES
301,eastern Pacific Ocean,eastern Pacific Ocean,LOC,-0.16666667,0.2,en,1.0,4334651-0,4364312,P,38.3365,-75.08491,NORTH-AMERICA,United States,ENA
302,Pacific Ocean,Pacific Ocean,LOC,-0.05833333,0.53333333,en,1.0,,0,,,,,,
303,the South Bank,the South Bank,GPE,0.5,1.0,en,1.0,,4652341,P,35.11229,-85.29413,NORTH-AMERICA,United States,ENA
305,Springfield,Springfield,GPE,-0.2,0.33333333,en,1.0,4118770-2,4250542,P,39.80172,-89.64371,NORTH-AMERICA,United States,ENA
301,Retiro,Retiro,GPE,0.28666667,0.59666667,es,1.0,120794601X,9031067,S,-35.96043,-71.79261,SOUTH-AMERICA,Chile,SWS
306,South Wales,South Wales,GPE,0.10357143,0.45714286,en,1.0,4058708-3,2147714,P,-33.86785,151.20732,OCEANIA,Australia,EAU
307,Gurgaon,Gurgaon,GPE,0.25,0.45,en,1.0,4804200-6,1270642,P,28.4601,77.02635,ASIA,India,SAS
308,south Wales,south Wales,GPE,0.1,1.0,en,1.0,4058708-3,2147714,P,-33.86785,151.20732,OCEANIA,Australia,EAU
305,Irún,Irún,GPE,0.2,0.46666667,es,1.0,4612240-0,3120304,P,43.33904,-1.78938,EUROPE-AFRICA,Spain,MED
306,Boca,Boca,LOC,0.0,0.0,es,1.0,4194370-3,4148411,P,26.35869,-80.0831,NORTH-AMERICA,United States,ENA
307,the Balearic archipelago,the Balearic archipelago,LOC,0.33333333,0.33333333,es,1.0,,0,,,,,,
308,Navacerrada,Navacerrada,GPE,0.46666667,0.5,es,1.0,,6359317,A,40.75686,-4.00711,EUROPE-AFRICA,Spain,MED
309,Netherlands,Netherlands,GPE,0.0,0.06666667,es,1.0,4042203-3,2750405,A,52.25,5.75,EUROPE,The Netherlands,NEU
310,Mercosur,Mercosur,GPE,0.0,0.0,es,1.0,,0,,,,,,
311,Holland,Holland,GPE,-0.045,0.475,es,1.0,4042203-3,2750405,A,52.25,5.75,EUROPE,The Netherlands,NEU
312,Amsterdam,Amsterdam,GPE,0.0,0.0,es,1.0,4001783-7,2759794,P,52.37403,4.88969,EUROPE,The Netherlands,NEU
313,Houston,Houston,GPE,-0.07142857,0.14285714,es,1.0,4095673-8,4699066,P,29.76328,-95.36327,NORTH-AMERICA,United States,CNA
314,Rancho Chico,Rancho Chico,GPE,1.0,1.0,es,1.0,,4721422,P,28.02557,-97.49694,CENTRAL-AMERICA,United States,NCA
315,the Asón basin,the Asón basin,LOC,0.08571429,0.45714286,es,1.0,,0,,,,,,
289,Bison,Bison,GPE,0.0,0.0,en,1.0,,4268347,P,38.52279,-99.19732,NORTH-AMERICA,United States,CNA
288,Assam,Assam,GPE,-0.08333333,0.3,en,1.0,4003249-8,1278253,A,26.0,93.0,ASIA,India,SAS
287,Morigaon,Morigaon,GPE,-0.08333333,0.3,en,1.0,,8805932,A,26.25213,92.34238,ASIA,India,SAS
286,MaaS,MaaS,GPE,0.13333333,0.16666667,en,1.0,,2759944,H,51.81567,5.01011,EUROPE,The Netherlands,WCE
302,Santiago,Santiago,GPE,0.10416667,0.83333333,es,1.0,4122723-2,3871336,P,-33.45694,-70.64827,SOUTH-AMERICA,Chile,SWS
303,the central zone,the central zone,LOC,0.16666667,0.45833333,es,1.0,,7869875,A,13.78507,38.82055,AFRICA,Ethiopia,NEAF
304,Alps,Alps,LOC,-0.1,0.0,es,1.0,,0,,,,,,
260,Delhi-NCR's,Delhi-NCR's,GPE,-0.1,0.4,en,1.0,,0,,,,,,
261,Caribbean,Caribbean,LOC,0.4,0.45,en,1.0,,0,,,,,,
262,Cambodia,Cambodia,GPE,0.4,0.45,en,1.0,4029400-6,1831722,A,13.0,105.0,ASIA,Cambodia,SEA
263,southern states,southern states,LOC,-0.01666667,0.41666667,en,1.0,,11961329,L,47.23129,39.69204,EUROPE,Russia,WCE
264,SA,SA,GPE,0.5,1.0,en,1.0,,0,,,,,,
265,Vic,Vic,GPE,0.5,1.0,en,1.0,4294389-9,3106050,P,41.93012,2.25486,EUROPE-AFRICA,Spain,MED
266,High Desert,High Desert,GPE,0.08,0.27,en,1.0,,5756314,S,43.96593,-121.34154,NORTH-AMERICA,United States,WNA
267,Tiwi Islands,Tiwi Islands,GPE,0.0,0.0,en,1.0,,7839409,A,-11.55324,130.78178,OCEANIA,Australia,NAU
268,West Arnhem Land,West Arnhem Land,LOC,0.0,0.0,en,1.0,,0,,,,,,
269,Western Australia,Western Australia,LOC,0.0,0.03333333,en,1.0,4232458-0,2063523,P,-31.95224,115.8614,OCEANIA,Australia,SAU
270,Shakes Anchorage,Shakes Anchorage,LOC,0.0,0.1,en,1.0,,0,,,,,,
271,Anchorage,Anchorage,GPE,0.0,0.4,en,1.0,4246931-4,5879400,P,61.21806,-149.90028,NORTH-AMERICA,United States,NWN
272,the United States Geological Survey,the United States Geological Survey,GPE,0.0,0.0,en,1.0,,7708204,S,30.225,-92.045,NORTH-AMERICA,United States,CNA
273,Bondi Beach,Bondi Beach,GPE,-0.4,0.6,en,1.0,1078128693,2174949,T,-33.89169,151.27762,OCEANIA,Australia,EAU
274,Snapscope,Snapscope,GPE,0.5,0.5,en,1.0,,0,,,,,,
275,Macquarie,Macquarie,GPE,0.5,0.9,en,1.0,,0,,,,,,
276,Venice,Venice,GPE,0.25757576,0.46969697,en,1.0,4062501-1,3164603,P,45.43713,12.33265,EUROPE,Italy,WCE
277,Leavenworth,Leavenworth,GPE,0.1,0.4,en,1.0,4446049-1,4274305,P,39.31111,-94.92246,NORTH-AMERICA,United States,CNA
278,the High Desert,the High Desert,LOC,0.00222222,0.41444444,en,1.0,,5756314,S,43.96593,-121.34154,NORTH-AMERICA,United States,WNA
279,Shandong,Shandong,GPE,0.0,0.0,en,1.0,4052070-5,1796328,A,36.33333,118.25,ASIA,China,EAS
280,Outback city,Outback city,GPE,0.0,0.0,en,1.0,,0,,,,,,
281,Magog,Magog,LOC,0.0,0.0,en,1.0,,6064180,P,45.26678,-72.14909,NORTH-AMERICA,Canada,ENA
282,the Dampier Peninsula,the Dampier Peninsula,LOC,0.0,0.0,en,1.0,,0,,,,,,
283,the LA Basin,the LA Basin,LOC,0.125,0.83333333,en,1.0,4098904-5,3119841,P,43.37135,-8.396,EUROPE-AFRICA,Spain,MED
284,Seattle,Seattle,GPE,0.2,0.2,en,1.0,,5809844,P,47.60621,-122.33207,NORTH-AMERICA,United States,WNA
285,Syracuse,Syracuse,GPE,-0.125,0.6,en,1.0,4205703-6,5140405,P,43.04812,-76.14742,NORTH-AMERICA,United States,ENA
321,Nutresa,Nutresa,GPE,0.6,0.9,es,1.0,,0,,,,,,
791,Rakuten Market,Rakuten Market,GPE,0.1,0.4,ja,1.0,,0,,,,,,
790,Sydney,Sydney,GPE,0.0,0.0,ja,1.0,4058708-3,2147714,P,-33.86785,151.20732,OCEANIA,Australia,EAU
692,Aogashima,Aogashima,LOC,0.0,0.0,ja,1.0,,1865268,A,32.45735,139.76646,PACIFIC,Japan,NPO
628,Higashi Ward,Higashi Ward,GPE,-0.0625,0.3875,ja,1.0,,7422792,S,33.61778,130.4175,ASIA,Japan,EAS
629,jersey,jersey,GPE,0.0,0.0,ja,1.0,4028585-6,3042142,A,49.21667,-2.11667,EUROPE,Jersey,WCE
630,X1qAo+0w,X1qAo+0w,GPE,-0.1,0.2,ja,1.0,,0,,,,,,
631,the JR Line,the JR Line,LOC,0.0,0.75,ja,1.0,,0,,,,,,
632,Gemini,Gemini,GPE,0.5,0.9,ja,1.0,,6633734,T,-84.7,-176.63333,POLAR,Antarctica,EAN
633,Yamagataya,Yamagataya,GPE,-0.025,0.125,ja,1.0,,10230811,S,35.81077,137.23881,ASIA,Japan,EAS
634,Shimogyo Ward,Shimogyo Ward,GPE,0.0,0.5,ja,1.0,,0,,,,,,
635,Yamakataya,Yamakataya,GPE,0.0,0.5,ja,1.0,,0,,,,,,
636,Wakayama City,Wakayama City,GPE,0.06666667,0.26666667,ja,1.0,,0,,,,,,
637,the Far East,the Far East,LOC,0.05,0.5,ja,1.0,,5116917,P,40.60538,-73.75513,NORTH-AMERICA,United States,ENA
638,Fukuyama City,Fukuyama City,GPE,0.0,0.0,ja,1.0,,8663713,P,36.62107,137.01945,ASIA,Japan,EAS
639,Asago City,Asago City,GPE,-0.09375,0.68125,ja,1.0,,0,,,,,,
640,Texas,Texas,GPE,-0.13125,0.75,ja,1.0,4059594-8,12217092,L,28.9204,-98.5772,CENTRAL-AMERICA,United States,NCA
641,Montana,Montana,GPE,-0.13125,0.75,ja,1.0,4262460-5,729114,P,43.4125,23.225,EUROPE-AFRICA,Bulgaria,MED
642,San Francisco,San Francisco,GPE,0.0,0.0,ja,1.0,4344631-0,3600949,P,14.0818,-87.20681,CENTRAL-AMERICA,Honduras,SCA
643,Arizona,Arizona,GPE,0.0,0.0,ja,1.0,4002920-7,5551752,A,34.5003,-111.50098,NORTH-AMERICA,United States,WNA
644,Oe Town,Oe Town,GPE,0.5,0.5,ja,1.0,,0,,,,,,
645,Botanical Garden's,Botanical Garden's,LOC,0.0,0.0,ja,1.0,,7802716,L,15.17244,145.74922,PACIFIC,Northern Mariana Islands,NPO
646,Cagi de Reve,Cagi de Reve,GPE,0.21212121,0.61818182,ja,1.0,,0,,,,,,
627,Sakurai City,Sakurai City,GPE,0.2047619,0.69285714,ja,1.0,,0,,,,,,
626,Hashinaka,Hashinaka,GPE,0.2047619,0.69285714,ja,1.0,,0,,,,,,
625,Shenzhen,Shenzhen,GPE,-0.4,0.85,ja,1.0,4107686-2,1795565,P,22.54554,114.0683,ASIA,China,EAS
614,Furudon Town,Furudon Town,GPE,0.0,0.0,ja,1.0,,0,,,,,,
606,Nihonmatsu City,Nihonmatsu City,GPE,0.0,0.0,ja,1.0,,0,,,,,,
607,Kagamiishi Town,Kagamiishi Town,GPE,0.0,0.0,ja,1.0,,0,,,,,,
608,Tenei Village,Tenei Village,GPE,0.0,0.0,ja,1.0,,0,,,,,,
609,Izumizaki Village,Izumizaki Village,GPE,0.0,0.0,ja,1.0,,0,,,,,,
610,Ishikawa Town,Ishikawa Town,GPE,0.0,0.0,ja,1.0,,0,,,,,,
611,Tamagawa Village,Tamagawa Village,GPE,0.0,0.0,ja,1.0,,0,,,,,,
612,Hirata Village,Hirata Village,GPE,0.0,0.0,ja,1.0,,0,,,,,,
613,Asakawa Town,Asakawa Town,GPE,0.0,0.0,ja,1.0,,1864859,P,35.51055,138.77692,ASIA,Japan,EAS
615,Ono Town,Ono Town,GPE,0.0,0.0,ja,1.0,,5265745,P,44.65552,-92.25629,NORTH-AMERICA,United States,CNA
624,nubia,nubia,GPE,-0.4,0.85,ja,1.0,,350981,L,18.98374,32.19115,AFRICA,Sudan,SAH
616,Hirono Town,Hirono Town,GPE,0.0,0.0,ja,1.0,,0,,,,,,
617,Naraha Town,Naraha Town,GPE,0.0,0.0,ja,1.0,,0,,,,,,
618,Kawauchi Village,Kawauchi Village,GPE,0.0,0.0,ja,1.0,,0,,,,,,
619,Gotenyama,Gotenyama,GPE,0.12878788,0.42929293,ja,1.0,,7560682,S,34.82917,135.654,ASIA,Japan,EAS
620,West Japan's,West Japan's,GPE,0.175,0.275,ja,1.0,,1856600,H,26.21667,127.65,ASIA,Japan,EAS
621,Namegawa Town,Namegawa Town,LOC,0.13636364,0.45454545,ja,1.0,,0,,,,,,
622,Kawajiri Town,Kawajiri Town,GPE,0.13636364,0.45454545,ja,1.0,,0,,,,,,
623,Alpen Outdoors,Alpen Outdoors,LOC,0.25,0.47777778,ja,1.0,,0,,,,,,
647,Kiryu,Kiryu,GPE,0.35,0.55,ja,1.0,10032371-6,1859405,P,36.4,139.33333,ASIA,Japan,EAS
648,Pool D,Pool D,GPE,0.2,0.21666667,ja,1.0,,6241245,H,-38.35823,176.36021,OCEANIA,New Zealand,NZ
649,Yuzuya,Yuzuya,GPE,0.0,0.375,ja,1.0,,0,,,,,,
681,Sasebo,Sasebo,GPE,0.0,0.0,ja,1.0,4309919-1,1852899,P,33.16834,129.72502,ASIA,Japan,EAS
673,Yokumoku,Yokumoku,GPE,0.37878788,0.78484848,ja,1.0,,0,,,,,,
674,Minamisanriku Town,Minamisanriku Town,GPE,0.0,0.09583333,ja,1.0,,0,,,,,,
675,KDcolle,KDcolle,GPE,0.0,0.0,ja,1.0,,0,,,,,,
676,Mukaigawara,Mukaigawara,GPE,0.25,0.25,ja,1.0,,7552223,S,35.57218,139.66729,ASIA,Japan,EAS
677,the City of Buffalo,the City of Buffalo,GPE,-0.03125,0.375,ja,1.0,4080569-4,5110629,P,42.88645,-78.87837,NORTH-AMERICA,United States,ENA
678,the Chita Peninsula,the Chita Peninsula,LOC,0.0,0.0,ja,1.0,,0,,,,,,
679,Sakanaction,Sakanaction,GPE,0.0,0.0,ja,1.0,,0,,,,,,
680,Shokz Japan,Shokz Japan,GPE,0.0,0.0,ja,1.0,,0,,,,,,
682,Nagasaki Prefecture,Nagasaki Prefecture,GPE,0.0,0.0,ja,1.0,,1856177,P,32.75,129.88333,ASIA,Japan,EAS
671,Kidzania,Kidzania,GPE,0.0,0.0,ja,1.0,,11836850,L,38.77903,-9.21882,EUROPE-AFRICA,Portugal,MED
683,the Antarctic sea,the Antarctic sea,LOC,0.0,0.0,ja,1.0,,0,,,,,,
684,Minas Gerais,Minas Gerais,GPE,-0.25,0.45,ja,1.0,4039398-7,3457153,A,-18.0,-44.0,SOUTH-AMERICA,Brazil,NES
685,Miyazaki Prefecture Kushima City,Miyazaki Prefecture Kushima City,GPE,0.0,0.0,ja,1.0,,0,,,,,,
686,New England,New England,LOC,0.06818182,0.22727273,ja,1.0,4075306-2,11919979,L,44.0,-71.0,NORTH-AMERICA,United States,ENA
687,Ueda City,Ueda City,GPE,0.08333333,0.54444444,ja,1.0,,0,,,,,,
688,Hamburg,Hamburg,GPE,-0.01272727,0.51090909,ja,1.0,4239189-1,2911298,P,53.55073,9.99302,EUROPE,Germany,NEU
689,Pantan,Pantan,GPE,0.0,0.0,ja,1.0,,10321415,A,27.90109,85.79494,ASIA,Nepal,TIB
690,Tachikawa City,Tachikawa City,GPE,-0.16666667,0.16666667,ja,1.0,,5853790,S,21.30056,-157.84806,PACIFIC,United States,NPO
672,Grand Castella,Grand Castella,GPE,0.37878788,0.78484848,ja,1.0,,6506502,S,38.997,-1.8545,EUROPE-AFRICA,Spain,MED
670,R6 Tama River Daimaru,R6 Tama River Daimaru,LOC,0.0125,0.19083333,ja,1.0,,0,,,,,,
650,Setagaya,Setagaya,GPE,0.3125,0.33333333,ja,1.0,,1852675,A,35.64657,139.65325,ASIA,Japan,EAS
659,Maebashi City,Maebashi City,GPE,0.25,0.5,ja,1.0,4585830-5,1857843,X,36.391109,139.06083,ASIA,Japan,EAS
651,Shibuya Gyoza,Shibuya Gyoza,GPE,0.09943182,0.47727273,ja,1.0,,0,,,,,,
652,Kajima,Kajima,GPE,-0.284375,0.5125,ja,1.0,,333664,L,8.85,38.63333,AFRICA,Ethiopia,NEAF
653,Egg San,Egg San,GPE,0.4,0.75,ja,1.0,,7669542,P,47.39313,9.2276,EUROPE,Switzerland,WCE
654,Daiichi-tei,Daiichi-tei,LOC,0.4,0.5,ja,1.0,,0,,,,,,
655,Hinode-cho,Hinode-cho,LOC,0.0,0.0,ja,1.0,,11709853,P,43.73822,143.78752,ASIA,Japan,EAS
656,Futaba County,Futaba County,GPE,-0.33181818,0.72727273,ja,1.0,,0,,,,,,
657,Omuta City,Omuta City,GPE,0.07409091,0.24863636,ja,1.0,,0,,,,,,
658,bondro,bondro,GPE,0.0,0.0,ja,1.0,,1065667,H,-19.16667,44.73333,AFRICA,Madagascar,MDG
660,Kiryu City,Kiryu City,GPE,0.25,0.5,ja,1.0,,0,,,,,,
669,6-chome river,6-chome river,LOC,0.0125,0.19083333,ja,1.0,,0,,,,,,
661,Taizentenki.jp,Taizentenki.jp,GPE,0.25,0.5,ja,1.0,,0,,,,,,
662,Ashikita Town,Ashikita Town,GPE,0.0,0.0,ja,1.0,,0,,,,,,
663,Kuma Village,Kuma Village,GPE,0.0,0.0,ja,1.0,,2110193,P,3.17315,172.95972,PACIFIC,Kiribati,EPO
664,Uvance,Uvance,GPE,-0.25,0.25,ja,1.0,,0,,,,,,
665,Nagoya PARCO West Building,Nagoya PARCO West Building,GPE,0.0,0.16666667,ja,1.0,,0,,,,,,
666,Okubo,Okubo,GPE,0.0,0.0,ja,1.0,,1862755,P,35.70307,139.70436,ASIA,Japan,EAS
667,Naha,Naha,GPE,0.0,0.0,ja,1.0,4436813-6,1856035,P,26.213,127.67851,ASIA,Japan,EAS
668,the Daimaru Weir,the Daimaru Weir,LOC,0.1,0.4,ja,1.0,,0,,,,,,
605,Shirakawa City,Shirakawa City,GPE,0.0,0.0,ja,1.0,,1864057,P,35.68311,139.80525,ASIA,Japan,EAS
604,Dominica,Dominica,GPE,0.0,0.4375,ja,1.0,4085456-5,3575830,A,15.5,-61.33333,CENTRAL-AMERICA,Dominica,CAR
603,NY,NY,GPE,-0.7,1.0,ja,1.0,,3042198,P,54.22209,-4.69099,EUROPE,Isle of Man,NEU
901,Aramco,Aramco,GPE,0.04545455,0.22651515,ja,1.0,,9864641,S,17.59136,44.35577,ASIA,Saudi Arabia,ARP
909,TPAC,TPAC,GPE,0.25,0.33333333,ja,1.0,,0,,,,,,
908,Pacific coast,Pacific coast,LOC,0.11111111,0.28333333,ja,1.0,,12212303,L,37.02332,-77.36954,NORTH-AMERICA,United States,ENA
907,Tokachi,Tokachi,GPE,0.0,0.0,ja,1.0,,6300321,S,42.73333,143.21667,ASIA,Japan,EAS
906,Otsuchi,Otsuchi,GPE,0.04814815,0.2212963,ja,1.0,,1853429,T,34.41886,133.9226,ASIA,Japan,EAS
905,Hawaii,Hawaii,GPE,0.27619048,0.81904762,ja,1.0,251184-8,5855797,A,20.78785,-156.38612,PACIFIC,United States,NPO
904,Liaoning,Liaoning,GPE,0.0,0.0,ja,1.0,4254136-0,2036115,A,41.25,122.66667,ASIA,China,EAS
903,Noto Island,Noto Island,LOC,0.1,0.4,ja,1.0,,1854947,T,37.11667,137.0,ASIA,Japan,EAS
902,Saudi Aramco,Saudi Aramco,GPE,0.04166667,0.66666667,ja,1.0,,9864641,S,17.59136,44.35577,ASIA,Saudi Arabia,ARP
900,the Xinjiang Uyghur Autonomous Region,the Xinjiang Uyghur Autonomous Region,GPE,0.4,0.7,ja,1.0,,0,,,,,,
911,Eastern Pacific,Eastern Pacific,LOC,0.0,0.1,ja,1.0,,11961320,L,55.0,40.0,EUROPE,Russia,WCE
899,Xinjiang Uyghur Autonomous Region,Xinjiang Uyghur Autonomous Region,GPE,0.4,0.7,ja,1.0,4077460-0,1529047,A,41.5,85.5,ASIA,China,ECA
898,Keito,Keito,GPE,0.0,0.0,ja,1.0,,1874841,P,38.56417,125.70583,ASIA,North Korea,EAS
897,Kanagawa Ward,Kanagawa Ward,GPE,0.0,0.0,ja,1.0,,0,,,,,,
896,Kotani,Kotani,GPE,-0.6,1.0,ja,1.0,,12516892,P,-17.51283,-66.61671,SOUTH-AMERICA,Bolivia,SAM
895,AI,AI,GPE,0.0,0.0,ja,1.0,,0,,,,,,
894,Ichimatsu,Ichimatsu,GPE,0.0,0.125,ja,1.0,,0,,,,,,
893,Fuji City,Fuji City,GPE,0.0,0.0,ja,1.0,4058679-0,2198148,P,-18.13683,178.42531,PACIFIC,Fiji,SPO
892,Kushiro City,Kushiro City,GPE,0.0,0.0,ja,1.0,,7562192,S,34.94956,132.13918,ASIA,Japan,EAS
910,the Saigoku region,the Saigoku region,LOC,0.66666667,1.0,ja,1.0,,0,,,,,,
912,Aso city,Aso city,GPE,0.5,0.5,ja,1.0,,10316881,P,33.89265,130.82716,ASIA,Japan,EAS
890,Minato-ku,Minato-ku,GPE,0.0,0.08611111,ja,1.0,,1857091,A,35.65,139.73333,ASIA,Japan,EAS
923,Nanyo,Nanyo,GPE,0.0,0.08333333,ja,1.0,,1855622,A,34.11667,131.75,ASIA,Japan,EAS
931,Aso region,Aso region,GPE,0.0,0.0,ja,1.0,4622232-7,3172928,P,43.05276,13.75518,EUROPE-AFRICA,Italy,MED
930,Yatsushiro City,Yatsushiro City,GPE,0.02708333,0.30833333,ja,1.0,,0,,,,,,
929,Aso caldera,Aso caldera,LOC,0.02708333,0.30833333,ja,1.0,,0,,,,,,
928,The Kumamoto Earthquake,The Kumamoto Earthquake,LOC,0.0,0.0,ja,1.0,,0,,,,,,
927,Ashikita,Ashikita,GPE,0.0,0.08333333,ja,1.0,1281457345,7412705,A,32.28998,130.52863,ASIA,Japan,EAS
926,Chikugo,Chikugo,GPE,0.0,0.08333333,ja,1.0,144543-1,1864592,H,33.14063,130.35586,ASIA,Japan,EAS
925,Chikuho,Chikuho,GPE,0.0,0.08333333,ja,1.0,4378661-3,1864589,L,33.66667,130.75,ASIA,Japan,EAS
924,Ehime Prefecture,Ehime Prefecture,LOC,0.0,0.08333333,ja,1.0,1051947-6,1926099,P,33.83916,132.76574,ASIA,Japan,EAS
922,western Oita Prefecture,western Oita Prefecture,LOC,0.0,0.0,ja,1.0,,10099928,S,33.2394,131.60786,ASIA,Japan,EAS
913,Beijing,Beijing,GPE,0.0,0.0,ja,1.0,4075971-4,1816670,P,39.9075,116.39723,ASIA,China,EAS
921,Cortina d'Ampezzo,Cortina d'Ampezzo,GPE,0.0,0.0,ja,1.0,4085339-1,3177952,P,46.5369,12.13903,EUROPE,Italy,WCE
920,Trentino-Alto Adige,Trentino-Alto Adige,GPE,0.0,0.0,ja,1.0,4060814-1,3165244,A,46.5,11.33333,EUROPE,Italy,WCE
919,Veneto,Veneto,GPE,0.0,0.0,ja,1.0,4062510-2,3164604,A,45.5,11.75,EUROPE,Italy,WCE
918,Lombardy,Lombardy,GPE,0.0,0.0,ja,1.0,4037100-1,3173435,P,45.46427,9.18951,EUROPE,Italy,WCE
917,Tanzawa,Tanzawa,GPE,0.0,0.0,ja,1.0,,1850625,L,35.46667,139.13333,ASIA,Japan,EAS
916,Semeru Volcano,Semeru Volcano,LOC,0.0,0.4,ja,1.0,,0,,,,,,
915,Roppongi Hills,Roppongi Hills,GPE,0.25,0.3125,ja,1.0,,8030323,S,35.66044,139.72938,ASIA,Japan,EAS
914,Zeroire,Zeroire,GPE,0.4,0.4,ja,1.0,,0,,,,,,
891,Ushitsu,Ushitsu,GPE,0.0,0.08611111,ja,1.0,,1849155,P,37.30791,137.15219,ASIA,Japan,EAS
889,Wenzhou,Wenzhou,GPE,1.015625,1.31666667,ja,1.0,6144980-5,1791388,P,27.99942,120.66682,ASIA,China,EAS
602,Oku-Nikko,Oku-Nikko,GPE,0.0,0.0,ja,1.0,,0,,,,,,
592,San,San,LOC,-0.1425,0.405,ja,1.0,4116320-5,3621849,P,9.93388,-84.08489,CENTRAL-AMERICA,Costa Rica,SCA
584,Osawacho,Osawacho,GPE,-0.1,0.1,ja,1.0,,9628967,P,34.37068,135.66492,ASIA,Japan,EAS
585,Midwest,Midwest,LOC,-0.04285714,0.41428571,ja,1.0,4074909-5,11887750,L,42.65982,-93.93863,NORTH-AMERICA,United States,CNA
586,the Gulf Coast,the Gulf Coast,LOC,0.2,0.45,ja,1.0,,12212749,L,30.3314,-89.73221,NORTH-AMERICA,United States,ENA
587,Mid-Atlantic,Mid-Atlantic,LOC,0.2,0.45,ja,1.0,,12110846,L,40.58629,-76.28807,NORTH-AMERICA,United States,ENA
588,Lake Village,Lake Village,GPE,0.0,0.0,ja,1.0,,4922548,P,41.13753,-87.44864,NORTH-AMERICA,United States,ENA
589,Indiana,Indiana,GPE,0.0,0.0,ja,1.0,4109219-3,12213487,L,39.74743,-86.20614,NORTH-AMERICA,United States,ENA
590,Izu Islands,Izu Islands,LOC,-0.12583333,0.41,ja,1.0,,1861073,T,34.33333,139.66667,ASIA,Japan,EAS
591,Yamaguchi,Yamaguchi,GPE,-0.12583333,0.41,ja,1.0,4317936-8,1848689,P,34.18333,131.46667,ASIA,Japan,EAS
593,Kirigamine,Kirigamine,GPE,0.0,0.0,ja,1.0,,1859418,T,36.1,138.16667,ASIA,Japan,EAS
582,Yoshiki,Yoshiki,GPE,0.0,0.0,ja,1.0,,1848185,A,36.33333,137.25,ASIA,Japan,EAS
594,Inami Town,Inami Town,GPE,0.0,0.0,ja,1.0,,0,,,,,,
595,Innan,Innan,GPE,0.0,0.0,ja,1.0,,2619389,P,62.13333,-6.75,EUROPE,Faroe Islands,NEU
596,Shinagawa,Shinagawa,GPE,0.12878788,0.42929293,ja,1.0,,1852139,P,33.63627,133.00572,ASIA,Japan,EAS
597,Yokkaichi,Yokkaichi,GPE,-0.23772727,0.48590909,ja,1.0,4760636-8,1848373,P,34.96667,136.61667,ASIA,Japan,EAS
598,weather.・Cherry blossoms,weather.・Cherry blossoms,LOC,-0.05,0.475,ja,1.0,,0,,,,,,
599,the Great East Japan Earthquake Otsuchi Town,the Great East Japan Earthquake Otsuchi Town,LOC,0.53333333,0.83333333,ja,1.0,,0,,,,,,
600,Seiryo,Seiryo,GPE,0.28571429,0.53571429,ja,1.0,,1845578,A,35.49604,129.26905,ASIA,South Korea,EAS
601,the south coast,the south coast,LOC,-0.08333333,0.86666667,ja,1.0,,12212749,L,30.3314,-89.73221,NORTH-AMERICA,United States,ENA
583,Ariake,Ariake,GPE,0.0,1.0,ja,1.0,,1865131,A,32.48333,130.31667,ASIA,Japan,EAS
581,Minamisanriku,Minamisanriku,GPE,0.3,0.4,ja,1.0,1119105943,2110999,P,38.67807,141.44314,ASIA,Japan,EAS
888,Toori,Toori,GPE,0.0,0.0,ja,1.0,,12568581,T,61.29398,22.73917,EUROPE,Finland,NEU
879,Yakage Town,Yakage Town,GPE,0.0,0.0,ja,1.0,,0,,,,,,
887,Otomi,Otomi,GPE,0.0,0.0,ja,1.0,,9091865,P,42.39329,142.37729,ASIA,Japan,EAS
886,kogi_musu,kogi_musu,GPE,0.0,0.0,ja,1.0,,0,,,,,,
885,Funabashi,Funabashi,GPE,0.0,0.0,ja,1.0,10028553-3,1863905,P,35.70129,139.98648,ASIA,Japan,EAS
884,Tsurumi Ward,Tsurumi Ward,GPE,0.16666667,0.33333333,ja,1.0,,0,,,,,,
883,the Hokuriku region,the Hokuriku region,LOC,0.0,0.0,ja,1.0,,0,,,,,,
882,NPS_Domestic,NPS_Domestic,GPE,0.0,0.0,ja,1.0,,0,,,,,,
881,Toyo Ehime Prefecture,Toyo Ehime Prefecture,LOC,0.0,0.05,ja,1.0,,1849818,T,34.23068,133.25736,ASIA,Japan,EAS
880,Oki Shimane Prefecture,Oki Shimane Prefecture,GPE,0.0,0.05,ja,1.0,,6300368,S,36.17994,133.32862,ASIA,Japan,EAS
878,Kasaoka City,Kasaoka City,GPE,0.0,0.0,ja,1.0,,0,,,,,,
580,Clostridium (Tokyo,Clostridium (Tokyo,GPE,-0.18333333,0.47777778,ja,1.0,,0,,,,,,
877,Izumo City,Izumo City,GPE,0.0,0.0,ja,1.0,,5856579,S,21.31889,-157.86361,PACIFIC,United States,NPO
876,Hoki Town,Hoki Town,GPE,0.0,0.0,ja,1.0,,0,,,,,,
875,Hiyoshizu Village,Hiyoshizu Village,GPE,0.0,0.0,ja,1.0,,0,,,,,,
874,Hokuei Town,Hokuei Town,GPE,0.0,0.0,ja,1.0,,0,,,,,,
873,Okuizumo Town,Okuizumo Town,GPE,0.0,0.0,ja,1.0,,0,,,,,,
872,Unnan City,Unnan City,GPE,0.0,0.0,ja,1.0,,0,,,,,,
871,Kofu Town,Kofu Town,LOC,0.0,0.0,ja,1.0,,0,,,,,,
870,Hino Town,Hino Town,GPE,0.0,0.0,ja,1.0,,0,,,,,,
691,Orcan,Orcan,GPE,0.0,0.4,ja,1.0,,4795929,H,18.34329,-64.69652,CENTRAL-AMERICA,U.S. Virgin Islands,CAR
693,Johor,Johor,GPE,0.0,0.5,ja,1.0,4096604-5,1732752,P,1.4655,103.7578,ASIA,Malaysia,SEA
933,Sarawak,Sarawak,GPE,0.0,0.25,ja,1.0,4051682-9,1733038,A,2.5,113.5,ASIA,Malaysia,SEA
694,Tohoku Sea,Tohoku Sea,LOC,0.17,0.46333333,ja,1.0,,0,,,,,,
846,AItraining,AItraining,GPE,0.14285714,0.26785714,ja,1.0,,0,,,,,,
845,includingthosefortextanddatamining,includingthosefortextanddatamining,GPE,0.14285714,0.26785714,ja,1.0,,0,,,,,,
844,Photoaging,Photoaging,GPE,-0.0125,0.3875,ja,1.0,,0,,,,,,
843,Ecole Lila,Ecole Lila,LOC,0.0,0.0,ja,1.0,,0,,,,,,
842,Funabashi City,Funabashi City,GPE,0.0,0.0,ja,1.0,,0,,,,,,
841,Takasaki City,Takasaki City,GPE,0.0,0.0,ja,1.0,,1850991,T,33.25133,131.526,ASIA,Japan,EAS
840,the northern Sea,the northern Sea,LOC,0.0,0.3,ja,1.0,,3831796,T,-52.00465,-61.09548,SOUTH-AMERICA,Falkland Islands,SSA
839,Koikeya,Koikeya,GPE,0.55,0.9,ja,1.0,,0,,,,,,
838,Nanbu,Nanbu,GPE,0.0,0.0,ja,1.0,4679374-4,1799830,P,39.05159,118.30805,ASIA,China,EAS
837,Yurakucho,Yurakucho,GPE,0.4,0.5,ja,1.0,,1848040,P,35.67494,139.76193,ASIA,Japan,EAS
836,Otake,Otake,LOC,0.05,0.21666667,ja,1.0,,1853661,A,34.25787,132.18756,ASIA,Japan,EAS
835,Otake City,Otake City,GPE,0.16666667,0.2,ja,1.0,,1854755,P,33.6535,130.33913,ASIA,Japan,EAS
834,Nihondo,Nihondo,GPE,0.11818182,0.42727273,ja,1.0,,0,,,,,,
833,Zaporizhia,Zaporizhia,GPE,0.25,0.25,ja,1.0,,687700,P,47.85167,35.11714,EUROPE,Ukraine,WCE
832,Kherson,Kherson,GPE,0.25,0.25,ja,1.0,4085238-6,706448,P,46.63695,32.61458,EUROPE,Ukraine,WCE
831,Lugansk,Lugansk,GPE,0.25,0.25,ja,1.0,,702658,P,48.56952,39.32857,EUROPE,Ukraine,WCE
830,Donetsk,Donetsk,GPE,0.25,0.25,ja,1.0,,709717,P,48.023,37.80224,EUROPE,Ukraine,WCE
829,Aomori River,Aomori River,LOC,0.0,0.0,ja,1.0,,2129874,H,41.01667,140.36667,ASIA,Japan,EAS
828,Konehito,Konehito,GPE,0.0,0.0,ja,1.0,,0,,,,,,
847,cryopreserving,cryopreserving,GPE,0.16666667,0.2,ja,1.0,,0,,,,,,
848,Jeddah,Jeddah,GPE,0.0,0.0,ja,1.0,4091273-5,105343,P,21.49012,39.18624,ASIA,Saudi Arabia,ARP
849,Tenki.jp,Tenki.jp,GPE,-0.6,1.0,ja,1.0,,0,,,,,,
860,Tobu,Tobu,GPE,0.0,0.0,ja,1.0,4299432-9,2267827,P,32.66568,-16.92547,ATLANTIC,Portugal,NAO
868,Yasugi,Yasugi,GPE,0.0,0.0,ja,1.0,1059844982,7392558,A,35.3357,133.19761,ASIA,Japan,EAS
867,Kakuteki,Kakuteki,GPE,0.25,0.33333333,ja,1.0,,0,,,,,,
866,Yokohama,Yokohama,GPE,-0.07333333,0.53722222,ja,1.0,4192186-0,1848354,P,35.43333,139.65,ASIA,Japan,EAS
865,Inasa Beach,Inasa Beach,GPE,0.5,1.0,ja,1.0,,0,,,,,,
864,Ebisu,Ebisu,GPE,0.2875,0.63333333,ja,1.0,,11796278,P,45.43669,141.65997,ASIA,Japan,RFE
863,Katatsuki,Katatsuki,GPE,0.25,0.33333333,ja,1.0,,0,,,,,,
862,Nichinan-cho,Nichinan-cho,GPE,0.0,0.0,ja,1.0,,1855475,A,35.16225,133.25939,ASIA,Japan,EAS
861,Hatsukaichi,Hatsukaichi,GPE,0.05,0.21666667,ja,1.0,,1863018,P,34.35,132.33333,ASIA,Japan,EAS
859,Alps,Alps,GPE,0.4,0.6,ja,1.0,,0,,,,,,
850,Britain,Britain,GPE,0.0,0.0,ja,1.0,4321693-6,4839292,P,41.66121,-72.77954,NORTH-AMERICA,United States,ENA
858,Ichihara City,Ichihara City,GPE,0.0,0.0,ja,1.0,,0,,,,,,
857,Togane City,Togane City,GPE,0.0,0.0,ja,1.0,,1850288,P,34.93923,132.11202,ASIA,Japan,EAS
856,Mobara City,Mobara City,GPE,0.0,0.0,ja,1.0,,0,,,,,,
855,Chiba City,Chiba City,GPE,0.0,0.0,ja,1.0,,10113713,S,35.77759,140.31124,ASIA,Japan,EAS
854,Wakaba Ward,Wakaba Ward,GPE,0.0,0.0,ja,1.0,,0,,,,,,
853,Inashiki City,Inashiki City,GPE,0.0,0.0,ja,1.0,,0,,,,,,
852,Oami Shirasato City,Oami Shirasato City,GPE,0.0,0.0,ja,1.0,,0,,,,,,
851,Shirasato,Shirasato,GPE,0.0,0.0,ja,1.0,,0,,,,,,
827,the Kii Peninsula,the Kii Peninsula,LOC,-0.1,0.4,ja,1.0,,0,,,,,,
826,Iwate Miyako City,Iwate Miyako City,GPE,0.8,0.9,ja,1.0,,0,,,,,,
825,Parasapo,Parasapo,GPE,0.0,0.0,ja,1.0,,0,,,,,,
793,Odaiba,Odaiba,GPE,0.0,0.0,ja,1.0,,10958442,L,35.63138,139.77343,ASIA,Japan,EAS
801,Harajuku,Harajuku,GPE,0.125,0.16666667,ja,1.0,4353750-9,11058946,L,35.3791,139.51793,ASIA,Japan,EAS
800,Cobb Salad,Cobb Salad,LOC,0.0,0.0,ja,1.0,,0,,,,,,
799,the Pure Land,the Pure Land,LOC,0.27321429,0.57083333,ja,1.0,,7208316,S,29.8768,-95.4209,NORTH-AMERICA,United States,CNA
798,Isumi City,Isumi City,GPE,0.0,0.0,ja,1.0,,0,,,,,,
797,Gaza Strip,Gaza Strip,GPE,-0.25,0.2,ja,1.0,4019325-1,281133,P,31.50161,34.46672,EUROPE-AFRICA,Palestinian Territory,MED
796,Sakura City,Sakura City,GPE,0.35,0.65,ja,1.0,,7227245,L,40.81306,-73.96222,NORTH-AMERICA,United States,ENA
795,Kuroshima Island,Kuroshima Island,LOC,0.0,0.0,ja,1.0,,1858129,T,24.23867,124.00955,ASIA,Japan,EAS
794,Kuroshima,Kuroshima,GPE,0.0,0.0,ja,1.0,,1858129,T,24.23867,124.00955,ASIA,Japan,EAS
792,Kagoshima City,Kagoshima City,GPE,0.0,0.0,ja,1.0,4308810-7,12574194,S,33.63868,130.4277,ASIA,Japan,EAS
803,Tanba City,Tanba City,GPE,-0.125,1.0,ja,1.0,,0,,,,,,
782,Kogen,Kogen,GPE,0.0,0.0,ja,1.0,,-1,,,,,,
783,Taiki-cho,Taiki-cho,LOC,0.35,0.55,ja,1.0,,-1,,,,,,
784,New Jersey,New Jersey,GPE,0.06704545,0.56931818,ja,1.0,4442932-0,5099836,P,40.72816,-74.07764,NORTH-AMERICA,United States,ENA
785,Great Britain,Great Britain,GPE,0.0,0.4625,ja,1.0,4022153-2,2635167,A,54.75844,-2.69531,EUROPE,United Kingdom,NEU
786,Deir Al Bala,Deir Al Bala,GPE,-0.25,0.2,ja,1.0,,0,,,,,,
787,Yabuki Town's,Yabuki Town's,GPE,0.0,0.375,ja,1.0,,0,,,,,,
788,Civilization S,Civilization S,GPE,0.0,0.0,ja,1.0,,11209125,S,32.03891,35.72462,EUROPE-AFRICA,Jordan,MED
789,Sampo,Sampo,GPE,0.0,0.0,ja,1.0,,1898817,P,37.7983,127.71278,ASIA,South Korea,EAS
802,Neapolitan,Neapolitan,GPE,0.0,0.0,ja,1.0,,7289803,L,40.70355,14.30695,EUROPE-AFRICA,Italy,MED
804,the Noto Peninsula Earthquake: Damage,the Noto Peninsula Earthquake: Damage,LOC,0.0,0.4,ja,1.0,,0,,,,,,
824,Hachimachi,Hachimachi,GPE,0.0,0.0,ja,1.0,,0,,,,,,
815,Budapest,Budapest,GPE,0.2,0.2,ja,1.0,4008684-7,3054643,P,47.49835,19.04045,EUROPE,Hungary,WCE
823,Bunka-kun,Bunka-kun,GPE,0.0,0.0,ja,1.0,,5858234,H,61.06271,-151.17646,NORTH-AMERICA,United States,NWN
822,Nemuro Peninsula,Nemuro Peninsula,GPE,0.0,0.0,ja,1.0,,2128973,T,43.35056,145.66028,ASIA,Japan,EAS
821,Chicago,Chicago,GPE,0.0,0.0,ja,1.0,4009921-0,4887398,P,41.85003,-87.65005,NORTH-AMERICA,United States,ENA
820,Dresden,Dresden,GPE,0.10238095,0.65714286,ja,1.0,4012995-0,2935022,P,51.05089,13.73832,EUROPE,Germany,WCE
819,@GermanyinJapan,@GermanyinJapan,GPE,0.16666667,0.45833333,ja,1.0,,0,,,,,,
818,Konakano,Konakano,GPE,-0.4,0.6,ja,1.0,,8477062,P,40.77911,140.39774,ASIA,Japan,EAS
817,Honhachinohe,Honhachinohe,GPE,-0.4,0.6,ja,1.0,,2130202,S,40.51637,141.48899,ASIA,Japan,EAS
816,Kuji,Kuji,GPE,0.0,0.3625,ja,1.0,,1842388,T,37.63722,125.68139,ASIA,South Korea,EAS
814,GNSS,GNSS,GPE,0.13142857,0.30428571,ja,1.0,,0,,,,,,
805,Qud,Qud,GPE,-0.19375,0.4875,ja,1.0,,283362,P,32.45661,35.22649,EUROPE-AFRICA,Palestinian Territory,MED
813,Negaimas,Negaimas,GPE,0.0,0.0,ja,1.0,,0,,,,,,
812,HuffPost,HuffPost,GPE,-0.3,0.7,ja,1.0,,0,,,,,,
811,Suchmos,Suchmos,LOC,0.06818182,0.45,ja,1.0,,0,,,,,,
810,Yokohama Arena,Yokohama Arena,GPE,0.06818182,0.45,ja,1.0,,0,,,,,,
809,"Fukushima Prefecture (Commerce, Industry and Tourism Division","Fukushima Prefecture (Commerce, Industry and Tourism Division",GPE,0.24352679,0.39821429,ja,1.0,,0,,,,,,
808,Udemy,Udemy,GPE,0.08522727,0.25,ja,1.0,,0,,,,,,
807,Hinoeuma,Hinoeuma,GPE,0.0,0.0,ja,1.0,,0,,,,,,
806,Tono City,Tono City,GPE,0.0,0.0,ja,1.0,,10311641,P,33.82372,130.73655,ASIA,Japan,EAS
869,Yonago City,Yonago City,GPE,0.0,0.0,ja,1.0,,0,,,,,,
781,Tochigi/,Tochigi/,GPE,0.0,0.0,ja,1.0,,-1,,,,,,
780,the Kanto coast,the Kanto coast,LOC,-0.03333333,0.23333333,ja,1.0,,-1,,,,,,
725,Yoyogi Park,Yoyogi Park,LOC,0.125,0.20416667,ja,1.0,,-1,,,,,,
717,the Black Sea,the Black Sea,LOC,-0.08333333,0.21666667,ja,1.0,,-1,,,,,,
718,Yerevan,Yerevan,GPE,-0.08333333,0.25,ja,1.0,,-1,,,,,,
719,Kawatana,Kawatana,GPE,-0.01,0.15333333,ja,1.0,,-1,,,,,,
720,Ginza,Ginza,GPE,0.7,0.6,ja,1.0,,1863623,P,35.67184,139.76717,ASIA,Japan,EAS
721,Musashikoyama,Musashikoyama,GPE,0.0,0.0,ja,1.0,,-1,,,,,,
722,Antenor,Antenor,GPE,0.0,0.0,ja,1.0,,-1,,,,,,
723,Koyanagicho,Koyanagicho,GPE,0.0,0.0,ja,1.0,,-1,,,,,,
724,Ome City,Ome City,GPE,0.6,0.95,ja,1.0,,-1,,,,,,
726,Koto Ward,Koto Ward,GPE,0.0,0.0,ja,1.0,,-1,,,,,,
715,Caucasus,Caucasus,LOC,-0.08333333,0.21666667,ja,1.0,,0,L,42.0,45.0,,,
727,Futtsu City,Futtsu City,GPE,0.16607143,0.40952381,ja,1.0,,0,,,,,,
728,Sosa City,Sosa City,GPE,0.0,1.0,ja,1.0,,-1,,,,,,
729,the Satsuma Peninsula,the Satsuma Peninsula,LOC,0.0,0.0,ja,1.0,,-1,,,,,,
730,Osumi,Osumi,GPE,0.0,0.0,ja,1.0,,-1,,,,,,
731,Tanegashima,Tanegashima,LOC,0.0,0.0,ja,1.0,,-1,,,,,,
732,Kumagaya,Kumagaya,GPE,-0.00254329,0.37142857,ja,1.0,,-1,,,,,,
733,Miyagi Prefecture,Miyagi Prefecture,LOC,-0.8,1.0,ja,1.0,,-1,,,,,,
734,the Yayoi Sho,the Yayoi Sho,LOC,-0.25,0.25,ja,1.0,,-1,,,,,,
716,the Caspian Sea,the Caspian Sea,LOC,-0.08333333,0.21666667,ja,1.0,,0,,,,,,
714,Soviet Union,Soviet Union,GPE,-0.08333333,0.21666667,ja,1.0,4077548-3,8354411,X,60.0,98.0,ASIA,Russia,ESB
736,Nakano-Iiyama,Nakano-Iiyama,LOC,-0.1,0.4,ja,1.0,,0,,,,,,
703,Chita Peninsula,Chita Peninsula,LOC,0.19166667,0.61666667,ja,1.0,,1864541,T,34.83333,136.88333,ASIA,Japan,EAS
695,"Urayasu City,","Urayasu City,",GPE,0.35,0.55,ja,1.0,,0,,,,,,
696,Millbrook,Millbrook,GPE,0.2003367,0.41902357,ja,1.0,,4076239,P,32.47986,-86.36192,NORTH-AMERICA,United States,ENA
697,Kamisunagawa Town,Kamisunagawa Town,GPE,0.0,0.0,ja,1.0,,0,,,,,,
698,Asahikawa,Asahikawa,GPE,-0.21666667,0.41666667,ja,1.0,7655507-0,2130629,P,43.77063,142.36489,ASIA,Japan,EAS
699,Macchan,Macchan,GPE,0.0,0.0,ja,1.0,,13255032,P,-9.05225,-77.02347,SOUTH-AMERICA,Peru,NWS
700,Ezo,Ezo,GPE,0.4,0.5,ja,1.0,4095546-1,2130038,T,43.43197,142.93467,ASIA,Japan,EAS
701,Asahikawa City,Asahikawa City,GPE,0.0,0.0,ja,1.0,7655507-0,2130629,P,43.77063,142.36489,ASIA,Japan,EAS
702,Mihama Town,Mihama Town,LOC,-0.05,0.4,ja,1.0,,0,,,,,,
704,Hidakaya,Hidakaya,GPE,-0.05,0.75,ja,1.0,,0,,,,,,
713,Wakasa Bay,Wakasa Bay,LOC,0.14545455,0.46666667,ja,1.0,,1848946,H,35.75,135.66667,ASIA,Japan,EAS
705,Atami City,Atami City,GPE,-0.08333333,0.28333333,ja,1.0,,10102250,S,25.1367,121.50927,ASIA,Taiwan,EAS
706,"Imari City, Saga Prefecture","Imari City, Saga Prefecture",GPE,0.01666667,0.16666667,ja,1.0,,0,,,,,,
707,oden,oden,GPE,0.0,0.0,ja,1.0,,0,U,85.86667,156.91667,,,
708,Netherlands,Netherlands,GPE,0.5,0.9,ja,1.0,4042203-3,2750405,A,52.25,5.75,EUROPE,The Netherlands,NEU
709,Rokko Island,Rokko Island,LOC,0.0,0.0,ja,1.0,,10074736,T,61.49195,25.01174,EUROPE,Finland,NEU
710,the Mineoka mountain,the Mineoka mountain,LOC,0.0,0.1,ja,1.0,,0,,,,,,
711,Hikorohi,Hikorohi,GPE,0.5,0.875,ja,1.0,,0,,,,,,
712,Costa Nova,Costa Nova,GPE,0.35,0.55,ja,1.0,,2740434,P,40.61391,-8.75069,EUROPE-AFRICA,Portugal,MED
735,Satsumasendai City,Satsumasendai City,GPE,0.0,0.0,ja,1.0,,-1,,,,,,
737,Bali,Bali,GPE,0.04666667,0.32666667,ja,1.0,,-1,,,,,,
779,Niagara,Niagara,GPE,0.0,0.0,ja,1.0,,-1,,,,,,
769,London,London,GPE,0.0,0.0,ja,1.0,,-1,,,,,,
761,​​fire,​​fire,GPE,0.125,0.375,ja,1.0,,-1,,,,,,
762,Ota City,Ota City,GPE,0.0,0.0,ja,1.0,,-1,,,,,,
763,Akabeko,Akabeko,GPE,0.8,0.75,ja,1.0,,-1,,,,,,
764,Japan.・Kanto-Koshin,Japan.・Kanto-Koshin,LOC,-0.025,0.175,ja,1.0,,-1,,,,,,
765,Otsu City,Otsu City,GPE,0.0,0.0,ja,1.0,,-1,,,,,,
766,Miyakojima City,Miyakojima City,GPE,0.0,0.0,ja,1.0,,-1,,,,,,
767,Tara,Tara,GPE,0.0,0.0,ja,1.0,,-1,,,,,,
768,Ginza Chuo-dori,Ginza Chuo-dori,GPE,-0.21666667,0.66666667,ja,1.0,,-1,,,,,,
770,South Korea's,South Korea's,GPE,0.1952381,0.31904762,ja,1.0,,-1,,,,,,
759,Northern Tohoku,Northern Tohoku,GPE,-0.06666667,0.5,ja,1.0,,-1,,,,,,
771,Time zone,Time zone,GPE,0.11666667,0.225,ja,1.0,,-1,,,,,,
772,Toma Town,Toma Town,GPE,0.0,0.0,ja,1.0,,-1,,,,,,
773,Bungeishunju,Bungeishunju,GPE,0.0,0.0,ja,1.0,,-1,,,,,,
774,the Kanto Mountains,the Kanto Mountains,LOC,-0.2,0.5,ja,1.0,,-1,,,,,,
775,Hiroshima City,Hiroshima City,GPE,-0.13333333,0.2,ja,1.0,,-1,,,,,,
776,Amagasaki Rookie Series,Amagasaki Rookie Series,GPE,-0.25555556,0.18888889,ja,1.0,,-1,,,,,,
777,Fukushima Ward,Fukushima Ward,GPE,-0.345,0.495,ja,1.0,,-1,,,,,,
778,G6M3,G6M3,GPE,-0.4,0.7,ja,1.0,,-1,,,,,,
760,Mataro,Mataro,GPE,0.1375,0.525,ja,1.0,,-1,,,,,,
758,the east coast,the east coast,LOC,0.0,0.15,ja,1.0,,-1,,,,,,
738,Kamchatka,Kamchatka,GPE,-0.05,0.05,ja,1.0,,-1,,,,,,
747,Cocos,Cocos,GPE,0.0,0.0,ja,1.0,,-1,,,,,,
739,the Ikomayama derby,the Ikomayama derby,LOC,0.4,0.40833333,ja,1.0,,-1,,,,,,
740,Oyama City (Tochigi Prefecture,Oyama City (Tochigi Prefecture,GPE,0.44166667,0.68333333,ja,1.0,,-1,,,,,,
741,Stormy,Stormy,LOC,0.02599206,0.30615079,ja,1.0,,-1,,,,,,
742,Itoshima,Itoshima,LOC,0.0,0.0,ja,1.0,,-1,,,,,,
743,Perth,Perth,GPE,0.11428571,0.32380952,ja,1.0,,-1,,,,,,
744,Manchester City,Manchester City,GPE,0.0,0.1,ja,1.0,,-1,,,,,,
745,Imuraya,Imuraya,GPE,0.0,0.25,ja,1.0,,-1,,,,,,
746,the western Sea,the western Sea,LOC,0.0,0.43333333,ja,1.0,,-1,,,,,,
748,Yahaba Town,Yahaba Town,GPE,0.0,0.0,ja,1.0,,-1,,,,,,
757,Kamo,Kamo,GPE,0.0,0.0,ja,1.0,,-1,,,,,,
749,Sendai city,Sendai city,GPE,0.0,0.0,ja,1.0,,-1,,,,,,
750,Machi,Machi,GPE,0.0,0.0,ja,1.0,,-1,,,,,,
751,Suzuka Ueno,Suzuka Ueno,GPE,0.0,0.0,ja,1.0,,-1,,,,,,
752,Fuyuhashi,Fuyuhashi,GPE,0.0,0.0,ja,1.0,,-1,,,,,,
753,Natsumi,Natsumi,GPE,0.0,0.0,ja,1.0,,-1,,,,,,
754,Babahera,Babahera,GPE,-0.1,0.75,ja,1.0,,-1,,,,,,
755,The Tachikawa City Half Marathon,The Tachikawa City Half Marathon,GPE,-0.16666667,0.16666667,ja,1.0,,-1,,,,,,
756,Delaware,Delaware,GPE,-0.1,0.4,ja,1.0,,-1,,,,,,
932,Kumamoto/Aso,Kumamoto/Aso,GPE,0.0,0.0,ja,1.0,,6300354,S,32.83732,130.85505,ASIA,Japan,EAS
934,Western Pacific Coast,Western Pacific Coast,LOC,0.0,0.1,ja,1.0,,12492673,L,39.28,-155.26,PACIFIC,United States,NPO
1185,Musashikosugi,Musashikosugi,GPE,0.5,1.0,ja,1.0,,-1,,,,,,
1010,Kaminohino,Kaminohino,GPE,0.0,0.0,ja,1.0,,0,,,,,,
1074,Sugito,Sugito,GPE,0.05,0.14444444,ja,1.0,,1851504,P,36.03107,139.72636,ASIA,Japan,EAS
1073,West Bengal,West Bengal,GPE,0.0,0.4,ja,1.0,4029344-0,1275004,P,22.56263,88.36304,ASIA,India,SAS
1072,Savannah,Savannah,GPE,0.125,0.425,ja,1.0,,12105074,A,9.15,-1.6,AFRICA,Ghana,WAF
1071,the Nansei Islands,the Nansei Islands,LOC,-0.125,0.625,ja,1.0,,0,,,,,,
1070,Tateyama City,Tateyama City,GPE,0.0,0.0,ja,1.0,,7549391,S,38.30167,140.37065,ASIA,Japan,EAS
1069,Minamiboso City,Minamiboso City,GPE,0.0,0.0,ja,1.0,,0,,,,,,
1068,Minamiboso,Minamiboso,LOC,0.0,0.0,ja,1.0,,7465521,A,35.03657,139.92847,ASIA,Japan,EAS
1067,the Joetsu plains,the Joetsu plains,LOC,-0.11,0.515,ja,1.0,,0,,,,,,
1066,Towada,Towada,GPE,-0.34166667,0.55833333,ja,1.0,4254766-0,2127678,H,40.46722,140.88556,ASIA,Japan,EAS
1065,Austria,Austria,GPE,0.00277778,0.54166667,ja,1.0,4043271-3,2782113,A,47.33333,13.33333,EUROPE,Austria,WCE
1064,Alabama,Alabama,GPE,0.0,0.0,ja,1.0,4084839-5,12217076,L,34.60739,-86.97977,NORTH-AMERICA,United States,ENA
1063,Detroit,Detroit,GPE,0.11727273,0.38090909,ja,1.0,4011559-8,4990729,P,42.33143,-83.04575,NORTH-AMERICA,United States,ENA
1062,Chikugo City,Chikugo City,GPE,0.36666667,0.5,ja,1.0,,0,,,,,,
1061,M1E3,M1E3,GPE,0.36111111,0.57777778,ja,1.0,,0,,,,,,
1060,Hong Kong,Hong Kong,GPE,0.1,0.1,ja,1.0,1318138531,1819729,P,22.27832,114.17469,ASIA,Hong Kong,EAS
1059,Chichibu City,Chichibu City,GPE,0.0,0.0,ja,1.0,,0,,,,,,
1058,Chichibu,Chichibu,GPE,-0.4125,0.52083333,ja,1.0,4655260-1,1864637,P,35.99028,139.07639,ASIA,Japan,EAS
1057,New erotic,New erotic,GPE,0.4275974,0.64199134,ja,1.0,,0,,,,,,
1056,BINDing,BINDing,GPE,0.4275974,0.64199134,ja,1.0,,8837508,H,-26.78929,115.7267,OCEANIA,Australia,CAU
1075,Akita City,Akita City,GPE,0.25,0.85,ja,1.0,,10229614,S,39.71965,140.11349,ASIA,Japan,EAS
1076,the JR Joetsu Line,the JR Joetsu Line,LOC,0.25,0.85,ja,1.0,,0,,,,,,
1077,Michon,Michon,GPE,0.0,0.0,ja,1.0,,6053874,L,50.22514,-62.02823,NORTH-AMERICA,Canada,NEN
1088,Everest,Everest,LOC,0.0,0.14285714,ja,1.0,,1283416,T,27.98791,86.92529,ASIA,China,TIB
1096,Tsumagoi Village,Tsumagoi Village,GPE,0.13636364,0.45454545,ja,1.0,,0,,,,,,
1095,Midori City,Midori City,GPE,0.13636364,0.45454545,ja,1.0,,7354050,A,35.07804,136.96987,ASIA,Japan,EAS
1094,Omama,Omama,GPE,0.13636364,0.45454545,ja,1.0,,1854175,A,36.46667,139.28333,ASIA,Japan,EAS
1093,Tsumagoi,Tsumagoi,GPE,0.0,0.5,ja,1.0,4379448-8,1864839,T,36.5426,138.41547,ASIA,Japan,EAS
1092,Aisapo Omama,Aisapo Omama,GPE,0.0,0.5,ja,1.0,,0,,,,,,
1091,Joetsu Plains 10cm,Joetsu Plains 10cm,LOC,0.0,0.0,ja,1.0,,0,,,,,,
1090,Nagaoka City,Nagaoka City,GPE,-0.2,0.5,ja,1.0,,12572725,L,33.55899,130.39676,ASIA,Japan,EAS
1089,the 2M,the 2M,LOC,0.19,0.48333333,ja,1.0,,6508501,S,5.15,-52.6499,SOUTH-AMERICA,French Guiana,NSA
1087,Numata Town,Numata Town,GPE,0.0,0.0,ja,1.0,,0,,,,,,
1078,Pome-san'',Pome-san'',GPE,-0.11296296,0.72777778,ja,1.0,,0,,,,,,
1086,Hakata,Hakata,GPE,0.4,0.4,ja,1.0,4125989-0,1863967,P,33.6,130.41667,ASIA,Japan,EAS
1085,Jelida,Jelida,GPE,0.05,0.2,ja,1.0,,2472175,H,32.88333,10.96667,EUROPE-AFRICA,Tunisia,MED
1084,Niwasaka,Niwasaka,GPE,0.16666667,0.33333333,ja,1.0,,2111606,A,37.76667,140.33333,ASIA,Japan,EAS
1083,Mito City,Mito City,GPE,0.25,0.5,ja,1.0,,0,,,,,,
1082,Sankei,Sankei,GPE,0.0,0.0,ja,1.0,,2130349,T,43.66667,142.66667,ASIA,Japan,EAS
1081,Yomiuri,Yomiuri,GPE,0.0,0.0,ja,1.0,,7551996,S,35.63296,139.5172,ASIA,Japan,EAS
1080,​​southeastern Australia,​​southeastern Australia,LOC,0.0,0.4,ja,1.0,,0,,,,,,
1079,Koshigaya City,Koshigaya City,GPE,0.0,0.0,ja,1.0,,0,,,,,,
1055,Fukushima District 1,Fukushima District 1,LOC,0.05555556,0.21111111,ja,1.0,,0,,,,,,
1054,the Noto Peninsula Full,the Noto Peninsula Full,LOC,0.35,0.55,ja,1.0,,0,,,,,,
1053,Wakkanai City,Wakkanai City,GPE,0.0,0.3,ja,1.0,,2127514,H,45.4116,141.69276,ASIA,Japan,RFE
1021,Hikone City (,Hikone City (,GPE,0.015,0.475,ja,1.0,,0,,,,,,
1029,-2.1,-2.1,LOC,-0.01969697,0.41969697,ja,1.0,4040185-6,2992166,P,43.61093,3.87635,EUROPE-AFRICA,France,MED
1028,Wakkanai,Wakkanai,GPE,0.35714286,0.57142857,ja,1.0,,2127515,P,45.40944,141.67389,ASIA,Japan,RFE
1027,Semboku City,Semboku City,GPE,0.0,0.0,ja,1.0,,0,,,,,,
1026,Lemokichi,Lemokichi,GPE,0.15972222,0.56666667,ja,1.0,,0,,,,,,
1025,Kagonma Market,Kagonma Market,GPE,0.13636364,0.45454545,ja,1.0,,0,,,,,,
1024,Komatsu,Komatsu,GPE,0.35714286,0.57142857,ja,1.0,,6300367,S,36.39461,136.40654,ASIA,Japan,EAS
1023,Okushiri,Okushiri,GPE,0.35714286,0.57142857,ja,1.0,,6300341,S,42.07167,139.43291,ASIA,Japan,EAS
1022,Rishiri,Rishiri,GPE,0.35714286,0.57142857,ja,1.0,,6300342,S,45.24201,141.18643,ASIA,Japan,RFE
1020,Kanazawa City,Kanazawa City,GPE,0.0875,0.6875,ja,1.0,,1860243,P,36.6,136.61667,ASIA,Japan,EAS
1031,Peroponeso,Peroponeso,GPE,0.0,0.0,ja,1.0,,0,,,,,,
1019,Poteto-kun,Poteto-kun,GPE,0.0,0.5,ja,1.0,,0,,,,,,
1018,Nakano,Nakano,GPE,0.15833333,0.54166667,ja,1.0,,8715035,P,35.70449,139.66946,ASIA,Japan,EAS
1017,Gifu Full,Gifu Full,GPE,0.35,0.55,ja,1.0,,0,,,,,,
1016,Yuya,Yuya,GPE,0.0,0.0,ja,1.0,,0,,,,,,
1015,Cordoba,Cordoba,GPE,-0.0125,0.3875,ja,1.0,4213162-5,3860259,P,-31.40648,-64.18853,SOUTH-AMERICA,Argentina,SES
1014,Barcelona,Barcelona,GPE,0.05,0.2,ja,1.0,4004503-1,3128760,P,41.38879,2.15899,EUROPE-AFRICA,Spain,MED
1013,Hitachiota City,Hitachiota City,GPE,0.0,0.0,ja,1.0,,0,,,,,,
1012,the Soviet Union,the Soviet Union,GPE,-0.0,0.15,ja,1.0,,4138541,S,38.90344,-77.03942,NORTH-AMERICA,United States,ENA
1030,Eastern Tama Earthquake,Eastern Tama Earthquake,LOC,-0.0125,0.0375,ja,1.0,,0,,,,,,
1032,KADOKAWA,KADOKAWA,GPE,0.0,0.0,ja,1.0,,7573216,S,32.50792,131.64065,ASIA,Japan,EAS
1052,a Disaster Archipelago'',a Disaster Archipelago'',LOC,0.0,0.0,ja,1.0,,0,,,,,,
1043,Varan,Varan,GPE,-0.25,0.66666667,ja,1.0,,36213,P,32.7383,48.2133,ASIA,Iran,WCA
1051,Mallorca,Mallorca,GPE,0.0,0.0,ja,1.0,4115833-7,2512989,P,39.56939,2.65024,EUROPE-AFRICA,Spain,MED
1050,Westland,Westland,GPE,0.0,0.0,ja,1.0,,-1,,,,,,
1049,Suwanosejima,Suwanosejima,GPE,0.0,0.0,ja,1.0,,1851365,T,29.63748,129.70937,ASIA,Japan,EAS
1048,Ukyo,Ukyo,GPE,-0.26666667,0.51666667,ja,1.0,,7303471,P,35.01481,135.67755,ASIA,Japan,EAS
1047,Kota,Kota,LOC,0.35,0.55,ja,1.0,4029924-7,289688,A,25.5,51.25,ASIA,Qatar,ARP
1046,SXSW,SXSW,GPE,0.325,0.37083333,ja,1.0,,0,,,,,,
1045,the Nippon Budokan,the Nippon Budokan,LOC,-0.06666667,0.2,ja,1.0,,0,,,,,,
1044,Tendo City,Tendo City,GPE,-0.17142857,0.63214286,ja,1.0,,0,,,,,,
1042,the Ash Tribe,the Ash Tribe,LOC,0.0,0.0,ja,1.0,,0,,,,,,
1033,Koyabuchi,Koyabuchi,GPE,0.04,0.33333333,ja,1.0,,0,,,,,,
1041,Sichuan,Sichuan,GPE,0.21,0.33166667,ja,1.0,4249575-1,1815286,P,30.66667,104.06667,ASIA,China,EAS
1040,Mala Tang,Mala Tang,GPE,0.21,0.33166667,ja,1.0,,6927307,L,28.9944,54.0083,ASIA,Iran,WCA
1039,Nichinan,Nichinan,GPE,-0.0375,0.29166667,ja,1.0,504451-0,1855476,P,31.6,131.36667,ASIA,Japan,EAS
1038,Palm Jumeirah,Palm Jumeirah,GPE,0.5,1.0,ja,1.0,,6691113,P,25.11607,55.13506,ASIA,United Arab Emirates,ARP
1037,Kamie,Kamie,GPE,-0.13125,0.475,ja,1.0,,0,,,,,,
1036,East-West,East-West,LOC,0.0,0.0,ja,1.0,,7839117,H,13.481,144.7335,PACIFIC,Guam,NPO
1035,Keiichiro,Keiichiro,GPE,0.4,0.375,ja,1.0,,0,,,,,,
1034,Boston,Boston,GPE,-0.10227273,0.39242424,ja,1.0,4007840-1,4930956,P,42.35843,-71.05977,NORTH-AMERICA,United States,ENA
1097,A79-L1,A79-L1,GPE,0.0,0.0,ja,1.0,,0,,,,,,
1098,the Caroline Islands,the Caroline Islands,GPE,0.0625,0.2375,ja,1.0,,2082300,L,7.2099,147.94189,PACIFIC,Micronesia,EPO
1099,IfCv,IfCv,LOC,0.06,0.58,ja,1.0,,0,,,,,,
1154,Ebigase,Ebigase,GPE,0.0,0.0,ja,1.0,,0,,,,,,
1162,Misato City,Misato City,GPE,-0.0625,0.1875,ja,1.0,,1856987,A,35.83221,139.87185,ASIA,Japan,EAS
1161,Italia,Italia,GPE,0.0,0.0,ja,1.0,4027833-5,3175395,A,42.83333,12.83333,EUROPE-AFRICA,Italy,MED
1160,Xiaomi Japan's,Xiaomi Japan's,GPE,0.00568182,0.41477273,ja,1.0,,0,,,,,,
1159,Rekiken,Rekiken,GPE,0.0,0.06666667,ja,1.0,,0,,,,,,
1158,Shinonome,Shinonome,GPE,0.0,0.06666667,ja,1.0,,11713186,H,43.26841,143.13769,ASIA,Japan,EAS
1157,Shinonome-san,Shinonome-san,GPE,0.5,0.6,ja,1.0,,0,,,,,,
1156,Singapore,Singapore,GPE,0.6,0.7,ja,1.0,4055089-8,1880252,P,1.28967,103.85007,ASIA,Singapore,SEA
1155,Sedona,Sedona,GPE,-0.0875,0.1875,ja,1.0,4435716-3,5313667,P,34.86974,-111.76099,NORTH-AMERICA,United States,WNA
1153,Minneapolis,Minneapolis,GPE,-0.5,1.0,ja,1.0,4039497-9,5037649,P,44.97997,-93.26384,NORTH-AMERICA,United States,CNA
1164,Fujimino City Yoshikawa City,Fujimino City Yoshikawa City,GPE,-0.0625,0.1875,ja,1.0,,0,,,,,,
1152,Red Bank,Red Bank,GPE,0.06704545,0.56931818,ja,1.0,,4652341,P,35.11229,-85.29413,NORTH-AMERICA,United States,ENA
1151,Shinosuke,Shinosuke,GPE,0.1,0.4,ja,1.0,,0,,,,,,
1150,Nikaryo-Kamikawara Weir River,Nikaryo-Kamikawara Weir River,LOC,0.0,0.0,ja,1.0,,0,,,,,,
1149,Gotanda River,Gotanda River,LOC,0.0,0.0,ja,1.0,,0,,,,,,
1148,Noborito,Noborito,GPE,0.0,0.0,ja,1.0,,8576625,P,35.62203,139.56051,ASIA,Japan,EAS
1147,Mikawa,Mikawa,LOC,0.16666667,0.33333333,ja,1.0,,1857285,A,34.2,132.0,ASIA,Japan,EAS
1146,the Mikawa Earthquake,the Mikawa Earthquake,LOC,-0.18333333,0.46666667,ja,1.0,,0,,,,,,
1145,Siberia,Siberia,LOC,0.0,0.0,ja,1.0,4286755-1,11961345,L,55.01565,82.96276,ASIA,Russia,WSB
1163,Typhoon Nocaen,Typhoon Nocaen,LOC,0.0,0.0,ja,1.0,,0,,,,,,
1165,Shiki City,Shiki City,GPE,-0.0625,0.1875,ja,1.0,,0,,,,,,
1143,WMO,WMO,LOC,0.225,0.5,ja,1.0,,5877988,S,64.68795,-163.40905,NORTH-AMERICA,United States,NWN
1176,Ritto City,Ritto City,GPE,-0.0625,0.1875,ja,1.0,,0,,,,,,
1184,Yamabashi Yakuho,Yamabashi Yakuho,GPE,0.0,0.0,ja,1.0,,0,,,,,,
1183,Nishinomiya City Land,Nishinomiya City Land,GPE,0.2,0.5625,ja,1.0,,0,,,,,,
1182,Tokushima Prefecture,Tokushima Prefecture,GPE,0.0,0.25,ja,1.0,4338563-1,1850158,P,34.06667,134.56667,ASIA,Japan,EAS
1181,Anan City,Anan City,GPE,0.0,0.25,ja,1.0,,5844369,H,56.1825,-131.88917,NORTH-AMERICA,United States,NWN
1180,M7.6,M7.6,GPE,0.0,0.0,ja,1.0,,0,,,,,,
1179,Kawasaki City’s,Kawasaki City’s,GPE,-0.03333333,0.23333333,ja,1.0,,0,,,,,,
1178,Todoroki Green Park,Todoroki Green Park,GPE,-0.1,0.15,ja,1.0,,0,,,,,,
1177,BuriKaigi,BuriKaigi,GPE,0.0,0.0,ja,1.0,,0,,,,,,
1175,Kusatsu City,Kusatsu City,GPE,-0.0625,0.1875,ja,1.0,,7562217,S,34.3781,132.39847,ASIA,Japan,EAS
1166,Tokai Region,Tokai Region,GPE,-0.0625,0.1875,ja,1.0,,1850221,L,35.0,137.5,ASIA,Japan,EAS
1174,Nonoichi City Shiga Prefecture,Nonoichi City Shiga Prefecture,GPE,-0.0625,0.1875,ja,1.0,,0,,,,,,
1173,Takahama City Gifu Prefecture,Takahama City Gifu Prefecture,GPE,-0.0625,0.1875,ja,1.0,,0,,,,,,
1172,Tokai City,Tokai City,GPE,-0.0625,0.1875,ja,1.0,,3360456,P,-34.06667,18.43333,AFRICA,South Africa,WSAF
1171,Chiryu City,Chiryu City,GPE,-0.0625,0.1875,ja,1.0,,0,,,,,,
1170,Obu City,Obu City,GPE,-0.0625,0.1875,ja,1.0,,6577388,P,37.31306,127.265,ASIA,South Korea,EAS
1169,Nisshin City,Nisshin City,GPE,-0.0625,0.1875,ja,1.0,,0,,,,,,
1168,Kariya City,Kariya City,GPE,-0.0625,0.1875,ja,1.0,,0,,,,,,
1167,Anjo City,Anjo City,GPE,-0.0625,0.1875,ja,1.0,16094372-3,1846912,P,37.01083,127.27028,ASIA,South Korea,EAS
1144,Tsuruga,Tsuruga,GPE,-0.07142857,0.14285714,ja,1.0,4309642-6,1849592,P,35.653,136.06331,ASIA,Japan,EAS
1142,Itami City,Itami City,GPE,0.0,0.0,ja,1.0,,0,,,,,,
1100,Ishikawa Noto,Ishikawa Noto,GPE,0.0,0.0,ja,1.0,,7668415,S,37.2931,136.96201,ASIA,Japan,EAS
1110,Okoku,Okoku,GPE,0.03,0.47,ja,1.0,,1854265,P,26.1742,127.76446,ASIA,Japan,EAS
1118,Nagara Town,Nagara Town,GPE,0.0,0.0,ja,1.0,,7521942,A,10.26746,-61.38182,SOUTH-AMERICA,Trinidad and Tobago,NSA
1117,Shirako Town,Shirako Town,GPE,0.0,0.0,ja,1.0,,0,,,,,,
1116,Chosei Village,Chosei Village,GPE,0.0,0.0,ja,1.0,,0,,,,,,
1115,Mutsuzawa Town,Mutsuzawa Town,GPE,0.0,0.0,ja,1.0,,0,,,,,,
1114,Ichinomiya Town,Ichinomiya Town,GPE,0.0,0.0,ja,1.0,,0,,,,,,
1113,Himalayas,Himalayas,GPE,0.25,0.36666667,ja,1.0,,0,,,,,,
1112,Kawaguchi City,Kawaguchi City,GPE,-0.0625,0.1875,ja,1.0,,1850104,P,34.68111,135.47983,ASIA,Japan,EAS
1111,Nepal,Nepal,GPE,0.25,0.36666667,ja,1.0,4041612-4,1282988,A,28.0,84.0,ASIA,Nepal,TIB
1109,Kisarazu City,Kisarazu City,GPE,-0.0625,0.1875,ja,1.0,,0,,,,,,
1120,Kazuno City,Kazuno City,GPE,0.0,0.0,ja,1.0,,0,,,,,,
1108,Urayasu City,Urayasu City,GPE,-0.0625,0.1875,ja,1.0,,0,,,,,,
1107,Kanto Region,Kanto Region,GPE,-0.0625,0.1875,ja,1.0,,1860102,L,36.25,139.5,ASIA,Japan,EAS
1106,Winter BPC,Winter BPC,GPE,0.0,0.0,ja,1.0,,0,,,,,,
1105,BPC,BPC,LOC,0.0,0.0,ja,1.0,4382384-1,2234974,P,5.9597,10.14597,AFRICA,Cameroon,WAF
1104,Uchibo,Uchibo,GPE,0.0,0.41666667,ja,1.0,,0,,,,,,
1103,Nakahara,Nakahara,GPE,0.1438447,0.40066288,ja,1.0,4117760-5,8572836,P,35.66809,139.57044,ASIA,Japan,EAS
1102,Tamagawa Ryokuchi Park Ground,Tamagawa Ryokuchi Park Ground,GPE,0.1438447,0.40066288,ja,1.0,,0,,,,,,
1101,the Komae City,the Komae City,GPE,0.1438447,0.40066288,ja,1.0,,0,,,,,,
1119,Kazuno,Kazuno,GPE,0.0,0.0,ja,1.0,,2130146,P,40.18361,140.78722,ASIA,Japan,EAS
1121,Sujin,Sujin,GPE,0.7,0.6,ja,1.0,,12094344,P,41.87833,129.0623,ASIA,North Korea,EAS
1141,Nishinomiya City,Nishinomiya City,GPE,0.08,0.27,ja,1.0,,1855206,P,36.75561,137.23107,ASIA,Japan,EAS
1132,The United States',The United States',GPE,0.0,0.0,ja,1.0,,0,,,,,,
1140,Naruohama,Naruohama,GPE,0.08,0.27,ja,1.0,,9289953,P,34.69583,135.36195,ASIA,Japan,EAS
1139,Yamabashi Yakuhin,Yamabashi Yakuhin,GPE,0.0,1.0,ja,1.0,,0,,,,,,
1138,Aizuwakamatsu City,Aizuwakamatsu City,GPE,0.27083333,0.54166667,ja,1.0,,0,,,,,,
1137,Sasayama,Sasayama,GPE,0.0,0.0,ja,1.0,,1852901,P,35.06667,135.21667,ASIA,Japan,EAS
1136,Toda City,Toda City,GPE,-0.0625,0.1875,ja,1.0,,5048555,P,46.35552,-94.79224,NORTH-AMERICA,United States,CNA
1135,Inzai City,Inzai City,GPE,-0.0625,0.1875,ja,1.0,,0,,,,,,
1134,Akita Prefecture's,Akita Prefecture's,LOC,0.0,0.0,ja,1.0,,2113125,T,39.75023,140.07708,ASIA,Japan,EAS
1133,Aomori Prefecture's,Aomori Prefecture's,GPE,0.0,0.0,ja,1.0,,2127628,T,40.83333,140.41667,ASIA,Japan,EAS
1131,New Year's,New Year's,GPE,0.13636364,0.45454545,ja,1.0,,3831867,H,-51.93333,-60.88333,SOUTH-AMERICA,Falkland Islands,SSA
1122,Buretsu,Buretsu,GPE,0.7,0.6,ja,1.0,,6537246,A,46.43091,11.10657,EUROPE,Italy,WCE
1130,Yusuhara,Yusuhara,GPE,0.2375,0.6625,ja,1.0,,1848028,P,33.38333,132.91667,ASIA,Japan,EAS
1129,Ino Town,Ino Town,GPE,0.2375,0.6625,ja,1.0,,5281337,P,46.53078,-91.1788,NORTH-AMERICA,United States,CNA
1128,Honkawa,Honkawa,GPE,0.2375,0.6625,ja,1.0,,0,,,,,,
1127,Motoyama Town,Motoyama Town,GPE,0.2375,0.6625,ja,1.0,,0,,,,,,
1126,-4.7,-4.7,GPE,0.2375,0.6625,ja,1.0,4060518-8,2972315,P,43.60426,1.44367,EUROPE-AFRICA,France,MED
1125,Montepulciano,Montepulciano,GPE,0.3,0.45,ja,1.0,4115211-6,3172794,P,43.09998,11.78704,EUROPE-AFRICA,Italy,MED
1124,Tuscany,Tuscany,GPE,0.3,0.45,ja,1.0,4017581-9,3176959,P,43.77925,11.24626,EUROPE-AFRICA,Italy,MED
1123,Shanghai,Shanghai,GPE,0.0,0.3,ja,1.0,4052066-3,1796236,P,31.22222,121.45806,ASIA,China,EAS
1011,"​​1,244,500 hectares","​​1,244,500 hectares",LOC,0.0,0.0,ja,1.0,,0,,,,,,
1009,`Kingdom of Citago'',`Kingdom of Citago'',GPE,-0.0625,0.5,ja,1.0,,0,,,,,,
935,Aomori Prefecture Sea,Aomori Prefecture Sea,LOC,0.0,0.1,ja,1.0,,0,,,,,,
1008,Tottori City,Tottori City,GPE,-0.125,0.375,ja,1.0,,0,,,,,,
525,Cornwall,Cornwall,GPE,0.0,0.28333333,ja,1.0,4010579-9,3490851,L,18.25,-77.9,CENTRAL-AMERICA,Jamaica,CAR
526,Valtelina,Valtelina,GPE,-0.4125,0.52083333,ja,1.0,4108175-4,3860697,P,-31.05273,-62.23433,SOUTH-AMERICA,Argentina,SES
527,Nara City,Nara City,GPE,-0.4,0.6,ja,1.0,,1859951,P,34.50896,135.7929,ASIA,Japan,EAS
528,Normal Hill,Normal Hill,LOC,0.075,0.45,ja,1.0,,4335333,L,31.75155,-93.09572,NORTH-AMERICA,United States,CNA
529,Oku-Noto,Oku-Noto,GPE,0.17977273,0.59090909,ja,1.0,,0,,,,,,
530,Sagamihara City,Sagamihara City,GPE,0.0,0.0,ja,1.0,,0,,,,,,
531,Gakuenkita,Gakuenkita,GPE,-0.4,0.6,ja,1.0,,0,,,,,,
532,Tenipuri,Tenipuri,GPE,0.0,0.375,ja,1.0,,0,,,,,,
533,the Yangtze River,the Yangtze River,LOC,0.5,1.0,ja,1.0,,0,,,,,,
534,Honmachi,Honmachi,GPE,0.0,0.0,ja,1.0,,1848445,P,32.50439,130.59952,ASIA,Japan,EAS
535,Aikawa Town,Aikawa Town,GPE,0.0,0.0,ja,1.0,,0,,,,,,
536,Kiyokawa Village,Kiyokawa Village,GPE,0.0,0.0,ja,1.0,,0,,,,,,
537,Nogawa,Nogawa,GPE,0.0,0.06666667,ja,1.0,,10867011,L,35.68306,139.52403,ASIA,Japan,EAS
538,Ito,Ito,GPE,0.0,0.0,ja,1.0,1185419055,1861290,P,34.96667,139.08333,ASIA,Japan,EAS
539,Yadoame,Yadoame,GPE,0.0,0.0,ja,1.0,,0,,,,,,
540,Uzushi,Uzushi,GPE,0.0,0.0,ja,1.0,,0,,,,,,
541,Hakone Town,Hakone Town,GPE,0.21666667,0.45,ja,1.0,,0,,,,,,
542,Kawazu,Kawazu,GPE,0.0,0.0,ja,1.0,,1859609,A,34.7861,138.95261,ASIA,Japan,EAS
543,the Higashikawa basin,the Higashikawa basin,LOC,-0.05,0.4,ja,1.0,,0,,,,,,
524,East Exit,East Exit,LOC,0.0,0.0,ja,1.0,,7266453,L,39.94833,-86.00639,NORTH-AMERICA,United States,ENA
523,Devon,Devon,GPE,0.0,0.28333333,ja,1.0,4070441-5,11609025,L,50.7512,-3.81027,EUROPE,United Kingdom,NEU
522,Asia-Pacific,Asia-Pacific,LOC,-0.05681818,0.35227273,ja,1.0,4341196-4,12060433,L,-0.45299,114.0516,ASIA,Indonesia,SEA
511,Kawaguchi,Kawaguchi,GPE,0.11666667,0.25,ja,1.0,1050820-X,1859730,P,35.80521,139.71072,ASIA,Japan,EAS
503,Naramachi,Naramachi,GPE,0.0,0.0,ja,1.0,,0,,,,,,
504,Kurobasu,Kurobasu,GPE,0.0,0.375,ja,1.0,,0,,,,,,
505,Picardy-kun,Picardy-kun,GPE,0.1,0.35,ja,1.0,,4365349,P,39.53898,-78.51335,NORTH-AMERICA,United States,ENA
506,Calbee,Calbee,GPE,0.0,0.0,ja,1.0,,0,,,,,,
507,Picardy,Picardy,GPE,-0.03333333,0.86666667,ja,1.0,,8599479,P,-22.62636,148.45952,OCEANIA,Australia,EAU
508,the Nagano area,the Nagano area,LOC,0.0,0.0,ja,1.0,,0,,,,,,
509,Lotte,Lotte,GPE,0.0,0.0,ja,1.0,4411253-1,6800091,L,37.5111,127.098,ASIA,South Korea,EAS
510,Bangkok,Bangkok,GPE,0.0,0.0,ja,1.0,4004432-4,1609350,P,13.75398,100.50144,ASIA,Thailand,SEA
512,Shibuya Ward,Shibuya Ward,GPE,-0.06666667,0.2,ja,1.0,,0,,,,,,
521,The Wakayama District Public Prosecutors Office,The Wakayama District Public Prosecutors Office,GPE,-0.0875,0.20694444,ja,1.0,,0,,,,,,
513,Chofu,Chofu,GPE,0.1,0.4,ja,1.0,,1864518,P,35.65924,139.54837,ASIA,Japan,EAS
514,Kaminagata,Kaminagata,GPE,0.35,0.55,ja,1.0,,11338439,P,33.03977,130.52959,ASIA,Japan,EAS
515,Shengyuan,Shengyuan,GPE,1.0,1.0,ja,1.0,,9616663,A,37.42211,118.46188,ASIA,China,EAS
516,Ichigaya,Ichigaya,GPE,0.0,0.0,ja,1.0,,1861978,P,35.69437,139.72857,ASIA,Japan,EAS
517,the Sea of Japan coast,the Sea of Japan coast,LOC,-0.17166667,0.52166667,ja,1.0,,0,,,,,,
518,・All,・All,GPE,0.0,0.0,ja,1.0,,0,,,,,,
519,Southern California,Southern California,LOC,0.0,0.05,ja,1.0,,11071615,L,34.68743,-116.78467,NORTH-AMERICA,United States,WNA
520,Fuchu Kaido,Fuchu Kaido,LOC,-0.15,0.45,ja,1.0,,0,,,,,,
544,Tachibana Town,Tachibana Town,GPE,-0.05,0.4,ja,1.0,,0,,,,,,
545,Sanzentenki.jp,Sanzentenki.jp,GPE,0.0,0.0,ja,1.0,,0,,,,,,
546,Mimasaka City,Mimasaka City,GPE,0.35,0.55,ja,1.0,,0,,,,,,
578,Nanashi-san,Nanashi-san,GPE,0.0,0.0,ja,1.0,,0,,,,,,
570,the Great East Japan Earthquake'',the Great East Japan Earthquake'',LOC,0.325,0.4375,ja,1.0,,0,,,,,,
571,Shodoshima,Shodoshima,GPE,-0.2,0.4,ja,1.0,,1851704,T,34.50784,134.26632,ASIA,Japan,EAS
572,Akahama,Akahama,GPE,0.0,0.0,ja,1.0,,9192090,P,36.1108,139.2552,ASIA,Japan,EAS
573,Horai Island,Horai Island,LOC,0.0,0.0,ja,1.0,,2113510,T,26.61632,142.17522,PACIFIC,Japan,NPO
574,Maruyama-cho,Maruyama-cho,GPE,0.41666667,0.71666667,ja,1.0,,11525997,L,42.28926,143.30687,ASIA,Japan,EAS
575,Daikin Park,Daikin Park,GPE,0.13888889,0.3,ja,1.0,,0,,,,,,
576,Houston,Houston,GPE,0.13888889,0.3,ja,1.0,4095673-8,4699066,P,29.76328,-95.36327,NORTH-AMERICA,United States,CNA
577,Shiga Lakes,Shiga Lakes,GPE,-0.1,0.45,ja,1.0,,0,,,,,,
579,Aceh province,Aceh province,GPE,0.43333333,0.41666667,ja,1.0,,1215502,P,5.54167,95.33333,ASIA,Indonesia,SEA
568,Indian Ocean,Indian Ocean,LOC,0.43333333,0.41666667,ja,1.0,,0,H,-10.0,70.0,,,
943,Imabetsu Town,Imabetsu Town,GPE,0.0,0.0,ja,1.0,,0,,,,,,
942,Ta City,Ta City,GPE,0.0,0.0,ja,1.0,4118295-9,5780993,P,40.76078,-111.89105,NORTH-AMERICA,United States,WNA
941,Towa,Towa,GPE,0.0,0.0,ja,1.0,,1849885,A,33.21667,132.88333,ASIA,Japan,EAS
940,Shiranai Town,Shiranai Town,GPE,0.0,0.0,ja,1.0,,0,,,,,,
939,Ikakuya,Ikakuya,GPE,0.0,0.125,ja,1.0,,0,,,,,,
938,Teikoku,Teikoku,GPE,0.54166667,0.70833333,ja,1.0,,6695390,S,35.6767,139.76064,ASIA,Japan,EAS
937,Kawaragi,Kawaragi,GPE,0.05833333,0.325,ja,1.0,,8311687,P,40.53991,141.46497,ASIA,Japan,EAS
936,Yakumo,Yakumo,GPE,0.2125,0.33173077,ja,1.0,,2127478,P,42.25389,140.26917,ASIA,Japan,EAS
569,the Great East Japan Earthquake: Seismic activity,the Great East Japan Earthquake: Seismic activity,LOC,0.35555556,0.75,ja,1.0,,0,,,,,,
567,Aomori Higashikami Town,Aomori Higashikami Town,GPE,0.0,0.0,ja,1.0,,0,,,,,,
547,Pacific Palisades,Pacific Palisades,LOC,-0.2,0.5,ja,1.0,,5806061,P,47.41902,-119.9145,NORTH-AMERICA,United States,WNA
556,Gulliver,Gulliver,GPE,0.475,0.925,ja,1.0,,6634327,T,-66.19412,-62.69461,POLAR,Antarctica,WAN
548,the Kinokawa River,the Kinokawa River,LOC,-0.05185185,0.0962963,ja,1.0,,0,,,,,,
549,Shobara City,Shobara City,GPE,0.35,0.55,ja,1.0,,0,,,,,,
550,Garapan,Garapan,GPE,0.15,0.425,ja,1.0,,4041245,T,15.2053,145.7255,PACIFIC,Northern Mariana Islands,NPO
551,the North Pole,the North Pole,LOC,0.0,0.0,ja,1.0,7605041-5,5870294,P,64.75111,-147.34944,NORTH-AMERICA,United States,NWN
552,Seiya,Seiya,GPE,0.0,0.375,ja,1.0,,5080164,A,40.17629,-97.59492,NORTH-AMERICA,United States,CNA
553,Tahara City,Tahara City,GPE,0.6,0.9,ja,1.0,1069681016,1851260,P,34.17554,132.50061,ASIA,Japan,EAS
554,Arctic,Arctic,LOC,-0.24166667,0.75833333,ja,1.0,,0,,,,,,
555,the Sea of ​​Japan and northern Japan,the Sea of ​​Japan and northern Japan,LOC,0.375,0.875,ja,1.0,,0,,,,,,
557,Aston Villa,Aston Villa,GPE,0.02777778,0.16666667,ja,1.0,,0,,,,,,
566,Jochu,Jochu,GPE,0.5,0.5,ja,1.0,,0,,,,,,
558,Yunasumi,Yunasumi,GPE,0.0,0.325,ja,1.0,,0,,,,,,
559,Boso,Boso,GPE,-0.075,0.315,ja,1.0,,0,,,,,,
560,North London,North London,GPE,-0.125,0.375,ja,1.0,4433162-9,4839416,P,41.35565,-72.09952,NORTH-AMERICA,United States,ENA
561,the Canadian Basin,the Canadian Basin,LOC,-0.24166667,0.75833333,ja,1.0,,0,,,,,,
562,the Arctic Ocean,the Arctic Ocean,LOC,-0.24166667,0.75833333,ja,1.0,,0,,,,,,
563,Nippon Ichi Software,Nippon Ichi Software,GPE,-0.01910946,0.60371058,ja,1.0,,0,,,,,,
564,Shigaraki,Shigaraki,GPE,0.0,0.0,ja,1.0,4607123-4,1852550,A,34.86667,136.03333,ASIA,Japan,EAS
565,South Sulawesi,South Sulawesi,GPE,0.05,0.7,ja,1.0,,9062340,T,-2.13154,120.28888,ASIA,Indonesia,SEA
502,Nagatacho,Nagatacho,GPE,-0.6,1.0,ja,1.0,,1856112,P,35.67937,139.74009,ASIA,Japan,EAS
501,Sakai City,Sakai City,GPE,0.0,0.0,ja,1.0,,1851437,P,34.61429,135.4958,ASIA,Japan,EAS
500,Aoto,Aoto,GPE,0.5,0.6,ja,1.0,,1865232,P,35.74974,139.85405,ASIA,Japan,EAS
977,North America,North America,LOC,0.16666667,0.5,ja,1.0,,0,,,,,,
985,Ha Prefecture,Ha Prefecture,GPE,0.0,0.0,ja,1.0,4192186-0,1848354,P,35.43333,139.65,ASIA,Japan,EAS
984,Sammu City,Sammu City,GPE,0.0,0.0,ja,1.0,,0,,,,,,
983,Abira Town,Abira Town,GPE,0.0,0.0,ja,1.0,,11101915,A,2.52051,30.90052,AFRICA,Uganda,NEAF
982,Shinshinotsu Village,Shinshinotsu Village,GPE,0.0,0.0,ja,1.0,,0,,,,,,
981,Kitami City,Kitami City,GPE,-0.045,0.3,ja,1.0,,0,,,,,,
980,Aomori - Earthquake,Aomori - Earthquake,GPE,-0.05833333,0.35833333,ja,1.0,,0,,,,,,
979,Yuudachi,Yuudachi,GPE,0.0,0.0,ja,1.0,,0,,,,,,
978,Sichuan province,Sichuan province,GPE,0.03125,0.25,ja,1.0,4249575-1,1815286,P,30.66667,104.06667,ASIA,China,EAS
976,Nomi City,Nomi City,GPE,0.0,0.0,ja,1.0,,7288988,S,41.89757,-87.62111,NORTH-AMERICA,United States,ENA
987,the Hirase River,the Hirase River,LOC,0.10892857,0.49642857,ja,1.0,,0,,,,,,
975,the Sanriku coastline,the Sanriku coastline,LOC,0.525,0.54166667,ja,1.0,,0,,,,,,
974,Aomori Prefecture Earthquake,Aomori Prefecture Earthquake,LOC,0.0,0.5,ja,1.0,,0,,,,,,
973,Namie Town,Namie Town,GPE,-0.1,0.1,ja,1.0,,0,,,,,,
972,Cold,Cold,LOC,-0.3,1.0,ja,1.0,,5925024,P,54.46525,-110.18154,NORTH-AMERICA,Canada,NWN
971,️Hirosaki,️Hirosaki,GPE,0.43333333,0.73333333,ja,1.0,4384812-6,2130057,P,40.59306,140.4725,ASIA,Japan,EAS
970,Kamaishi,Kamaishi,GPE,0.0,0.0,ja,1.0,,2112444,P,39.27694,141.86801,ASIA,Japan,EAS
969,Hakodate,Hakodate,GPE,-0.1,0.4,ja,1.0,4481747-2,2130188,P,41.77583,140.73667,ASIA,Japan,EAS
968,Noda Village,Noda Village,GPE,-0.3,0.4,ja,1.0,,0,,,,,,
986,Great Britain's,Great Britain's,GPE,0.33,0.5,ja,1.0,4022153-2,2635167,A,54.75844,-2.69531,EUROPE,United Kingdom,NEU
988,Fujioka City,Fujioka City,GPE,0.0,0.0,ja,1.0,,0,,,,,,
966,Makomai Nishikou,Makomai Nishikou,GPE,0.0,0.0,ja,1.0,,0,,,,,,
999,Yokoshiba Hikari Town,Yokoshiba Hikari Town,GPE,0.0,0.0,ja,1.0,,0,,,,,,
1007,Chugoku-Shikoku,Chugoku-Shikoku,GPE,0.15,0.65,ja,1.0,,0,,,,,,
1006,Hijiori,Hijiori,GPE,0.08214286,0.40714286,ja,1.0,,0,,,,,,
1005,Sukayu,Sukayu,GPE,0.08214286,0.40714286,ja,1.0,,8549305,H,40.65027,140.8516,ASIA,Japan,EAS
1004,Sweden,Sweden,GPE,0.0,0.0,ja,1.0,4077258-5,2661886,A,62.0,15.0,EUROPE,Sweden,NEU
1003,Seta,Seta,GPE,0.0,0.0,ja,1.0,,2974733,P,43.4028,3.69278,EUROPE-AFRICA,France,MED
1002,Setagaya Ward,Setagaya Ward,GPE,0.0,0.0,ja,1.0,,0,,,,,,
1001,Tamagawa,Tamagawa,GPE,0.0,0.0,ja,1.0,,12030598,L,35.54503,139.73544,ASIA,Japan,EAS
1000,Inada Embankment,Inada Embankment,LOC,0.10892857,0.49642857,ja,1.0,,0,,,,,,
998,the Kuji Kasumi Embankment,the Kuji Kasumi Embankment,LOC,0.10892857,0.49642857,ja,1.0,,0,,,,,,
989,Hokuto City,Hokuto City,GPE,0.0,0.0,ja,1.0,,0,,,,,,
997,Ueno,Ueno,GPE,-0.23076923,0.69230769,ja,1.0,,2081114,P,7.44648,151.84135,PACIFIC,Micronesia,EPO
996,sunny Pacific,sunny Pacific,LOC,-0.6,1.0,ja,1.0,,7315209,P,37.56938,-118.67584,NORTH-AMERICA,United States,WNA
995,Ajiko-san,Ajiko-san,GPE,0.7,0.6,ja,1.0,,0,,,,,,
994,Egypt,Egypt,GPE,0.0,0.0,ja,1.0,4000556-2,357994,A,27.0,30.0,AFRICA,Egypt,SAH
993,Cairo,Cairo,GPE,0.35833333,0.81666667,ja,1.0,4029236-8,360630,P,30.06263,31.24967,EUROPE-AFRICA,Egypt,MED
992,Mihama City,Mihama City,GPE,0.19318182,0.60227273,ja,1.0,,0,,,,,,
991,New City,New City,GPE,0.19318182,0.60227273,ja,1.0,4042011-5,5128581,P,40.71427,-74.00597,NORTH-AMERICA,United States,ENA
990,Homa,Homa,GPE,0.41666667,0.5,ja,1.0,,7667665,A,-0.666,34.481,AFRICA,Kenya,SEAF
967,Ofunato,Ofunato,GPE,0.0,0.0,ja,1.0,,2111530,P,39.07167,141.71667,ASIA,Japan,EAS
965,Kushiro,Kushiro,GPE,0.13636364,0.45454545,ja,1.0,132191-2,2129376,P,42.975,144.37472,ASIA,Japan,EAS
499,Ikoma City,Ikoma City,GPE,0.0,0.0,ja,1.0,,0,,,,,,
489,Putney,Putney,GPE,-0.25,0.25,ja,1.0,1266316329,2639835,P,51.46072,-0.21814,EUROPE,United Kingdom,NEU
481,U.S.A.,U.S.A.,GPE,-0.25,0.25,ja,1.0,,0,L,29.84064,89.29688,,,
482,Toyama Bay,Toyama Bay,LOC,0.0,0.0,ja,1.0,,6300369,S,36.64833,137.1875,ASIA,Japan,EAS
483,Kasumi Minami,Kasumi Minami,GPE,0.375,0.75,ja,1.0,,0,,,,,,
484,Mitsuya Cider,Mitsuya Cider,LOC,0.075,0.425,ja,1.0,,0,,,,,,
485,Narita,Narita,GPE,0.11212121,0.28484848,ja,1.0,4265233-9,6300307,S,35.76472,140.38639,ASIA,Japan,EAS
486,Higashimatsushima/KIBOTCHA,Higashimatsushima/KIBOTCHA,GPE,0.25,0.33333333,ja,1.0,,0,,,,,,
487,Taichung,Taichung,GPE,0.25,0.33333333,ja,1.0,4119496-2,1668399,P,24.1469,120.6839,ASIA,Taiwan,EAS
488,Colorado,Colorado,GPE,-0.07777778,0.58611111,ja,1.0,4010406-0,5417618,A,39.00027,-105.50083,NORTH-AMERICA,United States,WNA
490,Shikajima,Shikajima,LOC,1.0,0.75,ja,1.0,,0,,,,,,
479,Himi City,Himi City,GPE,0.16,0.54,ja,1.0,,0,,,,,,
491,Tama Hills,Tama Hills,GPE,0.1,0.4,ja,1.0,,4860518,L,42.26388,-92.30852,NORTH-AMERICA,United States,CNA
492,Reborn,Reborn,LOC,0.0,0.375,ja,1.0,4568147-8,2849386,P,49.73333,7.68333,EUROPE,Germany,WCE
493,VT,VT,GPE,-0.25,0.25,ja,1.0,4350641-0,1651944,P,17.96667,102.6,ASIA,Laos,SEA
494,Himi,Himi,GPE,0.83333333,0.83333333,ja,1.0,,6270456,L,33.68667,35.64444,EUROPE-AFRICA,Lebanon,MED
495,Saaya,Saaya,GPE,0.0,0.0,ja,1.0,,0,,,,,,
496,Awaji Island,Awaji Island,LOC,0.0,0.0,ja,1.0,,1864898,T,34.3884,134.8288,ASIA,Japan,EAS
497,Tecom,Tecom,GPE,-0.1,0.2,ja,1.0,,10127264,S,25.09931,55.17325,ASIA,United Arab Emirates,ARP
498,Fuji Tecom,Fuji Tecom,GPE,0.0,0.0,ja,1.0,,0,,,,,,
480,Aomori Prefecture East,Aomori Prefecture East,LOC,-0.1,0.6,ja,1.0,,12909090,L,41.22364,140.56768,ASIA,Japan,EAS
944,Nakadomari Town,Nakadomari Town,GPE,0.0,0.0,ja,1.0,,1893547,P,26.34624,126.74833,ASIA,Japan,EAS
964,the Aomori Prefecture Hachinohe City Board of Education,the Aomori Prefecture Hachinohe City Board of Education,GPE,0.1045,0.608,ja,1.0,,0,,,,,,
955,Hakui City,Hakui City,GPE,0.0,0.0,ja,1.0,,0,,,,,,
963,Urakawa,Urakawa,GPE,0.0,0.0,ja,1.0,,2127586,P,42.15556,142.78361,ASIA,Japan,EAS
962,Shinhidaka Town,Shinhidaka Town,GPE,0.0,0.0,ja,1.0,,0,,,,,,
961,Central Pacific,Central Pacific,LOC,0.08333333,0.29166667,ja,1.0,,11961322,L,55.75383,37.6224,EUROPE,Russia,WCE
960,Towada City,Towada City,GPE,0.0,0.0,ja,1.0,,0,,,,,,
959,NTT East's,NTT East's,LOC,-0.12166667,0.505,ja,1.0,,0,,,,,,
958,Katingan Regency,Katingan Regency,GPE,-0.03333333,0.425,ja,1.0,,1640948,A,-1.68333,113.21667,ASIA,Indonesia,SEA
957,Hokkaido Kanto,Hokkaido Kanto,GPE,0.175,0.5,ja,1.0,,0,,,,,,
956,the Aomori Prefecture Eastern Offshore Earthquake,the Aomori Prefecture Eastern Offshore Earthquake,LOC,-0.00416667,0.39583333,ja,1.0,,0,,,,,,
954,Iwanuma City,Iwanuma City,GPE,0.0225,0.39,ja,1.0,,0,,,,,,
945,Shichinohe,Shichinohe,GPE,0.0,0.0,ja,1.0,,2128194,P,40.69111,141.15472,ASIA,Japan,EAS
953,Oarai Town,Oarai Town,GPE,0.14,0.62,ja,1.0,,2111567,P,36.31409,140.58389,ASIA,Japan,EAS
952,Narita City,Narita City,GPE,0.0,0.0,ja,1.0,,10113713,S,35.77759,140.31124,ASIA,Japan,EAS
951,the JR East Mito Branch,the JR East Mito Branch,LOC,0.075,0.525,ja,1.0,,0,,,,,,
950,eastern Kanagawa Prefecture,eastern Kanagawa Prefecture,LOC,0.0,0.0,ja,1.0,4192186-0,1848354,P,35.43333,139.65,ASIA,Japan,EAS
949,Mutsu City Library,Mutsu City Library,GPE,0.0,0.0,ja,1.0,,0,,,,,,
948,Satoful,Satoful,GPE,0.0,0.0,ja,1.0,,0,,,,,,
947,Miyagi,Miyagi,GPE,0.0,0.0,ja,1.0,4118584-5,2111149,P,38.26667,140.86667,ASIA,Japan,EAS
946,Iwate Prefecture Ichi…,Iwate Prefecture Ichi…,GPE,0.0,0.0,ja,1.0,,0,,,,,,
432,Konyaspor,Konyaspor,GPE,0.0,0.0,tr,1.0,,0,,,,,,
225,Fethiye,Fethiye,GPE,0.0,0.0,tr,1.0,4236689-6,314967,P,36.64038,29.12758,EUROPE-AFRICA,Turkey,MED
197,Northern Europe,Northern Europe,LOC,-0.33333333,0.66666667,tr,1.0,,0,,,,,,
503,Shoufeng,Shoufeng,GPE,0.0,0.0,zh,1.0,,1669124,P,23.86934,121.50971,ASIA,Taiwan,EAS
505,Hualien Shoufeng Township,Hualien Shoufeng Township,GPE,-0.33333333,0.5,zh,1.0,,6645416,L,23.86921,121.50429,ASIA,Taiwan,EAS
506,counterbalance,counterbalance,GPE,-0.06666667,0.425,zh,1.0,,0,,,,,,
507,Yilan offshore,Yilan offshore,LOC,0.0,0.0,zh,1.0,,0,,,,,,
508,Pacific,Pacific,LOC,0.0,0.0,zh,1.0,,0,L,8.62,-170.11,,,
509,Nemoto,Nemoto,GPE,0.0,0.0,zh,1.0,,11078417,P,35.30617,139.98653,ASIA,Japan,EAS
510,the Kuril Trench,the Kuril Trench,LOC,0.24444444,0.85555556,zh,1.0,,0,,,,,,
511,Nippon Ham,Nippon Ham,LOC,0.0,0.0,zh,1.0,,6488271,S,53.57498,10.01524,EUROPE,Germany,NEU
512,Minato City,Minato City,GPE,0.0,0.3,zh,1.0,7742337-9,1857091,A,35.65,139.73333,ASIA,Japan,EAS
513,Fort Hancock,Fort Hancock,GPE,-0.09166667,0.32291667,zh,1.0,,4898856,P,40.58337,-90.96931,NORTH-AMERICA,United States,CNA
514,Changchun High,Changchun High,GPE,0.08409091,0.21363636,zh,1.0,,0,,,,,,
515,the Wuyue Kingdom,the Wuyue Kingdom,GPE,0.0,0.06666667,zh,1.0,,0,,,,,,
516,Pingtung,Pingtung,GPE,0.04,0.3975,zh,1.0,4406501-2,6300291,S,22.67237,120.46173,ASIA,Taiwan,EAS
517,the Ahoucheng County,the Ahoucheng County,GPE,0.17878788,0.58484848,zh,1.0,,0,,,,,,
518,Jiuxiong Lake,Jiuxiong Lake,GPE,0.0,0.0,zh,1.0,,6647172,H,24.65405,121.60752,ASIA,Taiwan,EAS
519,Bryan,Bryan,GPE,0.18939394,0.57853535,zh,1.0,,4677008,P,30.67436,-96.36996,NORTH-AMERICA,United States,CNA
520,Doubao,Doubao,GPE,-0.03333333,0.4,zh,1.0,,0,,,,,,
521,V city,V city,GPE,0.21212121,0.48484848,zh,1.0,,78754,P,14.54248,49.12424,ASIA,Yemen,ARP
522,Belem,Belem,GPE,0.00833333,0.165,zh,1.0,4208294-8,3405870,P,-1.45583,-48.50444,SOUTH-AMERICA,Brazil,NES
523,Argentina,Argentina,GPE,0.125,0.41666667,zh,1.0,4002890-2,3865483,A,-34.0,-64.0,SOUTH-AMERICA,Argentina,SES
524,Northern Europe,Northern Europe,LOC,0.1,0.3,zh,1.0,,0,,,,,,
525,stablecoin,stablecoin,GPE,0.0,0.0,zh,1.0,,0,,,,,,
526,Hell Valley,Hell Valley,LOC,0.0,0.0,zh,1.0,,8051313,L,-0.91583,36.31333,AFRICA,Kenya,SEAF
527,Sapporo,Sapporo,GPE,0.0,0.0,zh,1.0,4051677-5,2128295,P,43.06667,141.35,ASIA,Japan,EAS
528,Nanshan District,Nanshan District,GPE,0.0,0.0,zh,1.0,,7001398,P,22.53334,113.92978,ASIA,China,EAS
529,Kensington,Kensington,GPE,0.05656566,0.17373737,zh,1.0,,5203211,P,40.56979,-79.76477,NORTH-AMERICA,United States,ENA
530,Upper East Side,Upper East Side,LOC,0.05656566,0.17373737,zh,1.0,,5172075,L,41.55561,-83.6716,NORTH-AMERICA,United States,ENA
531,Beverly Hills,Beverly Hills,GPE,0.05656566,0.17373737,zh,1.0,4088243-3,5328041,P,34.07362,-118.40036,NORTH-AMERICA,United States,WNA
504,Futian District,Futian District,GPE,0.4,0.5125,zh,1.0,,1676377,A,24.19667,120.51528,ASIA,Taiwan,EAS
502,the north coast,the north coast,LOC,0.04,0.3975,zh,1.0,,12212303,L,37.02332,-77.36954,NORTH-AMERICA,United States,ENA
533,Doubao AI,Doubao AI,GPE,0.4,0.6,zh,1.0,,0,,,,,,
501,Tongxiang,Tongxiang,GPE,0.0,0.8,zh,1.0,,1652086,P,15.47986,107.23353,ASIA,Laos,SEA
474,Mount Liwu,Mount Liwu,LOC,0.0,0.0,zh,1.0,,0,,,,,,
475,Liwushan Trail,Liwushan Trail,LOC,0.425,0.65,zh,1.0,,0,,,,,,
476,Datong,Datong,GPE,0.425,0.65,zh,1.0,,2037799,P,40.09361,113.29139,ASIA,China,EAS
477,Hong Kong Park,Hong Kong Park,GPE,0.25,0.33333333,zh,1.0,,0,,,,,,
478,Kaohsiung City’s,Kaohsiung City’s,GPE,0.3,0.9,zh,1.0,,0,,,,,,
479,Shandong Province,Shandong Province,GPE,0.175,0.925,zh,1.0,4052070-5,1796328,A,36.33333,118.25,ASIA,China,EAS
480,Tai'an City,Tai'an City,GPE,0.175,0.925,zh,1.0,,1665272,L,24.18719,120.63312,ASIA,Taiwan,EAS
481,Tai'an,Tai'an,GPE,0.0,0.0,zh,1.0,,1793724,P,36.18528,117.12,ASIA,China,EAS
482,the Central Promenade,the Central Promenade,LOC,0.0,0.25,zh,1.0,,5167477,L,41.64894,-83.5341,NORTH-AMERICA,United States,ENA
483,the Olympic Village,the Olympic Village,GPE,-0.1,0.05,zh,1.0,,7729380,P,44.34306,-87.82472,NORTH-AMERICA,United States,ENA
484,Alishan Township,Alishan Township,GPE,0.0,0.0,zh,1.0,1255671882,1679029,P,23.51528,120.81028,ASIA,Taiwan,EAS
485,Iraq,Iraq,GPE,1.0,0.75,zh,1.0,4072920-5,99237,A,33.0,44.0,ASIA,Iraq,WCA
486,the Longitudinal Valley Railway,the Longitudinal Valley Railway,LOC,0.25,0.65,zh,1.0,,0,,,,,,
487,the North Peak,the North Peak,LOC,0.475,0.65,zh,1.0,,3575262,T,17.15047,-62.58283,CENTRAL-AMERICA,Saint Kitts and Nevis,CAR
488,The Strait of Hormuz,The Strait of Hormuz,LOC,0.06,0.4,zh,1.0,,0,,,,,,
489,Changhua City,Changhua City,GPE,0.0,0.0,zh,1.0,,1993459,P,24.0692,120.5512,ASIA,Taiwan,EAS
490,Zengwen,Zengwen,GPE,0.0,0.0,zh,1.0,,1666834,L,23.21788,120.49792,ASIA,Taiwan,EAS
491,Nanxi,Nanxi,GPE,0.0,0.0,zh,1.0,6136274-8,1799686,P,28.84209,104.97958,ASIA,China,EAS
492,Jihai,Jihai,GPE,0.0,0.0,zh,1.0,,0,,,,,,
493,Yehliu Baoan Temple,Yehliu Baoan Temple,LOC,0.19404762,0.41587302,zh,1.0,,0,,,,,,
494,Hong Kong River,Hong Kong River,GPE,0.42857143,0.68214286,zh,1.0,,6691709,H,22.45073,114.15747,ASIA,Hong Kong,EAS
495,UAE,UAE,GPE,-0.01147959,0.41215986,zh,1.0,,2368892,P,12.26667,-14.7,AFRICA,Guinea-Bissau,WAF
496,Hormuz,Hormuz,GPE,-0.01147959,0.41215986,zh,1.0,4072627-7,287878,H,26.56667,56.25,ASIA,Oman,WCA
497,the Alishan Township,the Alishan Township,LOC,0.0,0.0,zh,1.0,,0,,,,,,
498,the Central Mountains,the Central Mountains,LOC,0.17,0.46,zh,1.0,,4626068,L,35.60065,-83.50877,NORTH-AMERICA,United States,ENA
499,the Longitudinal Valley,the Longitudinal Valley,LOC,0.125,0.29166667,zh,1.0,,3882554,T,-36.0,-72.0,SOUTH-AMERICA,Chile,SWS
500,the Central Mountain Range Tunnel,the Central Mountain Range Tunnel,LOC,0.125,0.29166667,zh,1.0,,0,,,,,,
532,Turing AI,Turing AI,GPE,0.25909091,0.51363636,zh,1.0,,0,,,,,,
534,Myanmar,Myanmar,GPE,-0.125,0.675,zh,1.0,4069500-1,1327865,A,21.0,96.0,ASIA,Myanmar,SAS
472,the Pacific Ocean,the Pacific Ocean,LOC,0.78,1.0,zh,1.0,,7670505,H,7.113,171.254,PACIFIC,Marshall Islands,EPO
565,the Potomac River,the Potomac River,LOC,0.0,0.0,zh,1.0,,4366037,H,37.93889,-76.25278,NORTH-AMERICA,United States,ENA
567,Jurilu,Jurilu,GPE,0.425,0.7,zh,1.0,,0,,,,,,
568,Prince George County,Prince George County,GPE,0.0,0.0,zh,1.0,,4349159,P,38.94278,-76.73028,NORTH-AMERICA,United States,ENA
569,Nubia,Nubia,GPE,0.13068182,0.47613636,zh,1.0,,350981,L,18.98374,32.19115,AFRICA,Sudan,SAH
570,Nachuan Capital,Nachuan Capital,GPE,0.0,0.0,zh,1.0,,0,,,,,,
571,Adobe,Adobe,GPE,0.14727273,0.43090909,zh,1.0,,5700943,T,40.95297,-115.79868,NORTH-AMERICA,United States,WNA
572,Anhui Province,Anhui Province,GPE,0.0,0.0,zh,1.0,4002062-9,1818058,A,31.91667,117.16667,ASIA,China,EAS
573,Hefei City,Hefei City,GPE,0.0,0.0,zh,1.0,,13108238,P,43.92377,126.55733,ASIA,China,EAS
574,the Southern District,the Southern District,LOC,0.05555556,0.33333333,zh,1.0,4509105-5,1179400,P,31.41554,73.08969,ASIA,Pakistan,WCA
575,Hunyuan,Hunyuan,LOC,0.21428571,0.42857143,zh,1.0,,1806686,A,39.65015,113.61002,ASIA,China,EAS
576,Vienna,Vienna,GPE,-0.04166667,0.20833333,zh,1.0,4066009-6,2761369,P,48.20849,16.37208,EUROPE,Austria,WCE
577,Berkeley,Berkeley,GPE,0.0,0.0,zh,1.0,4005720-3,5327684,P,37.87159,-122.27275,NORTH-AMERICA,United States,WNA
578,Stanford,Stanford,GPE,0.0,0.0,zh,1.0,4056932-9,5398563,P,37.42411,-122.16608,NORTH-AMERICA,United States,WNA
579,lake green,lake green,LOC,-0.02962963,0.3037037,zh,1.0,,5255003,H,43.81073,-89.00005,NORTH-AMERICA,United States,ENA
580,Lancôme,Lancôme,GPE,0.2125,0.625,zh,1.0,,3007916,P,47.64887,1.12283,EUROPE,France,WCE
581,the Korean Peninsula,the Korean Peninsula,LOC,0.36,0.57,zh,1.0,,7140636,S,46.39111,-87.39444,NORTH-AMERICA,United States,ENA
582,Zhushan Mountain,Zhushan Mountain,LOC,-0.2,0.5,zh,1.0,,1670778,T,23.05139,120.87444,ASIA,Taiwan,EAS
583,Kulingjiao Village,Kulingjiao Village,GPE,0.5,0.5,zh,1.0,,1673364,P,24.63218,120.80447,ASIA,Taiwan,EAS
584,Changchun,Changchun,GPE,0.0,0.25,zh,1.0,4264120-2,2038180,P,43.88,125.32278,ASIA,China,EAS
585,São Paulo's,São Paulo's,GPE,0.0,0.0,zh,1.0,4264280-2,3467865,P,-22.90556,-47.06083,SOUTH-AMERICA,Brazil,SES
586,the Southern Hemisphere,the Southern Hemisphere,LOC,0.0,0.0,zh,1.0,,0,,,,,,
587,Wo'an,Wo'an,GPE,0.1,0.38333333,zh,1.0,4122012-2,6094817,P,45.41117,-75.69812,NORTH-AMERICA,Canada,ENA
588,Laizhou,Laizhou,GPE,0.01090067,0.44667508,zh,1.0,,1804578,P,37.18073,119.94217,ASIA,China,EAS
589,Chaoyang Park,Chaoyang Park,GPE,0.54,0.70666667,zh,1.0,,8385019,L,39.94161,116.47618,ASIA,China,EAS
590,Liuyang,Liuyang,GPE,0.2,0.5,zh,1.0,,1802875,P,28.15861,113.62709,ASIA,China,EAS
591,Yongzhufang,Yongzhufang,GPE,0.35090909,0.63636364,zh,1.0,,0,,,,,,
592,the Hsinchu City,the Hsinchu City,GPE,-0.2,0.58333333,zh,1.0,,0,,,,,,
593,Sanya,Sanya,GPE,0.17,0.40291667,zh,1.0,7500630-3,1796556,P,18.25435,109.50947,ASIA,China,SEA
566,Toronto,Toronto,GPE,-0.1,0.18571429,zh,1.0,4060459-7,6167865,P,43.70643,-79.39864,NORTH-AMERICA,Canada,ENA
564,Avita,Avita,GPE,0.19318182,0.39393939,zh,1.0,,2178857,P,-11.23685,166.48998,PACIFIC,Solomon Islands,SPO
535,Yantai,Yantai,GPE,0.13636364,0.45454545,zh,1.0,4824622-0,1787093,P,37.47649,121.44081,ASIA,China,EAS
563,Golden Village,Golden Village,GPE,0.07857143,0.5202381,zh,1.0,,5364750,P,33.63863,-117.34393,CENTRAL-AMERICA,United States,NCA
536,Vietnam,Vietnam,GPE,0.0,0.0,zh,1.0,4063514-4,1562822,A,16.16667,107.83333,ASIA,Vietnam,SEA
537,JCB,JCB,GPE,0.275,0.8125,zh,1.0,,3459869,P,-27.17806,-51.50472,SOUTH-AMERICA,Brazil,SES
538,Nevada,Nevada,GPE,-0.33333333,0.7,zh,1.0,4041996-4,5509151,A,39.25021,-116.75119,NORTH-AMERICA,United States,WNA
539,Zhipu AI,Zhipu AI,GPE,0.21428571,0.42857143,zh,1.0,,0,,,,,,
540,Shijiazhuang,Shijiazhuang,GPE,0.075,0.425,zh,1.0,4370253-3,1795270,P,38.04139,114.47861,ASIA,China,EAS
541,Chongqing,Chongqing,GPE,0.075,0.425,zh,1.0,4315770-1,1814906,P,29.56026,106.55771,ASIA,China,EAS
542,Zhengzhou,Zhengzhou,GPE,0.075,0.425,zh,1.0,4264129-9,1784658,P,34.75778,113.64861,ASIA,China,EAS
543,Tatajia,Tatajia,GPE,0.359375,0.275,zh,1.0,,6725046,T,23.47597,120.89973,ASIA,Taiwan,EAS
544,Jiaming Lake,Jiaming Lake,GPE,0.359375,0.275,zh,1.0,,0,,,,,,
545,Yunlin,Yunlin,GPE,0.0,0.0,zh,1.0,,1665196,P,23.70944,120.54333,ASIA,Taiwan,EAS
546,Gukeng Township,Gukeng Township,GPE,0.0,0.0,zh,1.0,,1673388,P,23.645,120.56278,ASIA,Taiwan,EAS
547,East Asia,East Asia,LOC,0.10625,0.575,zh,1.0,,12200097,L,32.62857,51.6314,ASIA,Iran,WCA
548,Pacini,Pacini,GPE,0.21607143,0.46547619,zh,1.0,,10399694,S,39.30085,9.0921,EUROPE-AFRICA,Italy,MED
549,Kirkland,Kirkland,GPE,0.0,0.0,zh,1.0,,5992830,P,45.45008,-73.86586,NORTH-AMERICA,Canada,ENA
550,Animal City,Animal City,GPE,-0.125,0.375,zh,1.0,,11380529,S,35.43709,-97.4371,NORTH-AMERICA,United States,CNA
551,the East District Jianguo Market,the East District Jianguo Market,LOC,0.0,0.0,zh,1.0,,0,,,,,,
552,D.C.,D.C.,GPE,0.0,0.0,zh,1.0,4007557-6,3688689,P,4.60971,-74.08175,SOUTH-AMERICA,Colombia,NWS
553,Cortina,Cortina,GPE,0.0,0.0,zh,1.0,4085339-1,3177952,P,46.5369,12.13903,EUROPE,Italy,WCE
554,Zhijie,Zhijie,GPE,0.1625,0.2875,zh,1.0,,9940488,P,25.0944,100.113,ASIA,China,EAS
555,Winter,Winter,GPE,0.0,0.0,zh,1.0,4398110-0,4178560,P,28.6,-81.33924,NORTH-AMERICA,United States,ENA
556,the Hsinchu County,the Hsinchu County,GPE,0.03333333,0.26666667,zh,1.0,,6574227,L,24.80278,121.23694,ASIA,Taiwan,EAS
557,Xiangjie,Xiangjie,GPE,0.1625,0.2875,zh,1.0,,6646732,P,25.00114,121.22846,ASIA,Taiwan,EAS
558,Kamchatka Peninsula,Kamchatka Peninsula,LOC,0.0,0.3,zh,1.0,,2125073,T,56.28672,159.2354,ASIA,Russia,RFE
559,Zunjie,Zunjie,GPE,0.1625,0.2875,zh,1.0,,0,,,,,,
560,Haikou,Haikou,GPE,0.0,0.0,zh,1.0,4448983-3,1809078,P,20.03421,110.34651,ASIA,China,EAS
561,Ishinomaki City,Ishinomaki City,GPE,-0.03333333,0.15,zh,1.0,,0,,,,,,
562,Furien,Furien,GPE,0.07857143,0.5202381,zh,1.0,,0,,,,,,
473,Qingshui Mountain,Qingshui Mountain,LOC,0.0,0.0,zh,1.0,,1678089,T,24.2354,121.6514,ASIA,Taiwan,EAS
471,Liwu River,Liwu River,LOC,0.78,1.0,zh,1.0,,1667614,H,24.13993,121.66435,ASIA,Taiwan,EAS
152,La Penna,La Penna,GPE,0.0,0.0,it,1.0,,9665850,T,63.68052,10.61616,EUROPE,Norway,NEU
379,Sichuan Province,Sichuan Province,GPE,0.02954545,0.38681818,zh,1.0,4249575-1,1815286,P,30.66667,104.06667,ASIA,China,EAS
381,Guishan Island,Guishan Island,LOC,0.02159091,0.55113636,zh,1.0,,1673419,T,24.84194,121.95194,ASIA,Taiwan,EAS
382,The Northeastern United States,The Northeastern United States,GPE,0.07784091,0.45738636,zh,1.0,,12217906,L,41.30225,-76.02801,NORTH-AMERICA,United States,ENA
383,watchmen,watchmen,LOC,0.25,0.3125,zh,1.0,,0,,,,,,
384,Liyutan Reservoir,Liyutan Reservoir,LOC,0.0,0.0,zh,1.0,,1992703,H,24.34039,120.79669,ASIA,Taiwan,EAS
385,Jingzhe,Jingzhe,LOC,0.5,0.5,zh,1.0,,0,U,14.695,134.5683,,,
386,NoDesk,NoDesk,GPE,0.15,0.5,zh,1.0,,0,,,,,,
387,Dongshan Station,Dongshan Station,LOC,0.41666667,0.81666667,zh,1.0,,1666485,S,24.63602,121.79265,ASIA,Taiwan,EAS
388,Tianchuan,Tianchuan,GPE,0.0,0.375,zh,1.0,,1793005,P,32.87636,111.4401,ASIA,China,EAS
389,Dongshan,Dongshan,LOC,0.5,1.0,zh,1.0,,1666484,L,24.18144,120.74794,ASIA,Taiwan,EAS
390,Abilene,Abilene,GPE,-0.03125,0.21875,zh,1.0,7558851-1,4669635,P,32.44874,-99.73314,NORTH-AMERICA,United States,CNA
391,"Sanyi Township, Miaoli County","Sanyi Township, Miaoli County",GPE,0.15,0.35,zh,1.0,,0,,,,,,
392,the Huoyan Mountain,the Huoyan Mountain,LOC,0.1,0.45,zh,1.0,,0,,,,,,
393,OpenClaw,OpenClaw,LOC,0.23125,0.65,zh,1.0,,0,,,,,,
394,The Middle East,The Middle East,LOC,0.0,0.0,zh,1.0,,12217091,L,35.8,-86.5,NORTH-AMERICA,United States,ENA
395,times</li,times</li,GPE,0.16590909,0.49108392,zh,1.0,,0,,,,,,
396,people</li,people</li,GPE,0.16590909,0.49108392,zh,1.0,,0,,,,,,
397,the Asia-Pacific,the Asia-Pacific,LOC,0.21428571,0.42857143,zh,1.0,,1860102,L,36.25,139.5,ASIA,Japan,EAS
398,Songyan,Songyan,GPE,0.2,0.9,zh,1.0,,1793962,P,37.20222,113.70028,ASIA,China,EAS
399,Huoyan Mountain Trail,Huoyan Mountain Trail,LOC,0.0,0.0,zh,1.0,,0,,,,,,
400,the Amalfi Sea,the Amalfi Sea,LOC,0.13636364,0.45454545,zh,1.0,,0,,,,,,
401,Dali,Dali,GPE,0.01212121,0.37929293,zh,1.0,4240806-4,6201193,A,13.8924,44.7625,ASIA,Yemen,ARP
402,the Cangshan Mountains,the Cangshan Mountains,LOC,0.01212121,0.37929293,zh,1.0,,0,,,,,,
403,the Erhai Lake,the Erhai Lake,LOC,0.01212121,0.37929293,zh,1.0,,0,,,,,,
404,Sky,Sky,LOC,0.0,0.20833333,zh,1.0,,5308700,S,33.43551,-111.99807,CENTRAL-AMERICA,United States,NCA
405,Hutoushan Park,Hutoushan Park,LOC,-0.1,0.1,zh,1.0,,0,,,,,,
406,Miaoli County's,Miaoli County's,GPE,-0.1,0.1,zh,1.0,,0,,,,,,
407,Miao County,Miao County,GPE,0.5,0.875,zh,1.0,,1804866,P,26.58583,107.97972,ASIA,China,EAS
380,Tsinghua,Tsinghua,GPE,0.10625,0.42708333,zh,1.0,,8384763,S,39.99596,116.31575,ASIA,China,EAS
378,Ji'an,Ji'an,GPE,0.0,0.0,zh,1.0,,1806445,P,27.11716,114.97927,ASIA,China,EAS
409,Gulf,Gulf,LOC,0.5,0.5,zh,1.0,,0,L,26.35058,50.16805,,,
377,The Nantou County Government,The Nantou County Government,GPE,0.25,0.34583333,zh,1.0,,0,,,,,,
350,Yuli Town,Yuli Town,GPE,0.0,0.0,zh,1.0,,0,,,,,,
351,Hefei,Hefei,GPE,0.0,0.75,zh,1.0,4111404-8,1808722,P,31.86389,117.28083,ASIA,China,EAS
352,Jingzhou,Jingzhou,GPE,0.0,0.0,zh,1.0,4329102-8,1805540,P,30.35028,112.19028,ASIA,China,EAS
353,Tongmengzhou,Tongmengzhou,GPE,0.23333333,0.50555556,zh,1.0,,0,,,,,,
354,Bortala Mongolian Autonomous Prefecture,Bortala Mongolian Autonomous Prefecture,GPE,0.4,0.7,zh,1.0,,0,,,,,,
355,Jinghe County,Jinghe County,GPE,0.4,0.7,zh,1.0,,11697880,A,23.40859,120.37488,ASIA,Taiwan,EAS
356,AReaL,AReaL,GPE,0.0,0.0,zh,1.0,,6319101,A,-22.23423,-43.1219,SOUTH-AMERICA,Brazil,SES
357,Zitong,Zitong,GPE,0.02954545,0.38681818,zh,1.0,,1783700,P,30.1782,105.82991,ASIA,China,EAS
358,Mobile,Mobile,GPE,0.13106061,0.44242424,zh,1.0,4232068-9,4076598,P,30.69436,-88.04305,NORTH-AMERICA,United States,ENA
359,the northwest United States,the northwest United States,GPE,0.10416667,0.35,zh,1.0,,9881905,L,45.99696,-118.49854,NORTH-AMERICA,United States,WNA
360,the Southeast Mountain Xuanhuang Temple,the Southeast Mountain Xuanhuang Temple,LOC,0.4,0.45,zh,1.0,,0,,,,,,
361,Claude,Claude,GPE,0.0,0.0,zh,1.0,,6631241,T,-64.11596,-62.6177,POLAR,Antarctica,WAN
362,Lianjiang,Lianjiang,GPE,0.13636364,0.45454545,zh,1.0,,1804120,P,21.64673,110.28172,ASIA,China,EAS
363,Sierra Nevada Mountains,Sierra Nevada Mountains,LOC,-0.16666667,0.33333333,zh,1.0,,5395648,T,36.57855,-118.29342,NORTH-AMERICA,United States,WNA
364,Luckin,Luckin,GPE,0.07916667,0.52083333,zh,1.0,,0,,,,,,
365,Huichun,Huichun,GPE,0.6,0.9,zh,1.0,,9631751,A,31.50182,106.31876,ASIA,China,EAS
366,centella,centella,GPE,0.0367033,0.54802198,zh,1.0,,3639633,P,9.2,-63.06667,SOUTH-AMERICA,Venezuela,NSA
367,CALIFORNIA,CALIFORNIA,GPE,-0.02121212,0.31818182,zh,1.0,,11071615,L,34.68743,-116.78467,NORTH-AMERICA,United States,WNA
368,Centella,Centella,GPE,0.17857143,0.28571429,zh,1.0,,3639633,P,9.2,-63.06667,SOUTH-AMERICA,Venezuela,NSA
369,Kiev,Kiev,GPE,0.0,0.25,zh,1.0,4030522-3,703448,P,50.45466,30.5238,EUROPE,Ukraine,WCE
370,Weiwei,Weiwei,GPE,0.0,0.06666667,zh,1.0,,178194,L,1.47942,35.46709,AFRICA,Kenya,SEAF
371,Yangko,Yangko,GPE,0.0,1.0,zh,1.0,,11197878,P,15.81069,106.48739,ASIA,Laos,SEA
372,Indian Ocean,Indian Ocean,LOC,0.0,0.0,zh,1.0,,0,,,,,,
373,Shenzhen Bay,Shenzhen Bay,GPE,0.1,0.225,zh,1.0,,6301365,S,22.63926,113.81066,ASIA,China,EAS
374,Lukang Town,Lukang Town,GPE,0.0,0.0,zh,1.0,,0,,,,,,
375,the Sawtooth Mountains,the Sawtooth Mountains,LOC,0.85,1.0,zh,1.0,,5046086,T,47.46658,-91.10016,NORTH-AMERICA,United States,CNA
376,Antananarivo,Antananarivo,GPE,-0.10625,0.21041667,zh,1.0,4212652-6,1070940,P,-18.91368,47.53613,AFRICA,Madagascar,MDG
408,Wuqi,Wuqi,GPE,0.28333333,0.61666667,zh,1.0,,1665946,P,24.25528,120.53417,ASIA,Taiwan,EAS
410,Feihualuoyuan,Feihualuoyuan,GPE,-0.025,0.175,zh,1.0,,0,,,,,,
470,Sofa,Sofa,GPE,-0.15,0.7,zh,1.0,4080326-0,1052373,P,-19.84361,34.83889,AFRICA,Mozambique,ESAF
441,Hualien Nantou,Hualien Nantou,GPE,0.0,0.0,zh,1.0,,0,,,,,,
443,Fengming,Fengming,GPE,0.1,0.4,zh,1.0,,0,U,22.10275,160.27432,,,
444,Nantou City,Nantou City,GPE,0.0,0.0,zh,1.0,4406503-6,1671566,P,23.91566,120.66387,ASIA,Taiwan,EAS
445,east,east,LOC,-0.29833333,0.82166667,zh,1.0,,12212303,L,37.02332,-77.36954,NORTH-AMERICA,United States,ENA
446,​​Hehuan Mountain,​​Hehuan Mountain,LOC,-0.1125,0.2375,zh,1.0,,0,,,,,,
447,Guangzhou</li,Guangzhou</li,GPE,0.21666667,0.39722222,zh,1.0,,0,,,,,,
448,Ren'ai,Ren'ai,GPE,0.0,0.0,zh,1.0,,1674155,L,22.6861,120.58389,ASIA,Taiwan,EAS
449,the North Peak of Yushan,the North Peak of Yushan,LOC,0.3375,0.375,zh,1.0,,0,,,,,,
450,North Peak,North Peak,LOC,0.0,0.0,zh,1.0,,3578207,T,16.709,-62.17584,CENTRAL-AMERICA,Montserrat,CAR
451,the Zhang County Police Department,the Zhang County Police Department,GPE,0.25,0.33333333,zh,1.0,,0,,,,,,
452,Qianliyan Mountain,Qianliyan Mountain,LOC,0.04375,0.61875,zh,1.0,,0,,,,,,
453,Hong Kong’s,Hong Kong’s,GPE,-0.125,1.0,zh,1.0,,0,,,,,,
454,Dazhai,Dazhai,GPE,0.0,0.0,zh,1.0,4785006-1,7401234,A,40.38092,120.34815,ASIA,China,EAS
455,Hongmushu,Hongmushu,GPE,0.0,0.0,zh,1.0,,9988587,P,25.1617,98.5003,ASIA,China,SAS
456,Tangliba,Tangliba,GPE,0.0,0.0,zh,1.0,,9987753,P,24.6795,97.6889,ASIA,China,SAS
457,Benglin,Benglin,GPE,0.0,0.0,zh,1.0,,0,,,,,,
458,Xinzhai,Xinzhai,GPE,0.0,0.0,zh,1.0,,1788492,P,36.4,118.61667,ASIA,China,EAS
459,Tuanjie Village,Tuanjie Village,GPE,0.0,0.0,zh,1.0,,7527262,P,32.5601,120.73325,ASIA,China,EAS
460,Ruili City,Ruili City,GPE,0.0,0.0,zh,1.0,,0,,,,,,
461,Lianghe County,Lianghe County,GPE,0.0,0.0,zh,1.0,,0,,,,,,
462,Longchuan County,Longchuan County,GPE,0.0,0.0,zh,1.0,,11700504,A,25.10862,121.80179,ASIA,Taiwan,EAS
463,Korea,Korea,GPE,0.03896104,0.27272727,zh,1.0,4078029-6,1835841,A,36.5,127.75,ASIA,South Korea,EAS
464,Dehong Prefecture,Dehong Prefecture,GPE,0.0,0.0,zh,1.0,,0,,,,,,
465,the Hong Kong Island West Geographical Constituency Forum,the Hong Kong Island West Geographical Constituency Forum,GPE,0.25,0.33333333,zh,1.0,,0,,,,,,
466,Eurofarma,Eurofarma,GPE,0.0,0.0,zh,1.0,,0,,,,,,
467,the Taroko Mountains,the Taroko Mountains,LOC,0.0,0.0,zh,1.0,,0,,,,,,
468,Norway,Norway,GPE,0.0,0.0,zh,1.0,4042640-3,3144096,A,62.0,10.0,EUROPE,Norway,NEU
469,Mile Eye Mountain,Mile Eye Mountain,LOC,0.0,0.0,zh,1.0,,0,,,,,,
442,Shuilian County,Shuilian County,GPE,0.0,0.0,zh,1.0,,1668995,P,23.78417,121.56389,ASIA,Taiwan,EAS
440,Costa,Costa,LOC,0.21666667,0.39722222,zh,1.0,4014426-4,2287781,A,8.0,-5.5,AFRICA,Ivory Coast,WAF
411,Dapu,Dapu,GPE,0.0,0.06666667,zh,1.0,,1818673,P,22.45007,114.16877,ASIA,Hong Kong,EAS
439,Nairobi,Nairobi,GPE,-0.08452381,0.13452381,zh,1.0,4041172-2,184745,P,-1.28333,36.81667,AFRICA,Kenya,SEAF
412,Jiuquan City,Jiuquan City,GPE,0.0,0.0,zh,1.0,,0,,,,,,
413,Gansu Province,Gansu Province,GPE,0.0,0.0,zh,1.0,4097624-5,1810676,A,37.75,102.75,ASIA,China,ECA
414,the Western Regions,the Western Regions,LOC,0.0,0.0,zh,1.0,,13405932,S,40.87524,45.14773,ASIA,Armenia,WCA
415,Rome,Rome,GPE,0.13636364,0.45454545,zh,1.0,4050471-2,3169070,P,41.89193,12.51133,EUROPE-AFRICA,Italy,MED
416,Weihai,Weihai,GPE,0.140625,0.35416667,zh,1.0,7580488-8,1791673,P,37.50914,122.11356,ASIA,China,EAS
417,Yushan North Peak,Yushan North Peak,LOC,0.315,0.5,zh,1.0,,0,,,,,,
418,the eastern sea,the eastern sea,LOC,0.0,0.0,zh,1.0,,991352,P,-33.68421,26.67036,AFRICA,South Africa,ESAF
419,Causeway Bay,Causeway Bay,LOC,0.23928571,0.29285714,zh,1.0,,1818428,P,22.28189,114.18515,ASIA,Hong Kong,EAS
420,Mongkok,Mongkok,GPE,0.425,0.775,zh,1.0,,1819353,P,22.31935,114.17136,ASIA,Hong Kong,EAS
421,C8L,C8L,GPE,0.425,0.775,zh,1.0,,0,,,,,,
422,Gen5,Gen5,GPE,0.0,0.1,zh,1.0,,0,,,,,,
423,Klook,Klook,GPE,0.03333333,0.13333333,zh,1.0,,0,,,,,,
424,Dadu Mountain District,Dadu Mountain District,LOC,0.25,0.375,zh,1.0,,1993125,T,24.19933,120.58199,ASIA,Taiwan,EAS
425,Dadu Mountain,Dadu Mountain,LOC,0.0,0.0,zh,1.0,,1993125,T,24.19933,120.58199,ASIA,Taiwan,EAS
426,the Nantou City Cleaning Team,the Nantou City Cleaning Team,GPE,0.0,0.25,zh,1.0,,0,,,,,,
427,Xinyi District,Xinyi District,LOC,0.13636364,0.45454545,zh,1.0,,7796287,A,25.03042,121.56336,ASIA,Taiwan,EAS
428,​​​​Taiwan,​​​​Taiwan,GPE,0.0,0.0,zh,1.0,,0,,,,,,
429,Taichung City (Lishan,Taichung City (Lishan,GPE,0.09090909,0.46969697,zh,1.0,,1672799,P,24.25444,121.25444,ASIA,Taiwan,EAS
430,Sanguang,Sanguang,GPE,0.09090909,0.46969697,zh,1.0,,1673805,P,24.67306,121.36667,ASIA,Taiwan,EAS
431,Wulai,Wulai,GPE,0.09090909,0.46969697,zh,1.0,,1665813,P,24.86397,121.55133,ASIA,Taiwan,EAS
432,Yilan County (Yilan City,Yilan County (Yilan City,GPE,0.09090909,0.46969697,zh,1.0,,1674199,P,24.757,121.753,ASIA,Taiwan,EAS
433,the Yilan County Government,the Yilan County Government,GPE,0.0,0.0,zh,1.0,,0,,,,,,
434,the Hehuan Mountain,the Hehuan Mountain,LOC,-0.6,1.0,zh,1.0,,0,,,,,,
435,Hong Guokai,Hong Guokai,GPE,0.14444444,0.32222222,zh,1.0,,0,,,,,,
436,Zhushan Town,Zhushan Town,GPE,0.20333333,0.54666667,zh,1.0,,0,,,,,,
437,the Nantou County Government,the Nantou County Government,GPE,0.20333333,0.54666667,zh,1.0,,0,,,,,,
438,the Gamo Zone,the Gamo Zone,LOC,-0.08452381,0.13452381,zh,1.0,,0,,,,,,
594,Geely,Geely,LOC,0.07777778,0.25555556,zh,1.0,,0,,,,,,
595,Waymo,Waymo,GPE,-0.31666667,0.3,zh,1.0,,0,,,,,,
596,Inner Mongolia Autonomous Region,Inner Mongolia Autonomous Region,GPE,0.35,0.5375,zh,1.0,4096284-2,2035607,A,43.5,114.75,ASIA,China,ECA
750,Gotham City's,Gotham City's,GPE,0.29,0.66,zh,1.0,,7306781,S,40.76056,-73.96694,NORTH-AMERICA,United States,ENA
752,Philadelphia,Philadelphia,GPE,0.13636364,0.45454545,zh,1.0,4103331-0,4560349,P,39.95238,-75.16362,NORTH-AMERICA,United States,ENA
753,Mississippi,Mississippi,GPE,0.23333333,0.46666667,zh,1.0,4039588-1,4436296,A,32.75041,-89.75036,NORTH-AMERICA,United States,ENA
754,Tennessee,Tennessee,GPE,0.23333333,0.46666667,zh,1.0,4119557-7,12217091,L,35.8,-86.5,NORTH-AMERICA,United States,ENA
755,Rokukkamachi,Rokukkamachi,GPE,-0.125,0.125,zh,1.0,,0,,,,,,
756,Nan City,Nan City,GPE,-0.2,0.5,zh,1.0,,1668355,P,22.99083,120.21333,ASIA,Taiwan,EAS
757,Beimen District,Beimen District,LOC,0.0,0.0,zh,1.0,,1670783,P,23.26895,120.12418,ASIA,Taiwan,EAS
758,Connecticut,Connecticut,GPE,0.13636364,0.45454545,zh,1.0,4010487-4,4831725,A,41.66704,-72.66648,NORTH-AMERICA,United States,ENA
759,East Coast,East Coast,LOC,0.17651515,0.47310606,zh,1.0,,12212303,L,37.02332,-77.36954,NORTH-AMERICA,United States,ENA
760,the East Coast,the East Coast,LOC,0.0,0.0,zh,1.0,,12212303,L,37.02332,-77.36954,NORTH-AMERICA,United States,ENA
761,Southern United States,Southern United States,GPE,0.16666667,0.5,zh,1.0,,11887752,L,33.45876,-90.15081,NORTH-AMERICA,United States,CNA
762,the Mid-Atlantic,the Mid-Atlantic,LOC,0.16666667,0.5,zh,1.0,,12110846,L,40.58629,-76.28807,NORTH-AMERICA,United States,ENA
763,Greenland,Greenland,GPE,0.575,0.875,zh,1.0,4022113-1,3425505,A,72.0,-40.0,POLAR,Greenland,GIC
764,Utah,Utah,GPE,0.25,0.33333333,zh,1.0,4062214-9,5549030,A,39.25024,-111.75103,NORTH-AMERICA,United States,WNA
765,Zion National Park,Zion National Park,LOC,0.25,0.33333333,zh,1.0,4450210-2,5550114,L,37.29824,-113.02644,NORTH-AMERICA,United States,WNA
766,Baokang County,Baokang County,GPE,0.0,0.0,zh,1.0,,0,,,,,,
767,Jingshan Mountains,Jingshan Mountains,LOC,-0.0125,0.3875,zh,1.0,,0,,,,,,
768,the Jingshan Snowfield,the Jingshan Snowfield,LOC,0.1,0.1,zh,1.0,,0,,,,,,
769,​​vulgar,​​vulgar,LOC,-0.08333333,0.21666667,zh,1.0,,0,,,,,,
770,the Rocky Mountains,the Rocky Mountains,LOC,0.31212121,0.65151515,zh,1.0,,5836950,T,43.35826,-110.91743,NORTH-AMERICA,United States,WNA
771,Tinaba,Tinaba,GPE,0.05,0.1375,zh,1.0,,0,,,,,,
372,Türkoğlu,Türkoğlu,GPE,-0.35357143,0.61428571,tr,1.0,,8631475,A,37.38417,36.84626,EUROPE-AFRICA,Turkey,MED
371,Romania,Romania,GPE,-0.09090909,0.43863636,tr,1.0,4050939-4,798549,A,46.0,25.0,EUROPE,Romania,WCE
370,Şişli,Şişli,GPE,0.1,0.63333333,tr,1.0,7620956-8,739549,P,41.06046,28.98717,EUROPE-AFRICA,Turkey,MED
369,Yuvacık Dam,Yuvacık Dam,LOC,0.5,0.5,tr,1.0,,0,,,,,,
368,the Yuvacık Dam,the Yuvacık Dam,LOC,0.0,0.0,tr,1.0,,0,,,,,,
367,Ontario,Ontario,GPE,0.1375,0.6375,tr,1.0,4122012-2,6094817,P,45.41117,-75.69812,NORTH-AMERICA,Canada,ENA
366,Canada,Canada,GPE,0.0,0.0,tr,1.0,4029456-0,6251999,A,60.10867,-113.64258,NORTH-AMERICA,Canada,NWN
751,Charlotte,Charlotte,GPE,0.13636364,0.45454545,zh,1.0,,4795467,P,18.3419,-64.9307,CENTRAL-AMERICA,U.S. Virgin Islands,CAR
749,Tustin,Tustin,GPE,-0.33333333,0.66666667,zh,1.0,,5404119,P,33.74585,-117.82617,CENTRAL-AMERICA,United States,NCA
364,the Alpine-Himalayan earthquake zone,the Alpine-Himalayan earthquake zone,LOC,0.1547619,0.44285714,tr,1.0,,0,,,,,,
748,Chiayi City City Expo,Chiayi City City Expo,GPE,0.25,0.33333333,zh,1.0,,0,,,,,,
721,CBD,CBD,GPE,0.25,0.25,zh,1.0,,11523822,P,-27.47134,153.02736,OCEANIA,Australia,EAU
722,the Hehuan Mountains,the Hehuan Mountains,LOC,-0.2,1.0,zh,1.0,,0,,,,,,
723,the Lanyang Plain,the Lanyang Plain,LOC,0.06190476,0.61904762,zh,1.0,,0,,,,,,
724,Tiancai,Tiancai,GPE,0.34318182,0.57727273,zh,1.0,,6918540,P,32.03647,106.23884,ASIA,China,EAS
725,Macao,Macao,GPE,0.4,1.0,zh,1.0,4036791-5,1821274,P,22.20056,113.54611,ASIA,Macao,EAS
726,Far East New,Far East New,LOC,0.12424242,0.63636364,zh,1.0,,5116917,P,40.60538,-73.75513,NORTH-AMERICA,United States,ENA
727,Liaoning,Liaoning,GPE,0.0,0.0,zh,1.0,4254136-0,2036115,A,41.25,122.66667,ASIA,China,EAS
728,Jilin,Jilin,GPE,0.0,0.0,zh,1.0,4342897-6,2036502,P,43.84652,126.5608,ASIA,China,EAS
729,Heilongjiang,Heilongjiang,GPE,0.0,0.0,zh,1.0,4235269-1,2036965,A,47.75,128.0,ASIA,China,ESB
730,Xiaojushu,Xiaojushu,GPE,0.0,0.0,zh,1.0,,0,,,,,,
731,Kenting,Kenting,GPE,0.0,0.07916667,zh,1.0,5527862-0,1743529,T,5.75,101.06667,ASIA,Thailand,SEA
732,fixed</li,fixed</li,GPE,0.075,0.30833333,zh,1.0,,0,,,,,,
733,Yonghui,Yonghui,GPE,0.06818182,0.22727273,zh,1.0,,12260679,P,31.27959,121.34702,ASIA,China,EAS
734,the Qinling Mountains,the Qinling Mountains,LOC,0.0,0.1,zh,1.0,,0,,,,,,
735,Taibai Mountain,Taibai Mountain,LOC,0.0,0.1,zh,1.0,,1793710,T,33.95,107.75,ASIA,China,EAS
736,Ao Mountain,Ao Mountain,LOC,0.0,0.1,zh,1.0,,7902822,T,-12.21418,14.98631,AFRICA,Angola,WSAF
737,Ocean,Ocean,LOC,0.02083333,0.66666667,zh,1.0,,0,,,,,,
738,Baxiandai,Baxiandai,GPE,0.02083333,0.66666667,zh,1.0,,0,,,,,,
739,Baxiantai,Baxiantai,GPE,0.25,0.5625,zh,1.0,,8225642,P,32.87355,118.63108,ASIA,China,EAS
740,KTV,KTV,GPE,-0.01833333,0.335,zh,1.0,,3647389,P,5.71818,-62.34552,SOUTH-AMERICA,Venezuela,NSA
741,Yilan City,Yilan City,GPE,-0.01833333,0.335,zh,1.0,,1674199,P,24.757,121.753,ASIA,Taiwan,EAS
742,The Miaoli County Xiehe Charitable Foundation,The Miaoli County Xiehe Charitable Foundation,GPE,0.38,0.67,zh,1.0,,0,,,,,,
743,Thermage,Thermage,GPE,0.0,0.0,zh,1.0,,0,,,,,,
744,Jisheng,Jisheng,GPE,0.12424242,0.63636364,zh,1.0,,11198661,P,29.68382,121.32416,ASIA,China,EAS
745,Jutai,Jutai,GPE,0.0,0.0,zh,1.0,,6319325,A,-4.65485,-68.28027,SOUTH-AMERICA,Brazil,NSA
746,Nagano,Nagano,GPE,0.45833333,0.65,zh,1.0,4310172-0,1856215,P,36.65,138.18333,ASIA,Japan,EAS
747,the Gulf of Mexico,the Gulf of Mexico,LOC,0.06666667,0.66666667,zh,1.0,,4164131,P,29.94809,-85.41995,NORTH-AMERICA,United States,ENA
365,Sındırgı district,Sındırgı district,LOC,0.0,0.0,tr,1.0,,146078,P,35.15706,33.70106,EUROPE-AFRICA,Cyprus,MED
363,Çorlu,Çorlu,GPE,0.07314815,0.38796296,tr,1.0,1164778536,748893,P,41.16069,27.80093,EUROPE-AFRICA,Turkey,MED
597,Ordos City,Ordos City,GPE,0.35,0.5375,zh,1.0,,0,,,,,,
122,Biella,Biella,GPE,0.0,0.0,it,1.0,4080402-1,3182043,P,45.56304,8.05796,EUROPE,Italy,WCE
124,Caribbean beaches,Caribbean beaches,LOC,0.0,0.0,it,1.0,,8658760,T,-22.17248,-70.2289,SOUTH-AMERICA,Chile,SWS
125,Albania,Albania,GPE,0.4,1.0,it,1.0,4001028-4,783754,A,41.0,20.0,EUROPE-AFRICA,Albania,MED
126,Ponzano,Ponzano,GPE,0.0,0.0,it,1.0,4687760-5,3218772,P,45.71541,12.20444,EUROPE,Italy,WCE
127,Tenda hill,Tenda hill,LOC,-0.1,0.1,it,1.0,,1462647,T,21.3475,86.31222,ASIA,India,SAS
128,Jonica,Jonica,GPE,-0.4,0.38333333,it,1.0,,10346129,L,40.61459,17.03371,EUROPE-AFRICA,Italy,MED
129,Ionian Calabria,Ionian Calabria,GPE,0.16666667,0.33333333,it,1.0,4229457-5,2525059,P,38.88247,16.60086,EUROPE-AFRICA,Italy,MED
130,Caribbean,Caribbean,LOC,0.0,0.0,it,1.0,,0,,,,,,
131,Occhiuto,Occhiuto,GPE,-0.75,0.83333333,it,1.0,,0,,,,,,
132,Val di Susa,Val di Susa,GPE,-0.08333333,0.29166667,it,1.0,4305823-1,3166017,T,45.15,7.16667,EUROPE,Italy,WCE
133,Ocean,Ocean,LOC,0.0,0.0,it,1.0,,0,,,,,,
134,Leggi,Leggi,LOC,0.13636364,0.45454545,it,1.0,,0,,,,,,
135,Aosta Valley,Aosta Valley,LOC,0.36666667,0.46666667,it,1.0,4079805-7,3182997,P,45.73764,7.31722,EUROPE,Italy,WCE
136,San Andrea,San Andrea,GPE,0.3,0.7,it,1.0,,3167480,P,43.93333,12.65,EUROPE-AFRICA,Italy,MED
137,Gorizia,Gorizia,GPE,0.0,0.0,it,1.0,4071921-2,3175986,P,45.94088,13.62167,EUROPE,Slovenia,WCE
138,the emerald waters,the emerald waters,LOC,-0.1,0.2,it,1.0,,0,,,,,,
139,Santa Sofia,Santa Sofia,GPE,0.08333333,0.2,it,1.0,,3668437,A,5.70213,-73.62976,SOUTH-AMERICA,Colombia,NWS
140,Marseille,Marseille,GPE,0.0,0.0,it,1.0,4037694-1,2995469,P,43.29695,5.38107,EUROPE-AFRICA,France,MED
141,Tarsia,Tarsia,GPE,0.08333333,0.2,it,1.0,4605524-1,2522973,P,39.62311,16.27337,EUROPE-AFRICA,Italy,MED
142,Udine,Udine,GPE,0.48333333,0.45833333,it,1.0,4117272-3,3165072,P,46.0693,13.23715,EUROPE,Italy,WCE
143,Hollywood,Hollywood,GPE,0.0,0.0,it,1.0,4408912-0,4158928,P,26.0112,-80.14949,NORTH-AMERICA,United States,ENA
144,Lombard,Lombard,LOC,0.09166667,0.38333333,it,1.0,4564619-3,4900373,P,41.88003,-88.00784,NORTH-AMERICA,United States,ENA
145,Pescara,Pescara,GPE,0.0,0.0,it,1.0,4256540-6,3171168,P,42.4584,14.20283,EUROPE-AFRICA,Italy,MED
146,Trapani,Trapani,GPE,0.1,0.68888889,it,1.0,4249472-2,2522876,P,38.0176,12.53617,EUROPE-AFRICA,Italy,MED
147,South Sardinia,South Sardinia,GPE,-0.4125,0.52083333,it,1.0,,11550038,A,39.27692,8.56384,EUROPE-AFRICA,Italy,MED
148,Orange groves,Orange groves,LOC,0.0,0.0,it,1.0,,4163234,L,28.54139,-81.44063,NORTH-AMERICA,United States,ENA
149,Sarrabus,Sarrabus,GPE,0.0,0.0,it,1.0,4051708-1,2523224,L,39.38333,9.35,EUROPE-AFRICA,Italy,MED
150,the North-East,the North-East,LOC,-0.23181818,0.72727273,it,1.0,,12212303,L,37.02332,-77.36954,NORTH-AMERICA,United States,ENA
123,Maldives,Maldives,GPE,-0.125,0.375,it,1.0,4037212-1,1282028,A,3.2,73.0,INDIAN,Maldives,EIO
121,Caltanissetta,Caltanissetta,GPE,0.1375,0.4875,it,1.0,4229141-0,2525448,P,37.49025,14.06216,EUROPE-AFRICA,Italy,MED
362,Marmara Ereğlisi,Marmara Ereğlisi,GPE,0.07314815,0.38796296,tr,1.0,7758055-2,741725,P,40.96907,27.95503,EUROPE-AFRICA,Turkey,MED
120,Santa Maria della Versa,Santa Maria della Versa,GPE,0.25,0.65,it,1.0,,6534584,P,44.98757,9.29976,EUROPE-AFRICA,Italy,MED
361,Kuşadası,Kuşadası,GPE,-0.1,0.25,tr,1.0,4339920-4,305359,P,37.86014,27.25713,EUROPE-AFRICA,Turkey,MED
360,Memphis,Memphis,GPE,-0.0625,0.1875,tr,1.0,4115092-2,4641239,P,35.14953,-90.04898,NORTH-AMERICA,United States,CNA
359,Milwaukee,Milwaukee,GPE,-0.0625,0.1875,tr,1.0,4115155-0,5263045,P,43.0389,-87.90647,NORTH-AMERICA,United States,ENA
358,Gümbet Bay,Gümbet Bay,LOC,0.05833333,0.45833333,tr,1.0,,9889401,H,37.02918,27.4032,EUROPE-AFRICA,Turkey,MED
357,İstanköy,İstanköy,GPE,-0.125,0.375,tr,1.0,4032541-6,259244,T,36.84452,27.14665,EUROPE-AFRICA,Greece,MED
356,Mount Hasan,Mount Hasan,LOC,-0.13333333,0.6,tr,1.0,,312495,T,38.12686,34.16499,EUROPE-AFRICA,Turkey,MED
355,Köşk district,Köşk district,LOC,-0.2,0.5,tr,1.0,,306847,P,38.24436,40.61187,ASIA,Turkey,WCA
354,Sarıçam District,Sarıçam District,LOC,-0.2,0.5,tr,1.0,,740120,T,41.28333,32.25,EUROPE-AFRICA,Turkey,MED
353,Çukurova,Çukurova,GPE,0.0,1.0,tr,1.0,4010754-1,318458,L,37.0,36.0,EUROPE-AFRICA,Turkey,MED
352,Bornova,Bornova,GPE,-0.10833333,0.375,tr,1.0,5164706-0,7732711,A,38.48492,27.25235,EUROPE-AFRICA,Turkey,MED
103,Mistral,Mistral,LOC,-0.35,0.76666667,it,1.0,,6638212,T,-69.54553,-68.06385,POLAR,Antarctica,WAN
104,Wroclaw,Wroclaw,GPE,0.08333333,0.2,it,1.0,4008216-7,3081368,P,51.1,17.03333,EUROPE,Poland,WCE
105,Biennale,Biennale,GPE,0.0,0.0,it,1.0,,7910755,L,45.42953,12.35645,EUROPE,Italy,WCE
106,the Strait of Messina,the Strait of Messina,LOC,-0.7,0.66666667,it,1.0,,0,,,,,,
107,Lucca,Lucca,GPE,0.0,0.0,it,1.0,4074354-8,3174530,P,43.84369,10.50447,EUROPE-AFRICA,Italy,MED
108,Solfatara,Solfatara,GPE,0.0,0.0,it,1.0,,3175082,T,40.82758,14.1394,EUROPE-AFRICA,Italy,MED
109,Charleroi,Charleroi,GPE,0.08333333,0.2,it,1.0,4085219-2,2800481,P,50.41136,4.44448,EUROPE,Belgium,WCE
110,Strait,Strait,LOC,0.0,0.0,it,1.0,,0,,,,,,
111,Cortina d'Ampezzo,Cortina d'Ampezzo,GPE,-0.75,0.75,it,1.0,4085339-1,3177952,P,46.5369,12.13903,EUROPE,Italy,WCE
112,Pietro Zantonini,Pietro Zantonini,LOC,-0.75,0.75,it,1.0,,0,,,,,,
113,Donbass,Donbass,GPE,0.13636364,0.45454545,it,1.0,4619838-6,709718,L,48.5,38.5,EUROPE,Ukraine,WCE
114,Oristano,Oristano,GPE,0.125,0.3125,it,1.0,4216670-6,2523964,P,39.9036,8.59257,EUROPE-AFRICA,Italy,MED
115,Jolina,Jolina,GPE,-0.4,0.38333333,it,1.0,,10265174,P,28.56022,77.27193,ASIA,India,SAS
116,the Atlantic Ocean,the Atlantic Ocean,LOC,0.33712121,0.56818182,it,1.0,,4504476,P,39.95373,-74.19792,NORTH-AMERICA,United States,ENA
117,Region,Region,LOC,0.0,0.5,it,1.0,,12200097,L,32.62857,51.6314,ASIA,Iran,WCA
118,Canneto,Canneto,GPE,0.25,0.65,it,1.0,4748236-9,3180805,P,45.15163,10.38282,EUROPE,Italy,WCE
119,Stradella,Stradella,GPE,0.25,0.65,it,1.0,10091290-4,3166114,P,45.07445,9.30169,EUROPE,Italy,WCE
720,Chaoyang District,Chaoyang District,LOC,-0.2,0.35,zh,1.0,,1815399,A,23.2661,116.59611,ASIA,China,EAS
719,Jinan,Jinan,GPE,0.07142857,0.58730159,zh,1.0,4078443-5,1805753,P,36.66833,116.99722,ASIA,China,EAS
718,Foshan,Foshan,GPE,0.07142857,0.58730159,zh,1.0,6137372-2,1811103,P,23.02677,113.13148,ASIA,China,EAS
627,Yakutsk,Yakutsk,GPE,-0.1,0.1,zh,1.0,4264832-4,2013159,P,62.03114,129.72288,ASIA,Russia,ESB
629,Siberia,Siberia,GPE,0.05,0.15,zh,1.0,4286755-1,11961345,L,55.01565,82.96276,ASIA,Russia,WSB
630,Hualien Republic,Hualien Republic,GPE,-0.29166667,0.54166667,zh,1.0,,0,,,,,,
631,Panther Lake,Panther Lake,LOC,0.13636364,0.45454545,zh,1.0,,5205009,H,40.43688,-79.94826,NORTH-AMERICA,United States,ENA
632,Hong,Hong,GPE,0.09727273,0.53090909,zh,1.0,,1580400,P,10.8,105.35,ASIA,Vietnam,SEA
633,Yuanhe Hope,Yuanhe Hope,GPE,-0.2,0.4,zh,1.0,,0,,,,,,
634,the Central Taiwan Lantern Festival,the Central Taiwan Lantern Festival,LOC,0.2,0.35,zh,1.0,,0,,,,,,
635,New South Wales,New South Wales,GPE,0.04971591,0.30113636,zh,1.0,4058708-3,2147714,P,-33.86785,151.20732,OCEANIA,Australia,EAU
636,Notland,Notland,GPE,0.25,0.3,zh,1.0,,0,,,,,,
637,Xuhui District,Xuhui District,LOC,0.0,0.125,zh,1.0,,1787956,A,31.1637,121.42799,ASIA,China,EAS
638,Chiayi City's,Chiayi City's,GPE,0.7,0.9,zh,1.0,,6749701,S,23.46473,120.23527,ASIA,Taiwan,EAS
639,Perm,Perm,GPE,0.0,0.0,zh,1.0,504439-X,511196,P,58.01046,56.25017,EUROPE,Russia,EEU
640,the Chiayi City Chiayi Charity Group,the Chiayi City Chiayi Charity Group,GPE,0.21904762,0.39047619,zh,1.0,,0,,,,,,
641,Weiqiao,Weiqiao,GPE,0.13636364,0.45454545,zh,1.0,,8721842,A,37.0305,117.49,ASIA,China,EAS
642,the West District,the West District,LOC,0.0,0.0,zh,1.0,,8347356,A,-32.09506,18.62695,AFRICA,South Africa,WSAF
643,Northeast China,Northeast China,LOC,0.0,0.0,zh,1.0,,7730844,S,36.1339,114.344,ASIA,China,EAS
644,Lane Crawford,Lane Crawford,GPE,0.5,0.5,zh,1.0,,8122732,P,37.41008,-94.73008,NORTH-AMERICA,United States,CNA
645,Fujian Province,Fujian Province,GPE,0.375,0.75,zh,1.0,4220847-6,1811017,A,26.25,118.0,ASIA,China,EAS
646,the central region,the central region,LOC,-0.05625,0.63125,zh,1.0,,0,,,,,,
647,Babao Town,Babao Town,GPE,0.15,0.2,zh,1.0,,0,,,,,,
648,the East District,the East District,LOC,0.0,0.0,zh,1.0,,1860102,L,36.25,139.5,ASIA,Japan,EAS
649,the Eastern District,the Eastern District,LOC,0.3375,0.425,zh,1.0,,1860102,L,36.25,139.5,ASIA,Japan,EAS
650,West Japan,West Japan,GPE,-0.0375,0.2875,zh,1.0,,12405519,A,-1.87056,136.23861,ASIA,Indonesia,SEA
651,North Japan,North Japan,GPE,-0.0375,0.2875,zh,1.0,,3598754,L,14.31667,-91.93333,CENTRAL-AMERICA,Guatemala,SCA
652,the Sea of ​​Japan side,the Sea of ​​Japan side,LOC,-0.0375,0.2875,zh,1.0,,0,,,,,,
653,Finland,Finland,GPE,-0.03333333,0.13333333,zh,1.0,4017243-0,660013,A,64.0,26.0,EUROPE,Finland,NEU
654,Ireland,Ireland,GPE,-0.03333333,0.13333333,zh,1.0,4027667-3,2963597,A,53.0,-8.0,EUROPE,Ireland,NEU
655,Mars,Mars,LOC,-0.12,0.425,zh,1.0,,6621751,T,-76.66667,161.95,POLAR,Antarctica,EAN
628,Autoliv,Autoliv,GPE,0.24,0.39,zh,1.0,,0,,,,,,
626,Landes,Landes,GPE,-0.265,0.28833333,zh,1.0,,3007868,L,44.25,-1.0,EUROPE-AFRICA,France,MED
717,Bing,Bing,GPE,0.1,0.275,zh,1.0,,0,,,,,,
625,Fukuoka,Fukuoka,GPE,0.0,0.0,zh,1.0,4125989-0,1863967,P,33.6,130.41667,ASIA,Japan,EAS
598,Greenland Howed Island,Greenland Howed Island,GPE,0.04166667,0.17083333,zh,1.0,,0,,,,,,
599,Hefu,Hefu,GPE,0.00363636,0.42212121,zh,1.0,,1904513,H,30.77545,120.1626,ASIA,China,EAS
600,Leapmotor,Leapmotor,GPE,0.13311688,0.4211039,zh,1.0,,0,,,,,,
601,the Sun Island Scenic Area,the Sun Island Scenic Area,LOC,0.14659091,0.54488636,zh,1.0,,0,,,,,,
602,42nd Antarctic,42nd Antarctic,LOC,0.1,0.3,zh,1.0,,0,,,,,,
603,Oka Smart Ship,Oka Smart Ship,GPE,0.28571429,0.60714286,zh,1.0,,0,,,,,,
604,Dushu Town,Dushu Town,GPE,0.0,0.06666667,zh,1.0,,0,,,,,,
605,Yanshanpu Community,Yanshanpu Community,GPE,0.0,0.06666667,zh,1.0,,0,,,,,,
606,Henan Province,Henan Province,GPE,0.0,0.06666667,zh,1.0,4025810-5,1808520,A,34.0,113.66667,ASIA,China,EAS
607,Nanyang City,Nanyang City,GPE,0.0,0.06666667,zh,1.0,,1785655,P,33.44743,112.71422,ASIA,China,EAS
608,Longkeng,Longkeng,GPE,0.41212121,0.61818182,zh,1.0,,8696452,A,27.5958,106.856,ASIA,China,EAS
609,New Taipei City's,New Taipei City's,GPE,0.02159091,0.55113636,zh,1.0,,6642405,T,25.28602,121.59017,ASIA,Taiwan,EAS
610,Dawu Coastal Park,Dawu Coastal Park,GPE,0.02159091,0.55113636,zh,1.0,,0,,,,,,
611,Green Island,Green Island,GPE,0.02159091,0.55113636,zh,1.0,4464552-1,2190473,A,-45.95306,170.38722,OCEANIA,New Zealand,NZ
612,Keelung Island,Keelung Island,GPE,0.02159091,0.55113636,zh,1.0,,1671953,T,25.485,122.10556,ASIA,Taiwan,EAS
613,Nintendo,Nintendo,LOC,0.0,0.0,zh,1.0,,0,,,,,,
614,Jianan,Jianan,GPE,-0.2,0.0,zh,1.0,,12400361,A,46.78723,130.41488,ASIA,China,RFE
615,the Yunlin County Government,the Yunlin County Government,GPE,0.13636364,0.45454545,zh,1.0,,0,,,,,,
616,Laiteng,Laiteng,GPE,-0.2,0.0,zh,1.0,,1315085,H,23.58333,93.43333,ASIA,Myanmar,SAS
617,Shichao,Shichao,GPE,-0.08333333,0.41666667,zh,1.0,,11699002,A,24.81547,121.80579,ASIA,Taiwan,EAS
618,Luyinggao,Luyinggao,GPE,0.0,0.0,zh,1.0,,0,,,,,,
619,"the ""Yuzhen Sour Bamboo Hotpot Restaurant","the ""Yuzhen Sour Bamboo Hotpot Restaurant",LOC,0.00416667,0.35128205,zh,1.0,,0,,,,,,
620,Guiyang City,Guiyang City,GPE,0.00416667,0.35128205,zh,1.0,,6521871,S,25.4666,118.0833,ASIA,China,EAS
621,Yunyan District,Yunyan District,GPE,0.00416667,0.35128205,zh,1.0,,6642052,A,26.64408,106.70845,ASIA,China,EAS
622,Zhuzhou,Zhuzhou,GPE,-0.275,0.66666667,zh,1.0,6130387-2,1783763,P,27.83333,113.15,ASIA,China,EAS
623,Austin,Austin,GPE,-0.11666667,0.225,zh,1.0,4079879-3,4671654,P,30.26715,-97.74306,NORTH-AMERICA,United States,CNA
624,Netherlands,Netherlands,GPE,0.0,0.0,zh,1.0,4042203-3,2750405,A,52.25,5.75,EUROPE,The Netherlands,NEU
656,Daya District,Daya District,GPE,0.0,0.25,zh,1.0,,1667574,P,24.22471,120.6483,ASIA,Taiwan,EAS
657,Xu Jinjiang,Xu Jinjiang,GPE,-0.2,0.15,zh,1.0,,10284349,S,34.26744,117.16298,ASIA,China,EAS
658,Futian,Futian,GPE,0.18333333,0.31666667,zh,1.0,,8398677,P,31.22201,109.71068,ASIA,China,EAS
659,the Tianzhong area,the Tianzhong area,GPE,0.15,0.2,zh,1.0,,0,,,,,,
690,Green Water,Green Water,LOC,-0.15,0.3,zh,1.0,,5533172,P,31.66765,-100.71705,NORTH-AMERICA,United States,CNA
691,Wilmington,Wilmington,GPE,-0.05681818,0.35227273,zh,1.0,4130611-9,4145381,P,39.74595,-75.54659,NORTH-AMERICA,United States,ENA
692,Wayne County,Wayne County,GPE,0.5,0.5,zh,1.0,,4999837,P,42.36837,-83.35271,NORTH-AMERICA,United States,ENA
693,Pamir Plateau,Pamir Plateau,LOC,0.08,0.395,zh,1.0,,1131187,T,38.0,73.0,ASIA,Tajikistan,WCA
694,Rockies,Rockies,LOC,0.0,0.0,zh,1.0,4050243-0,5836950,T,43.35826,-110.91743,NORTH-AMERICA,United States,WNA
695,Tianshan Mountains,Tianshan Mountains,LOC,0.08,0.395,zh,1.0,,1489643,T,42.0,80.0,ASIA,China,ECA
696,Himalayas,Himalayas,GPE,0.08,0.395,zh,1.0,,0,,,,,,
697,Baixiang,Baixiang,GPE,0.06818182,0.25,zh,1.0,,1817286,A,37.5,114.7,ASIA,China,EAS
698,Jialulan Recreation Area,Jialulan Recreation Area,LOC,0.02159091,0.55113636,zh,1.0,,0,,,,,,
699,Zhu County’s,Zhu County’s,GPE,0.0,0.0,zh,1.0,,0,,,,,,
700,Zhongpu Township Office,Zhongpu Township Office,GPE,-0.15,0.31666667,zh,1.0,,0,,,,,,
701,Zhongpu,Zhongpu,GPE,-0.15,0.31666667,zh,1.0,,1677244,A,23.4,120.53333,ASIA,Taiwan,EAS
702,Chiayi County Report,Chiayi County Report,GPE,-0.15,0.31666667,zh,1.0,,0,,,,,,
703,the Kuomintang Taichung City Party Headquarters,the Kuomintang Taichung City Party Headquarters,GPE,0.0,0.0,zh,1.0,,0,,,,,,
704,Pingxi District,Pingxi District,LOC,0.25,0.33333333,zh,1.0,,1670530,P,25.0271,121.73793,ASIA,Taiwan,EAS
705,Kentucky,Kentucky,GPE,-0.36666667,0.83333333,zh,1.0,4097823-0,6254925,A,38.20042,-84.87762,NORTH-AMERICA,United States,ENA
706,North Florida,North Florida,LOC,0.0,0.275,zh,1.0,,12217087,L,26.5,-81.0,NORTH-AMERICA,United States,ENA
707,the Eastern United States,the Eastern United States,GPE,-0.275,0.625,zh,1.0,,12212303,L,37.02332,-77.36954,NORTH-AMERICA,United States,ENA
708,Xiangshan District,Xiangshan District,LOC,0.08333333,0.31111111,zh,1.0,,1675695,A,24.78333,120.93333,ASIA,Taiwan,EAS
709,Jiika,Jiika,GPE,0.625,1.0,zh,1.0,,0,,,,,,
710,the North District,the North District,LOC,0.08333333,0.31111111,zh,1.0,4064682-8,4140963,P,38.89511,-77.03637,NORTH-AMERICA,United States,ENA
711,Indiana,Indiana,GPE,0.0,1.0,zh,1.0,4109219-3,12213684,L,38.30308,-85.68222,NORTH-AMERICA,United States,ENA
712,Yilan County Acting County,Yilan County Acting County,GPE,-0.01833333,0.335,zh,1.0,,0,,,,,,
713,the Changhua County Government,the Changhua County Government,GPE,-0.05,0.8,zh,1.0,,0,,,,,,
714,Changhua County Spring Festival Care,Changhua County Spring Festival Care,GPE,-0.025,0.48541667,zh,1.0,,0,,,,,,
715,Guanwu,Guanwu,GPE,0.51875,0.7625,zh,1.0,,1672156,P,24.505,121.11889,ASIA,Taiwan,EAS
716,Amsterdam,Amsterdam,GPE,-0.01010101,0.24873737,zh,1.0,4001783-7,2759794,P,52.37403,4.88969,EUROPE,The Netherlands,NEU
689,Miaoli County Government,Miaoli County Government,GPE,0.32857143,0.38571429,zh,1.0,,0,,,,,,
688,Gongzhuangkeng,Gongzhuangkeng,GPE,0.0,0.0,zh,1.0,,0,,,,,,
687,Miaoli Locomotive Park,Miaoli Locomotive Park,GPE,0.0,0.0,zh,1.0,,0,,,,,,
672,North China,North China,LOC,-0.125,0.375,zh,1.0,,349401,A,30.5,33.7,EUROPE-AFRICA,Egypt,MED
660,Tianzhong Marathon,Tianzhong Marathon,GPE,0.15,0.2,zh,1.0,,0,,,,,,
661,Luye,Luye,GPE,0.15416667,0.46666667,zh,1.0,,1672292,P,22.91296,121.13642,ASIA,Taiwan,EAS
662,Jijin,Jijin,GPE,0.0,0.175,zh,1.0,,6870548,P,30.70375,104.89121,ASIA,China,EAS
663,Luoshan,Luoshan,GPE,0.15416667,0.46666667,zh,1.0,,1672624,P,23.20111,121.278,ASIA,Taiwan,EAS
664,Hegang,Hegang,GPE,0.15416667,0.46666667,zh,1.0,1264161689,2036986,P,47.34727,130.29033,ASIA,China,RFE
665,the East Rift Valley National Scenic Area Management Office,the East Rift Valley National Scenic Area Management Office,LOC,0.28928571,0.49285714,zh,1.0,,0,,,,,,
666,the East Longitudinal Valley,the East Longitudinal Valley,LOC,0.0,0.0,zh,1.0,,0,,,,,,
667,Nuannuan Creek,Nuannuan Creek,GPE,0.07142857,0.16507937,zh,1.0,,0,,,,,,
668,Qingshen County,Qingshen County,GPE,-0.25,0.25,zh,1.0,,0,,,,,,
669,the Shenzhen Special Zone News,the Shenzhen Special Zone News,GPE,0.28928571,0.41785714,zh,1.0,,0,,,,,,
670,central United States,central United States,GPE,0.0,0.25,zh,1.0,,0,,,,,,
671,Shaanxi,Shaanxi,GPE,0.08958333,0.4,zh,1.0,4225216-7,1790630,P,34.25833,108.92861,ASIA,China,EAS
673,the British Virgin Islands,the British Virgin Islands,GPE,0.0,0.33333333,zh,1.0,4063590-9,3577718,A,18.5,-64.5,CENTRAL-AMERICA,British Virgin Islands,CAR
686,Pingtung City,Pingtung City,GPE,0.23015873,0.37936508,zh,1.0,,6300291,S,22.67237,120.46173,ASIA,Taiwan,EAS
674,the People's Republic of China,the People's Republic of China,GPE,0.17878788,0.28484848,zh,1.0,4036791-5,1821275,A,22.15778,113.55972,ASIA,Macao,EAS
675,Arctic Circle,Arctic Circle,LOC,0.09,0.75,zh,1.0,,5859426,P,65.48333,-144.63417,NORTH-AMERICA,United States,NWN
676,The Eastern District,The Eastern District,LOC,0.0,0.175,zh,1.0,,1860102,L,36.25,139.5,ASIA,Japan,EAS
677,Zhongshan District,Zhongshan District,GPE,-0.04761905,0.35833333,zh,1.0,,1677227,L,24.1447,120.6844,ASIA,Taiwan,EAS
678,Tangkou Village,Tangkou Village,GPE,0.25,0.5625,zh,1.0,,0,,,,,,
679,Tsou,Tsou,GPE,0.1,0.1,zh,1.0,,6574877,H,23.46833,120.35083,ASIA,Taiwan,EAS
680,Beicheng City,Beicheng City,GPE,0.11904762,0.32380952,zh,1.0,,0,,,,,,
681,Jinshan,Jinshan,GPE,0.0,0.0,zh,1.0,,1904054,P,29.66575,105.88206,ASIA,China,EAS
682,Tianlai,Tianlai,GPE,0.33333333,0.66666667,zh,1.0,,9907647,P,23.26919,107.52798,ASIA,China,EAS
683,Beibuji,Beibuji,GPE,0.17857143,0.43571429,zh,1.0,,0,,,,,,
684,the Daxueshan Mountains,the Daxueshan Mountains,LOC,0.6,0.7,zh,1.0,,0,,,,,,
685,the Yunjianan Plain,the Yunjianan Plain,LOC,-0.05357143,0.27678571,zh,1.0,,0,,,,,,
349,Guanyin,Guanyin,GPE,0.0,0.0,zh,1.0,,8505071,S,34.05757,117.55483,ASIA,China,EAS
348,Sanmin,Sanmin,GPE,0.0,0.0,zh,1.0,,11696344,A,22.64992,120.31789,ASIA,Taiwan,EAS
347,Yuli,Yuli,GPE,0.0,0.0,zh,1.0,,1665297,P,23.33489,121.31672,ASIA,Taiwan,EAS
279,the Atlantic Ocean,the Atlantic Ocean,LOC,0.0,0.3,fr,1.0,,4504476,P,39.95373,-74.19792,NORTH-AMERICA,United States,ENA
281,Villaroger,Villaroger,GPE,0.375,0.54166667,fr,1.0,,2968939,P,45.59073,6.87501,EUROPE,France,WCE
282,Nubia,Nubia,GPE,0.0,0.0,fr,1.0,,350981,L,18.98374,32.19115,AFRICA,Sudan,SAH
283,Indian Ocean,Indian Ocean,LOC,0.1,0.4,fr,1.0,,0,,,,,,
284,Toamasina,Toamasina,GPE,0.1,0.4,fr,1.0,4704687-9,1053384,P,-18.1492,49.40234,AFRICA,Madagascar,MDG
285,Cuba,Cuba,GPE,0.53333333,0.7,fr,1.0,4033340-1,3562981,A,22.0,-79.5,CENTRAL-AMERICA,Cuba,CAR
286,Helsinki,Helsinki,GPE,0.13636364,0.45454545,fr,1.0,4024351-5,658225,P,60.16952,24.93545,EUROPE,Finland,NEU
287,Lapland,Lapland,GPE,0.08333333,0.85,fr,1.0,,830603,A,67.75,26.5,EUROPE,Finland,NEU
288,Asia,Asia,LOC,-0.2,0.4,fr,1.0,,0,,,,,,
289,Northern Lights,Northern Lights,LOC,0.36666667,0.50833333,fr,1.0,,6084210,A,57.46822,-118.00252,NORTH-AMERICA,Canada,NWN
290,Bastogne,Bastogne,GPE,-0.34166667,0.625,fr,1.0,4080285-1,2802583,P,50.00347,5.71844,EUROPE,Belgium,WCE
291,United States/Europe,United States/Europe,GPE,0.4,0.375,fr,1.0,,0,,,,,,
292,Morbilan,Morbilan,GPE,-0.3,0.4,fr,1.0,,0,,,,,,
293,Great Plains,Great Plains,GPE,0.4,0.5,fr,1.0,4072020-2,12212750,L,42.58598,-100.51728,NORTH-AMERICA,United States,CNA
294,Central Park,Central Park,LOC,0.01212121,0.36818182,fr,1.0,,4895876,P,42.18169,-87.80034,NORTH-AMERICA,United States,ENA
295,Bitcoin,Bitcoin,GPE,0.0,0.25,fr,1.0,,0,,,,,,
296,Minneapolis,Minneapolis,GPE,0.05,0.125,fr,1.0,4039497-9,5037649,P,44.97997,-93.26384,NORTH-AMERICA,United States,CNA
297,Bangor,Bangor,GPE,0.0,0.0,fr,1.0,,2966367,P,54.14306,-9.74028,EUROPE,Ireland,NEU
298,Sicily,Sicily,GPE,0.25,0.25,fr,1.0,4055193-3,2523118,T,37.62304,13.93457,EUROPE-AFRICA,Italy,MED
299,Charleroi,Charleroi,GPE,0.0,0.0,fr,1.0,4085219-2,2800481,P,50.41136,4.44448,EUROPE,Belgium,WCE
300,Andalusia,Andalusia,GPE,0.08333333,0.25,fr,1.0,4100040-7,2514256,P,36.72016,-4.42034,EUROPE-AFRICA,Spain,MED
301,Apocalypse,Apocalypse,GPE,0.0,0.0,fr,1.0,,6632922,T,-77.38333,160.85,POLAR,Antarctica,EAN
302,the Pacific islands,the Pacific islands,LOC,0.0,0.0,fr,1.0,,7576242,L,16.72,-169.503,PACIFIC,U.S. Outlying Islands,NPO
303,Pacific,Pacific,LOC,0.5,0.5,fr,1.0,,0,,,,,,
304,Dimitris Papaioannou,Dimitris Papaioannou,GPE,0.55,0.75,fr,1.0,,0,,,,,,
305,Athens,Athens,GPE,0.25,0.5,fr,1.0,4003366-1,264371,P,37.98376,23.72784,EUROPE-AFRICA,Greece,MED
306,Freney,Freney,GPE,0.0,0.0,fr,1.0,,3017216,P,45.19504,6.62648,EUROPE,France,WCE
307,the Maurienne valley,the Maurienne valley,LOC,0.0,0.0,fr,1.0,,0,,,,,,
280,Allègre,Allègre,GPE,0.5,0.75,fr,1.0,,3038158,P,44.19968,4.24536,EUROPE-AFRICA,France,MED
278,Corrèze,Corrèze,GPE,0.0,0.0,fr,1.0,4085335-4,3023532,A,45.34754,1.87319,EUROPE,France,WCE
309,St. Moritz,St. Moritz,GPE,0.25,0.33333333,fr,1.0,4105326-6,2658813,P,46.49937,9.84327,EUROPE,Switzerland,WCE
277,Vienne,Vienne,GPE,0.0,0.0,fr,1.0,4119422-6,2761369,P,48.20849,16.37208,EUROPE,Austria,WCE
250,Israel,Israel,GPE,0.0,0.0,fr,1.0,4027808-6,294640,A,31.5,34.75,EUROPE-AFRICA,Israel,MED
251,Syria,Syria,GPE,0.0,0.0,fr,1.0,4058794-0,163843,A,35.0,38.0,EUROPE-AFRICA,Syria,MED
252,Orly,Orly,GPE,0.0,0.0,fr,1.0,4394225-8,2989297,P,48.74792,2.39253,EUROPE,France,WCE
253,The Old Continent,The Old Continent,LOC,0.08125,0.35,fr,1.0,,0,,,,,,
254,Region,Region,LOC,0.27878788,0.58484848,fr,1.0,,12200097,L,32.62857,51.6314,ASIA,Iran,WCA
255,Eure,Eure,GPE,0.0,0.0,fr,1.0,4085635-5,3019317,A,49.16667,1.0,EUROPE,France,WCE
256,Orne,Orne,GPE,0.0,0.0,fr,1.0,4288637-5,2989247,A,48.66667,0.08333,EUROPE,France,WCE
257,Sarthe,Sarthe,GPE,0.0,0.0,fr,1.0,4035301-1,3003603,P,48.0021,0.20251,EUROPE,France,WCE
258,the United Kingdom,the United Kingdom,GPE,0.5,1.0,fr,1.0,4022153-2,2635167,A,54.75844,-2.69531,EUROPE,United Kingdom,NEU
259,Madrid,Madrid,GPE,0.11666667,0.24444444,fr,1.0,4036862-2,3117735,P,40.4165,-3.70256,EUROPE-AFRICA,Spain,MED
260,Sydney Bay,Sydney Bay,LOC,0.0,0.0,fr,1.0,,2207880,P,-33.83784,151.2175,OCEANIA,Australia,EAU
261,Occitanie,Occitanie,GPE,0.13636364,0.45454545,fr,1.0,4071403-2,3016565,L,43.5,0.0,EUROPE-AFRICA,France,MED
262,Hatka,Hatka,GPE,0.0,0.0,fr,1.0,,447202,P,36.85025,44.59187,ASIA,Iraq,WCA
263,Cortina d'Ampezzo,Cortina d'Ampezzo,GPE,0.0,0.25,fr,1.0,4085339-1,3177952,P,46.5369,12.13903,EUROPE,Italy,WCE
264,Lisbon,Lisbon,GPE,0.0,0.0,fr,1.0,4035919-0,2267057,P,38.72509,-9.1498,EUROPE-AFRICA,Portugal,MED
265,Malta,Malta,GPE,0.0,0.0,fr,1.0,508790-9,2562770,A,35.91667,14.43333,EUROPE-AFRICA,Malta,MED
266,Oslo,Oslo,GPE,0.0,0.0,fr,1.0,1013733-6,3143244,P,59.91273,10.74609,EUROPE,Norway,NEU
267,Rochefort,Rochefort,GPE,0.0,0.0,fr,1.0,,2983276,P,45.94304,-0.96774,EUROPE,France,WCE
268,skiathlon,skiathlon,GPE,0.0,0.25,fr,1.0,,0,,,,,,
269,Carcassonne,Carcassonne,GPE,0.0,0.0,fr,1.0,4009469-8,3028641,P,43.21649,2.34863,EUROPE-AFRICA,France,MED
270,Lombard,Lombard,LOC,0.0,0.0,fr,1.0,4564619-3,4900373,P,41.88003,-88.00784,NORTH-AMERICA,United States,ENA
271,Tahiti,Tahiti,GPE,0.6,0.95,fr,1.0,4058920-1,4033649,T,-17.65601,-149.41916,PACIFIC,French Polynesia,SPO
272,the Belledonne massif,the Belledonne massif,LOC,-0.05,0.25,fr,1.0,,0,,,,,,
273,Norman village,Norman village,GPE,0.0,0.0,fr,1.0,,2979724,P,49.34908,0.50331,EUROPE,France,WCE
274,the Alpes-Maritimes,the Alpes-Maritimes,GPE,0.0,0.25,fr,1.0,,10278707,S,43.7197,7.27614,EUROPE-AFRICA,France,MED
275,Vancouver,Vancouver,GPE,0.08333333,0.3,fr,1.0,4119364-7,6173331,P,49.24966,-123.11934,NORTH-AMERICA,Canada,WNA
276,British Columbia,British Columbia,GPE,0.08333333,0.3,fr,1.0,4119364-7,6173331,P,49.24966,-123.11934,NORTH-AMERICA,Canada,WNA
308,Welkenraedt,Welkenraedt,GPE,0.0,0.22,fr,1.0,10002707-6,2783871,A,50.66274,5.9733,EUROPE,Belgium,WCE
310,Ronda,Ronda,GPE,0.08333333,0.25,fr,1.0,4235107-8,2511730,P,36.74231,-5.16709,EUROPE-AFRICA,Spain,MED
160,The South Region,The South Region,LOC,-0.01666667,0.79166667,pt,1.0,,11887752,L,33.45876,-90.15081,NORTH-AMERICA,United States,CNA
130,Santa Claus,Santa Claus,GPE,0.4,0.7,pt,1.0,,4264457,P,38.12005,-86.91416,NORTH-AMERICA,United States,ENA
132,the Orkney Islands,the Orkney Islands,GPE,0.5,1.0,pt,1.0,,2655074,T,59.25,-2.7,EUROPE,United Kingdom,NEU
133,Southeast Asia,Southeast Asia,LOC,0.0,0.0,pt,1.0,,11497301,L,10.75053,106.7505,ASIA,Vietnam,SEA
134,Aguieira,Aguieira,GPE,0.0,0.5,pt,1.0,,8013855,A,40.5276,-7.92372,EUROPE-AFRICA,Portugal,MED
135,Tâmega,Tâmega,GPE,0.0,0.0,pt,1.0,4355768-5,8014866,A,41.60248,-7.70225,EUROPE-AFRICA,Portugal,MED
136,Tahiti,Tahiti,GPE,0.3,0.8,pt,1.0,4058920-1,4033649,T,-17.65601,-149.41916,PACIFIC,French Polynesia,SPO
137,America,America,GPE,0.09375,0.64375,pt,1.0,,0,L,-14.60485,-57.65625,,,
138,Yas Marina,Yas Marina,GPE,0.06111111,0.40555556,pt,1.0,,8394014,S,24.4672,54.6031,ASIA,United Arab Emirates,ARP
139,Austria,Austria,GPE,0.0,0.0,pt,1.0,4043271-3,2782113,A,47.33333,13.33333,EUROPE,Austria,WCE
140,Washington,Washington,GPE,0.0,0.0,pt,1.0,4064682-8,4140963,P,38.89511,-77.03637,NORTH-AMERICA,United States,ENA
141,the river basin,the river basin,LOC,0.0,0.0,pt,1.0,,13156234,H,8.5861,-71.9794,SOUTH-AMERICA,Venezuela,NSA
142,Peru,Peru,GPE,0.125,0.16666667,pt,1.0,4045312-1,3932488,A,-10.0,-75.25,SOUTH-AMERICA,Peru,NWS
143,the North Coast,the North Coast,LOC,-0.1,0.25,pt,1.0,,12212303,L,37.02332,-77.36954,NORTH-AMERICA,United States,ENA
144,the Turkish State,the Turkish State,GPE,0.0,0.0,pt,1.0,,4889950,S,41.90337,-87.67561,NORTH-AMERICA,United States,ENA
145,the Pacific Ocean,the Pacific Ocean,LOC,-0.2,0.1,pt,1.0,,7670505,H,7.113,171.254,PACIFIC,Marshall Islands,EPO
146,Valparaíso,Valparaíso,GPE,-0.2,0.1,pt,1.0,4198312-9,3868626,P,-33.036,-71.62963,SOUTH-AMERICA,Chile,SWS
147,Costa,Costa,LOC,-0.2,0.1,pt,1.0,4014426-4,2287781,A,8.0,-5.5,AFRICA,Ivory Coast,WAF
148,Matetic Vineyards,Matetic Vineyards,LOC,-0.2,0.1,pt,1.0,,0,,,,,,
149,WMO,WMO,LOC,-0.125,0.39583333,pt,1.0,,5877988,S,64.68795,-163.40905,NORTH-AMERICA,United States,NWN
150,the North Pole,the North Pole,LOC,0.43333333,0.73333333,pt,1.0,7605041-5,5870294,P,64.75111,-147.34944,NORTH-AMERICA,United States,NWN
151,Beijing,Beijing,GPE,0.0,0.0,pt,1.0,4075971-4,1816670,P,39.9075,116.39723,ASIA,China,EAS
152,Sopro,Sopro,GPE,0.0,0.0,pt,1.0,,13018344,S,-22.60724,-43.02787,SOUTH-AMERICA,Brazil,SES
153,André Ventura,André Ventura,GPE,-0.5,1.0,pt,1.0,,0,,,,,,
154,Macondo,Macondo,GPE,0.10416667,0.875,pt,1.0,,8947657,P,16.36139,-93.46167,CENTRAL-AMERICA,Mexico,SCA
155,the Mondego River,the Mondego River,LOC,0.0,0.0,pt,1.0,,3457110,H,-19.41241,-57.33155,SOUTH-AMERICA,Brazil,SAM
156,the Indian Sea,the Indian Sea,LOC,0.0,0.0,pt,1.0,,0,H,27.0,51.0,,,
157,Paradise,Paradise,LOC,0.0,0.0,pt,1.0,,12213654,L,36.2152,-115.01356,NORTH-AMERICA,United States,WNA
158,Matosinhos,Matosinhos,GPE,0.25,0.375,pt,1.0,4415832-4,8010584,A,41.20766,-8.66743,EUROPE-AFRICA,Portugal,MED
131,Scotland,Scotland,GPE,-0.16666667,0.33333333,pt,1.0,4053233-1,5057190,A,40.4526,-92.14705,NORTH-AMERICA,United States,CNA
129,the Tucunduba River,the Tucunduba River,LOC,0.0,0.0,pt,1.0,,3385958,H,-3.06431,-40.56171,SOUTH-AMERICA,Brazil,NES
311,El Niño,El Niño,GPE,0.02166667,0.62666667,fr,1.0,,12513655,L,-0.90231,-89.52853,PACIFIC,Ecuador,EPO
128,Netherlands,Netherlands,GPE,-0.2,0.2,pt,1.0,4042203-3,2750405,A,52.25,5.75,EUROPE,The Netherlands,NEU
425,Bozyazı,Bozyazı,GPE,-0.125,0.375,tr,1.0,7596012-6,320552,P,36.1082,32.96113,EUROPE-AFRICA,Turkey,MED
424,Alps,Alps,GPE,-0.3125,0.6875,tr,1.0,,0,,,,,,
423,Baskil district,Baskil district,LOC,0.5,0.9,tr,1.0,,0,,,,,,
422,Bingöl,Bingöl,GPE,-0.0375,0.5,tr,1.0,4243380-0,321082,P,38.88472,40.49389,ASIA,Turkey,WCA
421,Thrace,Thrace,GPE,-0.05555556,0.14444444,tr,1.0,,738770,L,41.33333,26.75,EUROPE-AFRICA,Turkey,MED
420,Ovalle,Ovalle,GPE,0.0,0.0,tr,1.0,1160044953,3877918,P,-30.60106,-71.19901,SOUTH-AMERICA,Chile,SWS
419,Çaldıran,Çaldıran,LOC,-0.14166667,0.325,tr,1.0,,8630842,A,39.15053,43.91415,ASIA,Turkey,WCA
418,Cordoba,Cordoba,GPE,0.0,0.0,tr,1.0,4213162-5,3860259,P,-31.40648,-64.18853,SOUTH-AMERICA,Argentina,SES
417,Saudi Arabia's,Saudi Arabia's,GPE,0.0,0.0,tr,1.0,,110336,P,26.43442,50.10326,ASIA,Saudi Arabia,ARP
416,MYK,MYK,LOC,0.0,0.0,tr,1.0,,1532234,T,49.24444,67.14889,ASIA,Kazakhstan,WSB
415,Ula district,Ula district,GPE,-0.05,0.11666667,tr,1.0,4000477-6,415189,P,12.77957,45.03852,ASIA,Yemen,ARP
414,Diyarbakır,Diyarbakır,GPE,-0.2,0.25,tr,1.0,4091063-5,316541,P,37.91363,40.21721,ASIA,Turkey,WCA
413,Kocaköy,Kocaköy,GPE,-0.2,0.25,tr,1.0,,8630833,A,38.28801,40.49845,ASIA,Turkey,WCA
412,Baculin,Baculin,GPE,0.0,0.0,tr,1.0,,1728694,P,8.51944,126.33861,ASIA,Philippines,SEA
411,Oslo,Oslo,GPE,0.0,0.0,tr,1.0,1013733-6,3143244,P,59.91273,10.74609,EUROPE,Norway,NEU
410,Mongolia,Mongolia,GPE,0.0,0.425,tr,1.0,4040056-6,2029969,A,46.0,105.0,ASIA,Mongolia,ESB
409,Amsterdam,Amsterdam,GPE,0.22222222,0.44444444,tr,1.0,4001783-7,2759794,P,52.37403,4.88969,EUROPE,The Netherlands,NEU
408,M6.2–6.4,M6.2–6.4,LOC,0.16666667,0.83333333,tr,1.0,,0,,,,,,
407,Tsunami,Tsunami,GPE,0.0,0.0,tr,1.0,,10526301,L,40.50488,17.53334,EUROPE-AFRICA,Italy,MED
406,the Gediz River,the Gediz River,LOC,-0.175,0.29166667,tr,1.0,,0,,,,,,
405,Yunusemre,Yunusemre,GPE,-0.175,0.29166667,tr,1.0,,9548477,A,38.62063,27.40806,EUROPE-AFRICA,Turkey,MED
404,Ardanuç district,Ardanuç district,LOC,0.0,0.0,tr,1.0,,0,,,,,,
403,Haryana,Haryana,GPE,-0.22083333,0.3375,tr,1.0,4239291-3,1270260,A,29.25,76.33333,ASIA,India,SAS
402,Marmaraereğlisi district,Marmaraereğlisi district,LOC,-0.0625,0.3125,tr,1.0,,0,,,,,,
401,Kayseri,Kayseri,GPE,-0.125,0.375,tr,1.0,4136229-9,308464,P,38.73222,35.48528,EUROPE-AFRICA,Turkey,MED
400,Aksu Stream,Aksu Stream,GPE,0.5,0.5,tr,1.0,,1512006,H,43.34135,73.96791,ASIA,Kazakhstan,WCA
399,Güneyşığı,Güneyşığı,GPE,0.46666667,0.58333333,tr,1.0,,0,,,,,,
249,Val-de-Marne,Val-de-Marne,GPE,0.0,0.0,fr,1.0,4422868-5,3027105,P,48.81642,2.49366,EUROPE,France,WCE
248,Northern Europe,Northern Europe,LOC,0.12698413,0.25396825,fr,1.0,,0,,,,,,
247,Perreux-sur-Marne,Perreux-sur-Marne,GPE,0.0,0.0,fr,1.0,4243172-4,3002965,P,48.85,2.5,EUROPE,France,WCE
156,El Alto,El Alto,GPE,0.06666667,0.43333333,fr,1.0,7846420-1,3512080,T,18.81362,-70.62633,CENTRAL-AMERICA,Dominican Republic,CAR
158,Gulf,Gulf,LOC,-0.0625,0.1875,fr,1.0,,0,L,26.35058,50.16805,,,
159,Ancenis,Ancenis,GPE,0.0,0.0,fr,1.0,4335134-7,3037797,P,47.36667,-1.16667,EUROPE,France,WCE
160,Ancenis-Saint-Géréon,Ancenis-Saint-Géréon,GPE,0.5,0.5,fr,1.0,4335134-7,3037797,P,47.36667,-1.16667,EUROPE,France,WCE
161,Doha,Doha,GPE,0.0,0.0,fr,1.0,4219005-8,290030,P,25.28545,51.53096,ASIA,Qatar,ARP
162,Livigno,Livigno,GPE,0.4,0.425,fr,1.0,4099715-7,3174664,P,46.5363,10.13348,EUROPE,Italy,WCE
163,Verona,Verona,GPE,-0.1,0.1,fr,1.0,4063110-2,3164527,P,45.43854,10.9938,EUROPE,Italy,WCE
164,Cupertino,Cupertino,GPE,-0.2,0.1,fr,1.0,4104274-8,5341145,P,37.323,-122.03218,NORTH-AMERICA,United States,WNA
165,the United States',the United States',GPE,0.0,0.0,fr,1.0,,0,,,,,,
166,Florence,Florence,GPE,0.1125,0.40833333,fr,1.0,4017581-9,3176959,P,43.77925,11.24626,EUROPE-AFRICA,Italy,MED
167,Profondeville,Profondeville,GPE,-0.25,0.4,fr,1.0,7731383-5,2788577,P,50.37581,4.86506,EUROPE,Belgium,WCE
168,Qatar,Qatar,GPE,0.0,0.0,fr,1.0,4029924-7,289688,A,25.5,51.25,ASIA,Qatar,ARP
169,Apolline Bazin,Apolline Bazin,LOC,0.0,0.0,fr,1.0,,0,,,,,,
170,Nantes,Nantes,GPE,0.0,0.0,fr,1.0,4041204-0,2990969,P,47.21725,-1.55336,EUROPE,France,WCE
171,Zurich,Zurich,GPE,-0.16666667,0.33333333,fr,1.0,4068038-1,2657896,P,47.36667,8.55,EUROPE,Switzerland,WCE
172,Japan,Japan,GPE,0.0,0.6,fr,1.0,4028495-5,1861060,A,35.68536,139.75309,ASIA,Japan,EAS
173,The Walloon Region,The Walloon Region,GPE,-0.14583333,0.22083333,fr,1.0,,5013973,P,45.26612,-84.93366,NORTH-AMERICA,United States,ENA
174,Municipalities,Municipalities,LOC,-0.14583333,0.22083333,fr,1.0,,6362933,A,41.74217,-1.03068,EUROPE-AFRICA,Spain,MED
175,Nils,Nils,GPE,0.0,0.0,fr,1.0,,6622273,T,-71.86667,-2.61667,POLAR,Antarctica,EAN
176,"Yokohama,","Yokohama,",GPE,0.0,0.6,fr,1.0,4192186-0,1848354,P,35.43333,139.65,ASIA,Japan,EAS
177,Supai,Supai,GPE,0.2,0.65,fr,1.0,,5316400,P,36.23693,-112.68908,NORTH-AMERICA,United States,WNA
178,the Maine basin,the Maine basin,LOC,0.375,0.875,fr,1.0,,4957522,H,45.53311,-67.74419,NORTH-AMERICA,United States,ENA
179,Bolivia,Bolivia,GPE,-0.2,0.3,fr,1.0,4007607-6,3923057,A,-17.0,-65.0,SOUTH-AMERICA,Bolivia,SAM
180,Regina,Regina,GPE,0.0,0.0,fr,1.0,4280218-0,6119109,P,50.45008,-104.6178,NORTH-AMERICA,Canada,NEN
181,Nivellois,Nivellois,GPE,0.2,0.5,fr,1.0,,0,,,,,,
182,Lille,Lille,GPE,0.0,0.0,fr,1.0,4114418-1,2998324,P,50.63297,3.05858,EUROPE,France,WCE
183,Brabant,Brabant,GPE,0.0,0.0,fr,1.0,4013831-8,2756253,P,51.44083,5.47778,EUROPE,The Netherlands,WCE
184,Libourne,Libourne,GPE,-0.019375,0.485,fr,1.0,4469727-2,2998517,P,44.91449,-0.24186,EUROPE-AFRICA,France,MED
157,Ille-et-Vilaine,Ille-et-Vilaine,GPE,0.0,0.0,fr,1.0,1294331795,2983990,P,48.11109,-1.67431,EUROPE,France,WCE
155,United Arab Emirates,United Arab Emirates,GPE,0.275,0.625,fr,1.0,4062742-1,290557,A,23.75,54.5,ASIA,United Arab Emirates,ARP
246,Myanmar,Myanmar,GPE,0.0,0.0,fr,1.0,4069500-1,1327865,A,21.0,96.0,ASIA,Myanmar,SAS
154,Goppenstein,Goppenstein,GPE,-0.0125,0.3375,fr,1.0,4086763-8,2660562,P,46.36904,7.75409,EUROPE,Switzerland,WCE
430,South,South,LOC,0.0,0.0,tr,1.0,,11887752,L,33.45876,-90.15081,NORTH-AMERICA,United States,CNA
429,Eastern Anatolia Region,Eastern Anatolia Region,LOC,0.0,0.125,tr,1.0,,10922505,L,39.42657,41.23464,ASIA,Turkey,WCA
428,Isparta,Isparta,GPE,0.0,0.0,tr,1.0,4255311-8,311073,P,37.76444,30.55222,EUROPE-AFRICA,Turkey,MED
427,Erdemli,Erdemli,GPE,-0.125,0.375,tr,1.0,4236614-8,8143004,P,40.93599,31.12505,EUROPE-AFRICA,Turkey,MED
426,Gülnar,Gülnar,GPE,-0.125,0.375,tr,1.0,,8632144,A,36.3529,33.40308,EUROPE-AFRICA,Turkey,MED
132,Calabria,Calabria,GPE,0.0,0.0,fr,1.0,4103588-4,2523630,P,38.11047,15.66129,EUROPE-AFRICA,Italy,MED
133,Péruwelz,Péruwelz,GPE,-0.1,0.15,fr,1.0,4822104-1,2789162,P,50.50819,3.59373,EUROPE,Belgium,WCE
134,the American Virgin Islands,the American Virgin Islands,GPE,0.0,0.0,fr,1.0,4108287-4,4796775,A,18.34829,-64.98348,CENTRAL-AMERICA,U.S. Virgin Islands,CAR
135,the Strait of Hormuz,the Strait of Hormuz,LOC,0.05,0.2,fr,1.0,,0,,,,,,
136,Bauges,Bauges,LOC,0.4,0.45555556,fr,1.0,4543192-9,3033728,P,45.73848,6.1417,EUROPE,France,WCE
137,Mali,Mali,LOC,-0.2,0.4,fr,1.0,4074505-3,2453866,A,18.0,-2.0,AFRICA,Mali,SAH
138,Bayonne,Bayonne,GPE,1.0,1.0,fr,1.0,4086984-2,3034475,P,43.49316,-1.473,EUROPE-AFRICA,France,MED
139,Memphis,Memphis,GPE,0.06666667,0.3,fr,1.0,4115092-2,4641239,P,35.14953,-90.04898,NORTH-AMERICA,United States,CNA
140,Tennessee,Tennessee,GPE,0.06666667,0.3,fr,1.0,4119557-7,12217091,L,35.8,-86.5,NORTH-AMERICA,United States,ENA
141,Val Veny,Val Veny,GPE,0.3,0.45,fr,1.0,,0,,,,,,
142,Courmayeur,Courmayeur,GPE,-0.03333333,0.13333333,fr,1.0,4494735-5,3177872,P,45.79659,6.96893,EUROPE,Italy,WCE
143,Ariège,Ariège,GPE,0.0,0.0,fr,1.0,4079825-2,3036965,A,43.0,1.5,EUROPE-AFRICA,France,MED
144,the Vesses canal,the Vesses canal,LOC,0.3,0.45,fr,1.0,,0,,,,,,
145,Vaujany,Vaujany,GPE,0.33809524,0.77619048,fr,1.0,,2970470,P,45.15774,6.07691,EUROPE,France,WCE
146,Mont Blanc,Mont Blanc,GPE,-0.1,0.0,fr,1.0,4115201-3,3181986,T,45.833,6.864,EUROPE,France,WCE
147,the Netherlands Antilles,the Netherlands Antilles,GPE,0.0,0.0,fr,1.0,,0,A,12.11721,-68.91964,,,
148,Iraq,Iraq,GPE,0.275,0.625,fr,1.0,4072920-5,99237,A,33.0,44.0,ASIA,Iraq,WCA
149,Montpellier,Montpellier,GPE,0.35416667,0.62083333,fr,1.0,4040185-6,2992166,P,43.61093,3.87635,EUROPE-AFRICA,France,MED
150,Solaise,Solaise,GPE,-0.05,0.4,fr,1.0,,2974378,P,45.6397,4.84038,EUROPE,France,WCE
151,Saint-Jean-de-Belleville,Saint-Jean-de-Belleville,GPE,-0.13333333,0.5,fr,1.0,,2977536,P,45.46609,6.2738,EUROPE,France,WCE
152,Great Britain,Great Britain,GPE,0.33333333,0.675,fr,1.0,4022153-2,2635167,A,54.75844,-2.69531,EUROPE,United Kingdom,NEU
153,Tamatave,Tamatave,GPE,0.0,0.0,fr,1.0,4704687-9,1053384,P,-18.1492,49.40234,AFRICA,Madagascar,MDG
185,provo,provo,GPE,0.0,0.0,fr,1.0,4292855-2,5780026,P,40.23384,-111.65853,NORTH-AMERICA,United States,WNA
186,Kharkov,Kharkov,GPE,0.0,0.0,fr,1.0,4009782-1,706483,P,49.98177,36.25475,EUROPE,Ukraine,WCE
187,La Rivine,La Rivine,LOC,0.0,0.0,fr,1.0,,3006883,P,45.13717,6.41731,EUROPE,France,WCE
188,Rivine,Rivine,GPE,0.0,0.0,fr,1.0,,3286610,T,42.97528,17.49333,EUROPE-AFRICA,Croatia,MED
219,Gaza Strip,Gaza Strip,GPE,0.0,0.0,fr,1.0,4019325-1,281133,P,31.50161,34.46672,EUROPE-AFRICA,Palestinian Territory,MED
220,Egypt,Egypt,GPE,0.0,0.0,fr,1.0,4000556-2,357994,A,27.0,30.0,AFRICA,Egypt,SAH
221,the Aosta Valley,the Aosta Valley,LOC,-0.05,0.05,fr,1.0,,0,,,,,,
222,Liégeois,Liégeois,GPE,0.0,0.5,fr,1.0,,6053582,L,48.66677,-70.33232,NORTH-AMERICA,Canada,ENA
223,Mont-Rose massifs,Mont-Rose massifs,LOC,0.11111111,0.22222222,fr,1.0,,0,,,,,,
224,Pyrénées,Pyrénées,GPE,-0.1,0.4,fr,1.0,,3016565,L,43.5,0.0,EUROPE-AFRICA,France,MED
225,Moscow,Moscow,GPE,0.0,0.0,fr,1.0,4074987-3,524901,P,55.75222,37.61556,EUROPE,Russia,WCE
226,Turkey,Turkey,GPE,0.0,0.5,fr,1.0,4061163-2,298795,A,39.0,35.0,EUROPE-AFRICA,Turkey,MED
227,Copenhagen,Copenhagen,GPE,0.13636364,0.5,fr,1.0,4032399-7,2618425,P,55.67594,12.56553,EUROPE,Denmark,NEU
228,Denmark,Denmark,GPE,0.07142857,0.14285714,fr,1.0,4010877-6,2623032,A,56.0,10.0,EUROPE,Denmark,NEU
229,Nuuk,Nuuk,GPE,0.07142857,0.14285714,fr,1.0,671310-5,3421319,P,64.18347,-51.72157,POLAR,Greenland,GIC
230,Greenlandic,Greenlandic,GPE,0.07142857,0.14285714,fr,1.0,,0,,,,,,
231,Budapest,Budapest,GPE,0.03333333,0.55,fr,1.0,4008684-7,3054643,P,47.49835,19.04045,EUROPE,Hungary,WCE
232,Malaga,Malaga,GPE,0.11666667,0.24444444,fr,1.0,4100040-7,2514256,P,36.72016,-4.42034,EUROPE-AFRICA,Spain,MED
233,SNCF,SNCF,GPE,-0.08518519,0.22962963,fr,1.0,,8199507,S,48.85944,2.90577,EUROPE,France,WCE
234,Deux Alpes,Deux Alpes,GPE,0.0,0.0,fr,1.0,,7602525,L,45.0069,6.12086,EUROPE,France,WCE
235,Adamuz,Adamuz,GPE,0.11666667,0.24444444,fr,1.0,1354498909,6357196,A,38.03511,-4.5274,EUROPE-AFRICA,Spain,MED
236,Poitou-Charentes,Poitou-Charentes,GPE,-0.4125,0.52083333,fr,1.0,4342047-3,2986493,L,46.66667,-0.5,EUROPE,France,WCE
237,Washington State,Washington State,GPE,-0.08125,0.21875,fr,1.0,4118995-4,5815135,A,47.50012,-120.50147,NORTH-AMERICA,United States,WNA
238,São Paulo,São Paulo,GPE,0.0,1.0,fr,1.0,4051667-2,3448439,P,-23.5475,-46.63611,SOUTH-AMERICA,Brazil,SES
239,Languedoc,Languedoc,GPE,0.0,0.0,fr,1.0,4034544-0,3007669,L,43.66667,3.16667,EUROPE-AFRICA,France,MED
240,Aveyron,Aveyron,GPE,0.0,0.0,fr,1.0,4453171-0,3035691,A,44.25,2.5,EUROPE-AFRICA,France,MED
241,Meuse,Meuse,GPE,0.0,0.0,fr,1.0,4115131-8,2994106,A,48.97176,5.36371,EUROPE,France,WCE
242,Saint-Tropez,Saint-Tropez,GPE,0.44285714,0.76785714,fr,1.0,4051325-7,2976742,P,43.26764,6.64049,EUROPE-AFRICA,France,MED
243,Limburg,Limburg,GPE,0.0,0.0,fr,1.0,4036784-8,2751283,P,50.84833,5.68889,EUROPE,The Netherlands,WCE
244,Midwest,Midwest,LOC,0.09375,0.9375,fr,1.0,4074909-5,12212748,L,43.61327,-88.28917,NORTH-AMERICA,United States,ENA
245,the Great Lakes,the Great Lakes,LOC,0.09375,0.9375,fr,1.0,,12212304,L,44.57143,-84.69022,NORTH-AMERICA,United States,ENA
218,​​“buying,​​“buying,GPE,-0.225,0.55,fr,1.0,,0,,,,,,
217,​​La Plagne,​​La Plagne,GPE,0.0,0.0,fr,1.0,,0,,,,,,
216,Alpes,Alpes,GPE,0.0,0.05,fr,1.0,4075416-9,2990440,P,43.70313,7.26608,EUROPE-AFRICA,France,MED
201,Les Estables,Les Estables,GPE,0.06818182,0.22727273,fr,1.0,7577119-6,3001119,P,44.90449,4.15434,EUROPE-AFRICA,France,MED
189,Gaza,Gaza,GPE,0.0,0.0,fr,1.0,4092680-1,281133,P,31.50161,34.46672,EUROPE-AFRICA,Palestinian Territory,MED
190,Upper Belgium,Upper Belgium,GPE,-0.08888889,0.23333333,fr,1.0,,3377408,P,6.00809,-58.30714,SOUTH-AMERICA,Guyana,NSA
191,OTTAWA,OTTAWA,GPE,0.0,0.0,fr,1.0,4122012-2,6094817,P,45.41117,-75.69812,NORTH-AMERICA,Canada,ENA
192,Ontario,Ontario,GPE,0.0,0.0,fr,1.0,4122012-2,6094817,P,45.41117,-75.69812,NORTH-AMERICA,Canada,ENA
193,La Réole,La Réole,GPE,0.0,0.0,fr,1.0,4304456-6,3006979,P,44.58239,-0.03857,EUROPE-AFRICA,France,MED
194,Villaron,Villaron,GPE,0.19285714,0.46785714,fr,1.0,,2968938,P,45.33323,7.01431,EUROPE,France,WCE
195,Peru,Peru,GPE,0.0,0.0,fr,1.0,4045312-1,3932488,A,-10.0,-75.25,SOUTH-AMERICA,Peru,NWS
196,Rennes,Rennes,GPE,0.0,0.0,fr,1.0,1294331795,2983990,P,48.11109,-1.67431,EUROPE,France,WCE
197,Audiard,Audiard,LOC,0.1,1.0,fr,1.0,,0,,,,,,
198,New Aquitaine,New Aquitaine,GPE,-0.28181818,0.56060606,fr,1.0,,10125041,S,44.82867,-0.55544,EUROPE-AFRICA,France,MED
199,Kenya,Kenya,GPE,0.0,0.0,fr,1.0,4030236-2,192950,A,1.0,38.0,AFRICA,Kenya,SEAF
200,Robotaxis,Robotaxis,GPE,0.33333333,0.5,fr,1.0,,0,,,,,,
202,Haute-Loire,Haute-Loire,GPE,0.06818182,0.22727273,fr,1.0,4089174-4,3013760,A,45.11001,3.8394,EUROPE,France,WCE
215,Fukushima,Fukushima,GPE,0.0,0.0,fr,1.0,4332074-0,2112923,P,37.75,140.46667,ASIA,Japan,EAS
203,Blues,Blues,GPE,-0.175,0.225,fr,1.0,,5904485,H,48.76278,-87.70111,NORTH-AMERICA,Canada,ENA
204,Nigeria,Nigeria,GPE,0.0,0.0,fr,1.0,4042300-1,2328926,A,10.0,8.0,AFRICA,Nigeria,WAF
205,Colombia,Colombia,GPE,0.0,0.0,fr,1.0,4031812-6,3686110,A,4.0,-73.25,SOUTH-AMERICA,Colombia,NWS
206,Rome,Rome,GPE,-0.4,0.6,fr,1.0,4050471-2,3169070,P,41.89193,12.51133,EUROPE-AFRICA,Italy,MED
207,Montroc,Montroc,GPE,0.0645,0.488,fr,1.0,,2992036,P,45.99795,6.93636,EUROPE,France,WCE
208,Hong Kong,Hong Kong,GPE,-0.2,0.4,fr,1.0,1318138531,1819729,P,22.27832,114.17469,ASIA,Hong Kong,EAS
209,Tignes,Tignes,LOC,-0.2,0.5,fr,1.0,4450176-6,2972607,P,45.49604,6.92463,EUROPE,France,WCE
210,Turin,Turin,GPE,-0.05,0.05,fr,1.0,4061245-4,3165524,P,45.07049,7.68682,EUROPE,Italy,WCE
211,Channel,Channel,LOC,-0.05,0.2,fr,1.0,,0,,,,,,
212,the English Channel,the English Channel,LOC,0.16666667,0.16666667,fr,1.0,,3887183,H,-53.71743,-72.07581,SOUTH-AMERICA,Chile,SSA
213,Pyrénées-Atlantiques,Pyrénées-Atlantiques,GPE,0.0,0.0,fr,1.0,4553872-4,3037612,P,43.48921,-1.51921,EUROPE-AFRICA,France,MED
214,the North-West,the North-West,LOC,0.0,0.33333333,fr,1.0,,11887751,L,42.77268,-116.9579,NORTH-AMERICA,United States,WNA
159,Sambadrome,Sambadrome,GPE,-0.375,0.35,pt,1.0,,0,,,,,,
161,Utah,Utah,GPE,0.0,0.0,pt,1.0,4062214-9,5549030,A,39.25024,-111.75103,NORTH-AMERICA,United States,WNA
346,Jinghe,Jinghe,GPE,0.23333333,0.23333333,zh,1.0,,8707777,A,28.59791,112.83079,ASIA,China,EAS
315,the Gulf of Mexico,the Gulf of Mexico,LOC,0.13333333,0.3,pt,1.0,,4164131,P,29.94809,-85.41995,NORTH-AMERICA,United States,ENA
317,Southeastern states,Southeastern states,LOC,0.0,0.5,pt,1.0,,12217832,L,42.50028,-83.68889,NORTH-AMERICA,United States,ENA
318,Asia,Asia,LOC,0.0,0.0,pt,1.0,,0,,,,,,
319,Tel Aviv,Tel Aviv,GPE,0.2,0.2,pt,1.0,4119545-0,293397,P,32.08088,34.78057,EUROPE-AFRICA,Israel,MED
320,Abu Dhabi,Abu Dhabi,GPE,-0.03333333,0.5,pt,1.0,4000287-1,292968,P,24.45118,54.39696,ASIA,United Arab Emirates,ARP
321,the Madeira Archipelago,the Madeira Archipelago,LOC,0.1,0.8125,pt,1.0,,0,,,,,,
398,Puglia,Puglia,GPE,0.155,0.575,tr,1.0,4085139-4,3180792,P,41.21954,16.06768,EUROPE-AFRICA,Italy,MED
397,Gökova Gulf,Gökova Gulf,LOC,0.10666667,0.60666667,tr,1.0,,314209,H,36.94873,27.97939,EUROPE-AFRICA,Türkiye,MED
396,Akbük Bay,Akbük Bay,GPE,0.10666667,0.60666667,tr,1.0,,324992,H,37.37739,27.38693,EUROPE-AFRICA,Türkiye,MED
395,Saros Gulf,Saros Gulf,LOC,-0.125,0.375,tr,1.0,,739979,H,40.5,26.33333,EUROPE-AFRICA,Türkiye,MED
394,Enez,Enez,GPE,-0.125,0.375,tr,1.0,4044660-8,2988507,P,48.85341,2.3488,EUROPE,France,WCE
393,Aybastı,Aybastı,GPE,0.43333333,0.73333333,tr,1.0,7608655-0,8631644,A,40.6969,37.40794,EUROPE-AFRICA,Turkey,MED
392,Büyükdere,Büyükdere,GPE,-0.125,0.375,tr,1.0,,320249,P,37.05499,40.45905,ASIA,Turkey,WCA
391,Sarıyer,Sarıyer,GPE,-0.125,0.375,tr,1.0,4817681-3,8521535,A,41.21482,29.05678,EUROPE-AFRICA,Turkey,MED
390,Salihli district,Salihli district,LOC,0.05092593,0.46574074,tr,1.0,,302044,P,38.23703,39.66253,EUROPE-AFRICA,Turkey,MED
389,Arnavutköy,Arnavutköy,GPE,0.0,0.0,tr,1.0,4541851-2,751868,P,41.18355,28.7402,EUROPE-AFRICA,Turkey,MED
388,Pezeşkiyan,Pezeşkiyan,GPE,0.35,0.55,tr,1.0,,0,,,,,,
387,Şehzadeler,Şehzadeler,GPE,0.15833333,0.39166667,tr,1.0,,304827,P,38.61202,27.42647,EUROPE-AFRICA,Turkey,MED
386,Dams,Dams,LOC,-0.2,0.5,tr,1.0,,8191244,S,-30.18583,138.2374,OCEANIA,Australia,SAU
385,Marmara Region,Marmara Region,GPE,-0.02083333,0.49583333,tr,1.0,,10922497,L,40.62794,27.68408,EUROPE-AFRICA,Turkey,MED
384,Çatak district,Çatak district,LOC,0.0,0.0,tr,1.0,,749674,P,41.3385,32.79532,EUROPE-AFRICA,Turkey,MED
383,Kırklareli,Kırklareli,GPE,0.0,0.0,tr,1.0,4313350-2,743166,P,41.73508,27.22521,EUROPE-AFRICA,Turkey,MED
382,Döşemealtı,Döşemealtı,GPE,0.075,0.6,tr,1.0,,9535332,A,37.02366,30.5904,EUROPE-AFRICA,Turkey,MED
381,Serik,Serik,GPE,0.075,0.6,tr,1.0,,301101,P,36.91748,31.10463,EUROPE-AFRICA,Turkey,MED
380,Türkmenli Pond,Türkmenli Pond,LOC,-0.0625,0.3125,tr,1.0,,0,,,,,,
379,Menemen,Menemen,GPE,-0.1625,0.4375,tr,1.0,4282093-5,304612,P,38.60754,27.06938,EUROPE-AFRICA,Turkey,MED
378,the Göksu River,the Göksu River,LOC,0.0,0.0,tr,1.0,,0,,,,,,
377,Saimbeyli district,Saimbeyli district,LOC,0.03333333,0.56666667,tr,1.0,,0,,,,,,
316,Laguna Seca,Laguna Seca,GPE,0.34943182,0.60227273,pt,1.0,,9533159,L,16.01568,-91.22526,CENTRAL-AMERICA,Guatemala,SCA
314,Coelheira,Coelheira,GPE,0.0,0.0,pt,1.0,,8012267,A,40.37742,-7.73359,EUROPE-AFRICA,Portugal,MED
375,Tut district,Tut district,LOC,-0.0125,0.3875,tr,1.0,,1121324,P,37.17137,69.06196,ASIA,Afghanistan,WCA
313,the Arctic Ocean,the Arctic Ocean,LOC,0.1,0.4,pt,1.0,,0,,,,,,
286,Pico Paraná,Pico Paraná,GPE,0.0,0.0,pt,1.0,,7640846,T,-25.25271,-48.8088,SOUTH-AMERICA,Brazil,SES
287,Porto Feliz,Porto Feliz,GPE,0.0,0.625,pt,1.0,1201581532,6322484,A,-23.21632,-47.52288,SOUTH-AMERICA,Brazil,SES
288,Norway,Norway,GPE,0.0,0.03333333,pt,1.0,4042640-3,3144096,A,62.0,10.0,EUROPE,Norway,NEU
289,Hamar,Hamar,GPE,0.0,0.03333333,pt,1.0,4094592-3,3154084,P,60.7945,11.06798,EUROPE,Norway,NEU
290,Azorean,Azorean,LOC,-0.20625,0.36041667,pt,1.0,,0,,,,,,
291,Guantánamo,Guantánamo,GPE,0.05,0.4,pt,1.0,1027838022,3557689,P,20.14444,-75.20917,CENTRAL-AMERICA,Cuba,CAR
292,Muricy,Muricy,GPE,-0.125,0.375,pt,1.0,,12542178,S,-5.95951,-35.3042,SOUTH-AMERICA,Brazil,NES
293,Leleco,Leleco,GPE,-0.125,0.375,pt,1.0,,13003432,S,-21.19682,-41.86625,SOUTH-AMERICA,Brazil,SES
294,Avenida Brasil,Avenida Brasil,GPE,-0.125,0.375,pt,1.0,,3471278,P,-13.75,-39.53333,SOUTH-AMERICA,Brazil,NES
295,Kenya,Kenya,GPE,0.1875,0.4375,pt,1.0,4030236-2,192950,A,1.0,38.0,AFRICA,Kenya,SEAF
296,Somalia,Somalia,GPE,-0.14,0.55,pt,1.0,4077509-4,51537,A,6.0,48.0,AFRICA,Somalia,NEAF
297,Lousal,Lousal,GPE,0.2,1.0,pt,1.0,,2266954,P,38.04478,-8.42404,EUROPE-AFRICA,Portugal,MED
298,Grândola,Grândola,LOC,0.2,1.0,pt,1.0,1073876446,6534475,P,46.02488,9.21274,EUROPE,Italy,WCE
299,Régua,Régua,GPE,-0.1125,0.3875,pt,1.0,,2736316,P,41.16318,-7.78901,EUROPE-AFRICA,Portugal,MED
300,Morro de São Paulo,Morro de São Paulo,GPE,0.0,1.0,pt,1.0,,6322398,A,-20.63596,-48.18889,SOUTH-AMERICA,Brazil,SES
301,Joinville,Joinville,GPE,0.0,0.0,pt,1.0,4780214-5,3459712,P,-26.30444,-48.84556,SOUTH-AMERICA,Brazil,SES
302,Hiroshima Paschendaele,Hiroshima Paschendaele,LOC,0.0,0.0,pt,1.0,,0,,,,,,
303,the Amazon River,the Amazon River,LOC,0.0,0.0,pt,1.0,,9255303,T,0.80659,-66.00411,SOUTH-AMERICA,Brazil,NSA
304,Maranhão,Maranhão,GPE,0.0,0.0,pt,1.0,,3388368,P,-2.52972,-44.30278,SOUTH-AMERICA,Brazil,NES
305,Paraopeba Rivers,Paraopeba Rivers,GPE,0.0,0.0,pt,1.0,,0,,,,,,
306,the Red Planet,the Red Planet,LOC,-0.08333333,0.41666667,pt,1.0,,0,,,,,,
307,Havaré Island,Havaré Island,LOC,0.0,0.0,pt,1.0,,0,,,,,,
308,the Rio Omerê Indigenous Land,the Rio Omerê Indigenous Land,GPE,0.175,0.21666667,pt,1.0,,0,,,,,,
309,the Island of Tinharé,the Island of Tinharé,LOC,0.0,0.0,pt,1.0,,0,,,,,,
310,the City of SP,the City of SP,GPE,0.0,0.0,pt,1.0,4051667-2,3448439,P,-23.5475,-46.63611,SOUTH-AMERICA,Brazil,SES
311,Cruzeiro,Cruzeiro,GPE,0.0,0.5,pt,1.0,7819305-9,6300618,S,-7.59991,-72.76949,SOUTH-AMERICA,Brazil,NWS
312,the Chukchi Peninsula,the Chukchi Peninsula,LOC,0.1,0.4,pt,1.0,,0,,,,,,
376,Tekirdağ,Tekirdağ,GPE,-0.0625,0.3125,tr,1.0,4412679-7,738927,P,40.9781,27.51101,EUROPE-AFRICA,Turkey,MED
374,Çanakçı village,Çanakçı village,GPE,-0.0125,0.3875,tr,1.0,,0,,,,,,
162,Gabon,Gabon,GPE,0.1375,0.4875,pt,1.0,4019052-3,2400553,A,-1.0,11.75,AFRICA,Gabon,CAF
317,Shiding,Shiding,GPE,0.12462121,0.30151515,zh,1.0,,1669226,P,24.99301,121.65546,ASIA,Taiwan,EAS
319,Central City,Central City,GPE,0.04545455,0.40151515,zh,1.0,4262523-3,3703443,P,8.9936,-79.51973,CENTRAL-AMERICA,Panama,SCA
320,Dalian,Dalian,GPE,0.0,0.0,zh,1.0,4274033-2,1814087,P,38.91222,121.60222,ASIA,China,EAS
321,LPL,LPL,GPE,0.15,0.4,zh,1.0,4036068-4,2644210,P,53.41058,-2.97794,EUROPE,United Kingdom,NEU
322,Lake Tah,Lake Tah,LOC,0.16107955,0.33484848,zh,1.0,,5364686,H,39.096,-120.03343,NORTH-AMERICA,United States,WNA
323,Rapidus,Rapidus,GPE,0.0,1.0,zh,1.0,,0,,,,,,
324,Beitun District,Beitun District,GPE,0.04545455,0.40151515,zh,1.0,,11696351,A,24.1841,120.7362,ASIA,Taiwan,EAS
325,Toyura Town,Toyura Town,GPE,0.0,0.0,zh,1.0,,0,,,,,,
326,Mengzhou,Mengzhou,GPE,0.35,0.52916667,zh,1.0,,1800685,A,34.91667,112.75,ASIA,China,EAS
327,the Yamato region,the Yamato region,LOC,-0.0625,0.1875,zh,1.0,,4160098,T,26.39202,-80.06532,NORTH-AMERICA,United States,ENA
328,Tahoe,Tahoe,LOC,-0.0625,0.1875,zh,1.0,4366043-5,5397664,P,38.93324,-119.98435,NORTH-AMERICA,United States,WNA
329,Dongguan,Dongguan,GPE,0.0,0.75,zh,1.0,4249642-1,1812545,P,23.01797,113.74866,ASIA,China,EAS
330,the Nantou County,the Nantou County,GPE,0.44214286,0.56666667,zh,1.0,,0,,,,,,
331,Douyin,Douyin,GPE,0.0,0.0,zh,1.0,,0,,,,,,
332,Qwen-Image-2.0,Qwen-Image-2.0,GPE,0.11666667,0.23333333,zh,1.0,,0,,,,,,
333,Zhu County's,Zhu County's,GPE,0.4,1.0,zh,1.0,4457410-1,4937230,P,42.27926,-71.41617,NORTH-AMERICA,United States,ENA
334,Hsinchu County Council,Hsinchu County Council,GPE,-0.125,0.375,zh,1.0,,0,,,,,,
335,Chun'an,Chun'an,GPE,0.6,0.6,zh,1.0,4107686-2,1795565,P,22.54554,114.0683,ASIA,China,EAS
336,the South Pacific,the South Pacific,LOC,0.43333333,0.73333333,zh,1.0,,11887752,L,33.45876,-90.15081,NORTH-AMERICA,United States,CNA
337,South Pacific,South Pacific,LOC,0.54166667,0.73333333,zh,1.0,,11887752,L,33.45876,-90.15081,NORTH-AMERICA,United States,CNA
338,"the ""Truy to School","the ""Truy to School",LOC,0.0,0.0,zh,1.0,,0,,,,,,
339,South Pacific island,South Pacific island,LOC,-0.0625,0.1875,zh,1.0,,2182504,T,-43.0,171.0,OCEANIA,New Zealand,NZ
340,Wellington,Wellington,GPE,-0.0625,0.1875,zh,1.0,4119042-7,2179537,P,-41.28664,174.77557,OCEANIA,New Zealand,NZ
341,Zhongtong,Zhongtong,GPE,-0.15185185,0.22962963,zh,1.0,,1784292,P,28.30127,116.96811,ASIA,China,EAS
342,Cupertino,Cupertino,GPE,-0.02121212,0.31818182,zh,1.0,4104274-8,5341145,P,37.323,-122.03218,NORTH-AMERICA,United States,WNA
343,Wuxi,Wuxi,GPE,0.0,0.75,zh,1.0,4286276-0,1790923,P,31.56887,120.28857,ASIA,China,EAS
344,Seoul,Seoul,GPE,0.22916667,0.32638889,zh,1.0,110416-0,1835848,P,37.566,126.9784,ASIA,South Korea,EAS
345,Portugal,Portugal,GPE,-0.05,0.2,zh,1.0,4046843-4,2264397,A,39.6945,-8.13057,EUROPE-AFRICA,Portugal,MED
318,Nevada Mountains,Nevada Mountains,LOC,0.0,0.0,zh,1.0,,5395648,T,36.57855,-118.29342,NORTH-AMERICA,United States,WNA
316,Pingxi,Pingxi,GPE,0.12462121,0.30151515,zh,1.0,,1679268,P,23.3517,120.20949,ASIA,Taiwan,EAS
373,Sarız,Sarız,GPE,-0.125,0.375,tr,1.0,1375632159,8631774,A,38.48015,36.51488,EUROPE-AFRICA,Turkey,MED
315,Fuguijiao,Fuguijiao,GPE,0.06818182,0.72727273,zh,1.0,,6642344,S,25.29852,121.53671,ASIA,Taiwan,EAS
288,Jinhua,Jinhua,GPE,-0.09,0.545,zh,1.0,4274697-8,1805528,P,29.10678,119.64421,ASIA,China,EAS
289,Yamaguchi Prefecture,Yamaguchi Prefecture,GPE,0.05,0.15,zh,1.0,,1848689,P,34.18333,131.46667,ASIA,Japan,EAS
290,Urumqi,Urumqi,GPE,-0.0125,0.37916667,zh,1.0,4215400-5,1529102,P,43.80096,87.60046,ASIA,China,ECA
291,Bayingoleng Prefecture,Bayingoleng Prefecture,GPE,0.37857143,0.63571429,zh,1.0,,0,,,,,,
292,Xinjiang Uygur Autonomous Region,Xinjiang Uygur Autonomous Region,GPE,0.37857143,0.63571429,zh,1.0,4077460-0,1529047,A,41.5,85.5,ASIA,China,ECA
293,Hualien County's,Hualien County's,GPE,0.35,0.3,zh,1.0,,6642997,T,24.1727,121.6043,ASIA,Taiwan,EAS
294,Laos,Laos,GPE,0.00833333,0.19166667,zh,1.0,4034571-3,1655842,A,18.0,105.0,ASIA,Laos,SEA
295,Shimonoseki City,Shimonoseki City,GPE,0.05,0.15,zh,1.0,4249593-3,1856625,P,33.9559,130.96561,ASIA,Japan,EAS
296,Oceania,Oceania,LOC,-0.04166667,0.20833333,zh,1.0,,0,,,,,,
297,the red planet,the red planet,LOC,0.0,0.0,zh,1.0,,0,,,,,,
298,Osaka,Osaka,GPE,0.025,0.25,zh,1.0,4043961-6,1853909,P,34.69379,135.50107,ASIA,Japan,EAS
299,Hung Hom Harbour,Hung Hom Harbour,LOC,0.08333333,0.42777778,zh,1.0,,0,,,,,,
300,Ahoucheng County,Ahoucheng County,GPE,-0.12,0.47,zh,1.0,,0,,,,,,
301,Pingtung County’s,Pingtung County’s,GPE,-0.12,0.47,zh,1.0,,0,,,,,,
302,Shimonoseki,Shimonoseki,GPE,0.0,0.0,zh,1.0,4249593-3,1852225,P,33.95548,130.93713,ASIA,Japan,EAS
303,magnetorheological,magnetorheological,GPE,-0.01785714,0.18571429,zh,1.0,,0,,,,,,
304,Songxuelou,Songxuelou,GPE,-0.15,0.45,zh,1.0,,6587186,S,24.14222,121.28333,ASIA,Taiwan,EAS
305,the Shimonoseki City Fire Brigade,the Shimonoseki City Fire Brigade,GPE,0.0,0.0,zh,1.0,,0,,,,,,
306,Pingtung County Mingzheng Junior High School,Pingtung County Mingzheng Junior High School,GPE,-0.12,0.47,zh,1.0,,0,,,,,,
307,The Ahucheng County,The Ahucheng County,GPE,0.0,0.0,zh,1.0,,0,,,,,,
308,Kawabana,Kawabana,GPE,0.0,0.0,zh,1.0,,0,,,,,,
309,Chitose City,Chitose City,GPE,0.31818182,0.72727273,zh,1.0,,11821478,P,38.28214,140.34144,ASIA,Japan,EAS
310,Pujiang County,Pujiang County,GPE,-0.09,0.545,zh,1.0,,1798496,A,30.24249,103.48693,ASIA,China,EAS
311,Pujiang,Pujiang,GPE,0.06818182,0.22727273,zh,1.0,,1798497,A,29.47084,119.81807,ASIA,China,EAS
312,Yangtze River,Yangtze River,LOC,-0.03333333,0.4,zh,1.0,,1815696,H,31.76986,121.04664,ASIA,China,EAS
313,Metall,Metall,GPE,0.0,0.0,zh,1.0,,3184717,P,40.74528,19.59806,EUROPE-AFRICA,Albania,MED
314,Delta,Delta,LOC,-0.03333333,0.4,zh,1.0,,11497250,L,21.03498,105.8455,ASIA,Vietnam,EAS
285,Sapucaí,Sapucaí,GPE,0.0,0.0,pt,1.0,,11840132,A,-25.67277,-56.95827,SOUTH-AMERICA,Paraguay,SES
284,the Sado basin,the Sado basin,LOC,0.0,0.65,pt,1.0,,0,,,,,,
283,Sportv,Sportv,GPE,-0.2,0.35,pt,1.0,,0,,,,,,
192,North Africa,North Africa,GPE,-0.03333333,0.11666667,pt,1.0,7648389-7,57289,P,9.56,44.065,AFRICA,Somalia,NEAF
194,Syria,Syria,GPE,0.14166667,0.23333333,pt,1.0,4058794-0,163843,A,35.0,38.0,EUROPE-AFRICA,Syria,MED
195,Americas,Americas,LOC,0.0,0.0,pt,1.0,,0,,,,,,
196,Hollywood,Hollywood,GPE,0.0,0.0,pt,1.0,4408912-0,4158928,P,26.0112,-80.14949,NORTH-AMERICA,United States,ENA
197,Salvador,Salvador,GPE,0.03125,0.25,pt,1.0,2061637-5,3450554,P,-12.97563,-38.49096,SOUTH-AMERICA,Brazil,NES
198,Egypt,Egypt,GPE,-0.06666667,0.3,pt,1.0,4000556-2,357994,A,27.0,30.0,AFRICA,Egypt,SAH
199,Lima rivers,Lima rivers,GPE,0.0,0.0,pt,1.0,,11003538,A,26.8826,101.641,ASIA,China,EAS
200,Gdansk,Gdansk,GPE,-0.35,0.65,pt,1.0,4011039-4,3099434,P,54.35227,18.64912,EUROPE,Poland,WCE
201,Silves,Silves,GPE,0.0,0.0,pt,1.0,4431526-0,2262926,P,37.18921,-8.43822,EUROPE-AFRICA,Portugal,MED
202,Boston,Boston,GPE,-0.09621212,0.40984848,pt,1.0,4007840-1,4930956,P,42.35843,-71.05977,NORTH-AMERICA,United States,ENA
203,U.S.,U.S.,GPE,0.16,0.54,pt,1.0,,0,,,,,,
204,Divino,Divino,LOC,0.0,0.0,pt,1.0,,6321336,A,-18.71237,-41.4916,SOUTH-AMERICA,Brazil,NES
205,Canada,Canada,GPE,0.0,0.0,pt,1.0,4029456-0,6251999,A,60.10867,-113.64258,NORTH-AMERICA,Canada,NWN
206,Hudson River,Hudson River,LOC,0.06818182,0.35227273,pt,1.0,4122589-2,8298905,S,56.03388,-121.98635,NORTH-AMERICA,Canada,NWN
207,Central Park,Central Park,LOC,0.06818182,0.35227273,pt,1.0,,4895876,P,42.18169,-87.80034,NORTH-AMERICA,United States,ENA
208,the Itajaí Valley,the Itajaí Valley,LOC,0.0375,1.0,pt,1.0,,0,,,,,,
209,New York City City Hall,New York City City Hall,GPE,0.06818182,0.26060606,pt,1.0,,5116980,L,40.70731,-74.01026,NORTH-AMERICA,United States,ENA
210,United States,United States,GPE,0.0,0.0,pt,1.0,,0,,,,,,
211,the Zona da Mata,the Zona da Mata,LOC,0.0,0.0,pt,1.0,,12070295,L,-21.0306,-42.80089,SOUTH-AMERICA,Brazil,SES
212,MG,MG,GPE,0.125,0.2,pt,1.0,,0,L,7.1881,21.09375,,,
213,Bragantino x Athletico,Bragantino x Athletico,GPE,0.13636364,0.5,pt,1.0,,0,,,,,,
214,Ecuador,Ecuador,GPE,0.0,0.0,pt,1.0,4129321-6,3658394,A,-1.25,-78.25,SOUTH-AMERICA,Ecuador,NWS
215,Minas Gerais',Minas Gerais',GPE,-0.15,0.2,pt,1.0,4039398-7,3457153,A,-18.0,-44.0,SOUTH-AMERICA,Brazil,NES
216,Matchdays,Matchdays,GPE,0.0,0.0,pt,1.0,,0,,,,,,
217,Hernando,Hernando,GPE,0.5,0.5,pt,1.0,,4173838,P,28.47688,-82.52546,NORTH-AMERICA,United States,ENA
218,Massachusetts,Massachusetts,GPE,0.5,0.5,pt,1.0,4037858-5,6254926,A,42.36565,-71.10832,NORTH-AMERICA,United States,ENA
219,the Canadian Arctic,the Canadian Arctic,LOC,-0.125,0.45,pt,1.0,,0,,,,,,
220,Marvvila,Marvvila,GPE,0.0,0.0,pt,1.0,,0,,,,,,
193,Iraq,Iraq,GPE,0.14166667,0.23333333,pt,1.0,4072920-5,99237,A,33.0,44.0,ASIA,Iraq,WCA
191,the State of São Paulo,the State of São Paulo,GPE,-0.14375,0.40625,pt,1.0,,9257717,S,-22.8164,-47.06879,SOUTH-AMERICA,Brazil,SES
282,Fátima,Fátima,GPE,0.5,0.5,pt,1.0,5052823-3,2268326,P,39.62071,-8.65237,EUROPE-AFRICA,Portugal,MED
190,Brooklyn,Brooklyn,GPE,0.13333333,0.63888889,pt,1.0,4224069-4,5110302,P,40.6501,-73.94958,NORTH-AMERICA,United States,ENA
163,Antarctic,Antarctic,LOC,0.0,0.65,pt,1.0,,6632710,L,-90.0,0.0,POLAR,Antarctica,EAN
164,Góis,Góis,GPE,0.05,0.2,pt,1.0,,2738974,P,40.15735,-8.11007,EUROPE-AFRICA,Portugal,MED
165,Athletico,Athletico,GPE,0.0,0.5,pt,1.0,,0,,,,,,
166,Lousã mountain,Lousã mountain,LOC,0.0,1.0,pt,1.0,,12188758,T,40.08968,-8.17917,EUROPE-AFRICA,Portugal,MED
167,Kilauea,Kilauea,GPE,0.0,0.0,pt,1.0,4241215-8,5849346,P,22.21208,-159.41342,PACIFIC,United States,NPO
168,Hawaii,Hawaii,GPE,0.0,0.0,pt,1.0,251184-8,5855797,A,20.78785,-156.38612,PACIFIC,United States,NPO
169,the United States Geological Survey,the United States Geological Survey,GPE,0.0,0.0,pt,1.0,,7708204,S,30.225,-92.045,NORTH-AMERICA,United States,CNA
170,the Schist Village,the Schist Village,LOC,0.0,1.0,pt,1.0,,0,,,,,,
171,South of Brazil,South of Brazil,GPE,0.18,0.77,pt,1.0,4008003-1,3469034,A,-10.0,-55.0,SOUTH-AMERICA,Brazil,SAM
172,Abaeté Lagoon,Abaeté Lagoon,LOC,-0.075,0.45,pt,1.0,,0,,,,,,
173,vineyards,vineyards,LOC,0.16666667,0.33333333,pt,1.0,,4176527,P,26.22373,-81.72798,NORTH-AMERICA,United States,ENA
174,New Jersey,New Jersey,GPE,0.13636364,0.45454545,pt,1.0,4442932-0,5099836,P,40.72816,-74.07764,NORTH-AMERICA,United States,ENA
175,Northern Ireland,Northern Ireland,GPE,0.05,0.15,pt,1.0,4027667-3,2963597,A,53.0,-8.0,EUROPE,Ireland,NEU
176,Sinai,Sinai,GPE,0.0,0.0,pt,1.0,4055075-8,361546,P,31.13159,33.79844,EUROPE-AFRICA,Egypt,MED
177,Enem,Enem,GPE,0.2,0.65,pt,1.0,,563472,P,44.9264,38.90584,EUROPE-AFRICA,Russia,MED
178,Ítalo,Ítalo,GPE,0.0,0.0,pt,1.0,,2308821,T,0.92409,9.33766,AFRICA,Equatorial Guinea,CAF
179,de Advocacia,de Advocacia,GPE,0.13636364,0.45454545,pt,1.0,,0,,,,,,
180,Cabo Frio,Cabo Frio,GPE,0.0,0.0,pt,1.0,1304301-8,3468615,P,-22.88717,-42.02622,SOUTH-AMERICA,Brazil,SES
181,Lima river,Lima river,LOC,0.0,0.0,pt,1.0,,3943834,H,-11.93578,-77.13594,SOUTH-AMERICA,Peru,NWS
182,Hama,Hama,GPE,0.21428571,0.64285714,pt,1.0,4089137-9,170017,P,35.13179,36.75783,EUROPE-AFRICA,Syria,MED
183,Guyana,Guyana,GPE,0.0,0.0,pt,1.0,4072186-3,3378535,A,5.0,-59.0,SOUTH-AMERICA,Guyana,NSA
184,Anguilla,Anguilla,GPE,0.0,0.0,pt,1.0,4426211-5,3573511,A,18.21667,-63.05,CENTRAL-AMERICA,Anguilla,CAR
185,Pico,Pico,GPE,0.0,0.0,pt,1.0,,3372782,T,38.4686,-28.39919,ATLANTIC,Portugal,NAO
186,Nazaré,Nazaré,GPE,0.0,1.0,pt,1.0,4266003-8,3456366,P,-13.035,-39.01444,SOUTH-AMERICA,Brazil,NES
187,Recife,Recife,GPE,0.4,0.9,pt,1.0,4122627-6,3390760,P,-8.05389,-34.88111,SOUTH-AMERICA,Brazil,NES
188,Vila,Vila,GPE,0.0,0.0,pt,1.0,4301367-3,2135171,P,-17.73648,168.31366,PACIFIC,Vanuatu,SPO
189,Greater SP,Greater SP,LOC,0.1,0.45,pt,1.0,,10230717,S,-6.14733,106.81725,ASIA,Indonesia,SEA
221,Saudi Arabia,Saudi Arabia,GPE,0.13,0.20666667,pt,1.0,4051788-3,102358,A,25.0,45.0,ASIA,Saudi Arabia,ARP
222,the South Region,the South Region,LOC,0.0,0.0,pt,1.0,,11887752,L,33.45876,-90.15081,NORTH-AMERICA,United States,CNA
223,Flores da Cunha,Flores da Cunha,GPE,0.0,0.0,pt,1.0,,3463271,P,-29.02889,-51.18167,SOUTH-AMERICA,Brazil,SES
224,Poland,Poland,GPE,0.25,0.6,pt,1.0,4046496-9,798544,A,52.0,20.0,EUROPE,Poland,WCE
255,Mexico,Mexico,GPE,-0.31666667,0.3,pt,1.0,4039058-5,3996063,A,23.0,-102.0,CENTRAL-AMERICA,Mexico,NCA
256,Frankfurt,Frankfurt,GPE,0.0,0.0,pt,1.0,4018118-2,2925533,P,50.11552,8.68417,EUROPE,Germany,WCE
257,Hamburg,Hamburg,GPE,0.0,0.0,pt,1.0,4239189-1,2911298,P,53.55073,9.99302,EUROPE,Germany,NEU
258,Düsseldorf,Düsseldorf,GPE,0.0,0.0,pt,1.0,4013255-9,2934246,P,51.22172,6.77616,EUROPE,Germany,WCE
259,Berlin,Berlin,GPE,0.0,0.0,pt,1.0,4005728-8,2950159,P,52.52437,13.41053,EUROPE,Germany,WCE
260,Cortina d'Ampezzo,Cortina d'Ampezzo,GPE,0.0,0.0,pt,1.0,4085339-1,3177952,P,46.5369,12.13903,EUROPE,Italy,WCE
261,the South Atlantic,the South Atlantic,LOC,0.10714286,0.26428571,pt,1.0,,12110877,L,33.91855,-81.28668,NORTH-AMERICA,United States,ENA
262,Athens,Athens,GPE,0.0,0.0,pt,1.0,4003366-1,264371,P,37.98376,23.72784,EUROPE-AFRICA,Greece,MED
263,Flores,Flores,GPE,-0.7,0.66666667,pt,1.0,10027113-3,9062332,T,-8.62354,121.12899,ASIA,Indonesia,SEA
264,the Metropolitan Region,the Metropolitan Region,LOC,0.4,0.8,pt,1.0,4122723-2,3871336,P,-33.45694,-70.64827,SOUTH-AMERICA,Chile,SWS
265,Dubai,Dubai,GPE,0.0,0.0,pt,1.0,4204044-9,292223,P,25.07725,55.30927,ASIA,United Arab Emirates,ARP
266,Maputo,Maputo,GPE,-0.7,0.66666667,pt,1.0,1038246-X,1040652,P,-25.96553,32.58322,AFRICA,Mozambique,ESAF
267,the South Atlantic Convergence Zone,the South Atlantic Convergence Zone,LOC,-0.08125,0.275,pt,1.0,,0,,,,,,
268,Azores Islands,Azores Islands,GPE,-0.0625,0.1875,pt,1.0,,3373385,T,37.74058,-25.67282,ATLANTIC,Portugal,NAO
269,Uruguay,Uruguay,GPE,0.05,0.24444444,pt,1.0,4062186-8,3439705,A,-33.0,-56.0,SOUTH-AMERICA,Uruguay,SES
270,Campanha,Campanha,LOC,0.05,0.24444444,pt,1.0,4570229-9,2741667,P,41.15706,-8.57466,EUROPE-AFRICA,Portugal,MED
271,Rio de Janeiro,Rio de Janeiro,GPE,0.1,0.6875,pt,1.0,4076741-3,3451190,P,-22.90642,-43.18223,SOUTH-AMERICA,Brazil,SES
272,Mississippi,Mississippi,GPE,0.5,0.5,pt,1.0,4039588-1,4436296,A,32.75041,-89.75036,NORTH-AMERICA,United States,ENA
273,Carolinas,Carolinas,GPE,0.31666667,0.86666667,pt,1.0,,7798575,P,14.96655,145.64914,PACIFIC,Northern Mariana Islands,NPO
274,Paulo,Paulo,GPE,0.5,0.5,pt,1.0,4051667-2,3448439,P,-23.5475,-46.63611,SOUTH-AMERICA,Brazil,SES
275,the Copa Brasil,the Copa Brasil,GPE,0.0,0.0,pt,1.0,,3454723,P,-15.7,-41.03333,SOUTH-AMERICA,Brazil,NES
276,Liberdade,Liberdade,GPE,0.5,0.5,pt,1.0,,6321527,A,-22.01634,-44.34756,SOUTH-AMERICA,Brazil,SES
277,Soure,Soure,LOC,0.0,0.0,pt,1.0,5328154-8,3456115,P,-11.23333,-38.48333,SOUTH-AMERICA,Brazil,NES
278,the Arunca River,the Arunca River,LOC,0.2,0.45,pt,1.0,,0,,,,,,
279,Santa,Santa,GPE,0.0,0.0,pt,1.0,,3904906,P,-17.78629,-63.18117,SOUTH-AMERICA,Bolivia,SAM
280,Lezíria,Lezíria,GPE,0.0,0.5,pt,1.0,,2267073,P,39.20305,-8.67018,EUROPE-AFRICA,Portugal,MED
281,the Central region,the Central region,LOC,0.25,0.625,pt,1.0,,0,,,,,,
254,Ethiopia,Ethiopia,GPE,-0.31666667,0.3,pt,1.0,4000639-6,337996,A,9.0,39.5,AFRICA,Ethiopia,NEAF
253,Gaza,Gaza,GPE,0.00416667,0.56666667,pt,1.0,4092680-1,281133,P,31.50161,34.46672,EUROPE-AFRICA,Palestinian Territory,MED
252,Ventura,Ventura,GPE,0.0,0.0,pt,1.0,4218469-1,5405878,P,34.27834,-119.29317,NORTH-AMERICA,United States,WNA
237,FC Porto,FC Porto,GPE,0.18333333,0.35555556,pt,1.0,,11821824,S,41.25717,-8.67796,EUROPE-AFRICA,Portugal,MED
225,the Baltic Sea,the Baltic Sea,LOC,-0.35,0.65,pt,1.0,,5226143,P,43.76136,-96.74033,NORTH-AMERICA,United States,CNA
226,Tennessee,Tennessee,GPE,0.5,0.5,pt,1.0,4119557-7,12217091,L,35.8,-86.5,NORTH-AMERICA,United States,ENA
227,the Central Region,the Central Region,LOC,0.05,0.275,pt,1.0,,0,,,,,,
228,Brumadinho,Brumadinho,GPE,0.0,0.0,pt,1.0,4256337-9,6321193,A,-20.20447,-44.15388,SOUTH-AMERICA,Brazil,SES
229,Alentejo,Alentejo,GPE,0.0,0.0,pt,1.0,4001114-8,8010510,A,38.33645,-8.00011,EUROPE-AFRICA,Portugal,MED
230,S. Mamede,S. Mamede,LOC,-0.05,0.1,pt,1.0,,12324217,T,41.62799,-8.24644,EUROPE-AFRICA,Portugal,MED
231,Douro,Douro,GPE,0.0,0.0,pt,1.0,,7701505,H,41.14273,-8.66032,EUROPE-AFRICA,Portugal,MED
232,Milan,Milan,GPE,0.0,0.625,pt,1.0,4037100-1,3173435,P,45.46427,9.18951,EUROPE,Italy,WCE
233,The Este River,The Este River,LOC,0.0,0.0,pt,1.0,,5116041,H,40.78705,-73.91764,NORTH-AMERICA,United States,ENA
234,Ave region,Ave region,LOC,0.0,0.0,pt,1.0,,2981515,P,47.6865,-2.7349,EUROPE,France,WCE
235,Greater Porto,Greater Porto,GPE,0.28253968,0.57460317,pt,1.0,4272276-7,3452925,P,-30.03283,-51.23019,SOUTH-AMERICA,Brazil,SES
236,Greater Lisbon,Greater Lisbon,GPE,0.28253968,0.57460317,pt,1.0,,0,,,,,,
238,Beira,Beira,GPE,0.0,0.0,pt,1.0,4080326-0,1052373,P,-19.84361,34.83889,AFRICA,Mozambique,ESAF
251,Porto Alegre City Hall,Porto Alegre City Hall,GPE,0.0,0.0,pt,1.0,,0,,,,,,
239,OnePlus,OnePlus,GPE,-0.31666667,0.3,pt,1.0,,0,,,,,,
240,Madrid,Madrid,GPE,-0.15,0.3,pt,1.0,4036862-2,3117735,P,40.4165,-3.70256,EUROPE-AFRICA,Spain,MED
241,Peñarol,Peñarol,GPE,0.0,1.0,pt,1.0,,3441205,P,-34.81667,-56.18333,SOUTH-AMERICA,Uruguay,SES
242,Le Mans,Le Mans,GPE,0.0,0.0,pt,1.0,4035301-1,3003603,P,48.0021,0.20251,EUROPE,France,WCE
243,Montenegro,Montenegro,GPE,0.0,0.0,pt,1.0,4040163-7,3194884,A,42.75,19.25,EUROPE-AFRICA,Montenegro,MED
244,Morocco,Morocco,GPE,0.125,0.375,pt,1.0,4037680-1,2542007,A,28.5,-10.0,AFRICA,Morocco,SAH
245,Olhar,Olhar,GPE,0.35,0.61111111,pt,1.0,,0,,,,,,
246,Caramulo,Caramulo,GPE,0.0,0.0,pt,1.0,4674029-6,2741516,P,40.57194,-8.16974,EUROPE-AFRICA,Portugal,MED
247,Patagonia,Patagonia,GPE,0.0,0.0,pt,1.0,,3841798,L,-44.0,-68.0,SOUTH-AMERICA,Argentina,SSA
248,Vila Real,Vila Real,GPE,0.1,0.15,pt,1.0,4685444-7,2732438,P,41.30062,-7.74413,EUROPE-AFRICA,Portugal,MED
249,Caldas-SC Braga,Caldas-SC Braga,GPE,-0.2,0.4,pt,1.0,,0,,,,,,
250,Caldas da,Caldas da,GPE,-0.2625,0.3875,pt,1.0,,3687951,A,5.26667,-75.33333,SOUTH-AMERICA,Colombia,NWS
151,Cosentino,Cosentino,LOC,0.5,0.5,it,1.0,,2525080,P,39.35271,16.28821,EUROPE-AFRICA,Italy,MED
153,Aron river,Aron river,LOC,0.08888889,0.26666667,it,1.0,,0,,,,,,
198,Şuhut,Şuhut,GPE,0.3,0.43333333,tr,1.0,,8632469,A,38.54081,30.55474,EUROPE-AFRICA,Turkey,MED
275,Manila,Manila,GPE,-0.1,0.1,tr,1.0,4037344-7,1701668,P,14.6042,120.9822,ASIA,Philippines,SEA
273,the Western Black Sea,the Western Black Sea,LOC,0.05555556,0.30555556,tr,1.0,,6509465,S,44.49208,-103.85259,NORTH-AMERICA,United States,CNA
272,The Black Sea,The Black Sea,LOC,-0.00555556,0.44722222,tr,1.0,,5762871,S,44.47971,-103.78076,NORTH-AMERICA,United States,CNA
271,Mudanya,Mudanya,GPE,0.43333333,0.73333333,tr,1.0,4140283-2,7732334,A,40.33342,28.77218,EUROPE-AFRICA,Turkey,MED
270,Karacabey,Karacabey,GPE,0.43333333,0.73333333,tr,1.0,1250365945,8632537,A,40.22288,28.36656,EUROPE-AFRICA,Turkey,MED
269,Northern Aegean Sea,Northern Aegean Sea,LOC,0.025,0.3,tr,1.0,,0,,,,,,
268,Lebanon,Lebanon,GPE,0.0,0.0,tr,1.0,4035567-6,272103,A,33.83333,35.83333,EUROPE-AFRICA,Lebanon,MED
267,the Gulf of Iskenderun,the Gulf of Iskenderun,LOC,-0.4,0.6,tr,1.0,,0,,,,,,
266,Sea,Sea,LOC,0.875,0.5,tr,1.0,,10922499,L,41.25206,36.96073,EUROPE-AFRICA,Turkey,MED
265,Iraq,Iraq,GPE,0.1,0.8,tr,1.0,4072920-5,99237,A,33.0,44.0,ASIA,Iraq,WCA
264,Baghdad,Baghdad,GPE,0.1,0.8,tr,1.0,4004237-6,98182,P,33.34058,44.40088,ASIA,Iraq,WCA
263,North America,North America,LOC,0.0,0.0,tr,1.0,,0,L,46.07323,-100.54688,,,
262,Yozgat,Yozgat,GPE,0.12777778,0.61111111,tr,1.0,4240543-9,296562,P,39.82,34.80444,EUROPE-AFRICA,Turkey,MED
261,Artuklu,Artuklu,GPE,-0.17777778,0.40555556,tr,1.0,4100494-2,304797,P,37.31309,40.74357,ASIA,Turkey,WCA
260,Sinop,Sinop,GPE,0.02708333,0.39791667,tr,1.0,4118672-2,739600,P,42.02683,35.16253,EUROPE-AFRICA,Turkey,MED
259,Underground,Underground,LOC,0.13636364,0.45454545,tr,1.0,,12022670,L,57.16836,24.69566,EUROPE,Latvia,WCE
258,Gamo,Gamo,LOC,0.0,0.0,tr,1.0,4086665-8,9159975,A,6.25,37.0,AFRICA,Ethiopia,NEAF
257,Karabük,Karabük,GPE,0.02708333,0.39791667,tr,1.0,4209926-2,744562,P,41.20488,32.62768,EUROPE-AFRICA,Turkey,MED
256,Gençlerbirliği,Gençlerbirliği,GPE,0.0,0.0,tr,1.0,,0,,,,,,
255,Tokat Erbaa,Tokat Erbaa,LOC,0.0,0.0,tr,1.0,,747489,P,40.66889,36.5675,EUROPE-AFRICA,Turkey,MED
254,Santorini,Santorini,GPE,0.0,0.4,tr,1.0,,252919,T,36.40572,25.45682,EUROPE-AFRICA,Greece,MED
253,Kilis,Kilis,GPE,-0.1,0.4,tr,1.0,4214349-4,307864,P,36.71611,37.115,EUROPE-AFRICA,Turkey,MED
252,Reşadiye,Reşadiye,GPE,-0.1,0.1,tr,1.0,4804860-4,7911036,A,40.43284,37.37652,EUROPE-AFRICA,Turkey,MED
251,Kütahya Simav,Kütahya Simav,LOC,0.75,0.75,tr,1.0,,8632455,A,39.09822,28.96464,EUROPE-AFRICA,Turkey,MED
250,Hualien province,Hualien province,GPE,0.0,0.0,tr,1.0,,0,,,,,,
249,the Konya Basin,the Konya Basin,LOC,0.0,0.0,tr,1.0,,0,,,,,,
248,Kızıltepe,Kızıltepe,GPE,-0.17777778,0.40555556,tr,1.0,4620358-8,307084,P,37.18836,40.57723,ASIA,Turkey,WCA
247,Svalbard,Svalbard,GPE,0.0,0.5,tr,1.0,4118926-7,2729907,P,78.22334,15.64689,ARCTIC,Svalbard and Jan Mayen,ARO
274,Rize,Rize,GPE,-0.2,0.5,tr,1.0,4473903-5,740483,P,41.02083,40.52194,ASIA,Turkey,WCA
276,the Northern Aegean,the Northern Aegean,LOC,-0.125,0.375,tr,1.0,,5322493,L,33.60391,-117.68811,CENTRAL-AMERICA,United States,NCA
245,Tokyo,Tokyo,GPE,0.0,0.0,tr,1.0,4078337-6,1850147,P,35.6895,139.69171,ASIA,Japan,EAS
277,Kashiwazaki-Kariwa,Kashiwazaki-Kariwa,LOC,0.0,0.0,tr,1.0,,7733345,S,37.42968,138.59802,ASIA,Japan,EAS
164,Kota,Kota,LOC,-0.07916667,0.36041667,hi,1.0,4029924-7,289688,A,25.5,51.25,ASIA,Qatar,ARP
165,Ganderbal,Ganderbal,GPE,-0.6,0.9,hi,1.0,,1271729,P,34.22619,74.77478,ASIA,India,WCA
166,Sarbal,Sarbal,LOC,-0.6,0.9,hi,1.0,,117225,T,31.1683,48.94299,ASIA,Iran,WCA
167,Texas,Texas,GPE,-0.2125,0.66666667,hi,1.0,4059594-8,12217092,L,28.9204,-98.5772,CENTRAL-AMERICA,United States,NCA
168,Nashik,Nashik,GPE,0.0,0.0,hi,1.0,4439100-6,1261731,P,19.99727,73.79096,ASIA,India,SAS
169,the East Coast of America,the East Coast of America,LOC,-0.1,0.3,hi,1.0,,12212303,L,37.02332,-77.36954,NORTH-AMERICA,United States,ENA
170,Santa Claus,Santa Claus,GPE,0.35,0.75,hi,1.0,,4264457,P,38.12005,-86.91416,NORTH-AMERICA,United States,ENA
171,Delhi-Punjab-Haryana,Delhi-Punjab-Haryana,GPE,0.0,0.0,hi,1.0,,0,,,,,,
172,Ukraine,Ukraine,GPE,-0.09318182,0.56136364,hi,1.0,4061496-7,690791,A,49.0,32.0,EUROPE,Ukraine,WCE
173,Greenland,Greenland,GPE,-0.09318182,0.56136364,hi,1.0,4022113-1,3425505,A,72.0,-40.0,POLAR,Greenland,GIC
174,Bageshwar,Bageshwar,GPE,0.1,0.4,hi,1.0,,7701513,A,29.97315,79.83224,ASIA,India,TIB
175,Chamoli,Chamoli,GPE,0.0,1.0,hi,1.0,4431603-3,1261991,T,30.37584,79.97077,ASIA,India,TIB
176,Anantnag,Anantnag,GPE,0.0,0.0,hi,1.0,7595422-9,1278667,P,33.73068,75.15418,ASIA,India,TIB
177,Pudhu Vellai Mazai,Pudhu Vellai Mazai,LOC,0.11111111,0.3,hi,1.0,,0,,,,,,
178,Himalayas,Himalayas,GPE,0.0,0.0,hi,1.0,,0,,,,,,
179,Yonaguni Island,Yonaguni Island,LOC,0.1,0.4,hi,1.0,,1848275,T,24.45543,122.99069,ASIA,Japan,EAS
180,Nuble,Nuble,GPE,0.0,1.0,hi,1.0,,11979367,A,-36.62291,-72.21643,SOUTH-AMERICA,Chile,SWS
181,Biobio,Biobio,GPE,0.0,1.0,hi,1.0,,3898380,A,-37.375,-72.45,SOUTH-AMERICA,Chile,SWS
182,Mahanadi,Mahanadi,GPE,0.0625,0.5,hi,1.0,7535302-7,1264444,H,24.94687,81.5345,ASIA,India,SAS
183,Ganga-Brahmaputra,Ganga-Brahmaputra,GPE,0.0625,0.5,hi,1.0,,0,,,,,,
184,Ganga,Ganga,GPE,0.0,0.0,hi,1.0,4220035-0,586523,P,40.68278,46.36056,ASIA,Azerbaijan,WCA
185,Jalandhar,Jalandhar,GPE,0.1875,0.4375,hi,1.0,16036226-X,1268782,P,31.32556,75.57917,ASIA,India,TIB
186,Baghpat,Baghpat,GPE,0.1875,0.4375,hi,1.0,,1277882,P,28.94485,77.21865,ASIA,India,SAS
187,Lucknow,Lucknow,GPE,0.0,0.0,hi,1.0,4111406-1,1264733,P,26.83928,80.92313,ASIA,India,SAS
280,the Pamukkale Fault Zone,the Pamukkale Fault Zone,LOC,0.0,0.0,tr,1.0,,0,,,,,,
279,Perth,Perth,GPE,-0.125,1.0,tr,1.0,4232458-0,2063523,P,-31.95224,115.8614,OCEANIA,Australia,SAU
278,Cyprus,Cyprus,GPE,0.0,0.0,tr,1.0,4241756-9,146669,A,35.0,33.0,EUROPE-AFRICA,Cyprus,MED
246,Serbia,Serbia,GPE,-0.05,0.1,tr,1.0,4054598-2,6290252,A,44.81892,20.45998,EUROPE-AFRICA,Serbia,MED
244,Hong Kong,Hong Kong,GPE,-0.05,0.05,tr,1.0,1318138531,1819729,P,22.27832,114.17469,ASIA,Hong Kong,EAS
162,Orient,Orient,LOC,0.0,0.0,hi,1.0,,0,,,,,,
207,Mazarak,Mazarak,GPE,0.0,0.0,el,1.0,,1425519,T,35.46514,65.32091,ASIA,Afghanistan,WCA
209,Rome,Rome,GPE,-0.46666667,0.49206349,el,1.0,4050471-2,3169070,P,41.89193,12.51133,EUROPE-AFRICA,Italy,MED
210,Argos,Argos,GPE,-0.05,0.2,el,1.0,4079822-7,264670,P,37.63333,22.73333,EUROPE-AFRICA,Greece,MED
211,the stormy sea,the stormy sea,LOC,0.0,0.0,el,1.0,,0,,,,,,
212,Bigfoot,Bigfoot,GPE,0.13636364,0.45454545,el,1.0,,8211770,H,-41.85,146.24,OCEANIA,Australia,SAU
213,Sierra Nevada,Sierra Nevada,GPE,0.14818182,0.49727273,el,1.0,,5395648,T,36.57855,-118.29342,NORTH-AMERICA,United States,WNA
214,the Middle East - Locks,the Middle East - Locks,LOC,0.0,0.0,el,1.0,,4845928,S,41.92815,-72.63176,NORTH-AMERICA,United States,ENA
215,Mandra,Mandra,GPE,0.0,0.0,el,1.0,4037302-2,257811,P,38.06667,23.5,EUROPE-AFRICA,Greece,MED
216,Theodoros Atmatzidis*For,Theodoros Atmatzidis*For,GPE,0.0,0.3,el,1.0,,0,,,,,,
217,​​the Municipality of Aegialia,​​the Municipality of Aegialia,GPE,0.0,0.0,el,1.0,,0,,,,,,
218,Strait of Hormuz,Strait of Hormuz,LOC,0.0,0.0,el,1.0,,287878,H,26.56667,56.25,ASIA,Oman,WCA
219,West,West,LOC,0.0,0.3,el,1.0,,11887751,L,42.77268,-116.9579,NORTH-AMERICA,United States,WNA
220,Souli,Souli,GPE,0.15416667,0.55416667,el,1.0,,253437,P,39.35825,20.64272,EUROPE-AFRICA,Greece,MED
221,Ioannita,Ioannita,GPE,0.15416667,0.55416667,el,1.0,,0,,,,,,
222,Germany,Germany,GPE,0.0,0.3,el,1.0,4011882-4,2921044,A,51.5,10.5,EUROPE,Germany,WCE
223,the United Kingdom,the United Kingdom,GPE,0.0,0.3,el,1.0,4022153-2,2635167,A,54.75844,-2.69531,EUROPE,United Kingdom,NEU
224,Ioannito,Ioannito,GPE,0.0,0.0,el,1.0,,0,,,,,,
225,the Municipality of Souli,the Municipality of Souli,GPE,0.0,0.0,el,1.0,,0,,,,,,
226,Astypalaia,Astypalaia,GPE,0.0,0.0,el,1.0,4372163-1,264407,T,36.5758,26.36221,EUROPE-AFRICA,Greece,MED
227,Argolis,Argolis,GPE,-0.7,0.66666667,el,1.0,4002893-8,264673,A,37.66667,22.83333,EUROPE-AFRICA,Greece,MED
228,Santiago,Santiago,GPE,0.21666667,0.36666667,el,1.0,4122723-2,3871336,P,-33.45694,-70.64827,SOUTH-AMERICA,Chile,SWS
229,Hubei Province,Hubei Province,GPE,-0.4,1.0,el,1.0,4122666-5,1791247,P,30.58333,114.26667,ASIA,China,EAS
230,Pyrgos Ilias,Pyrgos Ilias,GPE,0.0,0.0,el,1.0,4103464-8,255229,P,37.67513,21.44102,EUROPE-AFRICA,Greece,MED
231,the Zacharo community,the Zacharo community,LOC,0.0,0.0,el,1.0,,0,,,,,,
232,Taman,Taman,GPE,0.0,0.0,el,1.0,7575825-8,1734660,L,4.767,102.44381,ASIA,Malaysia,SEA
233,Preveza,Preveza,GPE,-0.7,0.66666667,el,1.0,4496630-1,254698,P,38.95617,20.7505,EUROPE-AFRICA,Greece,MED
234,the Western Peloponnese,the Western Peloponnese,LOC,0.0,0.0,el,1.0,,11809186,S,37.64106,21.6253,EUROPE-AFRICA,Greece,MED
235,Lesvos,Lesvos,GPE,-0.7,0.66666667,el,1.0,4035433-7,258466,T,39.20353,26.27655,EUROPE-AFRICA,Greece,MED
208,Courmayeur,Courmayeur,GPE,0.21481481,0.76296296,el,1.0,4494735-5,3177872,P,45.79659,6.96893,EUROPE,Italy,WCE
206,Tokat,Tokat,GPE,0.0,0.0,el,1.0,4273162-8,738743,P,40.31389,36.55444,EUROPE-AFRICA,Turkey,MED
243,Korgan,Korgan,GPE,-0.6,1.0,tr,1.0,,856954,P,49.58828,49.78459,EUROPE,Kazakhstan,EEU
205,Arcadia,Arcadia,GPE,0.0,0.0,el,1.0,,5324477,P,34.13973,-118.03534,NORTH-AMERICA,United States,WNA
242,Karaçoban,Karaçoban,LOC,0.1875,0.4375,tr,1.0,,8631388,A,39.35157,42.1097,ASIA,Turkey,WCA
241,Göle,Göle,GPE,0.1875,0.4375,tr,1.0,,746643,P,40.78746,42.60603,ASIA,Turkey,WCA
240,Munich,Munich,GPE,-0.2,0.5,tr,1.0,4245720-8,2867714,P,48.13743,11.57549,EUROPE,Germany,WCE
239,Beşiktaş,Beşiktaş,GPE,0.4375,0.41666667,tr,1.0,4412502-1,7733234,A,41.07122,29.02321,EUROPE-AFRICA,Turkey,MED
238,Beylikdüzü,Beylikdüzü,GPE,0.0,0.0,tr,1.0,,6947640,P,40.982,28.6399,EUROPE-AFRICA,Turkey,MED
237,Antep,Antep,GPE,0.02777778,0.16666667,tr,1.0,4086680-4,12344566,L,49.23672,50.19436,EUROPE,Kazakhstan,EEU
236,Selçuk,Selçuk,GPE,-0.9,1.0,tr,1.0,7616791-4,8632426,A,37.95765,27.38072,EUROPE-AFRICA,Turkey,MED
235,earth,earth,LOC,0.0,0.875,tr,1.0,,0,L,0.0,0.0,,,
234,Boston,Boston,GPE,0.11174242,0.56969697,tr,1.0,4007840-1,4930956,P,42.35843,-71.05977,NORTH-AMERICA,United States,ENA
233,California,California,GPE,0.0,0.0,tr,1.0,,11071615,L,34.68743,-116.78467,NORTH-AMERICA,United States,WNA
232,Kağıthane,Kağıthane,GPE,0.0,0.0,tr,1.0,,7732504,A,41.08319,28.97826,EUROPE-AFRICA,Turkey,MED
231,Lake Tahoe,Lake Tahoe,LOC,0.05416667,0.32222222,tr,1.0,4366043-5,5397664,P,38.93324,-119.98435,NORTH-AMERICA,United States,WNA
230,Gölmarmara,Gölmarmara,GPE,0.0,0.0,tr,1.0,,8632413,A,38.72377,27.92145,EUROPE-AFRICA,Turkey,MED
229,Bayraktar,Bayraktar,GPE,0.0,0.0,tr,1.0,,750894,P,40.38734,40.57677,ASIA,Turkey,WCA
228,Asia,Asia,LOC,-0.2,0.5,tr,1.0,,0,,,,,,
227,Alacabel,Alacabel,GPE,0.0,0.25,tr,1.0,,13158773,T,36.58093,32.30649,EUROPE-AFRICA,Turkey,MED
226,South Asia,South Asia,LOC,-0.2,0.5,tr,1.0,,0,,,,,,
431,Coast,Coast,LOC,0.0,0.0,tr,1.0,,12212303,L,37.02332,-77.36954,NORTH-AMERICA,United States,ENA
224,the Western Black Sea Region,the Western Black Sea Region,LOC,-0.04166667,0.2125,tr,1.0,,6509465,S,44.49208,-103.85259,NORTH-AMERICA,United States,CNA
223,the Gulf of Izmir,the Gulf of Izmir,LOC,0.03611111,0.53611111,tr,1.0,,0,,,,,,
222,Ayvacık district,Ayvacık district,LOC,0.04444444,0.37777778,tr,1.0,,322697,P,38.61266,27.18993,EUROPE-AFRICA,Turkey,MED
221,The Far City,The Far City,GPE,0.05,0.53333333,tr,1.0,,5116917,P,40.60538,-73.75513,NORTH-AMERICA,United States,ENA
220,Far City,Far City,GPE,0.05,1.0,tr,1.0,,5116917,P,40.60538,-73.75513,NORTH-AMERICA,United States,ENA
219,Northern Aegean,Northern Aegean,LOC,0.05555556,0.52222222,tr,1.0,,5882448,H,50.82143,-94.75741,NORTH-AMERICA,Canada,NEN
218,Iwate Prefecture,Iwate Prefecture,GPE,0.0,0.0,tr,1.0,4323908-0,2111834,P,39.7,141.15,ASIA,Japan,EAS
217,the Konya Plain,the Konya Plain,LOC,0.0,0.50595238,tr,1.0,,0,,,,,,
216,the Central Anatolia Region,the Central Anatolia Region,LOC,0.0,0.50595238,tr,1.0,,746808,S,40.04831,31.19416,EUROPE-AFRICA,Turkey,MED
163,Khargone,Khargone,GPE,-0.07916667,0.36041667,hi,1.0,,1266928,P,21.82292,75.61394,ASIA,India,SAS
161,Kamchatka,Kamchatka,GPE,0.0,0.0,hi,1.0,,2125072,A,55.0,159.0,ASIA,Russia,RFE
154,the Tyrrhenian Sea,the Tyrrhenian Sea,LOC,0.08888889,0.26666667,it,1.0,,0,,,,,,
289,Konyaaltı Beach,Konyaaltı Beach,GPE,-0.125,0.375,tr,1.0,,8073904,T,36.86501,30.64433,EUROPE-AFRICA,Turkey,MED
287,the East Asian,the East Asian,LOC,0.0,0.0,tr,1.0,,12238570,P,21.11521,93.00227,ASIA,Myanmar,SAS
286,Beit Semesh,Beit Semesh,GPE,0.5,0.5,tr,1.0,,0,,,,,,
285,Jerusalem,Jerusalem,GPE,-0.05,0.4,tr,1.0,4028586-8,281184,P,31.76904,35.21633,EUROPE-AFRICA,Israel,MED
284,Sultanahmet,Sultanahmet,GPE,0.0,0.0,tr,1.0,7586095-8,6944973,P,41.00397,28.97884,EUROPE-AFRICA,Turkey,MED
283,İslamdağ District,İslamdağ District,LOC,0.8,0.75,tr,1.0,,0,,,,,,
282,Fatsa,Fatsa,GPE,0.8,0.75,tr,1.0,4219759-4,747155,P,41.02886,37.49977,EUROPE-AFRICA,Türkiye,MED
281,Osmangazi,Osmangazi,GPE,0.0,0.0,tr,1.0,6078721-1,750269,P,40.19559,29.06013,EUROPE-AFRICA,Turkey,MED
78,Darchulakav Nagu,Darchulakav Nagu,GPE,0.0,0.0,hi,1.0,,0,,,,,,
79,GRAP-2,GRAP-2,GPE,0.15416667,0.55416667,hi,1.0,,0,,,,,,
80,Delhi-Rajasthan,Delhi-Rajasthan,GPE,0.0,0.0,hi,1.0,,0,,,,,,
81,Somalia,Somalia,GPE,0.0,0.0,hi,1.0,4077509-4,51537,A,6.0,48.0,AFRICA,Somalia,NEAF
82,Indonesia,Indonesia,GPE,0.4,0.9,hi,1.0,4026761-1,1643084,A,-5.0,120.0,ASIA,Indonesia,SEA
83,the Horn of Africa,the Horn of Africa,LOC,0.0,0.0,hi,1.0,,333795,P,9.35,42.8,AFRICA,Ethiopia,NEAF
84,Goa,Goa,GPE,0.0,0.0,hi,1.0,4021394-8,1271157,A,15.33333,74.08333,ASIA,India,SAS
85,the North-East,the North-East,LOC,0.0,1.0,hi,1.0,,12212303,L,37.02332,-77.36954,NORTH-AMERICA,United States,ENA
86,Pondok Balik,Pondok Balik,GPE,0.4,0.9,hi,1.0,,12442080,A,4.72083,96.72417,ASIA,Indonesia,SEA
87,Nagu,Nagu,GPE,0.0,0.0,hi,1.0,10010875-1,1873887,P,38.56778,125.43944,ASIA,North Korea,EAS
88,Aceh province,Aceh province,GPE,0.4,0.9,hi,1.0,,1215502,P,5.54167,95.33333,ASIA,Indonesia,SEA
89,Triveni Municipality,Triveni Municipality,GPE,-0.1,0.5,hi,1.0,,0,,,,,,
90,Balasore,Balasore,GPE,0.0,0.75,hi,1.0,4580838-7,1277599,P,21.49266,86.93348,ASIA,India,SAS
91,North-West Delhi,North-West Delhi,GPE,0.0,0.0,hi,1.0,1373393076,8335427,A,28.70113,77.10154,ASIA,India,SAS
92,Jaipur,Jaipur,GPE,0.125,0.29166667,hi,1.0,4109106-1,1269515,P,26.91962,75.78781,ASIA,India,SAS
93,Modi,Modi,GPE,-0.125,0.375,hi,1.0,,12095597,A,28.31015,83.71883,ASIA,Nepal,TIB
94,Dhamibada,Dhamibada,GPE,0.0,0.0,hi,1.0,,8000746,P,29.41609,81.46481,ASIA,Nepal,TIB
95,Baramulla,Baramulla,GPE,-0.0625,0.4375,hi,1.0,,12685202,A,34.225,74.40089,ASIA,India,WCA
96,Itanagar Capital Region,Itanagar Capital Region,GPE,0.0,0.0,hi,1.0,,0,,,,,,
97,Arunachal,Arunachal,GPE,0.0,1.0,hi,1.0,4370617-4,1278341,A,27.06,93.37,ASIA,India,SAS
288,Tel Aviv,Tel Aviv,GPE,0.5,0.5,tr,1.0,4119545-0,293397,P,32.08088,34.78057,EUROPE-AFRICA,Israel,MED
290,the Southeastern Anatolia Region,the Southeastern Anatolia Region,LOC,-0.085,0.435,tr,1.0,,10122590,S,37.07596,37.36739,EUROPE-AFRICA,Turkey,MED
99,Itanagar,Itanagar,GPE,-0.34166667,0.59166667,hi,1.0,4558198-8,1269655,P,27.08694,93.60987,ASIA,India,SAS
291,Nişantaşı,Nişantaşı,GPE,0.0,0.0,tr,1.0,,741298,P,40.35734,40.04593,ASIA,Turkey,WCA
147,Niscemi,Niscemi,GPE,0.1,0.5,de,1.0,4461093-2,2524006,P,37.14649,14.39381,EUROPE-AFRICA,Italy,MED
148,the Elbe Valley,the Elbe Valley,LOC,0.6,0.6,de,1.0,,4141941,H,39.71595,-75.51214,NORTH-AMERICA,United States,ENA
149,Crans-Montana,Crans-Montana,GPE,0.1,0.4,de,1.0,4275008-8,6559506,P,46.31316,7.47914,EUROPE,Switzerland,WCE
150,America,America,GPE,0.0,0.0,de,1.0,,0,,,,,,
151,Upper Bavaria,Upper Bavaria,GPE,0.0,0.0,de,1.0,4245720-8,2867714,P,48.13743,11.57549,EUROPE,Germany,WCE
152,Greece,Greece,GPE,-0.2,0.4,de,1.0,4022047-3,390903,A,39.0,22.0,EUROPE-AFRICA,Greece,MED
153,Greenland,Greenland,GPE,0.0,0.0,de,1.0,4022113-1,3425505,A,72.0,-40.0,POLAR,Greenland,GIC
154,South Tyrol's,South Tyrol's,GPE,0.125,0.66666667,de,1.0,,3164650,T,46.93667,12.12444,EUROPE,Italy,WCE
155,Miami,Miami,GPE,0.0,0.125,de,1.0,4039108-5,4164138,P,25.77427,-80.19366,NORTH-AMERICA,United States,ENA
156,Sheffield,Sheffield,GPE,0.0,0.0,de,1.0,4118617-5,2638077,P,53.38297,-1.4659,EUROPE,United Kingdom,NEU
157,East Frost,East Frost,GPE,0.0,0.0,de,1.0,,5240364,L,43.95978,-73.00845,NORTH-AMERICA,United States,ENA
158,Lviv,Lviv,GPE,0.25,0.33333333,de,1.0,4035304-7,702550,P,49.83826,24.02324,EUROPE,Ukraine,WCE
159,Wismar,Wismar,GPE,0.1,0.1,de,1.0,4201278-8,2807465,P,53.89218,11.45563,EUROPE,Germany,NEU
160,Elbphilharmonie,Elbphilharmonie,GPE,0.0,0.0,de,1.0,,0,,,,,,
161,Bavaria +,Bavaria +,GPE,-0.03212121,0.44424242,de,1.0,,0,,,,,,
162,Styria,Styria,GPE,0.1,1.0,de,1.0,4057092-7,2764581,A,47.25,15.16667,EUROPE,Austria,WCE
302,Pasinler,Pasinler,GPE,0.0,0.0,tr,1.0,4804985-2,8631382,A,39.97735,41.67848,ASIA,Turkey,WCA
301,Karayazı district,Karayazı district,LOC,-0.1625,0.4375,tr,1.0,,0,,,,,,
300,Toroslar,Toroslar,GPE,0.5,0.5,tr,1.0,,313457,T,38.34278,38.77889,EUROPE-AFRICA,Turkey,MED
299,the Strait of Hormuz,the Strait of Hormuz,LOC,0.1,0.4,tr,1.0,,0,,,,,,
298,Hormuz,Hormuz,GPE,0.0,0.0,tr,1.0,4072627-7,287878,H,26.56667,56.25,ASIA,Oman,WCA
297,Strait,Strait,LOC,0.0,0.0,tr,1.0,,0,H,62.0,-70.0,,,
296,east,east,LOC,0.0,0.0,tr,1.0,,12212303,L,37.02332,-77.36954,NORTH-AMERICA,United States,ENA
295,new rainy,new rainy,GPE,0.22878788,0.61818182,tr,1.0,,6116104,H,48.21657,-55.06489,NORTH-AMERICA,Canada,ENA
294,the Southern Ocean,the Southern Ocean,LOC,-0.1,0.0,tr,1.0,,5378771,P,33.19587,-117.37948,CENTRAL-AMERICA,United States,NCA
293,Antarctic,Antarctic,LOC,-0.1,0.0,tr,1.0,,6632710,L,-90.0,0.0,POLAR,Antarctica,EAN
292,Antarctica,Antarctica,LOC,-0.03333333,0.13333333,tr,1.0,,0,L,-78.15856,16.40626,,,
98,Arunachal Pradesh,Arunachal Pradesh,GPE,-0.34166667,0.59166667,hi,1.0,4370617-4,1278341,A,27.06,93.37,ASIA,India,SAS
100,Sinthan,Sinthan,GPE,0.15333333,0.51333333,hi,1.0,,10672625,T,33.5815,75.51322,ASIA,India,TIB
160,Tata,Tata,GPE,0.8,0.75,hi,1.0,,2529360,A,29.66667,-7.83333,AFRICA,Morocco,SAH
131,Magadha,Magadha,GPE,0.0,0.0,hi,1.0,,0,,,,,,
133,South Block,South Block,GPE,-0.3,0.4,hi,1.0,,933772,L,-24.66667,25.91667,AFRICA,Botswana,ESAF
134,West Bengal,West Bengal,GPE,0.0,0.4,hi,1.0,4029344-0,1275004,P,22.56263,88.36304,ASIA,India,SAS
135,North Kolkata,North Kolkata,GPE,0.0,0.4,hi,1.0,,6301069,S,22.65474,88.44672,ASIA,India,SAS
136,Bathinda,Bathinda,GPE,-0.6,1.0,hi,1.0,4835341-3,1276070,P,30.20747,74.93893,ASIA,India,WCA
137,Gurugram of Haryana,Gurugram of Haryana,GPE,-0.6,1.0,hi,1.0,4804200-6,1270642,P,28.4601,77.02635,ASIA,India,SAS
138,Bhagirathpura,Bhagirathpura,GPE,0.0,0.0,hi,1.0,,10192485,P,26.2522,76.67725,ASIA,India,SAS
139,Tamil Nadu,Tamil Nadu,GPE,-0.2,0.5,hi,1.0,5351481-6,1264527,P,13.08784,80.27847,ASIA,India,SAS
140,Baroda,Baroda,GPE,0.4,1.0,hi,1.0,110141-9,1253573,P,22.29941,73.20812,ASIA,India,SAS
141,the Vijay Hazare Trophy,the Vijay Hazare Trophy,GPE,0.0,0.0,hi,1.0,,0,,,,,,
142,Coldest Village of India,Coldest Village of India,GPE,-0.3,0.7,hi,1.0,,0,,,,,,
143,Hinatuan,Hinatuan,GPE,0.0,0.0,hi,1.0,,1711655,P,8.37222,126.33417,ASIA,Philippines,SEA
144,Bakulin,Bakulin,GPE,-0.1,0.1,hi,1.0,,1728693,T,8.54472,126.36056,ASIA,Philippines,SEA
145,Sri Lanka,Sri Lanka,GPE,0.0,0.1,hi,1.0,4009696-8,1227603,A,7.75,80.75,INDIAN,Sri Lanka,BOB
146,Chennai,Chennai,GPE,0.08333333,0.06666667,hi,1.0,5351481-6,1264527,P,13.08784,80.27847,ASIA,India,SAS
147,Morigaon,Morigaon,GPE,-0.1,0.1,hi,1.0,,8805932,A,26.25213,92.34238,ASIA,India,SAS
148,Ladakh,Ladakh,GPE,-0.3,0.7,hi,1.0,4073939-9,1265343,A,34.33333,77.41667,ASIA,India,TIB
149,Delhi-Punjab,Delhi-Punjab,GPE,-0.3,0.5,hi,1.0,,9914993,P,28.77591,76.96488,ASIA,India,SAS
150,Kargil,Kargil,GPE,-0.6,0.9,hi,1.0,4612547-4,9748001,A,33.9666,76.48445,ASIA,India,TIB
151,the Brahmaputra river,the Brahmaputra river,LOC,0.4,0.75,hi,1.0,,0,,,,,,
152,Britain,Britain,GPE,-0.05555556,0.18611111,hi,1.0,4321693-6,4839292,P,41.66121,-72.77954,NORTH-AMERICA,United States,ENA
153,Tibet,Tibet,GPE,0.0625,0.5,hi,1.0,4111286-6,1280737,P,29.65,91.1,ASIA,China,TIB
154,Lahore,Lahore,GPE,0.06166667,0.71166667,hi,1.0,4034107-0,1172451,P,31.558,74.35071,ASIA,Pakistan,WCA
155,Hapur,Hapur,GPE,0.1875,0.4375,hi,1.0,4324025-2,1270393,P,28.72985,77.78068,ASIA,India,SAS
156,Arctic,Arctic,LOC,-0.3625,0.6875,hi,1.0,,0,,,,,,
157,Amroha,Amroha,GPE,0.1875,0.4375,hi,1.0,,1278708,P,28.90314,78.46984,ASIA,India,SAS
158,Rubaya,Rubaya,GPE,0.15,0.5,hi,1.0,,11400191,A,-2.70724,29.99789,AFRICA,Burundi,SEAF
159,Ellora,Ellora,GPE,0.01666667,0.03333333,hi,1.0,4223084-6,1272059,P,20.02305,75.16302,ASIA,India,SAS
132,Nandavansh,Nandavansh,GPE,0.0,0.0,hi,1.0,,0,,,,,,
130,the Magadha Empire,the Magadha Empire,GPE,0.2978355,0.67532468,hi,1.0,,0,,,,,,
101,Odisha,Odisha,GPE,0.0,0.0,hi,1.0,1319054684,1261029,A,20.5,84.41667,ASIA,India,SAS
129,Zomato,Zomato,GPE,-0.5,1.0,hi,1.0,,0,,,,,,
102,Mayurbhanj,Mayurbhanj,LOC,0.0,0.0,hi,1.0,4438784-2,1263245,A,21.75,86.5,ASIA,India,SAS
103,Ishaan,Ishaan,GPE,0.07142857,0.15952381,hi,1.0,,0,,,,,,
104,the Middle-East,the Middle-East,LOC,-0.4125,0.52083333,hi,1.0,,12217091,L,35.8,-86.5,NORTH-AMERICA,United States,ENA
105,New Zealand's,New Zealand's,GPE,0.06818182,0.26060606,hi,1.0,,2161314,P,-29.05459,167.96628,PACIFIC,Norfolk Island,SPO
106,Middle East,Middle East,LOC,0.0,0.27222222,hi,1.0,,0,L,33.13906,35.85869,,,
107,Pune,Pune,GPE,-0.1,0.1,hi,1.0,4046772-7,1259229,P,18.51957,73.85535,ASIA,India,SAS
108,Raisen,Raisen,GPE,0.01666667,0.03333333,hi,1.0,,1258953,A,23.25,78.08333,ASIA,India,SAS
109,the Middle East,the Middle East,LOC,-0.08333333,0.25,hi,1.0,,12217091,L,35.8,-86.5,NORTH-AMERICA,United States,ENA
110,Delhi city,Delhi city,GPE,0.8,0.9,hi,1.0,,5024164,P,44.59913,-95.21111,NORTH-AMERICA,United States,CNA
111,Karnataka,Karnataka,GPE,0.5,0.5,hi,1.0,4110022-0,1267701,A,14.66667,75.83333,ASIA,India,SAS
112,Phalgun,Phalgun,GPE,0.35,0.65,hi,1.0,,0,,,,,,
113,Zaid,Zaid,GPE,0.53333333,0.66666667,hi,1.0,,11709598,L,31.06626,35.69591,EUROPE-AFRICA,Jordan,MED
114,the Parliament of Israel,the Parliament of Israel,GPE,0.0,0.0,hi,1.0,,0,,,,,,
115,Chatra,Chatra,GPE,0.1,0.4,hi,1.0,,1274536,P,24.20645,84.87085,ASIA,India,SAS
116,Kandy,Kandy,GPE,0.0,0.0,hi,1.0,4109992-8,1241622,P,7.2906,80.6336,INDIAN,Sri Lanka,BOB
117,Gurdaspur,Gurdaspur,GPE,-0.2,0.15555556,hi,1.0,4835337-1,1270647,P,32.03933,75.40318,ASIA,India,TIB
118,Udaipur,Udaipur,GPE,0.0,0.0,hi,1.0,4279339-7,1253986,P,24.58584,73.71346,ASIA,India,SAS
119,South India,South India,GPE,0.0,0.0,hi,1.0,4026761-1,1643084,A,-5.0,120.0,ASIA,Indonesia,SEA
120,Kokernag,Kokernag,GPE,-0.0625,0.4375,hi,1.0,,11185623,P,33.57847,75.3181,ASIA,India,TIB
121,Holika Dahan,Holika Dahan,GPE,0.0,0.0,hi,1.0,,0,,,,,,
122,Nagpur,Nagpur,GPE,0.0,0.0,hi,1.0,4041149-7,1262180,P,21.14631,79.08491,ASIA,India,SAS
123,Los Angeles,Los Angeles,GPE,-0.075,0.36666667,hi,1.0,4036361-2,5368361,P,34.05223,-118.24368,NORTH-AMERICA,United States,WNA
124,Will Delhi-NCR,Will Delhi-NCR,GPE,0.0,0.0,hi,1.0,,0,,,,,,
125,Punjab province,Punjab province,GPE,-0.415,0.71833333,hi,1.0,4047850-6,1167710,A,30.85,72.31667,ASIA,Pakistan,WCA
126,IMD,IMD,LOC,-0.3,0.5,hi,1.0,,86162,T,31.76568,22.0914,EUROPE-AFRICA,Libya,MED
127,Negev,Negev,GPE,0.1,0.4,hi,1.0,4041559-4,294886,T,30.5,34.91667,EUROPE-AFRICA,Israel,MED
128,Dimona,Dimona,GPE,0.1,0.4,hi,1.0,16067658-7,295328,P,31.07079,35.03269,EUROPE-AFRICA,Israel,MED
236,the Gefyriou Plaka-Agnaton-Pramanton,the Gefyriou Plaka-Agnaton-Pramanton,LOC,0.5,0.5,el,1.0,,0,,,,,,
237,Pacific,Pacific,LOC,-0.1,0.4,el,1.0,,0,L,8.62,-170.11,,,
238,Kymi Beach,Kymi Beach,GPE,0.0,0.0,el,1.0,,11238639,T,60.4909,26.74247,EUROPE,Finland,NEU
392,Tsiknopempti,Tsiknopempti,LOC,0.25,0.25,el,1.0,,0,,,,,,
394,Palaiochora,Palaiochora,GPE,0.0,0.0,el,1.0,,256131,P,35.23128,23.68185,EUROPE-AFRICA,Greece,MED
395,Slovakia,Slovakia,GPE,0.0,0.0,el,1.0,4055297-4,3057568,A,48.66667,19.5,EUROPE,Slovakia,WCE
396,the Tatra Mountains,the Tatra Mountains,LOC,0.0,0.0,el,1.0,,0,,,,,,
397,Barnet,Barnet,GPE,0.1,0.3,el,1.0,4261176-3,2656295,P,51.65,-0.2,EUROPE,United Kingdom,NEU
398,London,London,GPE,-0.2,0.4,el,1.0,4074335-4,2643743,P,51.50853,-0.12574,EUROPE,United Kingdom,NEU
399,Eastern Turkey,Eastern Turkey,LOC,0.0,0.0,el,1.0,,10922505,L,39.42657,41.23464,ASIA,Turkey,WCA
400,Copenhagen,Copenhagen,GPE,0.0,0.0,el,1.0,4032399-7,2618425,P,55.67594,12.56553,EUROPE,Denmark,NEU
401,Ankara,Ankara,GPE,0.0,0.1,el,1.0,4002075-7,323786,P,39.91987,32.85427,EUROPE-AFRICA,Turkey,MED
402,Enipeas,Enipeas,GPE,-0.13833333,0.475,el,1.0,,0,,,,,,
403,Papaflessa,Papaflessa,LOC,0.08333333,0.62916667,el,1.0,,255796,P,37.09316,21.78911,EUROPE-AFRICA,Greece,MED
404,Themistokleous,Themistokleous,GPE,0.08333333,0.62916667,el,1.0,,252971,T,37.93317,23.62424,EUROPE-AFRICA,Greece,MED
405,Montreal,Montreal,GPE,0.05,0.2,el,1.0,4040188-1,6077243,P,45.50884,-73.58781,NORTH-AMERICA,Canada,ENA
406,Trois-Rivières,Trois-Rivières,GPE,0.05,0.2,el,1.0,4119717-3,6169141,P,46.34515,-72.5477,NORTH-AMERICA,Canada,ENA
407,Caribbean,Caribbean,LOC,-0.104,0.84066667,el,1.0,,0,,,,,,
408,the Kouris Dam,the Kouris Dam,LOC,0.05,0.21666667,el,1.0,,0,,,,,,
409,Sporades,Sporades,GPE,-0.11666667,0.32916667,el,1.0,,251155,T,39.0917,24.16443,EUROPE-AFRICA,Greece,MED
410,Colombia,Colombia,GPE,0.0,0.0,el,1.0,4031812-6,3686110,A,4.0,-73.25,SOUTH-AMERICA,Colombia,NWS
411,Imerou Pefkou street,Imerou Pefkou street,LOC,0.0,0.0,el,1.0,,0,,,,,,
412,Anthousa,Anthousa,GPE,-0.28181818,0.56060606,el,1.0,,8740260,P,38.02544,23.87617,EUROPE-AFRICA,Greece,MED
413,Parga,Parga,GPE,-0.28181818,0.56060606,el,1.0,,255736,P,39.28572,20.40044,EUROPE-AFRICA,Greece,MED
414,Aradippou,Aradippou,GPE,0.0,0.3,el,1.0,7667668-7,146796,P,34.94779,33.58813,EUROPE-AFRICA,Cyprus,MED
415,Espiritu Santo,Espiritu Santo,GPE,0.0,0.0,el,1.0,4085612-4,3463930,A,-20.0,-40.75,SOUTH-AMERICA,Brazil,NES
416,Lapsistas,Lapsistas,GPE,-0.21428571,0.35714286,el,1.0,,0,,,,,,
417,Savoie,Savoie,GPE,-0.1,0.2,el,1.0,117150-1,2975517,A,45.46805,6.48547,EUROPE,France,WCE
418,Alpheios,Alpheios,GPE,-0.1,0.58333333,el,1.0,,265345,H,37.61361,21.45303,EUROPE-AFRICA,Greece,MED
419,Indi,Indi,GPE,0.0,0.0,el,1.0,4026722-2,1269750,A,22.0,79.0,ASIA,India,SAS
420,New,New,LOC,0.04545455,0.25151515,el,1.0,4042011-5,5128581,P,40.71427,-74.00597,NORTH-AMERICA,United States,ENA
393,Alassa,Alassa,GPE,0.05,0.21666667,el,1.0,1175268534,10346997,A,34.75876,32.92369,EUROPE-AFRICA,Cyprus,MED
391,Basin,Basin,LOC,-0.7,0.66666667,el,1.0,,0,,,,,,
422,Phaistos,Phaistos,GPE,-0.4125,0.52083333,el,1.0,4196656-9,262531,S,35.05104,24.81438,EUROPE-AFRICA,Greece,MED
390,New Marousakis,New Marousakis,GPE,0.03434343,0.45909091,el,1.0,,0,,,,,,
363,the Municipality of Agios Dimitrios,the Municipality of Agios Dimitrios,GPE,-0.025,0.44166667,el,1.0,,0,,,,,,
364,Northeast US,Northeast US,LOC,0.38989899,0.6959596,el,1.0,,11887749,L,42.80019,-74.11805,NORTH-AMERICA,United States,ENA
365,Connecticut,Connecticut,GPE,0.11818182,0.42727273,el,1.0,4010487-4,4831725,A,41.66704,-72.66648,NORTH-AMERICA,United States,ENA
366,Aragon,Aragon,GPE,0.5,0.5,el,1.0,4068794-6,3336899,A,41.5,-0.66667,EUROPE-AFRICA,Spain,MED
367,the Vardousia mountains,the Vardousia mountains,LOC,-0.33333333,0.46666667,el,1.0,,0,,,,,,
368,Lima,Lima,GPE,-0.15,0.23333333,el,1.0,4035742-9,3936456,P,-12.04318,-77.02824,SOUTH-AMERICA,Peru,NWS
369,Ancas province,Ancas province,GPE,-0.15,0.23333333,el,1.0,,3947850,P,-13.87618,-74.89241,SOUTH-AMERICA,Peru,NWS
370,Newport,Newport,GPE,-0.05,0.36666667,el,1.0,4243472-5,5223593,P,41.4901,-71.31283,NORTH-AMERICA,United States,ENA
371,Shimane,Shimane,GPE,0.0,0.0,el,1.0,4389008-8,1857550,P,35.48333,133.05,ASIA,Japan,EAS
372,the Nevrokopi Fort,the Nevrokopi Fort,LOC,-0.7,0.66666667,el,1.0,,0,,,,,,
373,Netherlands,Netherlands,GPE,-0.30277778,0.63888889,el,1.0,4042203-3,2750405,A,52.25,5.75,EUROPE,The Netherlands,NEU
374,the United States of America,the United States of America,GPE,0.0,0.0,el,1.0,,11887752,L,33.45876,-90.15081,NORTH-AMERICA,United States,CNA
375,Tsatraphyllias,Tsatraphyllias,GPE,-0.37777778,0.64444444,el,1.0,,0,,,,,,
376,Alexandroupoli,Alexandroupoli,GPE,0.05,0.81666667,el,1.0,4235399-3,6299483,S,40.85587,25.95626,EUROPE-AFRICA,Greece,MED
377,Hungary,Hungary,GPE,0.15333333,0.58666667,el,1.0,4078541-5,719819,A,47.0,20.0,EUROPE,Hungary,WCE
378,Kifissia,Kifissia,GPE,0.0,0.0,el,1.0,4233348-9,259824,P,38.07438,23.81106,EUROPE-AFRICA,Greece,MED
379,Amyntaio,Amyntaio,GPE,-0.30833333,0.38055556,el,1.0,1326609181,736882,P,40.68967,21.67974,EUROPE-AFRICA,Greece,MED
380,Indo,Indo,GPE,-0.209375,0.425,el,1.0,4026722-2,1269750,A,22.0,79.0,ASIA,India,SAS
381,​​Ilia,​​Ilia,GPE,-0.5,0.75,el,1.0,,0,,,,,,
382,Limnos,Limnos,GPE,0.0,0.0,el,1.0,4099662-1,258293,T,39.94235,25.2433,EUROPE-AFRICA,Greece,MED
383,Guaiba,Guaiba,GPE,0.5,0.5,el,1.0,,3473964,P,-30.11389,-51.325,SOUTH-AMERICA,Brazil,SES
384,Kalpaki,Kalpaki,GPE,0.0,0.625,el,1.0,,261298,P,39.88778,20.62389,EUROPE-AFRICA,Greece,MED
385,Victoria,Victoria,GPE,0.0,0.0,el,1.0,,241131,P,-4.62001,55.45501,INDIAN,Seychelles,EIO
386,Assos,Assos,GPE,0.1,0.4,el,1.0,4003268-1,264421,P,37.93955,22.82223,EUROPE-AFRICA,Greece,MED
387,Balkans,Balkans,LOC,-0.30277778,0.63888889,el,1.0,,0,,,,,,
388,Britain,Britain,GPE,-0.30277778,0.63888889,el,1.0,4321693-6,4839292,P,41.66121,-72.77954,NORTH-AMERICA,United States,ENA
389,meteo,meteo,GPE,-0.7,0.66666667,el,1.0,,10858768,P,-4.35998,15.23905,AFRICA,Democratic Republic of the Congo,CAF
421,Katafurko,Katafurko,GPE,0.02232143,0.27589286,el,1.0,,0,,,,,,
423,Elafonissos,Elafonissos,GPE,-0.7,0.66666667,el,1.0,,262817,P,36.50805,22.97885,EUROPE-AFRICA,Greece,MED
239,Paralia Kymi,Paralia Kymi,GPE,0.0,0.5,el,1.0,,255771,P,38.63055,24.124,EUROPE-AFRICA,Greece,MED
454,Asia,Asia,LOC,0.03333333,0.31666667,el,1.0,,0,,,,,,
456,the Democratic Republic of Congo,the Democratic Republic of Congo,GPE,-0.2,0.55,el,1.0,4067357-1,203312,A,-2.5,23.5,AFRICA,Democratic Republic of the Congo,CAF
457,Sri Lanka,Sri Lanka,GPE,0.0,0.2,el,1.0,4009696-8,1227603,A,7.75,80.75,INDIAN,Sri Lanka,BOB
458,Samos,Samos,GPE,-0.7,0.66666667,el,1.0,4051507-2,254114,T,37.73292,26.81186,EUROPE-AFRICA,Greece,MED
459,Mesaria,Mesaria,GPE,0.0,0.25,el,1.0,,257224,P,36.39893,25.44807,EUROPE-AFRICA,Greece,MED
460,Sayada,Sayada,GPE,0.0,0.0,el,1.0,,11104956,A,35.66681,10.89079,EUROPE-AFRICA,Tunisia,MED
461,Sumatra,Sumatra,GPE,0.0,0.2,el,1.0,4058586-4,1626198,T,0.0,102.0,ASIA,Indonesia,SEA
462,Lisbon,Lisbon,GPE,-0.04166667,0.43333333,el,1.0,4035919-0,2267057,P,38.72509,-9.1498,EUROPE-AFRICA,Portugal,MED
463,Thailand,Thailand,GPE,0.0,0.2,el,1.0,4078228-1,1605651,A,15.5,101.0,ASIA,Thailand,SEA
464,Varkiza,Varkiza,GPE,-0.1,0.1,el,1.0,4400542-8,252255,P,37.8186,23.7987,EUROPE-AFRICA,Greece,MED
465,North London,North London,GPE,0.1,0.3,el,1.0,4433162-9,4839416,P,41.35565,-72.09952,NORTH-AMERICA,United States,ENA
215,Aksaray,Aksaray,GPE,0.0,0.50595238,tr,1.0,4206312-7,324496,P,38.37255,34.02537,EUROPE-AFRICA,Turkey,MED
214,Connecticut,Connecticut,GPE,0.29090909,0.56969697,tr,1.0,4010487-4,4831725,A,41.66704,-72.66648,NORTH-AMERICA,United States,ENA
213,jamra fall,jamra fall,GPE,0.0,0.0,tr,1.0,,0,,,,,,
212,Sandoz META Region,Sandoz META Region,GPE,0.2,0.275,tr,1.0,,0,,,,,,
211,TURKEY,TURKEY,GPE,0.2,0.275,tr,1.0,4061163-2,298795,A,39.0,35.0,EUROPE-AFRICA,Turkey,MED
210,Yilan,Yilan,GPE,0.0,0.0,tr,1.0,4407796-8,1674199,P,24.757,121.753,ASIA,Taiwan,EAS
209,Leros Island,Leros Island,LOC,0.1,0.4,tr,1.0,,258478,T,37.14667,26.8425,EUROPE-AFRICA,Greece,MED
208,Kenya,Kenya,GPE,-0.08333333,0.28333333,tr,1.0,4030236-2,192950,A,1.0,38.0,AFRICA,Kenya,SEAF
207,Cide district,Cide district,LOC,-0.14166667,0.325,tr,1.0,,6960552,P,28.43013,101.03879,ASIA,China,EAS
206,Muş,Muş,GPE,-0.02,0.54,tr,1.0,4285661-9,304081,P,38.73163,41.48482,ASIA,Turkey,WCA
205,Johannes,Johannes,GPE,-0.33333333,0.66666667,tr,1.0,,3422777,L,83.33333,-32.0,POLAR,Greenland,GIC
204,Svalbard Islands,Svalbard Islands,LOC,0.125,0.38125,tr,1.0,,607102,T,80.72857,20.50323,ARCTIC,Svalbard and Jan Mayen,ARO
203,Uluabat Lake,Uluabat Lake,LOC,0.0,0.1,tr,1.0,,738445,H,40.15639,28.61139,EUROPE-AFRICA,Turkey,MED
202,Southeastern Anatolia Region,Southeastern Anatolia Region,LOC,0.0,0.0,tr,1.0,,10922506,L,38.10898,41.32862,ASIA,Turkey,WCA
201,the Yucatán Peninsula,the Yucatán Peninsula,LOC,-0.04642857,0.39464286,tr,1.0,,0,,,,,,
200,Seydikemer,Seydikemer,GPE,0.0,0.0,tr,1.0,,9548757,A,36.64308,29.34929,EUROPE-AFRICA,Turkey,MED
199,Finland,Finland,GPE,-0.125,0.375,tr,1.0,4017243-0,660013,A,64.0,26.0,EUROPE,Finland,NEU
455,Agiokambos,Agiokambos,LOC,-0.1,0.22222222,el,1.0,,0,,,,,,
453,the Municipality of Thira,the Municipality of Thira,GPE,-0.25,0.83333333,el,1.0,,0,,,,,,
424,East Aceh,East Aceh,GPE,0.0,0.0,el,1.0,,1215631,A,4.61667,97.71667,ASIA,Indonesia,SEA
452,Dymaion Beach,Dymaion Beach,GPE,-0.21944444,0.51388889,el,1.0,,0,,,,,,
425,Komi Republic,Komi Republic,GPE,0.0,0.0,el,1.0,,545854,A,64.125,54.79167,EUROPE,Russia,EEU
426,Polygy,Polygy,GPE,-0.2,0.5,el,1.0,,0,,,,,,
427,North America,North America,LOC,-0.104,0.84066667,el,1.0,,0,,,,,,
428,Sarapio,Sarapio,LOC,0.0,0.0,el,1.0,,5490441,H,35.47491,-105.81562,NORTH-AMERICA,United States,WNA
429,Hymettos,Hymettos,GPE,-0.28958333,0.625,el,1.0,4095858-9,261786,T,37.93508,23.80974,EUROPE-AFRICA,Greece,MED
430,the Eastern Aegean,the Eastern Aegean,LOC,0.0,0.0,el,1.0,,0,,,,,,
431,Petreza,Petreza,GPE,0.0,0.0,el,1.0,,0,,,,,,
432,Trikala,Trikala,GPE,0.16666667,0.56666667,el,1.0,4343018-1,252664,P,39.55493,21.76837,EUROPE-AFRICA,Greece,MED
433,Western Indonesia,Western Indonesia,LOC,-0.1,0.2,el,1.0,,6301201,S,-7.98835,131.30529,ASIA,Indonesia,SEA
434,Rafina,Rafina,GPE,-0.7,0.66666667,el,1.0,,254425,P,38.01812,24.00599,EUROPE-AFRICA,Greece,MED
435,Texas,Texas,GPE,0.3,0.45,el,1.0,4059594-8,12217092,L,28.9204,-98.5772,CENTRAL-AMERICA,United States,NCA
436,U.S.,U.S.,GPE,0.3,0.45,el,1.0,,0,,,,,,
437,The United States,The United States,GPE,0.0,0.0,el,1.0,,0,,,,,,
438,Greenland,Greenland,GPE,-0.1,0.38888889,el,1.0,4022113-1,3425505,A,72.0,-40.0,POLAR,Greenland,GIC
439,Olympiakos,Olympiakos,GPE,0.0,0.0,el,1.0,,0,,,,,,
440,North Island,North Island,LOC,-0.06590909,0.27613636,el,1.0,,3575292,P,17.3259,-62.81055,CENTRAL-AMERICA,St Kitts and Nevis,CAR
441,Midwest,Midwest,LOC,0.8,0.75,el,1.0,4074909-5,12212748,L,43.61327,-88.28917,NORTH-AMERICA,United States,ENA
442,Lake Mornou,Lake Mornou,LOC,0.25,0.33333333,el,1.0,,0,,,,,,
443,Mount Maunganui,Mount Maunganui,LOC,-0.08181818,0.42727273,el,1.0,,2186442,A,-37.61667,176.18333,OCEANIA,New Zealand,NZ
444,Budapest,Budapest,GPE,0.3,0.46666667,el,1.0,4008684-7,3054643,P,47.49835,19.04045,EUROPE,Hungary,WCE
445,Vari,Vari,GPE,0.0,0.0,el,1.0,4029705-6,3073803,P,50.23271,12.87117,EUROPE,Czechia,WCE
446,Kilkis,Kilkis,GPE,-0.1625,0.4375,el,1.0,4241224-9,735736,P,40.99302,22.87433,EUROPE-AFRICA,Greece,MED
447,Melbourne,Melbourne,GPE,0.0,0.0,el,1.0,4038526-7,2158177,P,-37.814,144.96332,OCEANIA,Australia,SAU
448,Purace,Purace,GPE,0.0,0.0,el,1.0,,3671223,A,2.33851,-76.38759,SOUTH-AMERICA,Colombia,NWS
449,Ireland,Ireland,GPE,0.0,0.0,el,1.0,4027667-3,2963597,A,53.0,-8.0,EUROPE,Ireland,NEU
450,Agiokampos,Agiokampos,GPE,-0.51666667,0.66666667,el,1.0,,264056,T,39.71667,22.86667,EUROPE-AFRICA,Greece,MED
451,North Carolina,North Carolina,GPE,0.0,0.0,el,1.0,4042551-4,4563243,P,18.38078,-65.95739,CENTRAL-AMERICA,Puerto Rico,CAR
362,Southern California,Southern California,LOC,0.06818182,0.22727273,el,1.0,,11071615,L,34.68743,-116.78467,NORTH-AMERICA,United States,WNA
361,Honshu,Honshu,GPE,0.0,0.0,el,1.0,,1862185,T,36.0,138.0,ASIA,Japan,EAS
360,Tokyo,Tokyo,GPE,0.0,0.0,el,1.0,4078337-6,1850147,P,35.6895,139.69171,ASIA,Japan,EAS
269,Palisades Tahoe,Palisades Tahoe,GPE,-1.0,1.0,el,1.0,,5398442,T,39.21157,-120.19853,NORTH-AMERICA,United States,WNA
271,Aceh province,Aceh province,GPE,0.56333333,0.95333333,el,1.0,,1215502,P,5.54167,95.33333,ASIA,Indonesia,SEA
272,Long Island,Long Island,GPE,0.18068182,0.45227273,el,1.0,,3572005,A,23.21667,-75.11167,CENTRAL-AMERICA,Bahamas,CAR
273,Agrafon,Agrafon,GPE,0.03904762,0.45142857,el,1.0,,8133730,A,39.07492,21.57975,EUROPE-AFRICA,Greece,MED
274,Dynamic Island,Dynamic Island,LOC,0.0,0.16666667,el,1.0,,0,,,,,,
275,Sahara,Sahara,LOC,0.25,0.9,el,1.0,,0,T,26.0,13.0,,,
276,Mediterranean,Mediterranean,LOC,0.0,0.0,el,1.0,,0,L,35.78,19.33,,,
277,Burj,Burj,GPE,0.0,0.0,el,1.0,,6949499,S,25.1972,55.2742,ASIA,United Arab Emirates,ARP
278,Central,Central,LOC,-0.175,0.22916667,el,1.0,,0,,,,,,
279,Neochorio Karditsa Earthquake,Neochorio Karditsa Earthquake,LOC,0.0,0.0,el,1.0,,0,,,,,,
280,Jebel Ali,Jebel Ali,GPE,0.1,0.4,el,1.0,5328451-3,11524601,P,25.00255,55.10811,ASIA,United Arab Emirates,ARP
281,Messinia,Messinia,GPE,-0.275,0.34722222,el,1.0,16080256-8,257149,A,37.25,21.83333,EUROPE-AFRICA,Greece,MED
282,Aitoloakarnania - Roads,Aitoloakarnania - Roads,LOC,-0.35,0.33333333,el,1.0,,0,,,,,,
283,Oman,Oman,GPE,0.03333333,0.21666667,el,1.0,4075653-1,286963,A,21.0,57.0,ASIA,Oman,ARP
284,New York City,New York City,GPE,-0.28787879,0.48484848,el,1.0,4042011-5,5128581,P,40.71427,-74.00597,NORTH-AMERICA,United States,ENA
285,Kodra,Kodra,GPE,0.0,0.0,el,1.0,,785115,T,41.79,21.02306,EUROPE-AFRICA,North Macedonia,MED
286,Kurdistan,Kurdistan,GPE,0.1875,0.33333333,el,1.0,4033793-5,126585,L,37.0,44.0,ASIA,Iraq,WCA
287,Paleo Faliro,Paleo Faliro,LOC,-0.1625,0.4375,el,1.0,1378275535,256075,P,37.92812,23.70105,EUROPE-AFRICA,Greece,MED
288,west coast,west coast,LOC,0.1,0.4,el,1.0,,12492673,L,39.28,-155.26,PACIFIC,United States,NPO
289,Ionian Islands,Ionian Islands,GPE,0.0,0.0,el,1.0,5082488-0,6697805,A,37.79299,20.78305,EUROPE-AFRICA,Greece,MED
290,Sepolia,Sepolia,GPE,-0.05,0.0,el,1.0,,8740139,P,38.00425,23.71824,EUROPE-AFRICA,Greece,MED
291,Perivola Patras,Perivola Patras,GPE,0.0,0.0,el,1.0,,255514,P,38.21114,21.77053,EUROPE-AFRICA,Greece,MED
292,Perivola,Perivola,GPE,0.0,0.0,el,1.0,,255514,P,38.21114,21.77053,EUROPE-AFRICA,Greece,MED
293,Igoumenitsa,Igoumenitsa,LOC,-0.28125,0.41041667,el,1.0,,261807,P,39.50342,20.26728,EUROPE-AFRICA,Greece,MED
294,Kabul,Kabul,GPE,-0.05,0.05,el,1.0,4029127-3,1138958,P,34.52813,69.17233,ASIA,Afghanistan,WCA
295,Plataria,Plataria,GPE,-0.28125,0.41041667,el,1.0,,255013,P,39.45044,20.27781,EUROPE-AFRICA,Greece,MED
296,the Denizli province,the Denizli province,GPE,0.43333333,0.73333333,el,1.0,,12035657,L,37.83305,29.1041,EUROPE-AFRICA,Turkey,MED
297,Sitia,Sitia,GPE,0.0,0.0,el,1.0,4340765-1,7668316,S,35.2161,26.1013,EUROPE-AFRICA,Greece,MED
270,Lake Tahoe,Lake Tahoe,LOC,0.0,0.06666667,el,1.0,4366043-5,5397664,P,38.93324,-119.98435,NORTH-AMERICA,United States,WNA
268,Middle East,Middle East,LOC,-0.21666667,0.3,el,1.0,,0,L,33.13906,35.85869,,,
359,the United States Geological Survey,the United States Geological Survey,GPE,0.0,0.0,el,1.0,,7708204,S,30.225,-92.045,NORTH-AMERICA,United States,CNA
267,Pyla,Pyla,GPE,0.0,0.33333333,el,1.0,,0,T,34.94281,33.85683,,,
240,Kymi Beach - NAVTEMPORIKI,Kymi Beach - NAVTEMPORIKI,GPE,0.0,0.5,el,1.0,,0,,,,,,
241,the Shetland Islands,the Shetland Islands,LOC,0.43333333,0.73333333,el,1.0,,6625769,T,-62.0,-58.0,POLAR,Antarctica,WAN
242,the National Garden,the National Garden,LOC,-0.08333333,0.34333333,el,1.0,,5694596,L,41.73221,-102.34876,NORTH-AMERICA,United States,CNA
243,the National Oceanic,the National Oceanic,LOC,0.06666667,0.46666667,el,1.0,,4775488,S,38.97539,-77.48166,NORTH-AMERICA,United States,ENA
244,the Kuril Islands,the Kuril Islands,LOC,0.0,0.0,el,1.0,,0,,,,,,
245,Kymi,Kymi,GPE,-0.275,0.68055556,el,1.0,6143593-4,259806,P,38.63477,24.10287,EUROPE-AFRICA,Greece,MED
246,Anderlecht,Anderlecht,GPE,0.0,0.0,el,1.0,4079771-5,2803201,P,50.83619,4.31454,EUROPE,Belgium,WCE
247,Eurovision,Eurovision,GPE,0.03333333,0.06666667,el,1.0,,0,,,,,,
248,Zakharo,Zakharo,GPE,0.1,0.4,el,1.0,,251283,P,37.48333,21.65,EUROPE-AFRICA,Greece,MED
249,Bartholomew,Bartholomew,GPE,0.0,0.0,el,1.0,4085304-4,4256038,P,39.20144,-85.92138,NORTH-AMERICA,United States,ENA
250,Klisto,Klisto,GPE,0.0,0.0,el,1.0,,259645,P,39.08847,21.82558,EUROPE-AFRICA,Greece,MED
251,Guantanamo,Guantanamo,LOC,0.0,0.0,el,1.0,,3557689,P,20.14444,-75.20917,CENTRAL-AMERICA,Cuba,CAR
252,Sougia,Sougia,GPE,0.0,0.0,el,1.0,,253409,P,35.24944,23.81018,EUROPE-AFRICA,Greece,MED
253,Paralia,Paralia,GPE,0.0,0.0,el,1.0,,255777,P,38.19833,21.70263,EUROPE-AFRICA,Greece,MED
254,Tekke Park,Tekke Park,GPE,0.0,0.375,el,1.0,,0,,,,,,
255,Zonguldak,Zonguldak,GPE,-0.2,0.0,el,1.0,4119254-0,737022,P,41.45139,31.79305,EUROPE-AFRICA,Turkey,MED
256,Xiangyang City,Xiangyang City,GPE,-0.4,1.0,el,1.0,,13108504,A,43.85031,126.54875,ASIA,China,EAS
257,Sivota,Sivota,GPE,0.0,0.0,el,1.0,1164477129,257521,T,39.40333,20.21528,EUROPE-AFRICA,Greece,MED
258,Abu Dhabi - Fire,Abu Dhabi - Fire,GPE,-0.3,0.4,el,1.0,,0,,,,,,
259,Geneva,Geneva,GPE,0.0,1.0,el,1.0,4020137-5,2660646,P,46.20222,6.14569,EUROPE,Switzerland,WCE
260,Hydra -,Hydra -,GPE,-0.3,0.55,el,1.0,,261821,T,37.32453,23.44002,EUROPE-AFRICA,Greece,MED
261,Montana,Montana,GPE,0.12727273,0.43674242,el,1.0,4262460-5,729114,P,43.41285,23.22174,EUROPE-AFRICA,Bulgaria,MED
262,the Tower of Chios,the Tower of Chios,LOC,0.0,0.0,el,1.0,,0,,,,,,
263,Daniel,Daniel,GPE,-0.38333333,0.52777778,el,1.0,,3941507,A,-10.5,-76.47448,SOUTH-AMERICA,Peru,NWS
264,Rubaya,Rubaya,GPE,-0.3,0.4,el,1.0,,11400191,A,-2.70724,29.99789,AFRICA,Burundi,SEAF
265,Eastern Macedonia - Thrace,Eastern Macedonia - Thrace,LOC,0.1,0.35,el,1.0,,6697803,A,40.94671,25.33447,EUROPE-AFRICA,Greece,MED
266,the Strait of Hormuz,the Strait of Hormuz,LOC,0.0,0.0,el,1.0,,0,,,,,,
298,Egnatia,Egnatia,GPE,0.0,0.0,el,1.0,4021385-7,3177430,S,40.88776,17.39067,EUROPE-AFRICA,Italy,MED
299,Grammos,Grammos,GPE,-0.125,0.375,el,1.0,4355151-8,783061,T,40.34798,20.77944,EUROPE-AFRICA,Greece,MED
300,Kastellorizos,Kastellorizos,LOC,0.0,0.0,el,1.0,,0,,,,,,
301,Delaware,Delaware,GPE,0.04318182,0.61893939,el,1.0,4085407-3,4142224,A,39.00039,-75.49992,NORTH-AMERICA,United States,ENA
332,Northern Lights,Northern Lights,LOC,0.0,0.0,el,1.0,,6084210,A,57.46822,-118.00252,NORTH-AMERICA,Canada,NWN
333,the Northern Lights,the Northern Lights,LOC,0.26666667,0.8,el,1.0,,4981383,L,43.56064,-70.20588,NORTH-AMERICA,United States,ENA
334,Peristeri,Peristeri,GPE,-0.1,0.1,el,1.0,7667663-8,255524,P,38.01539,23.69187,EUROPE-AFRICA,Greece,MED
335,the Municipality of Peristeri,the Municipality of Peristeri,GPE,0.0,0.0,el,1.0,,0,,,,,,
336,Eastern Attica,Eastern Attica,LOC,-0.7,0.66666667,el,1.0,,8552039,R,14.61249,121.11293,ASIA,Philippines,SEA
337,North Island ',North Island ',GPE,-0.08787879,0.30151515,el,1.0,,3575292,P,17.3259,-62.81055,CENTRAL-AMERICA,St Kitts and Nevis,CAR
338,Pafos,Pafos,GPE,0.0,0.0,el,1.0,4104677-8,146214,P,34.77679,32.42451,EUROPE-AFRICA,Cyprus,MED
339,Zakaki,Zakaki,GPE,-0.2,0.4,el,1.0,,145951,P,34.65864,33.0026,EUROPE-AFRICA,Cyprus,MED
340,Engomi,Engomi,GPE,-0.2,0.4,el,1.0,1202351123,146638,P,35.16272,33.88322,EUROPE-AFRICA,Cyprus,MED
341,the North Island,the North Island,LOC,-0.1,0.1,el,1.0,4229389-3,4796512,P,17.72751,-64.74698,CENTRAL-AMERICA,U.S. Virgin Islands,CAR
342,Maori,Maori,GPE,-0.1,0.1,el,1.0,,2187375,H,-43.56667,171.16667,OCEANIA,New Zealand,NZ
343,Central Greece,Central Greece,LOC,0.0,0.25,el,1.0,,6697800,A,38.35243,23.13995,EUROPE-AFRICA,Greece,MED
344,Northern Aegean,Northern Aegean,LOC,-0.34090909,0.48333333,el,1.0,,5882448,H,50.82143,-94.75741,NORTH-AMERICA,Canada,NEN
345,Poseidon,Poseidon,LOC,-0.2625,0.29166667,el,1.0,,6628909,H,-77.45,162.18333,POLAR,Antarctica,EAN
346,Spyr,Spyr,GPE,-0.27301587,0.58730159,el,1.0,4056179-3,2830582,P,49.32083,8.43111,EUROPE,Germany,WCE
347,Byronas,Byronas,GPE,-0.1,0.1,el,1.0,,0,,,,,,
348,Pieria,Pieria,GPE,-0.45,0.58333333,el,1.0,,734650,T,40.26847,22.20435,EUROPE-AFRICA,Greece,MED
349,Papagou,Papagou,GPE,0.208,0.702,el,1.0,,256342,P,37.98642,23.79347,EUROPE-AFRICA,Greece,MED
350,Zaragoza,Zaragoza,GPE,-0.30833333,0.38055556,el,1.0,4079463-5,3104324,P,41.65606,-0.87734,EUROPE-AFRICA,Spain,MED
351,Valais,Valais,GPE,-0.125,1.0,el,1.0,4064466-2,2658205,A,46.22925,7.45972,EUROPE,Switzerland,WCE
352,Nagano,Nagano,GPE,-0.125,1.0,el,1.0,4310172-0,1856215,P,36.65,138.18333,ASIA,Japan,EAS
353,Engelberg,Engelberg,GPE,0.0,0.5,el,1.0,4014751-4,2660902,P,46.82107,8.40133,EUROPE,Switzerland,WCE
354,Rhode Island,Rhode Island,GPE,-0.05,0.36666667,el,1.0,4049848-7,5224323,A,41.75038,-71.49978,NORTH-AMERICA,United States,ENA
355,New Philadelphia,New Philadelphia,GPE,0.13636364,0.45454545,el,1.0,4130611-9,4145381,P,39.74595,-75.54659,NORTH-AMERICA,United States,ENA
356,UK,UK,GPE,0.0,0.0,el,1.0,4022153-2,2635167,A,54.75844,-2.69531,EUROPE,United Kingdom,NEU
357,Selly,Selly,GPE,0.28878788,0.58040404,el,1.0,,2638221,P,52.43928,-1.94025,EUROPE,United Kingdom,NEU
358,Thira,Thira,GPE,0.0,0.0,el,1.0,4106276-0,252919,T,36.40572,25.45682,EUROPE-AFRICA,Greece,MED
331,Goa,Goa,GPE,-0.065,0.215,el,1.0,4021394-8,1271157,A,15.33333,74.08333,ASIA,India,SAS
330,India,India,GPE,-0.23333333,0.4,el,1.0,4026722-2,1269750,A,22.0,79.0,ASIA,India,SAS
329,the Kabardino-Balkaria region,the Kabardino-Balkaria region,LOC,0.06666667,0.33333333,el,1.0,,0,,,,,,
314,Techblog,Techblog,GPE,0.25568182,0.60227273,el,1.0,,0,,,,,,
302,Vonica,Vonica,GPE,-0.4125,0.52083333,el,1.0,,0,,,,,,
303,Michigan,Michigan,GPE,-0.25,0.4,el,1.0,4115139-2,5001836,A,44.25029,-85.50033,NORTH-AMERICA,United States,ENA
304,Syros,Syros,GPE,0.0,0.0,el,1.0,4077464-8,253775,T,37.44145,24.91922,EUROPE-AFRICA,Greece,MED
305,​​the land zone,​​the land zone,LOC,0.0,0.0,el,1.0,,0,,,,,,
306,Borneo,Borneo,GPE,0.0,0.0,el,1.0,4007777-9,1648148,T,1.0,114.0,ASIA,Indonesia,SEA
307,Iceland,Iceland,GPE,0.0,0.0,el,1.0,4027754-9,2629691,A,65.0,-18.0,POLAR,Iceland,GIC
308,Kalamaria,Kalamaria,GPE,-0.05,0.15,el,1.0,4440781-6,736083,P,40.5825,22.95028,EUROPE-AFRICA,Greece,MED
309,the United Arab…,the United Arab…,GPE,0.0,0.0,el,1.0,,0,,,,,,
310,Northeastern US,Northeastern US,LOC,0.175,0.75,el,1.0,,12217906,L,41.30225,-76.02801,NORTH-AMERICA,United States,ENA
311,Megistis,Megistis,GPE,0.0,0.0,el,1.0,,253107,T,36.11408,29.63583,EUROPE-AFRICA,Greece,MED
312,Western Greece -,Western Greece -,LOC,-0.275,0.34722222,el,1.0,4115867-2,255683,P,38.2462,21.73508,EUROPE-AFRICA,Greece,MED
313,Taipei,Taipei,GPE,0.0,0.0,el,1.0,4078134-3,1668341,P,25.05306,121.52639,ASIA,Taiwan,EAS
315,Tunis,Tunis,GPE,-0.1875,0.5,el,1.0,4061206-5,2464461,A,34.0,9.0,EUROPE-AFRICA,Tunisia,MED
328,Mount Elbrus,Mount Elbrus,LOC,0.0984127,0.37349206,el,1.0,,563532,T,43.35276,42.4375,ASIA,Russia,WCA
316,aurora borealis,aurora borealis,LOC,0.53333333,0.96666667,el,1.0,,8125128,S,58.59278,-134.86278,NORTH-AMERICA,United States,NWN
317,Hortiatis,Hortiatis,GPE,0.43611111,0.70277778,el,1.0,,0,,,,,,
318,Villas,Villas,GPE,-0.7,0.66666667,el,1.0,,4047914,P,26.55035,-81.8687,NORTH-AMERICA,United States,ENA
319,Earth - Bringing,Earth - Bringing,LOC,0.3,0.9,el,1.0,,0,,,,,,
320,Mikrospilia,Mikrospilia,GPE,-0.11666667,0.39166667,el,1.0,,257010,P,39.42333,21.09258,EUROPE-AFRICA,Greece,MED
321,Western Attica,Western Attica,LOC,-0.05,0.05,el,1.0,4652667-5,5107486,P,42.86423,-78.28029,NORTH-AMERICA,United States,ENA
322,Gerolimenas,Gerolimenas,GPE,0.0,0.0,el,1.0,,251385,P,36.48297,22.40054,EUROPE-AFRICA,Greece,MED
323,Paris,Paris,GPE,-0.1875,0.5,el,1.0,4044660-8,2988507,P,48.85341,2.3488,EUROPE,France,WCE
324,Agia,Agia,GPE,-0.28181818,0.56060606,el,1.0,1111131856,264194,P,38.01667,23.83333,EUROPE-AFRICA,Greece,MED
325,Kissavos,Kissavos,GPE,0.0,0.0,el,1.0,7546882-7,256236,T,39.79575,22.68497,EUROPE-AFRICA,Greece,MED
326,Pelion,Pelion,GPE,0.0,0.0,el,1.0,4199000-6,2156547,P,-20.93333,148.81667,OCEANIA,Australia,EAU
327,Godoi Cruz,Godoi Cruz,GPE,0.03333333,0.06666667,el,1.0,,0,,,,,,
146,Southern Italy,Southern Italy,LOC,0.0,0.0,de,1.0,4027833-5,3175395,A,42.83333,12.83333,EUROPE-AFRICA,Italy,MED
145,Salzburg,Salzburg,GPE,0.2,0.48888889,de,1.0,4076982-3,2766824,P,47.79941,13.04399,EUROPE,Austria,WCE
144,the Central African Republic,the Central African Republic,LOC,-0.15,0.34166667,de,1.0,,4138479,S,38.91206,-77.04887,NORTH-AMERICA,United States,ENA
105,Jakarta,Jakarta,GPE,0.0,0.0,nl,1.0,64162-5,1642911,P,-6.21462,106.84513,ASIA,Indonesia,SEA
107,Catshuis,Catshuis,GPE,0.0,0.65,nl,1.0,,0,,,,,,
108,Wellen,Wellen,GPE,0.0,0.0,nl,1.0,3001771-3,2783864,P,50.84096,5.33867,EUROPE,Belgium,WCE
109,Asia,Asia,LOC,-0.2,0.4,nl,1.0,,0,L,29.84064,89.29688,,,
110,Rand,Rand,GPE,-0.01111111,0.57777778,nl,1.0,,1014073,P,-26.36094,27.39767,AFRICA,South Africa,ESAF
111,Lower Belgium,Lower Belgium,GPE,0.25,0.5,nl,1.0,,6297320,S,3.47076,39.10065,AFRICA,Kenya,NEAF
112,Santa Marta,Santa Marta,GPE,0.11111111,0.66666667,nl,1.0,4118410-5,3668605,P,11.23855,-74.19427,SOUTH-AMERICA,Colombia,NWS
113,Walloon,Walloon,GPE,-0.2,0.1,nl,1.0,4117763-0,2790471,P,50.4669,4.86746,EUROPE,Belgium,WCE
114,Brabant,Brabant,GPE,0.0,0.0,nl,1.0,4239401-6,2754447,P,51.48167,5.66111,EUROPE,The Netherlands,WCE
115,Ronda,Ronda,GPE,-0.05,0.125,nl,1.0,4235107-8,2511730,P,36.74231,-5.16709,EUROPE-AFRICA,Spain,MED
116,the Stekense Vaart,the Stekense Vaart,LOC,-0.04722222,0.3,nl,1.0,,0,,,,,,
117,Tessenderlo-Ham,Tessenderlo-Ham,GPE,0.0,0.0,nl,1.0,,0,,,,,,
118,Aceh,Aceh,GPE,-0.06,0.48,nl,1.0,4195742-8,1215502,P,5.54167,95.33333,ASIA,Indonesia,SEA
119,Melbourne,Melbourne,GPE,0.25,0.85,nl,1.0,4038526-7,2158177,P,-37.814,144.96332,OCEANIA,Australia,SAU
120,Uccle,Uccle,GPE,-0.16666667,0.16666667,nl,1.0,4119762-8,2785123,P,50.80225,4.33943,EUROPE,Belgium,WCE
121,Argentina,Argentina,GPE,-0.175,0.6,nl,1.0,4002890-2,3865483,A,-34.0,-64.0,SOUTH-AMERICA,Argentina,SES
122,​​ice,​​ice,GPE,-0.08333333,0.19444444,nl,1.0,,0,,,,,,
123,Vardousia,Vardousia,LOC,-0.06666667,0.0,nl,1.0,,252276,T,38.64171,22.13944,EUROPE-AFRICA,Greece,MED
124,West Java Province,West Java Province,GPE,0.0,0.0,nl,1.0,,6721777,T,36.51044,47.3257,ASIA,Iran,WCA
125,West Bandung,West Bandung,GPE,0.0,0.0,nl,1.0,4080255-3,1650357,P,-6.92222,107.60694,ASIA,Indonesia,SEA
126,Kansas,Kansas,GPE,0.2,0.37777778,nl,1.0,4114131-3,4273857,A,38.50029,-98.50063,NORTH-AMERICA,United States,CNA
127,Oklahoma,Oklahoma,GPE,0.2,0.37777778,nl,1.0,4043423-0,4544349,P,35.46756,-97.51643,NORTH-AMERICA,United States,CNA
128,Lapland,Lapland,GPE,-0.1125,0.2375,nl,1.0,,830603,A,67.75,26.5,EUROPE,Finland,NEU
129,Lidl Netherlands,Lidl Netherlands,GPE,0.0,0.0,nl,1.0,,6956332,S,52.21093,5.97504,EUROPE,The Netherlands,WCE
130,Chile,Chile,GPE,-0.01666667,0.36666667,nl,1.0,4009929-5,3895114,A,-30.0,-71.0,SOUTH-AMERICA,Chile,SWS
131,the North Island,the North Island,LOC,0.11818182,0.37727273,nl,1.0,4229389-3,4796512,P,17.72751,-64.74698,CENTRAL-AMERICA,U.S. Virgin Islands,CAR
132,Tehran,Tehran,GPE,0.0,0.0,nl,1.0,4059304-6,112931,P,35.69439,51.42151,ASIA,Iran,WCA
133,Bourla,Bourla,GPE,0.0,0.0,nl,1.0,,261211,P,38.77844,22.78573,EUROPE-AFRICA,Greece,MED
106,South Holland,South Holland,GPE,0.1,0.3,nl,1.0,4011446-6,2747373,P,52.07667,4.29861,EUROPE,The Netherlands,NEU
104,Beijing,Beijing,GPE,0.0,0.0,nl,1.0,4075971-4,1816670,P,39.9075,116.39723,ASIA,China,EAS
135,the Atlantic Ocean,the Atlantic Ocean,LOC,0.0,0.05,nl,1.0,,4504476,P,39.95373,-74.19792,NORTH-AMERICA,United States,ENA
103,De Warmste,De Warmste,GPE,0.0,0.1,nl,1.0,,0,,,,,,
278,Costa,Costa,LOC,0.0,0.0,it,1.0,4014426-4,2287781,A,8.0,-5.5,AFRICA,Ivory Coast,WAF
279,the Po Valley,the Po Valley,LOC,0.0,0.0,it,1.0,,294676,T,33.15715,35.60619,EUROPE-AFRICA,Israel,MED
351,Washington,Washington,GPE,0.0625,0.5,tr,1.0,4064682-8,4140963,P,38.89511,-77.03637,NORTH-AMERICA,United States,ENA
350,the South Aegean,the South Aegean,LOC,-0.08333333,0.71666667,tr,1.0,,11962665,S,37.30904,26.54747,EUROPE-AFRICA,Greece,MED
349,Avcılar,Avcılar,GPE,-0.125,0.375,tr,1.0,,7732454,A,41.02355,28.7186,EUROPE-AFRICA,Turkey,MED
348,Bandırma,Bandırma,GPE,-0.125,0.375,tr,1.0,4690987-4,751077,P,40.35222,27.97667,EUROPE-AFRICA,Turkey,MED
347,Savaştepe,Savaştepe,GPE,-0.125,0.375,tr,1.0,,8632434,A,39.3926,27.66367,EUROPE-AFRICA,Turkey,MED
346,Aksu,Aksu,GPE,0.39166667,0.59166667,tr,1.0,7534575-4,1529660,P,41.18418,80.27921,ASIA,China,ECA
345,Niscemi,Niscemi,GPE,-0.05625,0.44375,tr,1.0,4461093-2,2524006,P,37.14649,14.39381,EUROPE-AFRICA,Italy,MED
344,Sicily,Sicily,GPE,-0.125,1.0,tr,1.0,4055193-3,2523118,T,37.62304,13.93457,EUROPE-AFRICA,Italy,MED
343,Qamishli,Qamishli,GPE,-0.8,1.0,tr,1.0,,173378,A,36.85071,41.17243,ASIA,Syria,WCA
342,the Ziraat Turkish Cup,the Ziraat Turkish Cup,GPE,0.0,0.0,tr,1.0,,0,,,,,,
341,Toroslar Mevkii,Toroslar Mevkii,GPE,-0.08333333,0.3,tr,1.0,,0,,,,,,
340,Muratpaşa,Muratpaşa,GPE,0.0,0.5,tr,1.0,,8073974,L,36.86589,30.75432,EUROPE-AFRICA,Turkey,MED
339,Aegean Region,Aegean Region,GPE,0.25,0.5,tr,1.0,,10922486,L,38.96622,28.72059,EUROPE-AFRICA,Turkey,MED
338,Lithuania,Lithuania,GPE,0.0,0.0,tr,1.0,4074266-0,597427,A,55.41667,24.0,EUROPE,Lithuania,WCE
337,Tophane,Tophane,GPE,0.0,0.0,tr,1.0,,738702,P,41.02624,28.98144,EUROPE-AFRICA,Turkey,MED
336,Bursa,Bursa,GPE,-0.2,0.0,tr,1.0,4009173-9,750269,P,40.19559,29.06013,EUROPE-AFRICA,Turkey,MED
335,Alagöz,Alagöz,LOC,-0.1125,0.2375,tr,1.0,7735187-3,616943,T,40.52284,44.19534,ASIA,Armenia,WCA
334,Sason district,Sason district,LOC,0.0,0.0,tr,1.0,,1257073,P,21.5478,84.03912,ASIA,India,SAS
333,Eastern Black Sea Region,Eastern Black Sea Region,LOC,0.05666667,0.44666667,tr,1.0,,8347465,L,43.85037,39.38599,EUROPE-AFRICA,Russia,MED
332,Çaykara,Çaykara,GPE,0.24833333,0.69333333,tr,1.0,4226806-0,8631456,A,40.74564,40.24191,ASIA,Turkey,WCA
331,Damascus,Damascus,GPE,0.0,0.0,tr,1.0,4010956-2,170654,P,33.5102,36.29128,EUROPE-AFRICA,Syria,MED
330,Kars,Kars,LOC,-0.6,1.0,tr,1.0,4260372-9,743952,P,40.59825,43.08548,ASIA,Turkey,WCA
329,The United States,The United States,GPE,-0.125,0.375,tr,1.0,,0,L,-14.60485,-57.65625,,,
328,Burdur,Burdur,GPE,-0.08452381,0.31547619,tr,1.0,4260752-8,320392,P,37.72028,30.29083,EUROPE-AFRICA,Turkey,MED
327,Serik district,Serik district,LOC,0.0,0.0,tr,1.0,,0,,,,,,
134,Maryland,Maryland,GPE,0.115,0.46833333,nl,1.0,4037776-3,4361885,A,39.00039,-76.74997,NORTH-AMERICA,United States,ENA
136,Maine,Maine,GPE,0.115,0.46833333,nl,1.0,4114929-4,4971068,A,45.50032,-69.24977,NORTH-AMERICA,United States,ENA
197,Deinze,Deinze,GPE,-0.1,0.1,nl,1.0,4363234-8,2799746,P,50.98175,3.53096,EUROPE,Belgium,WCE
167,Northern Europe,Northern Europe,LOC,-0.2,0.5,nl,1.0,,0,,,,,,
169,Het Geleed,Het Geleed,LOC,-0.04583333,0.33333333,nl,1.0,,0,,,,,,
170,Nieuwpoort,Nieuwpoort,GPE,-0.04583333,0.33333333,nl,1.0,4293510-6,2790150,P,51.13008,2.75135,EUROPE,Belgium,WCE
171,Lombardsijde,Lombardsijde,GPE,-0.04583333,0.33333333,nl,1.0,1159978026,2792187,P,51.15,2.75,EUROPE,Belgium,WCE
172,Poland,Poland,GPE,0.0,0.0,nl,1.0,4046496-9,798544,A,52.0,20.0,EUROPE,Poland,WCE
173,Beringen,Beringen,GPE,0.1,0.15,nl,1.0,4192739-4,2802170,P,51.04954,5.22606,EUROPE,Belgium,WCE
174,Flemish Brabant,Flemish Brabant,GPE,0.05,0.5,nl,1.0,4074300-7,2792482,P,50.87959,4.70093,EUROPE,Belgium,WCE
175,Longwood,Longwood,GPE,0.05,0.25,nl,1.0,,4162783,P,28.70305,-81.3384,NORTH-AMERICA,United States,ENA
176,Sint-Niklaas,Sint-Niklaas,GPE,-0.08333333,0.25,nl,1.0,4363104-6,2786578,P,51.16509,4.1437,EUROPE,Belgium,WCE
177,Queensland,Queensland,GPE,-0.04166667,0.35555556,nl,1.0,4103475-2,2152274,A,-20.0,145.0,OCEANIA,Australia,NAU
178,Almere,Almere,GPE,0.0,0.0,nl,1.0,4330594-5,2759879,P,52.37025,5.21413,EUROPE,The Netherlands,NEU
179,Kortrijk,Kortrijk,GPE,0.0,0.0,nl,1.0,4032537-4,2794055,P,50.82803,3.26487,EUROPE,Belgium,WCE
180,Vallorcine,Vallorcine,GPE,0.0,0.0,nl,1.0,7630586-7,2970882,P,46.03338,6.93188,EUROPE,France,WCE
181,Congo,Congo,GPE,-0.25,0.4,nl,1.0,4032097-2,2260494,A,-1.0,15.5,AFRICA,Republic of the Congo,CAF
182,Democratic Republic of Congo,Democratic Republic of Congo,GPE,-0.175,0.25,nl,1.0,4067357-1,203312,A,-2.5,23.5,AFRICA,Democratic Republic of the Congo,CAF
183,Mexico City,Mexico City,GPE,-0.2,0.4,nl,1.0,4039060-3,3530597,P,19.42847,-99.12766,CENTRAL-AMERICA,Mexico,NCA
184,Planckendael,Planckendael,GPE,0.125,0.41666667,nl,1.0,,0,,,,,,
185,Cebu,Cebu,GPE,0.0,0.0,nl,1.0,4323998-5,1717512,P,10.31672,123.89071,ASIA,Philippines,SEA
186,West Flanders,West Flanders,GPE,-0.25,0.25,nl,1.0,4069688-1,2800931,P,51.20892,3.22424,EUROPE,Belgium,WCE
187,Zilvermeercross,Zilvermeercross,GPE,0.05,0.2,nl,1.0,,0,,,,,,
188,Bruges,Bruges,GPE,0.1,0.5,nl,1.0,4069688-1,2800931,P,51.20892,3.22424,EUROPE,Belgium,WCE
189,West Bank,West Bank,GPE,-0.5,0.5,nl,1.0,,282615,P,32.22111,35.25444,EUROPE-AFRICA,Palestinian Territory,MED
190,the West Bank,the West Bank,GPE,-0.5,0.5,nl,1.0,,5647484,S,48.60832,-112.377,NORTH-AMERICA,United States,WNA
191,Schiedam,Schiedam,GPE,-0.1,0.1,nl,1.0,4232665-5,2747596,P,51.91917,4.38889,EUROPE,The Netherlands,NEU
192,Maasgouw,Maasgouw,GPE,0.0,0.0,nl,1.0,1046466682,6544244,A,51.15426,5.87712,EUROPE,The Netherlands,WCE
193,Wetteren,Wetteren,GPE,0.14,0.69666667,nl,1.0,4830354-9,2783763,P,51.00526,3.88341,EUROPE,Belgium,WCE
194,Temptation Island',Temptation Island',GPE,0.03482143,0.24464286,nl,1.0,,0,,,,,,
195,Balthasar,Balthasar,GPE,0.1,0.5,nl,1.0,7761374-0,12216864,S,49.7917,9.93555,EUROPE,Germany,WCE
168,De Ster,De Ster,GPE,-0.08333333,0.25,nl,1.0,,1123762,P,33.65853,70.08244,ASIA,Afghanistan,WCA
166,derby,derby,GPE,0.55,0.45,nl,1.0,,4832745,P,41.32065,-73.089,NORTH-AMERICA,United States,ENA
137,Vorarlberg,Vorarlberg,GPE,0.0,0.5,nl,1.0,4063944-7,2762300,A,47.25,9.91667,EUROPE,Austria,WCE
165,Central,Central,LOC,0.16666667,0.25,nl,1.0,,0,,,,,,
138,Tyrol,Tyrol,GPE,0.0,0.5,nl,1.0,4060207-2,2763587,L,47.0,11.5,EUROPE,Italy,WCE
139,Providence,Providence,GPE,0.0,0.0,nl,1.0,4047565-7,5224151,P,41.82399,-71.41283,NORTH-AMERICA,United States,ENA
140,Iraq,Iraq,GPE,0.0,0.0,nl,1.0,4072920-5,99237,A,33.0,44.0,ASIA,Iraq,WCA
141,America,America,GPE,0.0,0.0,nl,1.0,,0,L,-14.60485,-57.65625,,,
142,Temse,Temse,GPE,0.05,0.2,nl,1.0,7520444-7,2785778,P,51.12794,4.21372,EUROPE,Belgium,WCE
143,Dutch AI,Dutch AI,LOC,0.0,0.0,nl,1.0,,4854697,A,41.28385,-91.88742,NORTH-AMERICA,United States,CNA
144,Nevada County Sheriff,Nevada County Sheriff,GPE,0.0,0.0,nl,1.0,,5512172,S,39.5723,-119.8101,NORTH-AMERICA,United States,WNA
145,Juno,Juno,GPE,0.0,0.5,nl,1.0,4198801-2,5554072,P,58.30194,-134.41972,NORTH-AMERICA,United States,NWN
146,Bundesliga,Bundesliga,GPE,0.125,0.25,nl,1.0,,0,,,,,,
147,Château of Jemeppe,Château of Jemeppe,LOC,0.3625,0.6875,nl,1.0,,0,,,,,,
148,Lyon,Lyon,GPE,-0.06285714,0.70714286,nl,1.0,4036770-8,2996944,P,45.74846,4.84671,EUROPE,France,WCE
149,Balkans,Balkans,LOC,0.08333333,0.16666667,nl,1.0,,0,L,43.97233,22.11567,,,
150,Zeeland,Zeeland,GPE,0.25,0.33333333,nl,1.0,4115142-2,2750896,P,51.5,3.61389,EUROPE,The Netherlands,WCE
151,Panama,Panama,GPE,0.8,0.9,nl,1.0,4044445-4,3703430,A,9.0,-80.0,CENTRAL-AMERICA,Panama,SCA
152,the Darién jungle,the Darién jungle,LOC,0.8,0.9,nl,1.0,,0,,,,,,
153,Genk,Genk,GPE,0.28333333,0.37222222,nl,1.0,4238046-7,2797670,P,50.965,5.50082,EUROPE,Belgium,WCE
154,Cornwall,Cornwall,GPE,0.5,0.5,nl,1.0,4010579-9,3490851,L,18.25,-77.9,CENTRAL-AMERICA,Jamaica,CAR
155,Eindhoven,Eindhoven,GPE,0.0,0.0,nl,1.0,4013831-8,2756253,P,51.44083,5.47778,EUROPE,The Netherlands,WCE
156,Luxembourg,Luxembourg,GPE,-0.325,0.48055556,nl,1.0,4036728-9,2960313,A,49.75,6.16667,EUROPE,Luxembourg,WCE
157,Kleine-Brogel,Kleine-Brogel,LOC,0.0,0.0,nl,1.0,7684461-4,2794393,P,51.17267,5.45059,EUROPE,Belgium,WCE
158,Nazareth,Nazareth,GPE,0.15625,0.41666667,nl,1.0,4041463-2,294098,X,32.699249,35.30483,EUROPE-AFRICA,Israel,MED
159,Grazalema,Grazalema,GPE,0.05,0.15,nl,1.0,4481647-9,2517049,P,36.76018,-5.36839,EUROPE-AFRICA,Spain,MED
160,Tétouan,Tétouan,GPE,-0.25,0.2,nl,1.0,4373594-0,2528910,P,35.57845,-5.36837,EUROPE-AFRICA,Morocco,MED
161,Leiria,Leiria,GPE,0.0,0.1,nl,1.0,4258716-5,2267095,P,39.74362,-8.80705,EUROPE-AFRICA,Portugal,MED
162,Basel,Basel,GPE,0.05,0.2,nl,1.0,4004617-5,2661604,P,47.55839,7.57327,EUROPE,Switzerland,WCE
163,North Sea String Quartet,North Sea String Quartet,LOC,0.0,0.0,nl,1.0,,0,,,,,,
164,The Hague,The Hague,GPE,0.0,0.0,nl,1.0,4011446-6,2747373,P,52.07667,4.29861,EUROPE,The Netherlands,NEU
277,Palawan,Palawan,LOC,0.0,0.0,it,1.0,10149400-2,1696180,T,9.53153,118.46149,ASIA,Philippines,SEA
276,the Sibillini Mountains,the Sibillini Mountains,LOC,0.0,0.4,it,1.0,,3166558,T,42.9,13.21667,EUROPE-AFRICA,Italy,MED
275,Vicenza,Vicenza,GPE,-0.08333333,0.25,it,1.0,4063445-0,3164419,P,45.54672,11.5475,EUROPE,Italy,WCE
184,Morocco,Morocco,GPE,0.0,0.0,it,1.0,4037680-1,2542007,A,28.5,-10.0,AFRICA,Morocco,SAH
186,Egypt,Egypt,GPE,0.0,0.0,it,1.0,4000556-2,357994,A,27.0,30.0,AFRICA,Egypt,SAH
187,US,US,GPE,0.5,0.5,it,1.0,,0,,,,,,
188,Pacific Ocean,Pacific Ocean,LOC,0.0,0.0,it,1.0,,0,,,,,,
189,Gaza,Gaza,GPE,0.13636364,0.45454545,it,1.0,4092680-1,281133,P,31.50161,34.46672,EUROPE-AFRICA,Palestinian Territory,MED
190,megastore,megastore,GPE,0.25,0.55,it,1.0,,10280567,S,12.51488,-70.01151,CENTRAL-AMERICA,Aruba,CAR
191,Geely Italia,Geely Italia,GPE,0.25,0.35,it,1.0,,0,,,,,,
192,Iran,Iran,GPE,-0.0875,0.1875,it,1.0,4027653-3,130758,A,32.0,53.0,ASIA,Iran,WCA
193,Riyadh,Riyadh,GPE,0.0,0.0,it,1.0,4015384-8,108410,P,24.68773,46.72185,ASIA,Saudi Arabia,ARP
194,Mars,Mars,LOC,0.2280303,0.86287879,it,1.0,,6621751,T,-76.66667,161.95,POLAR,Antarctica,EAN
195,Po Valley,Po Valley,LOC,0.0,0.0,it,1.0,,1819599,T,22.53333,114.23333,ASIA,Hong Kong,EAS
196,Ravenna,Ravenna,GPE,0.15,0.65,it,1.0,4048629-1,3169561,P,44.41344,12.20121,EUROPE-AFRICA,Italy,MED
197,Genoa,Genoa,GPE,0.0,0.0,it,1.0,4020185-5,3176219,P,44.40478,8.94439,EUROPE-AFRICA,Italy,MED
198,Temo,Temo,GPE,-0.01762821,0.4866453,it,1.0,,1624195,T,-0.03259,127.19581,ASIA,Indonesia,SEA
199,the Brenta Dolomites,the Brenta Dolomites,LOC,0.0,0.0,it,1.0,,0,,,,,,
200,Lake Molveno,Lake Molveno,LOC,0.0,0.0,it,1.0,,3173202,H,46.12346,10.95955,EUROPE,Italy,WCE
201,Barcelona,Barcelona,GPE,0.0,0.0,it,1.0,4004503-1,3128760,P,41.38879,2.15899,EUROPE-AFRICA,Spain,MED
202,USA,USA,GPE,0.0,0.0,it,1.0,4078704-7,6252001,X,39.759999,-98.5,NORTH-AMERICA,United States,CNA
203,Peninsula,Peninsula,LOC,0.03333333,0.96666667,it,1.0,,0,,,,,,
204,Noslin,Noslin,GPE,0.0,0.06666667,it,1.0,,0,,,,,,
205,Caucasus,Caucasus,LOC,0.0,0.0625,it,1.0,,0,,,,,,
206,Valencia,Valencia,GPE,-0.29166667,0.54166667,it,1.0,4062284-8,3625549,P,10.16153,-68.00044,SOUTH-AMERICA,Venezuela,NSA
207,Forza Italia,Forza Italia,GPE,0.0,0.0,it,1.0,,2524715,P,37.91539,15.33409,EUROPE-AFRICA,Italy,MED
208,the Los Serranos,the Los Serranos,LOC,-0.29166667,0.54166667,it,1.0,,3804239,P,10.35998,-66.19215,SOUTH-AMERICA,Venezuela,NSA
209,arctic,arctic,LOC,-0.20833333,0.68055556,it,1.0,,0,,,,,,
210,Norway,Norway,GPE,0.1,0.325,it,1.0,4042640-3,3144096,A,62.0,10.0,EUROPE,Norway,NEU
211,the middle earth,the middle earth,LOC,0.4,0.45,it,1.0,,5034664,S,44.15747,-94.00968,NORTH-AMERICA,United States,CNA
212,San Marco,San Marco,GPE,0.06818182,0.5,it,1.0,4370607-1,2523426,P,39.55725,16.12452,EUROPE-AFRICA,Italy,MED
185,Algeria,Algeria,GPE,0.0,0.0,it,1.0,4001179-3,2589581,A,28.0,3.0,AFRICA,Algeria,SAH
183,Maghreb,Maghreb,GPE,0.0,0.0625,it,1.0,,0,,,,,,
274,scudetto,scudetto,GPE,0.0,0.625,it,1.0,,0,,,,,,
182,Forza,Forza,GPE,0.1,0.1,it,1.0,,2524715,P,37.91539,15.33409,EUROPE-AFRICA,Italy,MED
155,the Canton of Valais,the Canton of Valais,GPE,-0.7,0.66666667,it,1.0,,0,,,,,,
156,Meledugno,Meledugno,GPE,-0.1,0.63333333,it,1.0,,0,,,,,,
157,Malendugno,Malendugno,GPE,0.3,0.7,it,1.0,,0,,,,,,
158,Punta Paletta,Punta Paletta,GPE,0.0,0.1,it,1.0,,0,,,,,,
159,Tyrrhenian Basilicata,Tyrrhenian Basilicata,GPE,0.0,0.0,it,1.0,,0,,,,,,
160,Casa Italia,Casa Italia,GPE,0.0,0.0,it,1.0,,12539356,L,39.84966,9.03237,EUROPE-AFRICA,Italy,MED
161,earth,earth,LOC,0.45,0.5,it,1.0,,0,,,,,,
162,Casera,Casera,GPE,0.13333333,0.4,it,1.0,,3179882,P,46.24667,12.15861,EUROPE,Italy,WCE
163,the Major Islands,the Major Islands,LOC,0.02083333,0.6,it,1.0,,7778757,T,18.80573,145.65725,PACIFIC,Northern Mariana Islands,NPO
164,San Giuliano di Puglia,San Giuliano di Puglia,GPE,-0.7,0.2,it,1.0,,3168223,P,41.68796,14.96231,EUROPE-AFRICA,Italy,MED
165,Uilm,Uilm,GPE,0.0,0.0,it,1.0,,0,,,,,,
166,Montebelluna,Montebelluna,GPE,0.2375,0.475,it,1.0,4399240-7,3173029,P,45.77504,12.04904,EUROPE,Italy,WCE
167,Treviso,Treviso,GPE,0.2375,0.475,it,1.0,4119702-1,3165201,P,45.66673,12.2416,EUROPE,Italy,WCE
168,Lampis,Lampis,GPE,0.13636364,0.45454545,it,1.0,,258640,H,37.36856,26.57747,EUROPE-AFRICA,Greece,MED
169,Monfalcone,Monfalcone,LOC,0.0,0.0,it,1.0,4115189-6,3173153,P,45.80463,13.53292,EUROPE,Italy,WCE
170,Sardinia Coldiretti,Sardinia Coldiretti,GPE,-0.7,0.66666667,it,1.0,,0,,,,,,
171,China,China,GPE,0.0,0.0,it,1.0,4009937-4,1814991,A,35.0,105.0,ASIA,China,EAS
172,Zagarolo,Zagarolo,GPE,0.11818182,0.32727273,it,1.0,4299230-8,3163932,P,41.84159,12.8154,EUROPE-AFRICA,Italy,MED
173,vineyards,vineyards,LOC,-0.2,0.3,it,1.0,,4176527,P,26.22373,-81.72798,NORTH-AMERICA,United States,ENA
174,Cogne,Cogne,GPE,0.0,0.0,it,1.0,4085296-9,3178483,P,45.60742,7.35803,EUROPE,Italy,WCE
175,Lillaz (Cogne,Lillaz (Cogne,GPE,0.0,0.0,it,1.0,,8957001,P,45.59477,7.38998,EUROPE,Italy,WCE
176,Geneva,Geneva,GPE,0.1625,0.6125,it,1.0,4020137-5,2660646,P,46.20222,6.14569,EUROPE,Switzerland,WCE
177,Valle d'Aosta,Valle d'Aosta,GPE,0.0,0.0,it,1.0,4079805-7,3182997,P,45.73764,7.31722,EUROPE,Italy,WCE
178,the Calabria Region,the Calabria Region,GPE,-0.10714286,0.30357143,it,1.0,,7534682,L,38.68047,16.54241,EUROPE-AFRICA,Italy,MED
179,Loquis,Loquis,GPE,0.11111111,0.33333333,it,1.0,,0,,,,,,
180,Oltrepò,Oltrepò,GPE,0.25,0.65,it,1.0,,0,,,,,,
181,the Northern Lights,the Northern Lights,LOC,0.0,0.0,it,1.0,,4981383,L,43.56064,-70.20588,NORTH-AMERICA,United States,ENA
213,Brera,Brera,GPE,0.06818182,0.5,it,1.0,,6949436,S,45.4719,9.18806,EUROPE,Italy,WCE
214,Largo Torre Argentina,Largo Torre Argentina,GPE,0.0,0.0,it,1.0,,10303133,S,41.89537,12.47689,EUROPE-AFRICA,Italy,MED
215,Largo di Torre Argentina,Largo di Torre Argentina,GPE,0.0,0.0,it,1.0,,10303133,S,41.89537,12.47689,EUROPE-AFRICA,Italy,MED
216,Rho Pero,Rho Pero,LOC,0.2,0.65,it,1.0,,0,,,,,,
247,Pasini,Pasini,GPE,0.0,0.0,it,1.0,,787190,P,41.27438,21.37011,EUROPE-AFRICA,North Macedonia,MED
248,the Alto Sangro,the Alto Sangro,LOC,-0.06666667,0.56666667,it,1.0,,0,,,,,,
249,Roccaraso,Roccaraso,GPE,-0.06666667,0.56666667,it,1.0,4534500-4,3169145,P,41.84872,14.07846,EUROPE-AFRICA,Italy,MED
250,Rivisondoli,Rivisondoli,GPE,-0.06666667,0.56666667,it,1.0,7653452-2,6543625,A,41.87023,14.06671,EUROPE-AFRICA,Italy,MED
251,Pescocostanzo,Pescocostanzo,GPE,-0.06666667,0.56666667,it,1.0,4424024-7,3171136,P,41.88722,14.06614,EUROPE-AFRICA,Italy,MED
252,the Sardinia Region,the Sardinia Region,LOC,-0.23333333,0.30555556,it,1.0,,4523924,P,39.00784,-83.80854,NORTH-AMERICA,United States,ENA
253,Pontechianale,Pontechianale,GPE,0.25,0.3,it,1.0,,6542437,A,44.62123,7.03002,EUROPE-AFRICA,Italy,MED
254,the Upper Val Varaita,the Upper Val Varaita,LOC,0.25,0.3,it,1.0,,0,,,,,,
255,Zes,Zes,GPE,0.2387013,0.42019481,it,1.0,,3374958,P,6.57489,-57.81661,SOUTH-AMERICA,Guyana,NSA
256,the Special Economic Zone,the Special Economic Zone,GPE,0.2387013,0.42019481,it,1.0,,0,,,,,,
257,California,California,GPE,-0.16666667,0.33333333,it,1.0,,11071615,L,34.68743,-116.78467,NORTH-AMERICA,United States,WNA
258,Ussita,Ussita,GPE,-0.15277778,0.40277778,it,1.0,4515085-0,6542716,A,42.94375,13.13618,EUROPE-AFRICA,Italy,MED
259,Germanasca,Germanasca,GPE,0.025,0.2,it,1.0,4407241-7,3176191,T,44.91667,7.06667,EUROPE-AFRICA,Italy,MED
260,Pellice Valleys,Pellice Valleys,GPE,0.025,0.2,it,1.0,,0,,,,,,
261,Maira,Maira,GPE,0.025,0.2,it,1.0,4295248-7,1407682,L,34.11275,73.3971,ASIA,Pakistan,WCA
262,Po Valleys,Po Valleys,GPE,0.025,0.2,it,1.0,,8849724,S,-34.27576,138.77215,OCEANIA,Australia,SAU
263,Graian Alps,Graian Alps,GPE,0.025,0.2,it,1.0,,3175949,T,45.5,7.16667,EUROPE,Italy,WCE
264,the Stura Valley,the Stura Valley,LOC,0.025,0.2,it,1.0,,0,,,,,,
265,the Upper Susa,the Upper Susa,LOC,0.025,0.2,it,1.0,,0,,,,,,
266,Lazio-Fiorentina,Lazio-Fiorentina,GPE,0.0,0.33333333,it,1.0,,0,,,,,,
267,Fiorentina,Fiorentina,GPE,0.0,0.0,it,1.0,,3171145,P,42.43941,11.48033,EUROPE-AFRICA,Italy,MED
268,Bolognola,Bolognola,GPE,-0.15277778,0.40277778,it,1.0,4428481-0,3181919,P,42.99319,13.2268,EUROPE-AFRICA,Italy,MED
269,Bianco,Bianco,GPE,0.0,0.0,it,1.0,4428416-0,2661525,H,46.40632,10.01732,EUROPE,Switzerland,WCE
270,France,France,GPE,-0.01666667,0.35333333,it,1.0,4018145-5,3017382,A,46.0,2.0,EUROPE,France,WCE
271,Brindisi,Brindisi,GPE,0.0,0.0,it,1.0,4080536-0,3181528,P,40.63215,17.93607,EUROPE-AFRICA,Italy,MED
272,Tirana,Tirana,GPE,0.0,0.0,it,1.0,4270905-2,3183875,P,41.32744,19.81866,EUROPE-AFRICA,Albania,MED
273,Siena,Siena,GPE,0.0,0.0,it,1.0,4054903-3,3166548,P,43.31822,11.33064,EUROPE-AFRICA,Italy,MED
246,Lido,Lido,GPE,0.0,0.0,it,1.0,7582544-2,3174741,P,41.73212,12.27654,EUROPE-AFRICA,Italy,MED
245,the Aeolian Islands,the Aeolian Islands,LOC,-0.33333333,0.5,it,1.0,,0,,,,,,
244,South Tyrol,South Tyrol,GPE,-0.0625,0.1875,it,1.0,4007901-6,3181913,P,46.49067,11.33982,EUROPE,Italy,WCE
229,Sma,Sma,GPE,0.0,0.0,it,1.0,,1624114,T,-9.0,120.0,ASIA,Indonesia,SEA
217,Molise National Park,Molise National Park,GPE,0.475,0.625,it,1.0,,3183559,L,41.83333,13.75,EUROPE-AFRICA,Italy,MED
218,Bremen,Bremen,GPE,0.0,0.0,it,1.0,4090044-7,2944388,P,53.07582,8.80717,EUROPE,Germany,NEU
219,Cav,Cav,LOC,0.25,0.33333333,it,1.0,4079610-3,2395915,P,7.18286,1.99119,AFRICA,Benin,WAF
220,Tyrrhenian Calabria,Tyrrhenian Calabria,GPE,0.25666667,0.39333333,it,1.0,,0,,,,,,
221,Pisa,Pisa,GPE,0.22727273,0.54545455,it,1.0,4046151-8,3170647,P,43.70853,10.4036,EUROPE-AFRICA,Italy,MED
222,the Ionian Sea,the Ionian Sea,LOC,0.03333333,0.3,it,1.0,,0,,,,,,
223,Balkans,Balkans,LOC,0.03333333,0.3,it,1.0,,0,,,,,,
224,Olimpico,Olimpico,GPE,0.0,0.0,it,1.0,,6954037,S,41.93389,12.45472,EUROPE-AFRICA,Italy,MED
225,Sala,Sala,GPE,0.0,0.25,it,1.0,,4030734,T,-26.4722,-105.3619,PACIFIC,Chile,SPO
226,San Siro,San Siro,GPE,0.0,0.0,it,1.0,7742370-7,6534436,P,46.06573,9.26877,EUROPE,Italy,WCE
227,Haaland,Haaland,GPE,0.0,0.0,it,1.0,,5968708,H,58.00013,-108.36745,NORTH-AMERICA,Canada,NWN
228,Luzzati,Luzzati,GPE,-0.1,0.1,it,1.0,,10282432,S,44.40799,8.92473,EUROPE-AFRICA,Italy,MED
230,Marusic,Marusic,LOC,0.0,0.06666667,it,1.0,,3282039,P,43.59778,16.70278,EUROPE-AFRICA,Croatia,MED
243,the Messina area,the Messina area,LOC,-0.7,0.66666667,it,1.0,,5126194,P,44.9281,-74.89186,NORTH-AMERICA,United States,ENA
231,the Bellagarda ice waterfall,the Bellagarda ice waterfall,LOC,-0.3,0.6,it,1.0,,0,,,,,,
232,Arctic frost,Arctic frost,LOC,-0.2,0.52222222,it,1.0,,0,,,,,,
233,Arctic,Arctic,LOC,0.375,0.875,it,1.0,,0,,,,,,
234,Crotone,Crotone,GPE,0.0,0.28333333,it,1.0,4200589-9,6299534,S,38.99723,17.08017,EUROPE-AFRICA,Italy,MED
235,Gairo,Gairo,GPE,-1.0,1.0,it,1.0,,2524683,P,39.84972,9.50472,EUROPE-AFRICA,Italy,MED
236,Bitti,Bitti,GPE,-1.0,1.0,it,1.0,4748174-2,2218631,T,21.99806,19.14361,AFRICA,Libya,SAH
237,Digitale,Digitale,GPE,-0.01590909,0.16363636,it,1.0,,6696736,S,51.08686,3.66597,EUROPE,Belgium,WCE
238,Torpè,Torpè,GPE,-0.1125,0.375,it,1.0,,3165492,P,40.6278,9.67916,EUROPE-AFRICA,Italy,MED
239,North Africa,North Africa,GPE,0.15444444,0.58444444,it,1.0,7648389-7,57289,P,9.56,44.065,AFRICA,Somalia,NEAF
240,Trentino-Alto Adige,Trentino-Alto Adige,LOC,0.29166667,0.45,it,1.0,4060814-1,3165244,A,46.5,11.33333,EUROPE,Italy,WCE
241,Linosa,Linosa,GPE,1.0,1.0,it,1.0,,0,,,,,,
242,the Pelagie Islands,the Pelagie Islands,LOC,0.5,0.7,it,1.0,,0,,,,,,
196,Club Brugge,Club Brugge,GPE,0.0,0.0,nl,1.0,,0,,,,,,
198,Turnhout,Turnhout,GPE,-0.00833333,0.7,nl,1.0,4119754-9,2785141,P,51.32254,4.94471,EUROPE,Belgium,WCE
143,Namibia,Namibia,GPE,-0.15,0.34166667,de,1.0,4075202-1,3355338,A,-22.0,17.0,AFRICA,Namibia,WSAF
148,Lushan,Lushan,GPE,-1.0,1.0,ru,1.0,4594307-2,7731142,S,29.47794,115.80225,ASIA,China,EAS
150,Mala,Mala,GPE,0.0,0.0,ru,1.0,1235237389,832937,T,41.88827,20.73769,EUROPE-AFRICA,Kosovo,MED
319,Isparta Eğirdir Lake,Isparta Eğirdir Lake,GPE,0.1875,0.4375,tr,1.0,,315904,H,38.04417,30.89417,EUROPE-AFRICA,Turkey,MED
318,Lake Eğirdir,Lake Eğirdir,GPE,-1.0,1.0,tr,1.0,,315904,H,38.04417,30.89417,EUROPE-AFRICA,Turkey,MED
317,Isparta Lake Eğirdir,Isparta Lake Eğirdir,LOC,0.1875,0.4375,tr,1.0,,315904,H,38.04417,30.89417,EUROPE-AFRICA,Turkey,MED
316,Ireland,Ireland,GPE,0.0,0.0,tr,1.0,4027667-3,2963597,A,53.0,-8.0,EUROPE,Ireland,NEU
315,the Western Mediterranean,the Western Mediterranean,LOC,-0.1,0.25,tr,1.0,,3007868,L,44.25,-1.0,EUROPE-AFRICA,France,MED
314,the North Aegean Sea,the North Aegean Sea,LOC,0.0,0.0,tr,1.0,,10295462,S,37.79189,26.70433,EUROPE-AFRICA,Greece,MED
313,Hy-Brasil,Hy-Brasil,GPE,0.0,0.0,tr,1.0,,8647167,S,-28.07759,117.90906,OCEANIA,Australia,CAU
312,Central Mediterranean,Central Mediterranean,LOC,-0.04166667,0.23333333,tr,1.0,,10922504,L,39.17175,33.52346,EUROPE-AFRICA,Turkey,MED
311,Silifke,Silifke,GPE,0.6,0.8,tr,1.0,4273285-2,300808,P,36.37778,33.93444,EUROPE-AFRICA,Turkey,MED
310,Çekirge,Çekirge,GPE,0.0,0.0,tr,1.0,7862131-8,318943,P,39.16889,32.53389,EUROPE-AFRICA,Turkey,MED
309,Çatalca,Çatalca,GPE,0.0,0.0,tr,1.0,4229455-1,749644,P,41.14073,28.45967,EUROPE-AFRICA,Turkey,MED
308,Trabzonspor,Trabzonspor,GPE,0.33333333,0.66666667,tr,1.0,,0,,,,,,
307,Samandağ,Samandağ,GPE,0.0,0.0,tr,1.0,,301975,P,36.08012,35.97603,EUROPE-AFRICA,Turkey,MED
306,the Aegean Region,the Aegean Region,LOC,0.5,0.5,tr,1.0,,12035657,L,37.83305,29.1041,EUROPE-AFRICA,Turkey,MED
305,Pepecura,Pepecura,GPE,-0.16666667,0.43333333,tr,1.0,,0,,,,,,
304,İlhan Depe,İlhan Depe,GPE,0.0,0.0,tr,1.0,,0,,,,,,
303,the Altai Mountains,the Altai Mountains,LOC,-0.071875,0.65,tr,1.0,,0,,,,,,
72,Rome,Rome,GPE,0.1,0.4,de,1.0,4050471-2,3169070,P,41.89193,12.51133,EUROPE-AFRICA,Italy,MED
73,Arctic,Arctic,LOC,-0.05,0.6,de,1.0,,0,,,,,,
74,Sauerland,Sauerland,LOC,0.0,0.0,de,1.0,4058620-0,2824655,P,51.3281,8.00369,EUROPE,Germany,WCE
75,Eastern Europe's,Eastern Europe's,LOC,0.0,0.0,de,1.0,4074987-3,524901,P,55.75204,37.61781,EUROPE,Russia,WCE
76,Superbrain,Superbrain,GPE,0.0,0.0,de,1.0,,0,,,,,,
77,Fiala,Fiala,GPE,0.0,0.0,de,1.0,,661363,P,64.16667,24.3,EUROPE,Finland,NEU
78,Portugal,Portugal,GPE,0.0,0.0,de,1.0,4046843-4,2264397,A,39.6945,-8.13057,EUROPE-AFRICA,Portugal,MED
79,Bansko,Bansko,GPE,0.0,0.1,de,1.0,4400635-4,733462,P,41.8361,23.48745,EUROPE-AFRICA,Bulgaria,MED
80,Silvretta Montafon,Silvretta Montafon,LOC,0.0,0.0,de,1.0,,9257303,S,46.9869,10.02713,EUROPE,Austria,WCE
149,Baghdad,Baghdad,GPE,0.21111111,0.52222222,ru,1.0,4004237-6,98182,P,33.34058,44.40088,ASIA,Iraq,WCA
147,the Republic of Belarus,the Republic of Belarus,GPE,-0.15,0.83333333,ru,1.0,,13156265,S,53.90432,27.62096,EUROPE,Belarus,WCE
82,New ZDFneo,New ZDFneo,GPE,-0.15454545,0.70151515,de,1.0,,0,,,,,,
146,Texas,Texas,GPE,0.3,0.3,ru,1.0,4059594-8,12217092,L,28.9204,-98.5772,CENTRAL-AMERICA,United States,NCA
119,Finland,Finland,GPE,-0.05833333,0.25277778,ru,1.0,4017243-0,660013,A,64.0,26.0,EUROPE,Finland,NEU
120,Zlatoust,Zlatoust,GPE,0.1,0.4,ru,1.0,4263699-1,462444,P,55.17182,59.65471,EUROPE,Russia,EEU
121,Belorechensk,Belorechensk,GPE,0.0,0.375,ru,1.0,1035552396,577893,P,44.77002,39.87246,EUROPE-AFRICA,Russia,MED
122,France,France,GPE,-0.16666667,0.16666667,ru,1.0,4018145-5,3017382,A,46.0,2.0,EUROPE,France,WCE
123,the United States of America,the United States of America,GPE,0.1,0.33333333,ru,1.0,,11887752,L,33.45876,-90.15081,NORTH-AMERICA,United States,CNA
124,Toulouse,Toulouse,GPE,-0.16666667,0.16666667,ru,1.0,4060518-8,2972315,P,43.60426,1.44367,EUROPE-AFRICA,France,MED
125,the Western Hemisphere,the Western Hemisphere,LOC,0.0,0.0,ru,1.0,,0,,,,,,
126,Primorye,Primorye,GPE,0.13636364,0.45454545,ru,1.0,4119146-8,2013348,P,43.10562,131.87353,ASIA,Russia,EAS
127,the Sea of ​​Okhotsk,the Sea of ​​Okhotsk,LOC,0.11818182,0.72727273,ru,1.0,,0,,,,,,
128,the Bryansk Region,the Bryansk Region,LOC,0.0,0.0,ru,1.0,,0,,,,,,
129,Bryansk,Bryansk,GPE,-0.375,0.375,ru,1.0,4364485-5,571476,P,53.25209,34.37167,EUROPE,Russia,WCE
130,the South Caucasus,the South Caucasus,LOC,0.0,0.0,ru,1.0,,0,,,,,,
131,Baku,Baku,GPE,0.0,0.0,ru,1.0,4080246-2,587084,P,40.37767,49.89201,ASIA,Azerbaijan,WCA
132,Nizhny Novgorod,Nizhny Novgorod,GPE,0.0,0.0,ru,1.0,1028176-9,520555,P,56.32867,44.00205,EUROPE,Russia,EEU
133,Vladimir,Vladimir,GPE,0.0,0.0,ru,1.0,4108478-0,473247,P,56.13655,40.39658,EUROPE,Russia,EEU
134,Smolensk,Smolensk,GPE,0.0,0.0,ru,1.0,4104771-0,491687,P,54.77826,32.05088,EUROPE,Russia,WCE
135,Stavyansk,Stavyansk,GPE,-0.3,0.4,ru,1.0,,0,,,,,,
136,Sertolovo,Sertolovo,GPE,0.0,0.0,ru,1.0,,496519,P,60.1444,30.20165,EUROPE,Russia,NEU
137,Yasnaya,Yasnaya,GPE,0.0,0.0,ru,1.0,,7607829,L,57.049,86.469,ASIA,Russia,WSB
138,South America,South America,LOC,0.0,0.0,ru,1.0,,0,,,,,,
139,Roman,Roman,GPE,0.21428571,0.57142857,ru,1.0,,727598,P,43.15,23.91667,EUROPE-AFRICA,Bulgaria,MED
140,Karabash,Karabash,GPE,0.25,0.25,ru,1.0,,552974,P,54.693,52.58359,EUROPE,Russia,EEU
141,G4.7,G4.7,GPE,0.0,0.0,ru,1.0,,0,,,,,,
142,Khamovniki,Khamovniki,GPE,0.0,1.0,ru,1.0,,9881950,A,55.72327,37.57221,EUROPE,Russia,WCE
143,Valley,Valley,GPE,0.0,0.0,ru,1.0,,3573374,P,18.21704,-63.05783,CENTRAL-AMERICA,Anguilla,CAR
144,Kaliningrad,Kaliningrad,GPE,0.31666667,0.7,ru,1.0,4031541-1,554234,P,54.70639,20.51102,EUROPE,Russia,WCE
145,Tyumen,Tyumen,GPE,-0.04166667,0.35555556,ru,1.0,4344400-3,1488754,P,57.15222,65.52722,ASIA,Russia,WSB
81,Puglia,Puglia,GPE,0.5,1.0,de,1.0,4085139-4,3180792,P,41.21954,16.06768,EUROPE-AFRICA,Italy,MED
83,the People's Republic,the People's Republic,GPE,0.25,0.625,de,1.0,4130903-0,1210997,A,24.0,90.0,ASIA,Bangladesh,SAS
199,Hertoginstraat,Hertoginstraat,GPE,0.0,0.0,nl,1.0,,0,,,,,,
114,Gmünd,Gmünd,GPE,-0.35,0.55,de,1.0,301295-5,2835482,P,48.79947,9.79809,EUROPE,Germany,WCE
116,Freistadt,Freistadt,GPE,0.25833333,0.40833333,de,1.0,4093242-4,2779275,P,48.51103,14.50453,EUROPE,Austria,WCE
117,Riyadh,Riyadh,GPE,0.0,0.0,de,1.0,4015384-8,108410,P,24.68773,46.72185,ASIA,Saudi Arabia,ARP
118,Dakar,Dakar,GPE,0.0,0.0,de,1.0,4010921-5,2253354,P,14.6937,-17.44406,AFRICA,Senegal,WAF
119,South Tyrol,South Tyrol,GPE,0.0,0.0,de,1.0,4007901-6,3181913,P,46.49067,11.33982,EUROPE,Italy,WCE
120,Kyiv,Kyiv,GPE,0.0,0.0,de,1.0,4030522-3,703448,P,50.45466,30.5238,EUROPE,Ukraine,WCE
121,Weißensee,Weißensee,GPE,0.1,0.4,de,1.0,4293948-3,2811861,H,52.55432,13.46342,EUROPE,Germany,WCE
122,Moscow,Moscow,GPE,0.15,0.15,de,1.0,4074987-3,524901,P,55.75222,37.61556,EUROPE,Russia,WCE
123,Sarajevo,Sarajevo,GPE,0.0,0.0,de,1.0,4077016-3,3191281,P,43.84864,18.35644,EUROPE-AFRICA,Bosnia and Herzegovina,MED
124,GÜNZBURG,GÜNZBURG,GPE,0.32424242,0.79191919,de,1.0,4022458-2,2913555,P,48.45599,10.27695,EUROPE,Germany,WCE
125,LUCERNE,LUCERNE,GPE,0.32424242,0.79191919,de,1.0,4036733-2,2659811,P,47.05048,8.30635,EUROPE,Switzerland,WCE
126,Trento,Trento,GPE,0.2,1.0,de,1.0,4078405-8,3165243,P,46.06787,11.12108,EUROPE,Italy,WCE
127,Great Britain,Great Britain,GPE,0.32142857,0.57380952,de,1.0,4022153-2,2635167,A,54.75844,-2.69531,EUROPE,United Kingdom,NEU
128,London,London,GPE,0.0,0.0,de,1.0,4074335-4,2643743,P,51.50853,-0.12574,EUROPE,United Kingdom,NEU
129,Stuben,Stuben,GPE,-0.1,0.3,de,1.0,,4926796,A,41.64387,-85.00077,NORTH-AMERICA,United States,ENA
130,Stubaital,Stubaital,GPE,0.00357143,0.36964286,de,1.0,4126139-2,2770651,P,47.11667,11.31667,EUROPE,Austria,WCE
131,Upper Palatinate,Upper Palatinate,LOC,-0.16666667,0.26666667,de,1.0,4048989-9,2849483,P,49.01513,12.10161,EUROPE,Germany,WCE
132,the Upper Palatinate,the Upper Palatinate,LOC,0.0,0.25,de,1.0,,0,,,,,,
133,the Harz Mountains,the Harz Mountains,LOC,0.3,0.5,de,1.0,,0,,,,,,
134,Erzgebirge,Erzgebirge,LOC,0.25,0.33333333,de,1.0,4015476-2,2929226,T,50.5,13.16667,EUROPE,Czechia,WCE
135,Frankfurt,Frankfurt,GPE,0.5,0.5,de,1.0,4018118-2,2925533,P,50.11552,8.68417,EUROPE,Germany,WCE
136,Zittau,Zittau,GPE,0.5,0.5,de,1.0,4067897-0,2804008,P,50.89772,14.80764,EUROPE,Germany,WCE
137,Siberia,Siberia,LOC,0.0,0.0,de,1.0,4286755-1,11961345,L,55.01565,82.96276,ASIA,Russia,WSB
138,Hanover,Hanover,GPE,0.1,0.4,de,1.0,4023349-2,3490145,A,18.41667,-78.13333,CENTRAL-AMERICA,Jamaica,CAR
139,Azerbaijan,Azerbaijan,GPE,0.0,0.1,de,1.0,1023252-7,587116,A,40.5,47.5,ASIA,Azerbaijan,WCA
140,U3,U3,LOC,0.0,0.0,de,1.0,4207272-4,2650752,P,56.46913,-2.97489,EUROPE,United Kingdom,NEU
141,Montana,Montana,GPE,0.0,0.0,de,1.0,4262460-5,729114,P,43.4125,23.225,EUROPE-AFRICA,Bulgaria,MED
142,North Korea,North Korea,GPE,-0.15,0.34166667,de,1.0,4075468-6,1873107,A,40.0,127.0,ASIA,North Korea,EAS
115,Waldviertel,Waldviertel,GPE,-0.35,0.55,de,1.0,4064426-1,7871801,A,48.49738,15.36927,EUROPE,Austria,WCE
113,Bengal,Bengal,GPE,0.0,0.0,de,1.0,4029344-0,1275004,P,22.56263,88.36304,ASIA,India,SAS
84,Stuttgart,Stuttgart,GPE,0.0,1.0,de,1.0,4058282-6,2825297,P,48.78232,9.17702,EUROPE,Germany,WCE
112,Flensburg,Flensburg,GPE,-0.4,0.4,de,1.0,4017506-6,2926271,P,54.78805,9.43722,EUROPE,Germany,NEU
85,earth,earth,LOC,0.4,0.9,de,1.0,,0,L,0.0,0.0,,,
86,west dusty,west dusty,GPE,-0.25,0.5,de,1.0,,3580679,P,19.3787,-81.39507,CENTRAL-AMERICA,Cayman Islands,CAR
87,East sunny,East sunny,LOC,-0.25,0.5,de,1.0,,5011580,H,44.60838,-83.7946,NORTH-AMERICA,United States,ENA
88,Barcelona,Barcelona,GPE,0.0,0.0,de,1.0,4004503-1,3128760,P,41.38879,2.15899,EUROPE-AFRICA,Spain,MED
89,the Isar Valley,the Isar Valley,LOC,0.0,0.0,de,1.0,,0,,,,,,
90,the Danube Valley,the Danube Valley,LOC,0.0,0.0,de,1.0,,0,,,,,,
91,Oberwart,Oberwart,LOC,0.25,0.33333333,de,1.0,4043013-3,2769623,P,47.28971,16.20595,EUROPE,Austria,WCE
92,Burgenland,Burgenland,GPE,0.25,0.33333333,de,1.0,4009114-4,2781194,A,47.5,16.41667,EUROPE,Austria,WCE
93,the Federal Republic,the Federal Republic,GPE,0.0,0.0,de,1.0,4080517-7,3469058,P,-15.77972,-47.92972,SOUTH-AMERICA,Brazil,NES
94,Innsbruck,Innsbruck,GPE,0.0,0.0,de,1.0,4027096-8,2775220,P,47.26266,11.39454,EUROPE,Austria,WCE
95,Melendugno,Melendugno,GPE,0.35,0.65,de,1.0,4461353-2,3173630,P,40.27252,18.33798,EUROPE-AFRICA,Italy,MED
96,United States,United States,GPE,0.0,0.35555556,de,1.0,,0,L,-14.60485,-57.65625,,,
97,Long Island,Long Island,GPE,0.04318182,0.42727273,de,1.0,,3572005,A,23.21667,-75.11167,CENTRAL-AMERICA,Bahamas,CAR
98,east coast,east coast,LOC,-0.14978355,0.62770563,de,1.0,,12212303,L,37.02332,-77.36954,NORTH-AMERICA,United States,ENA
99,West,West,LOC,0.1,0.4,de,1.0,,11887751,L,42.77268,-116.9579,NORTH-AMERICA,United States,WNA
100,Tuttlingen,Tuttlingen,GPE,0.0,0.0,de,1.0,4061293-4,2820693,P,47.98464,8.8177,EUROPE,Germany,WCE
101,Stuttgart +++,Stuttgart +++,GPE,0.04545455,0.23333333,de,1.0,,0,,,,,,
102,the GdP union,the GdP union,GPE,0.0,0.0,de,1.0,,0,,,,,,
103,Gaißau,Gaißau,GPE,0.0,0.5,de,1.0,416831-8,7872658,A,47.48474,9.58646,EUROPE,Switzerland,WCE
104,Fellbach,Fellbach,GPE,0.06818182,0.3,de,1.0,4016707-0,2927268,P,48.80912,9.27697,EUROPE,Germany,WCE
105,Vorarlberg,Vorarlberg,GPE,-0.16666667,0.16666667,de,1.0,4063944-7,2762300,A,47.25,9.91667,EUROPE,Austria,WCE
106,Los Angeles,Los Angeles,GPE,-0.19166667,0.53333333,de,1.0,4036361-2,5368361,P,34.05223,-118.24368,NORTH-AMERICA,United States,WNA
107,Dessau,Dessau,GPE,0.03333333,0.12777778,de,1.0,1211907996,2937959,P,51.83864,12.24555,EUROPE,Germany,WCE
108,Australia,Australia,GPE,0.0,0.0,de,1.0,4003900-6,2077456,A,-25.0,135.0,OCEANIA,Australia,CAU
109,Bosnia,Bosnia,GPE,0.0,0.05,de,1.0,4088119-2,3277605,A,44.25,17.83333,EUROPE-AFRICA,Bosnia and Herzegovina,MED
110,Hungary,Hungary,GPE,0.0,0.0,de,1.0,4078541-5,719819,A,47.0,20.0,EUROPE,Hungary,WCE
111,Bundeswehr,Bundeswehr,GPE,0.1,0.38333333,de,1.0,,0,,,,,,
118,Omsk,Omsk,GPE,0.0,0.0,ru,1.0,4116763-6,1496153,P,54.99244,73.36859,ASIA,Russia,WSB
117,Siberia,Siberia,LOC,-0.05,0.75,ru,1.0,4286755-1,11961345,L,55.01565,82.96276,ASIA,Russia,WSB
116,Irkutsk,Irkutsk,GPE,-0.01111111,0.27777778,ru,1.0,4192640-7,2023469,P,52.29795,104.29585,ASIA,Russia,ESB
229,South,South,LOC,0.0,0.0,nl,1.0,,11887752,L,33.45876,-90.15081,NORTH-AMERICA,United States,CNA
231,the West Flemish Cup,the West Flemish Cup,LOC,-0.08787879,0.71818182,nl,1.0,,0,,,,,,
232,Dubai,Dubai,GPE,-0.08333333,0.45833333,nl,1.0,4204044-9,292223,P,25.07725,55.30927,ASIA,United Arab Emirates,ARP
233,Alpine,Alpine,LOC,-0.5,0.5,nl,1.0,,5770732,P,40.45328,-111.77799,NORTH-AMERICA,United States,WNA
234,Eisden-Tuinwijk,Eisden-Tuinwijk,GPE,0.0,0.0,nl,1.0,,0,,,,,,
235,Chamoson,Chamoson,GPE,0.0,0.0,nl,1.0,4593473-3,2661226,P,46.20275,7.22319,EUROPE,Switzerland,WCE
236,Africa,Africa,LOC,0.25,0.25,nl,1.0,,0,,,,,,
237,Michigan,Michigan,GPE,0.22,0.58,nl,1.0,4115139-2,5001836,A,44.25029,-85.50033,NORTH-AMERICA,United States,ENA
238,Zimbabwe,Zimbabwe,GPE,-0.2,0.5,nl,1.0,4049850-5,878675,A,-19.0,29.75,AFRICA,Zimbabwe,ESAF
239,St. Barbara's,St. Barbara's,GPE,0.0,0.0,nl,1.0,,5390804,S,34.45916,-119.6943,NORTH-AMERICA,United States,WNA
240,Excelsior Vorst,Excelsior Vorst,LOC,0.3,0.2,nl,1.0,,0,,,,,,
241,Friedrichshafen,Friedrichshafen,GPE,0.0,0.0,nl,1.0,4018596-5,2924585,P,47.65689,9.47554,EUROPE,Germany,WCE
242,Earth,Earth,LOC,0.0,0.0,nl,1.0,,0,,,,,,
243,auroras,auroras,GPE,1.0,1.0,nl,1.0,,9181904,T,24.46629,-103.43819,CENTRAL-AMERICA,Mexico,NCA
244,Grand Rapids,Grand Rapids,GPE,0.22,0.58,nl,1.0,4274722-3,4994358,P,42.96336,-85.66809,NORTH-AMERICA,United States,ENA
245,Réunion,Réunion,GPE,0.03125,0.25,nl,1.0,4049639-9,935317,A,-21.1,55.6,INDIAN,Reunion,SIO
326,Bahçeli,Bahçeli,GPE,0.0,0.0,tr,1.0,,751259,P,40.73122,38.45978,EUROPE-AFRICA,Turkey,MED
325,Pazarcık,Pazarcık,GPE,-0.01875,0.45,tr,1.0,,740670,P,40.89778,30.84516,EUROPE-AFRICA,Turkey,MED
324,America,America,GPE,0.56818182,0.37727273,tr,1.0,,0,L,-14.60485,-57.65625,,,
323,Nusaybin,Nusaybin,GPE,0.0,0.1,tr,1.0,4117957-2,303750,P,37.07028,41.21465,ASIA,Turkey,WCA
322,Africa,Africa,LOC,0.225,0.4,tr,1.0,,0,,,,,,
321,Qatar,Qatar,GPE,0.225,0.4,tr,1.0,4029924-7,289688,A,25.5,51.25,ASIA,Qatar,ARP
320,Malatya City Cemetery,Malatya City Cemetery,GPE,0.0,0.0,tr,1.0,,0,,,,,,
49,Dubai,Dubai,GPE,0.0,0.0,ru,1.0,4204044-9,292223,P,25.07725,55.30927,ASIA,United Arab Emirates,ARP
50,Mount Semeru,Mount Semeru,LOC,0.0,0.0,ru,1.0,,1627837,T,-8.1,112.91667,ASIA,Indonesia,SEA
51,Kaluga,Kaluga,GPE,-0.35,0.75,ru,1.0,4359266-1,553915,P,54.5293,36.27542,EUROPE,Russia,WCE
52,Reunion,Reunion,LOC,0.12222222,0.36666667,ru,1.0,4049639-9,935317,A,-21.1,55.6,INDIAN,Reunion,SIO
53,the Indian Ocean,the Indian Ocean,LOC,0.12222222,0.36666667,ru,1.0,,0,,,,,,
230,Anderlecht,Anderlecht,GPE,0.0,0.0,nl,1.0,4079771-5,2803201,P,50.83619,4.31454,EUROPE,Belgium,WCE
228,Benidorm,Benidorm,GPE,0.25,0.25,nl,1.0,4005502-4,2521088,P,38.53816,-0.13098,EUROPE-AFRICA,Spain,MED
115,the Irkutsk Region,the Irkutsk Region,GPE,-0.01111111,0.27777778,ru,1.0,,0,,,,,,
227,Western Attica,Western Attica,LOC,-0.05,0.05,nl,1.0,4652667-5,5107486,P,42.86423,-78.28029,NORTH-AMERICA,United States,ENA
200,Moscow,Moscow,GPE,0.0,0.17857143,nl,1.0,4074987-3,524901,P,55.75204,37.61781,EUROPE,Russia,WCE
201,Sin City',Sin City',GPE,0.35,0.95,nl,1.0,,1880252,P,1.28967,103.85007,ASIA,Singapore,SEA
202,Haaland,Haaland,GPE,0.25,0.75,nl,1.0,,5968708,H,58.00013,-108.36745,NORTH-AMERICA,Canada,NWN
203,Brugge,Brugge,GPE,0.25,0.75,nl,1.0,4069688-1,2800931,P,51.20892,3.22424,EUROPE,Belgium,WCE
204,Leie,Leie,GPE,-0.1,0.1,nl,1.0,4232860-3,2749074,P,53.28882,5.72748,EUROPE,The Netherlands,NEU
205,Muizen,Muizen,GPE,0.125,0.41666667,nl,1.0,,6034157,H,47.50417,-77.54639,NORTH-AMERICA,Canada,ENA
206,Horse City,Horse City,GPE,0.25,0.3,nl,1.0,,7170215,A,37.17141,-85.91204,NORTH-AMERICA,United States,ENA
207,Sardinia,Sardinia,GPE,0.13111111,0.59111111,nl,1.0,1246547562,2523227,T,40.0,9.0,EUROPE-AFRICA,Italy,MED
208,Tepco,Tepco,GPE,0.0,0.0,nl,1.0,,8616489,P,-32.16644,140.79521,OCEANIA,Australia,SAU
209,Oudenburg,Oudenburg,GPE,0.0,0.06666667,nl,1.0,4116836-7,2789519,P,51.18489,3.00035,EUROPE,Belgium,WCE
210,Lima,Lima,GPE,-0.15,0.2,nl,1.0,4035742-9,3936456,P,-12.04318,-77.02824,SOUTH-AMERICA,Peru,NWS
211,the Netherlands,the Netherlands,GPE,0.0,0.1,nl,1.0,4042203-3,2750405,A,52.25,5.75,EUROPE,The Netherlands,NEU
212,the United Kingdom,the United Kingdom,GPE,0.0,0.1,nl,1.0,4022153-2,2635167,A,54.75844,-2.69531,EUROPE,United Kingdom,NEU
213,Áncash,Áncash,GPE,-0.15,0.2,nl,1.0,4079764-8,3699674,A,-9.5,-77.75,SOUTH-AMERICA,Peru,NWS
214,Peru,Peru,GPE,-0.3,0.4,nl,1.0,4045312-1,3932488,A,-10.0,-75.25,SOUTH-AMERICA,Peru,NWS
215,the Aegean Sea,the Aegean Sea,LOC,0.0,0.0,nl,1.0,,10295462,S,37.79189,26.70433,EUROPE-AFRICA,Greece,MED
216,Olympian,Olympian,GPE,0.0,0.0,nl,1.0,,4401943,P,38.13616,-90.4579,NORTH-AMERICA,United States,CNA
217,Maastricht,Maastricht,GPE,0.0,0.0,nl,1.0,4036784-8,2751283,P,50.84833,5.68889,EUROPE,The Netherlands,WCE
218,Northern Ireland,Northern Ireland,GPE,0.0,0.0,nl,1.0,4027667-3,2963597,A,53.0,-8.0,EUROPE,Ireland,NEU
219,Bethlehem,Bethlehem,GPE,0.1,0.4,nl,1.0,4088200-7,5180225,P,40.62593,-75.37046,NORTH-AMERICA,United States,ENA
220,Walhain,Walhain,GPE,0.8,0.75,nl,1.0,,2784169,A,50.61667,4.7,EUROPE,Belgium,WCE
221,Kashiwazaki-Kariwa,Kashiwazaki-Kariwa,LOC,0.25,0.33333333,nl,1.0,,7733345,S,37.42968,138.59802,ASIA,Japan,EAS
222,Deurne,Deurne,GPE,0.0,0.06666667,nl,1.0,,2757008,A,51.43701,5.82245,EUROPE,The Netherlands,WCE
223,Belarus,Belarus,GPE,0.0,0.0,nl,1.0,1009143-9,630336,A,53.0,28.0,EUROPE,Belarus,WCE
224,Gdansk,Gdansk,GPE,0.1,0.6,nl,1.0,4011039-4,3099434,P,54.35227,18.64912,EUROPE,Poland,WCE
225,Eisden,Eisden,GPE,0.0,0.0,nl,1.0,1252282206,2798887,P,50.98463,5.71433,EUROPE,Belgium,WCE
226,Pelt,Pelt,GPE,0.0,0.0,nl,1.0,,6627352,T,-71.25,35.71667,POLAR,Antarctica,EAN
54,the Russian Federation - https://t.me/tribute/app?startapp=dF9w,the Russian Federation - https://t.me/tribute/app?startapp=dF9w,GPE,-0.15,0.2625,ru,1.0,,0,,,,,,
55,Italy,Italy,GPE,-0.07777778,0.14444444,ru,1.0,4027833-5,3175395,A,42.83333,12.83333,EUROPE-AFRICA,Italy,MED
56,Reunion Island,Reunion Island,LOC,0.0,0.0,ru,1.0,,935316,T,-21.11429,55.54756,INDIAN,Reunion,SIO
57,Shoigu,Shoigu,GPE,-0.08181818,0.32727273,ru,1.0,,0,,,,,,
88,Crimea,Crimea,LOC,-0.30833333,0.625,ru,1.0,5280853-1,703883,A,45.0,34.0,EUROPE,Ukraine,WCE
89,Meteo,Meteo,GPE,-0.1,0.2,ru,1.0,,10858768,P,-4.35998,15.23905,AFRICA,Democratic Republic of the Congo,CAF
90,Nikola-Lenivets,Nikola-Lenivets,GPE,0.0,0.0,ru,1.0,,522080,P,54.74943,35.60133,EUROPE,Russia,WCE
91,the Caribbean Sea,the Caribbean Sea,LOC,0.0,0.0,ru,1.0,4051667-2,3448439,P,-23.5475,-46.63611,SOUTH-AMERICA,Brazil,SES
92,Mo,Mo,GPE,0.1,0.5,ru,1.0,,0,,,,,,
93,Leningrad Region,Leningrad Region,GPE,0.0,0.0,ru,1.0,,536199,A,60.0,32.0,EUROPE,Russia,NEU
94,the Sumy region,the Sumy region,LOC,0.0,0.0,ru,1.0,,0,,,,,,
95,Volokolamsk,Volokolamsk,GPE,-0.1,0.1,ru,1.0,4273010-7,472433,P,56.03361,35.96944,EUROPE,Russia,WCE
96,the Krasnodar Territory,the Krasnodar Territory,LOC,0.0,0.0,ru,1.0,,0,,,,,,
97,Belorechensky,Belorechensky,GPE,0.0,0.0,ru,1.0,,577885,A,44.80468,39.7608,EUROPE-AFRICA,Russia,MED
98,mo,mo,GPE,0.0,0.0,ru,1.0,,0,,,,,,
99,New Year's,New Year's,GPE,0.13636364,0.45454545,ru,1.0,,3831867,H,-51.93333,-60.88333,SOUTH-AMERICA,Falkland Islands,SSA
100,Sysert,Sysert,GPE,0.1,0.4,ru,1.0,7544192-5,1490402,P,56.50171,60.81978,ASIA,Russia,WSB
101,Christmastide,Christmastide,LOC,-0.01666667,0.66666667,ru,1.0,,0,,,,,,
102,Geristal,Geristal,GPE,0.0,0.22222222,ru,1.0,,0,,,,,,
103,the Dome of the Rock,the Dome of the Rock,LOC,0.0,0.22222222,ru,1.0,,5354941,T,37.74596,-119.53328,NORTH-AMERICA,United States,WNA
104,Africa,Africa,LOC,0.3,0.5,ru,1.0,,0,,,,,,
105,North Caucasus,North Caucasus,GPE,0.0,0.5,ru,1.0,,11961334,L,44.04283,43.0488,ASIA,Russia,WCA
106,the Chelyabinsk region,the Chelyabinsk region,LOC,-0.16388889,0.34722222,ru,1.0,,0,,,,,,
107,the Komi Republic,the Komi Republic,GPE,-0.1,0.3,ru,1.0,,0,,,,,,
108,Arkhangelsk,Arkhangelsk,LOC,0.03333333,0.21666667,ru,1.0,4079814-8,581043,A,62.88889,41.83307,EUROPE,Russia,EEU
109,North-West Russia,North-West Russia,GPE,-0.1,0.4,ru,1.0,4036361-2,5368361,P,34.05223,-118.24368,NORTH-AMERICA,United States,WNA
110,the Volga Federal District,the Volga Federal District,LOC,-0.1,0.4,ru,1.0,,0,,,,,,
111,Metallurg,Metallurg,GPE,-0.35,0.5,ru,1.0,,12163957,T,43.14249,77.36524,ASIA,Kazakhstan,ECA
112,Chusovoy (Perm Territory,Chusovoy (Perm Territory,GPE,-0.35,0.5,ru,1.0,,0,,,,,,
113,Chusovoy,Chusovoy,GPE,-0.3,0.5,ru,1.0,7666632-3,567434,P,58.28915,57.81261,EUROPE,Russia,EEU
114,Irku,Irku,GPE,0.0,0.0,ru,1.0,,11629366,P,23.24893,85.76384,ASIA,India,SAS
87,Primorsky Krai,Primorsky Krai,LOC,-1.0,1.0,ru,1.0,4119146-8,2013348,P,43.10562,131.87353,ASIA,Russia,EAS
86,Anzhero-Sudzhensk,Anzhero-Sudzhensk,GPE,0.2,0.45833333,ru,1.0,4738643-5,1511494,P,56.07568,86.02434,ASIA,Russia,WSB
85,Kemerovo,Kemerovo,GPE,0.2,0.45833333,ru,1.0,4249366-3,1503901,P,55.33333,86.08333,ASIA,Russia,WSB
70,Spartak,Spartak,GPE,0.25,0.75,ru,1.0,,608192,P,51.43616,52.0808,EUROPE,Kazakhstan,EEU
58,Leningrad,Leningrad,GPE,0.0,0.0,ru,1.0,2018305-7,536199,A,60.0,32.0,EUROPE,Russia,NEU
59,Saburov,Saburov,GPE,0.0,0.0,ru,1.0,,821368,P,53.61532,38.7081,EUROPE,Russia,WCE
60,Teriberka,Teriberka,GPE,0.05,0.19166667,ru,1.0,1190254697,483379,P,69.16088,35.14527,EUROPE,Russia,NEU
61,East Asia,East Asia,LOC,0.0,0.0,ru,1.0,,12200097,L,32.62857,51.6314,ASIA,Iran,WCA
62,earth,earth,LOC,-0.0625,0.1875,ru,1.0,,0,,,,,,
63,the Orenburg region,the Orenburg region,LOC,-0.15714286,0.76785714,ru,1.0,,4470054,P,35.2429,-81.87455,NORTH-AMERICA,United States,ENA
64,Wuhu,Wuhu,GPE,0.0,0.0,ru,1.0,7567865-2,1791236,P,31.35259,118.42947,ASIA,China,EAS
65,Komi Republic,Komi Republic,GPE,0.0,0.0,ru,1.0,,545854,A,64.125,54.79167,EUROPE,Russia,EEU
66,Pompeii,Pompeii,GPE,0.0,0.0,ru,1.0,4046755-7,3170336,S,40.75,14.48333,EUROPE-AFRICA,Italy,MED
67,Russia Marina,Russia Marina,LOC,-0.1,0.1,ru,1.0,,529237,P,55.65,37.71667,EUROPE,Russia,WCE
68,Northern Urals,Northern Urals,GPE,0.0,0.0,ru,1.0,,1492575,T,65.0,60.0,EUROPE,Russia,EEU
69,Manpupuner plateau,Manpupuner plateau,GPE,0.0,0.0,ru,1.0,,0,,,,,,
71,Sahara,Sahara,LOC,0.25,0.75,ru,1.0,,0,T,26.0,13.0,,,
84,Volga,Volga,GPE,-0.1,0.1,ru,1.0,4079375-8,11961325,L,56.30668,43.93167,EUROPE,Russia,EEU
72,United Russia,United Russia,GPE,0.8,0.9,ru,1.0,,11086805,S,35.49317,139.69056,ASIA,Japan,EAS
73,taiga,taiga,GPE,0.0,0.0,ru,1.0,,1515021,T,50.75,98.5,ASIA,Mongolia,ESB
74,Vladimir Tokarev,Vladimir Tokarev,GPE,0.0,0.0,ru,1.0,,0,,,,,,
75,the Manpupuner plateau,the Manpupuner plateau,LOC,0.0,0.0,ru,1.0,,0,,,,,,
76,Mogilev,Mogilev,LOC,0.1,1.0,ru,1.0,4384842-4,625665,P,53.90876,30.34044,EUROPE,Belarus,WCE
77,the Perm region,the Perm region,LOC,0.0,1.0,ru,1.0,,5308521,H,34.00202,-109.26853,NORTH-AMERICA,United States,WNA
78,Petropavlovsk-Kamchatsky,Petropavlovsk-Kamchatsky,GPE,0.0,0.0,ru,1.0,4663679-1,2122104,P,53.06393,158.62751,ASIA,Russia,RFE
79,St. Petersburg,St. Petersburg,GPE,0.4,0.7,ru,1.0,2034200-7,498817,P,59.93863,30.31413,EUROPE,Russia,NEU
80,Maslenitsa,Maslenitsa,GPE,-0.35,0.75,ru,1.0,,6283081,P,57.69027,41.30734,EUROPE,Russia,EEU
81,Estonia,Estonia,GPE,0.0,0.0,ru,1.0,4015587-0,453733,A,59.0,26.0,EUROPE,Estonia,NEU
82,Santa Claus,Santa Claus,GPE,-0.25,0.35,ru,1.0,,4264457,P,38.12005,-86.91416,NORTH-AMERICA,United States,ENA
83,the Baltic Sea,the Baltic Sea,LOC,-0.25,0.35,ru,1.0,,5226143,P,43.76136,-96.74033,NORTH-AMERICA,United States,CNA
154,the Gulf of Carpenta,the Gulf of Carpenta,LOC,-0.1,0.4,ar,1.0,,0,,,,,,
