topic,sentiment_mean,sentiment_std,subjectivity_mean,subjectivity_std,counting
Adaptation,0.011784722222222216,0.26749934460650515,0.07916666666666666,0.19147612230538147,40.0
Causes,-0.07805687830687831,0.30285227575271434,0.07810846560846561,0.1736357530422106,210.0
Hazard,-0.039609974259974264,0.31240472221379123,0.04888245388245388,0.1403601253367077,1850.0
Impacts,-0.040320191158900835,0.30795498768236845,0.0611505376344086,0.1435331198857616,465.0
Mitigation,-0.007121710526315793,0.32101627963688056,0.0418859649122807,0.12747890564229597,152.0
