topic,sentiment_mean,sentiment_std,subjectivity_mean,subjectivity_std,counting
Adaptation,-0.04526570048309179,0.2717491183447226,0.12318840579710144,0.2355275150900945,23.0
Causes,-0.08734779299847793,0.3198188312222658,0.08552130898021308,0.18737709435789482,146.0
Hazard,-0.05406757481778092,0.3222098224535537,0.052038105706695974,0.1429411373183041,1213.0
Impacts,-0.0672313980647314,0.31777484961690594,0.06557057057057057,0.15084315054288763,333.0
Mitigation,-0.048675438596491226,0.32957812722253166,0.05736842105263158,0.15369206782016237,95.0
