topic,sentiment_mean,sentiment_std,subjectivity_mean,subjectivity_std,counting
Adaptation,0.015657596371882083,0.2654378497920554,0.06462585034013606,0.17535125638025675,49.0
Causes,-0.03861812127584999,0.3016351432114329,0.08381528215913074,0.17725407555616032,317.0
Hazard,-0.023843117182627934,0.3127398714256472,0.05035078894419146,0.13873187148198948,2698.0
Impacts,-0.039504577275175014,0.3074628365912927,0.05871297792137857,0.1396146981629488,619.0
Mitigation,0.013415977961432502,0.33687887716660997,0.03639807162534436,0.1151905588824368,242.0
