week,sentiment_mean,sentiment_std,subjectivity_mean,subjectivity_std,counting
2025-35,-0.5465740821526373,1.3806759027640325,0.06676553491290105,0.6097063411981531,4.0
2025-37,0.2217492227210924,1.0,,1.0,1.0
2025-38,0.10793597972916244,0.9089256502741806,-0.045487201574891466,0.8492956060198271,27.0
2025-39,0.04134673201231348,0.8725501363449504,0.12114773303641176,1.3359720773460286,34.0
2025-40,0.3976931129415008,0.911721354372188,0.3496154051472438,1.0525215056788106,23.0
2025-41,-0.08690596528079908,0.7691223764211633,0.10285307908777383,0.7042908429183946,17.0
2025-42,0.09580007050942381,0.6143562187019755,-0.0861337403791198,0.6139635891333337,23.0
2025-43,-0.21122933551161263,0.8748786979007247,-0.032945101257578636,0.7490495434874836,123.0
2025-44,0.16516567910714283,0.8344670568645044,-0.07359145461034645,0.7078336955512751,60.0
