topic,sentiment_mean,sentiment_std,subjectivity_mean,subjectivity_std,counting
Adaptation,-0.005690586419753088,0.27871790436957966,0.059027777777777776,0.161563601530769,72.0
Causes,-0.03106342718740539,0.29889868186129326,0.07719064919337398,0.16924111530023855,367.0
Hazard,-0.02281381790252758,0.31100466504934515,0.052979565237629755,0.14322102069995282,3410.0
Impacts,-0.03906746031746032,0.30573269827289445,0.06225516621743037,0.14622873891299676,742.0
Mitigation,-0.006243475018642807,0.34103674009591006,0.031375838926174494,0.10590227153599802,298.0
